line_key,order_id,product_id,line_number,quantity,unit_price,unit_cost,discount_amount,line_total
1,ORD00000001,PROD00000653,1,5,49.91,19.96,,
2,ORD00000001,PROD00002184,2,10,36.66,14.66,1.14,355.19999999999993
3,ORD00000002,PROD00004751,1,1,16.51,6.6,,
4,ORD00000002,PROD00000499,2,1,13.03,5.21,0.54,12.489999999999998
5,ORD00000002,PROD00003115,3,9,21.45,8.58,,
6,ORD00000003,PROD00004454,1,4,24.28,9.71,1.03,93.0
7,ORD00000004,PROD00002605,1,9,13.7,5.48,,
8,ORD00000004,PROD00004622,2,7,49.86,19.94,,
9,ORD00000004,PROD00001034,3,8,40.66,16.26,,
10,ORD00000005,PROD00004278,1,9,22.31,8.92,1.51,187.2
11,ORD00000005,PROD00001851,2,7,22.85,9.14,,
12,ORD00000005,PROD00004060,3,3,22.59,9.04,1.78,62.42999999999999
13,ORD00000006,PROD00000389,1,8,42.05,16.82,2.09,319.67999999999995
14,ORD00000006,PROD00003130,2,5,36.64,14.66,0.14,182.5
15,ORD00000007,PROD00002264,1,5,18.99,7.6,,
16,ORD00000007,PROD00003737,2,5,40.3,16.12,0.51,198.95
17,ORD00000008,PROD00003834,1,4,26.77,10.71,,
18,ORD00000009,PROD00003731,1,5,43.19,17.28,4.11,195.39999999999998
19,ORD00000009,PROD00002566,2,5,14.52,5.81,,
20,ORD00000010,PROD00001113,1,5,16.07,6.43,1.27,74.0
21,ORD00000010,PROD00003552,2,10,34.72,13.89,,
22,ORD00000010,PROD00002485,3,5,26.81,10.72,,
23,ORD00000010,PROD00004547,4,4,45.34,18.14,3.52,167.28
24,ORD00000011,PROD00002740,1,1,36.23,14.49,,
25,ORD00000011,PROD00004826,2,3,12.29,4.92,0.08,36.629999999999995
26,ORD00000011,PROD00001121,3,1,15.01,6.0,1.91,13.1
27,ORD00000011,PROD00000195,4,9,36.9,14.76,5.35,283.95
28,ORD00000012,PROD00000439,1,5,13.56,5.42,1.79,58.849999999999994
29,ORD00000013,PROD00000863,1,3,44.3,17.72,5.32,116.94
30,ORD00000014,PROD00004410,1,7,17.75,7.1,0.31,122.08000000000001
31,ORD00000014,PROD00004485,2,9,16.12,6.45,0.16,143.64000000000001
32,ORD00000014,PROD00001149,3,10,40.48,16.19,3.84,366.4
33,ORD00000014,PROD00000453,4,6,17.59,7.04,,
34,ORD00000014,PROD00003458,5,3,44.76,17.9,6.14,115.85999999999999
35,ORD00000015,PROD00002661,1,3,16.96,6.78,1.61,46.050000000000004
36,ORD00000016,PROD00001611,1,9,14.67,5.87,0.85,124.38
37,ORD00000016,PROD00003981,2,10,23.54,9.42,1.41,221.29999999999998
38,ORD00000016,PROD00000448,3,2,13.02,5.21,0.7,24.64
39,ORD00000016,PROD00002932,4,3,10.61,4.24,,
40,ORD00000017,PROD00002999,1,9,34.56,13.82,3.09,283.23
41,ORD00000017,PROD00001038,2,1,40.6,16.24,5.36,35.24
42,ORD00000017,PROD00002560,3,8,27.67,11.07,1.34,210.64000000000001
43,ORD00000017,PROD00003280,4,9,11.4,4.56,,
44,ORD00000018,PROD00000918,1,3,18.21,7.28,1.83,49.14000000000001
45,ORD00000018,PROD00000750,2,3,32.4,12.96,1.09,93.92999999999999
46,ORD00000018,PROD00003502,3,7,16.88,6.75,,
47,ORD00000018,PROD00004200,4,10,10.67,4.27,,
48,ORD00000019,PROD00001521,1,2,19.13,7.65,0.61,37.04
49,ORD00000019,PROD00002039,2,5,34.05,13.62,,
50,ORD00000020,PROD00000188,1,9,24.48,9.79,1.92,203.04000000000002
51,ORD00000020,PROD00004489,2,4,47.01,18.8,1.79,180.88
52,ORD00000020,PROD00002305,3,6,43.89,17.56,3.74,240.89999999999998
53,ORD00000021,PROD00003553,1,4,30.98,12.39,,
54,ORD00000021,PROD00002248,2,9,26.09,10.44,1.3,223.10999999999999
55,ORD00000021,PROD00001392,3,9,30.16,12.06,,
56,ORD00000021,PROD00004702,4,7,42.22,16.89,1.73,283.43
57,ORD00000022,PROD00002741,1,8,12.57,5.03,,
58,ORD00000022,PROD00003630,2,9,32.74,13.1,2.95,268.11
59,ORD00000022,PROD00003711,3,8,44.21,17.68,6.03,305.44
60,ORD00000022,PROD00003032,4,1,14.0,5.6,1.21,12.79
61,ORD00000023,PROD00002027,1,9,24.49,9.8,,
62,ORD00000023,PROD00001555,2,1,30.59,12.24,3.12,27.47
63,ORD00000023,PROD00000239,3,9,46.53,18.61,2.94,392.31000000000006
64,ORD00000024,PROD00000584,1,7,14.57,5.83,,
65,ORD00000024,PROD00000177,2,6,40.02,16.01,0.2,238.92000000000002
66,ORD00000024,PROD00000665,3,9,30.55,12.22,2.66,251.01
67,ORD00000025,PROD00003965,1,7,17.46,6.98,,
68,ORD00000025,PROD00000084,2,2,19.95,7.98,,
69,ORD00000025,PROD00003986,3,9,45.28,18.11,1.16,397.08000000000004
70,ORD00000026,PROD00002722,1,3,14.6,5.84,,
71,ORD00000026,PROD00000911,2,5,17.33,6.93,,
72,ORD00000026,PROD00002015,3,4,38.99,15.6,3.03,143.84
73,ORD00000026,PROD00000635,4,7,42.39,16.96,,
74,ORD00000027,PROD00004784,1,4,21.95,8.78,,
75,ORD00000027,PROD00000784,2,6,19.27,7.71,2.48,100.74
76,ORD00000027,PROD00000913,3,8,31.38,12.55,2.71,229.35999999999999
77,ORD00000027,PROD00000243,4,7,38.52,15.41,1.09,262.01
78,ORD00000027,PROD00002995,5,3,17.19,6.88,0.86,48.99000000000001
79,ORD00000028,PROD00004897,1,6,33.98,13.59,,
80,ORD00000028,PROD00001563,2,9,10.8,4.32,1.58,82.98
81,ORD00000028,PROD00000620,3,9,24.41,9.76,1.44,206.73
82,ORD00000029,PROD00001361,1,3,36.17,14.47,,
83,ORD00000029,PROD00003149,2,4,31.79,12.72,,
84,ORD00000029,PROD00003187,3,9,37.27,14.91,2.63,311.76
85,ORD00000029,PROD00003466,4,8,38.85,15.54,,
86,ORD00000030,PROD00004495,1,10,22.85,9.14,1.06,217.90000000000003
87,ORD00000031,PROD00000121,1,5,46.53,18.61,4.14,211.95
88,ORD00000031,PROD00004255,2,5,37.42,14.97,0.29,185.65
89,ORD00000031,PROD00003875,3,6,24.24,9.7,2.43,130.85999999999999
90,ORD00000032,PROD00003248,1,2,25.02,10.01,1.17,47.7
91,ORD00000032,PROD00000005,2,7,25.39,10.16,,
92,ORD00000032,PROD00002280,3,7,46.79,18.72,2.51,309.96000000000004
93,ORD00000033,PROD00000320,1,7,29.27,11.71,0.74,199.71
94,ORD00000033,PROD00002459,2,2,20.55,8.22,,
95,ORD00000033,PROD00000405,3,9,23.92,9.57,2.19,195.57
96,ORD00000033,PROD00001369,4,1,29.35,11.74,,
97,ORD00000034,PROD00001922,1,5,46.63,18.65,6.63,200.0
98,ORD00000034,PROD00001172,2,9,45.03,18.01,,
99,ORD00000034,PROD00001547,3,9,16.43,6.57,,
100,ORD00000035,PROD00003085,1,8,34.35,13.74,4.49,238.88
101,ORD00000036,PROD00001942,1,6,21.67,8.67,1.52,120.9
102,ORD00000036,PROD00004222,2,9,13.6,5.44,0.21,120.50999999999999
103,ORD00000036,PROD00003302,3,6,49.64,19.86,,
104,ORD00000036,PROD00000856,4,8,17.85,7.14,,
105,ORD00000037,PROD00002135,1,2,31.92,12.77,1.8,60.24
106,ORD00000038,PROD00000311,1,4,47.34,18.94,,
107,ORD00000038,PROD00000622,2,6,14.12,5.65,0.55,81.41999999999999
108,ORD00000038,PROD00004453,3,6,49.66,19.86,7.09,255.41999999999996
109,ORD00000038,PROD00000332,4,4,25.27,10.11,,
110,ORD00000038,PROD00001246,5,9,21.05,8.42,,
111,ORD00000039,PROD00004432,1,7,42.67,17.07,1.04,291.41
112,ORD00000039,PROD00004405,2,6,13.39,5.36,,
113,ORD00000040,PROD00001260,1,6,10.95,4.38,1.37,57.47999999999999
114,ORD00000040,PROD00001075,2,1,35.59,14.24,,
115,ORD00000041,PROD00001450,1,6,28.51,11.4,0.49,168.12
116,ORD00000041,PROD00000739,2,9,43.67,17.47,,
117,ORD00000041,PROD00003933,3,1,18.79,7.52,,
118,ORD00000041,PROD00000755,4,6,14.84,5.94,,
119,ORD00000041,PROD00004504,5,7,37.53,15.01,0.97,255.92000000000002
120,ORD00000042,PROD00004810,1,4,33.11,13.24,3.2,119.64
121,ORD00000042,PROD00002168,2,8,16.93,6.77,,
122,ORD00000043,PROD00004178,1,10,45.9,18.36,4.39,415.09999999999997
123,ORD00000044,PROD00003316,1,5,24.93,9.97,1.37,117.8
124,ORD00000044,PROD00001280,2,9,15.92,6.37,,
125,ORD00000044,PROD00002863,3,10,37.09,14.84,,
126,ORD00000045,PROD00003448,1,6,40.89,16.36,,
127,ORD00000045,PROD00001714,2,10,34.14,13.66,1.6,325.4
128,ORD00000045,PROD00004111,3,1,45.07,18.03,0.63,44.44
129,ORD00000045,PROD00000305,4,8,25.49,10.2,1.74,190.0
130,ORD00000045,PROD00003986,5,2,35.76,14.3,,
131,ORD00000046,PROD00000270,1,1,36.77,14.71,5.17,31.6
132,ORD00000046,PROD00001816,2,6,34.6,13.84,,
133,ORD00000046,PROD00003058,3,5,24.64,9.86,1.76,114.39999999999999
134,ORD00000046,PROD00000489,4,6,19.08,7.63,1.83,103.5
135,ORD00000047,PROD00000458,1,4,27.65,11.06,3.21,97.75999999999999
136,ORD00000047,PROD00000776,2,2,31.89,12.76,1.11,61.56
137,ORD00000048,PROD00002037,1,1,31.56,12.62,4.4,27.159999999999997
138,ORD00000048,PROD00002204,2,1,30.5,12.2,4.16,26.34
139,ORD00000048,PROD00001964,3,6,34.27,13.71,4.95,175.92000000000002
140,ORD00000049,PROD00003062,1,5,11.37,4.55,0.2,55.85
141,ORD00000049,PROD00000099,2,2,38.67,15.47,0.03,77.28
142,ORD00000049,PROD00002818,3,1,38.18,15.27,0.31,37.87
143,ORD00000049,PROD00002503,4,6,35.7,14.28,4.04,189.96000000000004
144,ORD00000049,PROD00002604,5,6,23.57,9.43,0.58,137.94
145,ORD00000050,PROD00003226,1,10,28.92,11.57,3.65,252.70000000000005
146,ORD00000050,PROD00003302,2,1,16.94,6.78,,
147,ORD00000050,PROD00002636,3,6,43.22,17.29,6.04,223.07999999999998
148,ORD00000050,PROD00001070,4,8,42.19,16.88,,
149,ORD00000050,PROD00003884,5,2,38.84,15.54,,
150,ORD00000051,PROD00004475,1,5,36.21,14.48,,
151,ORD00000051,PROD00001953,2,6,44.73,17.89,2.83,251.39999999999998
152,ORD00000052,PROD00003896,1,3,21.91,8.76,0.15,65.28
153,ORD00000052,PROD00004948,2,3,11.8,4.72,0.6,33.6
154,ORD00000052,PROD00000031,3,2,23.17,9.27,2.63,41.080000000000005
155,ORD00000052,PROD00004202,4,10,37.0,14.8,,
156,ORD00000052,PROD00001991,5,5,28.35,11.34,,
157,ORD00000053,PROD00002534,1,5,35.69,14.28,1.96,168.64999999999998
158,ORD00000053,PROD00001127,2,1,32.91,13.16,0.66,32.25
159,ORD00000054,PROD00001138,1,5,22.55,9.02,1.47,105.4
160,ORD00000054,PROD00001841,2,1,14.86,5.94,1.81,13.049999999999999
161,ORD00000054,PROD00000322,3,5,21.67,8.67,,
162,ORD00000054,PROD00003137,4,1,19.51,7.8,2.1,17.41
163,ORD00000055,PROD00004448,1,7,41.44,16.58,1.23,281.47
164,ORD00000055,PROD00000243,2,8,25.08,10.03,3.35,173.83999999999997
165,ORD00000055,PROD00001254,3,7,41.95,16.78,6.22,250.11
166,ORD00000055,PROD00004862,4,10,20.52,8.21,,
167,ORD00000056,PROD00001022,1,7,21.88,8.75,1.44,143.07999999999998
168,ORD00000056,PROD00003941,2,2,46.96,18.78,,
169,ORD00000057,PROD00003089,1,7,24.04,9.62,,
170,ORD00000057,PROD00002064,2,2,30.74,12.3,4.2,53.08
171,ORD00000057,PROD00004477,3,8,11.13,4.45,0.23,87.2
172,ORD00000057,PROD00004152,4,6,34.67,13.87,0.73,203.64000000000004
173,ORD00000057,PROD00004754,5,3,18.76,7.5,2.36,49.2
174,ORD00000058,PROD00003960,1,3,14.42,5.77,1.03,40.17
175,ORD00000059,PROD00000790,1,4,30.99,12.4,4.02,107.88
176,ORD00000059,PROD00000334,2,10,47.41,18.96,,
177,ORD00000059,PROD00003244,3,3,29.94,11.98,3.57,79.11
178,ORD00000059,PROD00003011,4,3,19.03,7.61,1.78,51.75
179,ORD00000060,PROD00004037,1,1,37.65,15.06,2.97,34.68
180,ORD00000061,PROD00004403,1,1,44.11,17.64,5.97,38.14
181,ORD00000061,PROD00002990,2,6,26.11,10.44,2.09,144.12
182,ORD00000061,PROD00004465,3,8,25.75,10.3,,
183,ORD00000062,PROD00000928,1,2,21.56,8.62,2.61,37.9
184,ORD00000063,PROD00002570,1,10,45.75,18.3,,
185,ORD00000063,PROD00002493,2,10,34.44,13.78,,
186,ORD00000063,PROD00003452,3,4,43.53,17.41,4.98,154.2
187,ORD00000063,PROD00001376,4,4,38.78,15.51,5.08,134.8
188,ORD00000063,PROD00002996,5,2,14.16,5.66,1.13,26.060000000000002
189,ORD00000064,PROD00001029,1,5,47.61,19.04,3.81,219.0
190,ORD00000064,PROD00001599,2,4,49.27,19.71,1.76,190.04000000000002
191,ORD00000064,PROD00000054,3,7,10.14,4.06,0.04,70.70000000000002
192,ORD00000065,PROD00002817,1,5,16.85,6.74,1.52,76.65
193,ORD00000065,PROD00003657,2,3,10.17,4.07,,
194,ORD00000065,PROD00003421,3,2,44.29,17.72,6.0,76.58
195,ORD00000066,PROD00002023,1,10,27.9,11.16,0.08,278.2
196,ORD00000066,PROD00004455,2,4,21.36,8.54,0.93,81.72
197,ORD00000066,PROD00003236,3,3,19.15,7.66,2.61,49.62
198,ORD00000067,PROD00001078,1,4,45.16,18.06,4.61,162.2
199,ORD00000067,PROD00000306,2,6,35.95,14.38,,
200,ORD00000068,PROD00002424,1,9,22.48,8.99,3.21,173.43
201,ORD00000068,PROD00001781,2,3,32.07,12.83,3.72,85.05000000000001
202,ORD00000068,PROD00000912,3,10,37.7,15.08,,
203,ORD00000068,PROD00004593,4,7,15.54,6.22,,
204,ORD00000068,PROD00001230,5,9,38.21,15.28,,
205,ORD00000069,PROD00003512,1,3,19.89,7.96,0.02,59.61
206,ORD00000069,PROD00003854,2,2,29.6,11.84,2.69,53.82
207,ORD00000070,PROD00000934,1,5,31.32,12.53,4.09,136.15
208,ORD00000070,PROD00004094,2,7,25.51,10.2,2.39,161.84
209,ORD00000070,PROD00000697,3,3,22.86,9.14,2.1,62.279999999999994
210,ORD00000070,PROD00000159,4,10,14.09,5.64,,
211,ORD00000071,PROD00001684,1,3,22.04,8.82,0.23,65.42999999999999
212,ORD00000071,PROD00001098,2,6,41.81,16.72,4.16,225.90000000000003
213,ORD00000071,PROD00001758,3,9,38.5,15.4,5.46,297.36
214,ORD00000071,PROD00004278,4,3,40.65,16.26,5.34,105.93
215,ORD00000072,PROD00004159,1,3,17.43,6.97,1.5,47.79
216,ORD00000072,PROD00000523,2,2,21.09,8.44,1.05,40.08
217,ORD00000073,PROD00000302,1,6,28.32,11.33,2.46,155.16
218,ORD00000073,PROD00000640,2,3,18.09,7.24,0.38,53.13
219,ORD00000074,PROD00004602,1,3,33.33,13.33,4.57,86.28
220,ORD00000074,PROD00002051,2,2,12.05,4.82,1.63,20.840000000000003
221,ORD00000074,PROD00001833,3,5,37.96,15.18,,
222,ORD00000075,PROD00004831,1,9,20.83,8.33,2.32,166.58999999999997
223,ORD00000076,PROD00003734,1,7,39.41,15.76,1.82,263.13
224,ORD00000076,PROD00000118,2,8,35.09,14.04,3.2,255.12000000000003
225,ORD00000076,PROD00002166,3,5,37.87,15.15,,
226,ORD00000076,PROD00002791,4,7,30.45,12.18,1.59,202.01999999999998
227,ORD00000076,PROD00000729,5,3,37.95,15.18,5.44,97.53000000000002
228,ORD00000077,PROD00001274,1,1,48.12,19.25,,
229,ORD00000077,PROD00004553,2,8,19.13,7.65,0.86,146.16
230,ORD00000077,PROD00001234,3,1,43.49,17.4,6.07,37.42
231,ORD00000077,PROD00003431,4,1,49.68,19.87,,
232,ORD00000078,PROD00003241,1,3,37.64,15.06,4.44,99.60000000000001
233,ORD00000079,PROD00002390,1,7,17.49,7.0,,
234,ORD00000079,PROD00003413,2,6,32.09,12.84,3.26,172.98000000000002
235,ORD00000079,PROD00004226,3,3,35.77,14.31,3.6,96.51
236,ORD00000079,PROD00000760,4,8,39.38,15.75,,
237,ORD00000080,PROD00001986,1,10,41.81,16.72,,
238,ORD00000080,PROD00000783,2,9,49.99,20.0,5.93,396.54
239,ORD00000081,PROD00002923,1,6,18.43,7.37,2.67,94.56
240,ORD00000081,PROD00004268,2,3,14.08,5.63,1.47,37.83
241,ORD00000081,PROD00001572,3,9,30.09,12.04,2.95,244.26
242,ORD00000081,PROD00001142,4,1,19.98,7.99,1.6,18.38
243,ORD00000082,PROD00001269,1,5,34.96,13.98,0.7,171.29999999999998
244,ORD00000083,PROD00003885,1,2,15.28,6.11,1.89,26.779999999999998
245,ORD00000083,PROD00004792,2,1,19.47,7.79,,
246,ORD00000083,PROD00002069,3,8,27.71,11.08,,
247,ORD00000083,PROD00004138,4,10,33.51,13.4,3.75,297.59999999999997
248,ORD00000083,PROD00004900,5,3,13.58,5.43,1.62,35.88
249,ORD00000084,PROD00004174,1,9,32.04,12.82,2.94,261.9
250,ORD00000084,PROD00004049,2,9,24.21,9.68,3.28,188.37
251,ORD00000084,PROD00002256,3,6,18.84,7.54,1.27,105.42
252,ORD00000084,PROD00004907,4,5,47.99,19.2,,
253,ORD00000084,PROD00000236,5,7,34.45,13.78,,
254,ORD00000085,PROD00002287,1,10,32.92,13.17,2.03,308.9
255,ORD00000085,PROD00001543,2,10,42.74,17.1,6.1,366.4
256,ORD00000085,PROD00002598,3,9,17.9,7.16,1.52,147.42
257,ORD00000086,PROD00003377,1,8,16.26,6.5,2.33,111.44000000000001
258,ORD00000086,PROD00003000,2,6,37.84,15.14,1.01,220.98000000000002
259,ORD00000086,PROD00002942,3,7,16.53,6.61,,
260,ORD00000087,PROD00002917,1,5,28.33,11.33,1.33,135.0
261,ORD00000087,PROD00000814,2,8,46.89,18.76,1.27,364.96
262,ORD00000088,PROD00003596,1,7,10.11,4.04,0.22,69.22999999999999
263,ORD00000088,PROD00001930,2,4,19.58,7.83,0.09,77.96
264,ORD00000089,PROD00002923,1,8,38.4,15.36,5.52,263.03999999999996
265,ORD00000089,PROD00000270,2,2,39.23,15.69,,
266,ORD00000089,PROD00004704,3,1,40.02,16.01,,
267,ORD00000090,PROD00002995,1,3,17.85,7.14,0.69,51.480000000000004
268,ORD00000090,PROD00003617,2,1,22.77,9.11,,
269,ORD00000090,PROD00003141,3,4,44.27,17.71,3.83,161.76000000000002
270,ORD00000090,PROD00002722,4,6,25.75,10.3,1.4,146.10000000000002
271,ORD00000090,PROD00002307,5,2,10.5,4.2,0.37,20.26
272,ORD00000091,PROD00002292,1,1,45.44,18.18,,
273,ORD00000091,PROD00004279,2,2,46.64,18.66,1.92,89.44
274,ORD00000092,PROD00004745,1,9,12.77,5.11,0.35,111.78
275,ORD00000092,PROD00002918,2,4,27.6,11.04,2.4,100.80000000000001
276,ORD00000093,PROD00000948,1,10,36.75,14.7,5.15,316.0
277,ORD00000093,PROD00002164,2,7,49.37,19.75,3.64,320.10999999999996
278,ORD00000093,PROD00004193,3,3,49.22,19.69,2.27,140.85
279,ORD00000093,PROD00001958,4,5,45.42,18.17,1.41,220.05
280,ORD00000093,PROD00003691,5,1,35.12,14.05,,
281,ORD00000094,PROD00002964,1,9,38.04,15.22,1.79,326.25
282,ORD00000094,PROD00001714,2,10,49.39,19.76,3.05,463.40000000000003
283,ORD00000094,PROD00002946,3,1,45.02,18.01,1.17,43.85
284,ORD00000094,PROD00002222,4,8,23.64,9.46,2.26,171.04000000000002
285,ORD00000094,PROD00002429,5,10,48.47,19.39,4.38,440.9
286,ORD00000095,PROD00000820,1,5,12.67,5.07,0.82,59.25
287,ORD00000095,PROD00000949,2,7,19.69,7.88,,
288,ORD00000096,PROD00003137,1,4,20.11,8.04,1.68,73.72
289,ORD00000096,PROD00004730,2,10,38.12,15.25,1.9,362.2
290,ORD00000096,PROD00000936,3,9,24.47,9.79,0.96,211.58999999999997
291,ORD00000096,PROD00004706,4,6,26.39,10.56,1.37,150.12
292,ORD00000097,PROD00000638,1,1,10.85,4.34,0.83,10.02
293,ORD00000097,PROD00002576,2,5,11.7,4.68,,
294,ORD00000097,PROD00003914,3,2,45.83,18.33,,
295,ORD00000097,PROD00001116,4,9,13.09,5.24,1.26,106.47
296,ORD00000097,PROD00004255,5,8,22.17,8.87,0.2,175.76000000000002
297,ORD00000098,PROD00001017,1,1,45.15,18.06,5.07,40.08
298,ORD00000098,PROD00001953,2,3,14.19,5.68,1.15,39.12
299,ORD00000099,PROD00004076,1,9,25.1,10.04,0.2,224.10000000000002
300,ORD00000100,PROD00002505,1,5,35.52,14.21,,
301,ORD00000100,PROD00003327,2,4,33.27,13.31,2.72,122.20000000000002
302,ORD00000100,PROD00001445,3,6,37.73,15.09,3.59,204.84
303,ORD00000101,PROD00002629,1,1,24.67,9.87,1.93,22.740000000000002
304,ORD00000101,PROD00003303,2,7,20.87,8.35,,
305,ORD00000102,PROD00000251,1,10,32.74,13.1,4.69,280.5
306,ORD00000102,PROD00000473,2,1,11.83,4.73,1.24,10.59
307,ORD00000103,PROD00002449,1,3,42.64,17.06,2.86,119.34
308,ORD00000103,PROD00001518,2,1,36.17,14.47,2.37,33.800000000000004
309,ORD00000103,PROD00004325,3,8,15.76,6.3,1.62,113.12
310,ORD00000104,PROD00003324,1,7,11.15,4.46,1.26,69.23
311,ORD00000104,PROD00003754,2,3,48.47,19.39,6.03,127.32
312,ORD00000104,PROD00002697,3,7,14.95,5.98,2.04,90.37
313,ORD00000105,PROD00000437,1,10,37.19,14.88,0.52,366.69999999999993
314,ORD00000105,PROD00004654,2,9,36.45,14.58,,
315,ORD00000105,PROD00001148,3,10,36.81,14.72,0.46,363.5
316,ORD00000106,PROD00002644,1,9,48.31,19.32,,
317,ORD00000106,PROD00000875,2,6,41.53,16.61,3.44,228.54000000000002
318,ORD00000106,PROD00003215,3,3,14.37,5.75,1.36,39.03
319,ORD00000106,PROD00003410,4,4,13.07,5.23,1.87,44.8
320,ORD00000106,PROD00001775,5,5,17.14,6.86,,
321,ORD00000107,PROD00001969,1,4,37.23,14.89,1.96,141.07999999999998
322,ORD00000108,PROD00001900,1,7,49.57,19.83,0.32,344.75
323,ORD00000108,PROD00000828,2,2,27.34,10.94,,
324,ORD00000109,PROD00002099,1,9,25.56,10.22,0.39,226.52999999999997
325,ORD00000109,PROD00002931,2,8,47.56,19.02,,
326,ORD00000109,PROD00004310,3,4,36.3,14.52,0.3,144.0
327,ORD00000110,PROD00002455,1,8,48.49,19.4,,
328,ORD00000110,PROD00000195,2,6,39.41,15.76,1.23,229.07999999999998
329,ORD00000110,PROD00002280,3,1,44.16,17.66,2.94,41.22
330,ORD00000110,PROD00004543,4,1,32.52,13.01,4.73,27.790000000000003
331,ORD00000110,PROD00000320,5,6,24.66,9.86,1.8,137.16
332,ORD00000111,PROD00000665,1,5,25.27,10.11,,
333,ORD00000111,PROD00004402,2,2,30.44,12.18,0.21,60.46
334,ORD00000111,PROD00000719,3,3,10.13,4.05,1.03,27.300000000000004
335,ORD00000111,PROD00002933,4,7,12.77,5.11,,
336,ORD00000111,PROD00000372,5,6,21.55,8.62,2.82,112.38
337,ORD00000112,PROD00003921,1,5,12.29,4.92,1.7,52.95
338,ORD00000113,PROD00004575,1,7,41.78,16.71,,
339,ORD00000113,PROD00000751,2,6,25.64,10.26,,
340,ORD00000113,PROD00002108,3,8,24.83,9.93,,
341,ORD00000114,PROD00002180,1,8,18.28,7.31,0.73,140.4
342,ORD00000114,PROD00004056,2,1,48.2,19.28,1.24,46.96
343,ORD00000115,PROD00001065,1,9,34.12,13.65,2.85,281.42999999999995
344,ORD00000115,PROD00004483,2,10,21.55,8.62,1.42,201.3
345,ORD00000115,PROD00000486,3,8,24.16,9.66,,
346,ORD00000115,PROD00000534,4,8,20.89,8.36,,
347,ORD00000115,PROD00000971,5,5,20.87,8.35,0.8,100.35
348,ORD00000116,PROD00001822,1,4,39.22,15.69,,
349,ORD00000117,PROD00002231,1,9,43.05,17.22,3.73,353.88
350,ORD00000117,PROD00001556,2,8,17.15,6.86,,
351,ORD00000117,PROD00001061,3,10,24.4,9.76,3.55,208.49999999999997
352,ORD00000117,PROD00002002,4,8,28.52,11.41,0.1,227.35999999999999
353,ORD00000117,PROD00002203,5,3,38.92,15.57,,
354,ORD00000118,PROD00003797,1,6,20.7,8.28,2.68,108.12
355,ORD00000118,PROD00001434,2,2,45.98,18.39,,
356,ORD00000118,PROD00002194,3,6,28.28,11.31,,
357,ORD00000118,PROD00000236,4,10,32.07,12.83,,
358,ORD00000119,PROD00002998,1,9,38.82,15.53,0.58,344.16
359,ORD00000120,PROD00004010,1,1,38.49,15.4,2.23,36.260000000000005
360,ORD00000121,PROD00004152,1,1,41.68,16.67,4.14,37.54
361,ORD00000121,PROD00002910,2,8,24.54,9.82,,
362,ORD00000121,PROD00004046,3,5,34.56,13.82,1.27,166.45
363,ORD00000121,PROD00000308,4,3,43.07,17.23,4.21,116.58
364,ORD00000122,PROD00004068,1,10,35.31,14.12,2.68,326.3
365,ORD00000123,PROD00003733,1,10,16.81,6.72,,
366,ORD00000123,PROD00003168,2,9,19.95,7.98,2.88,153.63
367,ORD00000124,PROD00001523,1,6,47.28,18.91,2.24,270.24
368,ORD00000124,PROD00004611,2,9,40.21,16.08,,
369,ORD00000125,PROD00003264,1,2,19.09,7.64,,
370,ORD00000126,PROD00000430,1,5,46.12,18.45,,
371,ORD00000126,PROD00002962,2,1,10.97,4.39,1.43,9.540000000000001
372,ORD00000126,PROD00000826,3,6,10.25,4.1,,
373,ORD00000127,PROD00003371,1,9,46.15,18.46,,
374,ORD00000127,PROD00004472,2,1,16.99,6.8,2.47,14.519999999999998
375,ORD00000127,PROD00001702,3,4,49.78,19.91,2.01,191.08
376,ORD00000127,PROD00001474,4,9,12.04,4.82,0.42,104.58
377,ORD00000128,PROD00000445,1,1,25.87,10.35,2.64,23.23
378,ORD00000128,PROD00004443,2,10,26.11,10.44,3.19,229.2
379,ORD00000128,PROD00002175,3,7,25.97,10.39,2.5,164.29
380,ORD00000129,PROD00001149,1,2,38.49,15.4,,
381,ORD00000130,PROD00001574,1,7,34.21,13.68,3.12,217.63
382,ORD00000130,PROD00002531,2,7,36.54,14.62,,
383,ORD00000130,PROD00004958,3,6,36.83,14.73,5.09,190.44
384,ORD00000130,PROD00001623,4,1,30.37,12.15,1.71,28.66
385,ORD00000130,PROD00003182,5,4,13.0,5.2,0.32,50.72
386,ORD00000131,PROD00001956,1,5,45.78,18.31,6.82,194.8
387,ORD00000131,PROD00003975,2,7,41.86,16.74,5.4,255.22
388,ORD00000131,PROD00002155,3,6,28.26,11.3,1.49,160.62
389,ORD00000131,PROD00003784,4,1,31.92,12.77,,
390,ORD00000132,PROD00004208,1,7,47.47,18.99,1.72,320.25
391,ORD00000132,PROD00001331,2,3,43.91,17.56,,
392,ORD00000132,PROD00000342,3,6,36.18,14.47,1.63,207.29999999999998
393,ORD00000132,PROD00004510,4,10,17.1,6.84,,
394,ORD00000133,PROD00001040,1,5,39.99,16.0,2.2,188.95
395,ORD00000133,PROD00003310,2,8,32.03,12.81,0.08,255.60000000000002
396,ORD00000133,PROD00001391,3,2,40.56,16.22,,
397,ORD00000133,PROD00003201,4,7,48.43,19.37,,
398,ORD00000134,PROD00002838,1,5,12.19,4.88,0.24,59.75
399,ORD00000135,PROD00001578,1,3,29.62,11.85,1.13,85.47
400,ORD00000136,PROD00003859,1,8,15.85,6.34,,
401,ORD00000136,PROD00004752,2,9,17.15,6.86,,
402,ORD00000136,PROD00003521,3,7,16.2,6.48,,
403,ORD00000137,PROD00003065,1,5,34.0,13.6,,
404,ORD00000138,PROD00003177,1,10,18.57,7.43,1.08,174.90000000000003
405,ORD00000138,PROD00003057,2,1,15.01,6.0,0.51,14.5
406,ORD00000138,PROD00000854,3,3,18.3,7.32,2.23,48.21
407,ORD00000138,PROD00003556,4,5,38.28,15.31,1.58,183.5
408,ORD00000138,PROD00000232,5,7,27.61,11.04,2.63,174.86
409,ORD00000139,PROD00004317,1,7,47.97,19.19,,
410,ORD00000139,PROD00000299,2,1,35.27,14.11,4.94,30.330000000000002
411,ORD00000140,PROD00002990,1,4,22.46,8.98,1.62,83.36
412,ORD00000140,PROD00003600,2,6,32.34,12.94,4.83,165.06000000000003
413,ORD00000140,PROD00002306,3,5,17.54,7.02,,
414,ORD00000141,PROD00000975,1,6,15.8,6.32,2.12,82.08
415,ORD00000141,PROD00004391,2,2,38.9,15.56,,
416,ORD00000141,PROD00001702,3,9,29.61,11.84,,
417,ORD00000141,PROD00003739,4,8,30.99,12.4,3.57,219.35999999999999
418,ORD00000142,PROD00000005,1,7,10.27,4.11,1.02,64.75
419,ORD00000142,PROD00000739,2,10,36.32,14.53,4.29,320.3
420,ORD00000143,PROD00003702,1,9,39.06,15.62,2.31,330.75
421,ORD00000143,PROD00003109,2,10,48.07,19.23,,
422,ORD00000144,PROD00004198,1,9,16.38,6.55,1.66,132.48
423,ORD00000144,PROD00001821,2,9,40.22,16.09,3.97,326.25
424,ORD00000144,PROD00002470,3,2,26.38,10.55,0.09,52.58
425,ORD00000145,PROD00001722,1,6,46.0,18.4,6.16,239.04000000000002
426,ORD00000145,PROD00003550,2,2,30.41,12.16,,
427,ORD00000146,PROD00000702,1,2,23.2,9.28,,
428,ORD00000147,PROD00001678,1,8,13.98,5.59,1.79,97.52000000000001
429,ORD00000147,PROD00000430,2,5,47.42,18.97,5.07,211.75
430,ORD00000147,PROD00003503,3,10,15.85,6.34,1.59,142.6
431,ORD00000147,PROD00003298,4,4,41.52,16.61,1.6,159.68
432,ORD00000148,PROD00000978,1,5,17.45,6.98,0.89,82.8
433,ORD00000148,PROD00003039,2,6,25.98,10.39,,
434,ORD00000148,PROD00002515,3,9,22.8,9.12,,
435,ORD00000149,PROD00003119,1,6,44.87,17.95,,
436,ORD00000150,PROD00000135,1,8,23.1,9.24,2.59,164.08
437,ORD00000151,PROD00001850,1,7,48.3,19.32,2.33,321.78999999999996
438,ORD00000151,PROD00002386,2,3,28.18,11.27,,
439,ORD00000152,PROD00002283,1,2,11.49,4.6,1.05,20.88
440,ORD00000152,PROD00002750,2,7,38.02,15.21,2.55,248.29000000000005
441,ORD00000152,PROD00000171,3,6,10.7,4.28,0.97,58.379999999999995
442,ORD00000152,PROD00002290,4,5,25.36,10.14,1.71,118.25
443,ORD00000153,PROD00004049,1,8,18.12,7.25,1.19,135.44
444,ORD00000153,PROD00001055,2,8,48.33,19.33,2.07,370.08
445,ORD00000153,PROD00000895,3,6,14.42,5.77,0.54,83.28
446,ORD00000153,PROD00000316,4,4,19.42,7.77,1.96,69.84
447,ORD00000154,PROD00003985,1,7,46.21,18.48,5.68,283.71000000000004
448,ORD00000154,PROD00002239,2,7,13.63,5.45,1.24,86.73
449,ORD00000154,PROD00001843,3,10,15.89,6.36,0.13,157.6
450,ORD00000154,PROD00003177,4,1,32.38,12.95,,
451,ORD00000155,PROD00003760,1,6,37.86,15.14,2.87,209.94
452,ORD00000155,PROD00001912,2,2,36.46,14.58,,
453,ORD00000155,PROD00003900,3,6,19.18,7.67,1.56,105.72
454,ORD00000156,PROD00001873,1,7,44.71,17.88,,
455,ORD00000156,PROD00000872,2,10,49.24,19.7,,
456,ORD00000156,PROD00003698,3,1,46.41,18.56,3.08,43.33
457,ORD00000156,PROD00002740,4,10,18.7,7.48,0.42,182.79999999999998
458,ORD00000157,PROD00001316,1,7,19.18,7.67,,
459,ORD00000157,PROD00003197,2,7,14.0,5.6,1.05,90.64999999999999
460,ORD00000158,PROD00000432,1,8,49.6,19.84,3.21,371.12
461,ORD00000158,PROD00004978,2,9,13.38,5.35,1.7,105.12000000000002
462,ORD00000158,PROD00001808,3,6,21.07,8.43,2.61,110.76
463,ORD00000159,PROD00001540,1,9,42.97,17.19,,
464,ORD00000159,PROD00000360,2,1,34.95,13.98,0.21,34.74
465,ORD00000159,PROD00000780,3,2,16.69,6.68,1.02,31.340000000000003
466,ORD00000159,PROD00002934,4,3,21.23,8.49,,
467,ORD00000159,PROD00000095,5,7,23.37,9.35,0.27,161.70000000000002
468,ORD00000160,PROD00000306,1,5,17.41,6.96,0.75,83.3
469,ORD00000160,PROD00001845,2,2,18.1,7.24,0.12,35.96
470,ORD00000161,PROD00003457,1,6,23.18,9.27,1.99,127.14000000000001
471,ORD00000161,PROD00001019,2,7,39.18,15.67,5.26,237.44
472,ORD00000161,PROD00000631,3,4,25.11,10.04,2.74,89.47999999999999
473,ORD00000161,PROD00004979,4,3,40.1,16.04,,
474,ORD00000161,PROD00001330,5,5,47.63,19.05,4.87,213.8
475,ORD00000162,PROD00003965,1,8,34.94,13.98,2.49,259.59999999999997
476,ORD00000162,PROD00000626,2,8,25.59,10.24,,
477,ORD00000162,PROD00000645,3,8,36.93,14.77,0.65,290.24
478,ORD00000162,PROD00001396,4,10,26.76,10.7,,
479,ORD00000162,PROD00001454,5,4,34.5,13.8,3.37,124.52
480,ORD00000163,PROD00001526,1,7,12.94,5.18,1.26,81.75999999999999
481,ORD00000164,PROD00002070,1,10,16.14,6.46,2.37,137.7
482,ORD00000164,PROD00000097,2,8,18.1,7.24,1.19,135.28
483,ORD00000164,PROD00004953,3,5,33.57,13.43,,
484,ORD00000164,PROD00003140,4,5,27.06,10.82,0.89,130.85
485,ORD00000164,PROD00004536,5,8,23.36,9.34,3.34,160.16
486,ORD00000165,PROD00003716,1,8,20.18,8.07,2.04,145.12
487,ORD00000165,PROD00004443,2,5,45.08,18.03,,
488,ORD00000165,PROD00004931,3,2,20.85,8.34,2.03,37.64
489,ORD00000165,PROD00002532,4,8,41.67,16.67,3.41,306.08000000000004
490,ORD00000165,PROD00002296,5,5,39.5,15.8,5.27,171.15000000000003
491,ORD00000166,PROD00002899,1,5,34.79,13.92,5.03,148.79999999999998
492,ORD00000166,PROD00003738,2,10,37.74,15.1,,
493,ORD00000166,PROD00003672,3,2,28.86,11.54,,
494,ORD00000166,PROD00000683,4,4,41.31,16.52,1.22,160.36
495,ORD00000166,PROD00001740,5,4,45.81,18.32,6.43,157.52
496,ORD00000167,PROD00001192,1,8,30.7,12.28,0.47,241.84
497,ORD00000167,PROD00001569,2,9,46.32,18.53,5.09,371.07000000000005
498,ORD00000168,PROD00000859,1,8,12.15,4.86,0.03,96.96000000000001
499,ORD00000168,PROD00001389,2,6,15.53,6.21,1.12,86.46000000000001
500,ORD00000168,PROD00003368,3,6,11.45,4.58,0.34,66.66
501,ORD00000169,PROD00001350,1,3,25.37,10.15,1.52,71.55000000000001
502,ORD00000169,PROD00004898,2,3,22.76,9.1,2.96,59.400000000000006
503,ORD00000169,PROD00000953,3,2,44.87,17.95,5.1,79.53999999999999
504,ORD00000170,PROD00002222,1,8,11.87,4.75,0.35,92.16
505,ORD00000171,PROD00002331,1,1,23.41,9.36,2.42,20.990000000000002
506,ORD00000172,PROD00003125,1,1,15.48,6.19,,
507,ORD00000172,PROD00000907,2,4,19.77,7.91,2.15,70.48
508,ORD00000172,PROD00000188,3,6,38.48,15.39,0.54,227.64
509,ORD00000172,PROD00004091,4,1,31.09,12.44,,
510,ORD00000172,PROD00004772,5,10,20.35,8.14,1.83,185.20000000000005
511,ORD00000173,PROD00000524,1,2,18.73,7.49,2.8,31.86
512,ORD00000173,PROD00002744,2,4,45.49,18.2,3.01,169.92000000000002
513,ORD00000174,PROD00003205,1,9,34.04,13.62,4.6,264.96
514,ORD00000175,PROD00001459,1,2,47.74,19.1,5.81,83.86
515,ORD00000175,PROD00003170,2,7,14.92,5.97,1.32,95.2
516,ORD00000176,PROD00003816,1,8,25.57,10.23,2.2,186.96
517,ORD00000176,PROD00004956,2,10,42.02,16.81,,
518,ORD00000176,PROD00001013,3,2,25.51,10.2,1.17,48.68000000000001
519,ORD00000176,PROD00002348,4,5,36.69,14.68,,
520,ORD00000177,PROD00004693,1,2,16.98,6.79,,
521,ORD00000177,PROD00003518,2,3,27.48,10.99,,
522,ORD00000178,PROD00001683,1,6,18.4,7.36,2.72,94.07999999999998
523,ORD00000178,PROD00004029,2,6,14.72,5.89,1.96,76.56
524,ORD00000178,PROD00004842,3,4,46.77,18.71,,
525,ORD00000178,PROD00000617,4,4,45.9,18.36,,
526,ORD00000179,PROD00001444,1,4,29.93,11.97,3.99,103.75999999999999
527,ORD00000179,PROD00003540,2,5,45.71,18.28,0.38,226.64999999999998
528,ORD00000180,PROD00003634,1,2,12.92,5.17,0.68,24.48
529,ORD00000180,PROD00004372,2,1,47.18,18.87,,
530,ORD00000181,PROD00002279,1,10,22.74,9.1,2.32,204.2
531,ORD00000181,PROD00004395,2,1,32.24,12.9,,
532,ORD00000181,PROD00000639,3,3,13.29,5.32,1.39,35.699999999999996
533,ORD00000181,PROD00001355,4,5,17.28,6.91,0.15,85.65
534,ORD00000182,PROD00002240,1,6,14.45,5.78,0.26,85.14
535,ORD00000182,PROD00000286,2,2,19.68,7.87,0.31,38.74
536,ORD00000182,PROD00003633,3,1,30.7,12.28,2.06,28.64
537,ORD00000183,PROD00000076,1,10,28.68,11.47,2.11,265.7
538,ORD00000183,PROD00002044,2,10,26.75,10.7,0.06,266.90000000000003
539,ORD00000184,PROD00000976,1,4,27.14,10.86,0.45,106.76
540,ORD00000184,PROD00003261,2,9,15.6,6.24,,
541,ORD00000185,PROD00004865,1,9,19.8,7.92,2.46,156.06
542,ORD00000185,PROD00000996,2,6,48.42,19.37,5.67,256.5
543,ORD00000186,PROD00001646,1,4,17.33,6.93,,
544,ORD00000186,PROD00003084,2,6,14.73,5.89,0.38,86.1
545,ORD00000186,PROD00003057,3,2,32.79,13.12,2.13,61.32
546,ORD00000186,PROD00000745,4,3,22.69,9.08,,
547,ORD00000186,PROD00002271,5,8,33.59,13.44,2.72,246.96000000000004
548,ORD00000187,PROD00004261,1,2,26.19,10.48,2.66,47.06
549,ORD00000188,PROD00001857,1,4,38.81,15.52,4.65,136.64000000000001
550,ORD00000188,PROD00002706,2,3,45.73,18.29,,
551,ORD00000189,PROD00004853,1,5,43.23,17.29,,
552,ORD00000189,PROD00004463,2,6,47.98,19.19,3.61,266.21999999999997
553,ORD00000189,PROD00001501,3,1,41.47,16.59,4.93,36.54
554,ORD00000189,PROD00000646,4,10,31.86,12.74,2.63,292.3
555,ORD00000190,PROD00001601,1,5,12.15,4.86,,
556,ORD00000190,PROD00000616,2,10,28.8,11.52,,
557,ORD00000190,PROD00000829,3,7,27.14,10.86,3.38,166.32000000000002
558,ORD00000191,PROD00003874,1,3,11.58,4.63,0.49,33.269999999999996
559,ORD00000192,PROD00003526,1,9,40.27,16.11,3.47,331.20000000000005
560,ORD00000192,PROD00002279,2,2,13.52,5.41,,
561,ORD00000193,PROD00004218,1,3,15.02,6.01,,
562,ORD00000194,PROD00004720,1,2,48.44,19.38,2.97,90.94
563,ORD00000194,PROD00002182,2,9,23.39,9.36,,
564,ORD00000194,PROD00004691,3,5,42.54,17.02,2.86,198.4
565,ORD00000195,PROD00003639,1,2,24.66,9.86,1.29,46.74
566,ORD00000196,PROD00001315,1,3,30.15,12.06,,
567,ORD00000196,PROD00002532,2,5,46.08,18.43,6.75,196.64999999999998
568,ORD00000196,PROD00003393,3,2,43.64,17.46,2.45,82.38
569,ORD00000197,PROD00004966,1,8,19.59,7.84,2.91,133.44
570,ORD00000197,PROD00003731,2,10,35.02,14.01,0.19,348.30000000000007
571,ORD00000197,PROD00002343,3,6,14.96,5.98,0.54,86.52000000000001
572,ORD00000197,PROD00003008,4,5,22.68,9.07,1.79,104.45
573,ORD00000197,PROD00004589,5,8,33.63,13.45,0.56,264.56
574,ORD00000198,PROD00003954,1,2,40.57,16.23,2.06,77.02
575,ORD00000198,PROD00004134,2,8,48.86,19.54,1.16,381.6
576,ORD00000198,PROD00003499,3,2,32.69,13.08,4.4,56.58
577,ORD00000199,PROD00003831,1,5,39.04,15.62,,
578,ORD00000199,PROD00001004,2,9,38.34,15.34,1.58,330.84000000000003
579,ORD00000199,PROD00002260,3,9,14.38,5.75,,
580,ORD00000200,PROD00001378,1,2,19.76,7.9,0.73,38.06
581,ORD00000200,PROD00002412,2,1,24.96,9.98,0.86,24.1
582,ORD00000200,PROD00003937,3,3,36.35,14.54,3.67,98.03999999999999
583,ORD00000200,PROD00001571,4,3,45.7,18.28,,
584,ORD00000200,PROD00003434,5,9,14.21,5.68,,
585,ORD00000201,PROD00003696,1,4,49.95,19.98,,
586,ORD00000202,PROD00003447,1,8,35.76,14.3,3.35,259.28
587,ORD00000202,PROD00004168,2,8,31.46,12.58,3.05,227.28
588,ORD00000203,PROD00002243,1,10,46.73,18.69,2.58,441.5
589,ORD00000203,PROD00002367,2,5,13.87,5.55,1.97,59.49999999999999
590,ORD00000203,PROD00002824,3,6,33.9,13.56,,
591,ORD00000203,PROD00000602,4,5,17.27,6.91,0.27,85.0
592,ORD00000203,PROD00000993,5,6,18.75,7.5,0.69,108.35999999999999
593,ORD00000204,PROD00004247,1,3,16.74,6.7,1.87,44.60999999999999
594,ORD00000205,PROD00004310,1,9,44.55,17.82,4.47,360.71999999999997
595,ORD00000205,PROD00003265,2,10,41.0,16.4,4.24,367.59999999999997
596,ORD00000206,PROD00003701,1,5,48.57,19.43,0.58,239.95000000000002
597,ORD00000206,PROD00000633,2,5,22.74,9.1,2.57,100.85
598,ORD00000206,PROD00001891,3,3,39.96,15.98,4.83,105.39000000000001
599,ORD00000207,PROD00002533,1,8,33.57,13.43,3.94,237.04
600,ORD00000207,PROD00000864,2,1,11.33,4.53,,
601,ORD00000207,PROD00001788,3,9,11.65,4.66,0.95,96.30000000000001
602,ORD00000208,PROD00001810,1,9,27.03,10.81,3.63,210.60000000000002
603,ORD00000208,PROD00002477,2,8,24.35,9.74,1.93,179.36
604,ORD00000208,PROD00001824,3,6,35.16,14.06,,
605,ORD00000208,PROD00001990,4,1,46.3,18.52,4.69,41.61
606,ORD00000208,PROD00002125,5,5,30.17,12.07,0.38,148.95000000000002
607,ORD00000209,PROD00003087,1,10,29.49,11.8,1.43,280.59999999999997
608,ORD00000209,PROD00004926,2,9,24.02,9.61,,
609,ORD00000209,PROD00003061,3,6,12.87,5.15,0.95,71.52
610,ORD00000210,PROD00003926,1,6,13.09,5.24,,
611,ORD00000211,PROD00000793,1,8,31.6,12.64,0.75,246.8
612,ORD00000211,PROD00001419,2,8,43.37,17.35,0.23,345.12
613,ORD00000212,PROD00000432,1,2,47.84,19.14,,
614,ORD00000212,PROD00004175,2,9,38.64,15.46,0.6,342.36
615,ORD00000212,PROD00002811,3,6,22.01,8.8,1.73,121.68
616,ORD00000212,PROD00004802,4,1,43.32,17.33,,
617,ORD00000213,PROD00004391,1,7,26.19,10.48,1.22,174.79000000000002
618,ORD00000214,PROD00002386,1,8,11.55,4.62,1.62,79.44
619,ORD00000214,PROD00003489,2,4,16.47,6.59,2.24,56.919999999999995
620,ORD00000214,PROD00002514,3,7,32.39,12.96,3.11,204.96
621,ORD00000214,PROD00000822,4,6,44.63,17.85,6.41,229.32
622,ORD00000214,PROD00001675,5,3,10.43,4.17,0.5,29.79
623,ORD00000215,PROD00001810,1,9,20.26,8.1,1.89,165.33
624,ORD00000215,PROD00001004,2,9,41.82,16.73,3.26,347.04
625,ORD00000215,PROD00001524,3,10,42.25,16.9,,
626,ORD00000215,PROD00000218,4,4,48.25,19.3,2.29,183.84
627,ORD00000215,PROD00003847,5,1,31.2,12.48,0.84,30.36
628,ORD00000216,PROD00002113,1,2,47.21,18.88,1.26,91.9
629,ORD00000216,PROD00002584,2,2,24.8,9.92,2.57,44.46
630,ORD00000216,PROD00000019,3,5,28.91,11.56,1.59,136.6
631,ORD00000216,PROD00000763,4,3,48.45,19.38,2.94,136.53000000000003
632,ORD00000216,PROD00003867,5,3,37.02,14.81,1.05,107.91000000000003
633,ORD00000217,PROD00003419,1,4,49.88,19.95,3.24,186.56
634,ORD00000218,PROD00002762,1,7,48.7,19.48,4.79,307.37
635,ORD00000219,PROD00002251,1,7,32.28,12.91,,
636,ORD00000220,PROD00002294,1,9,31.25,12.5,2.1,262.34999999999997
637,ORD00000220,PROD00001374,2,4,42.07,16.83,1.08,163.96
638,ORD00000220,PROD00001261,3,10,15.26,6.1,0.98,142.79999999999998
639,ORD00000221,PROD00001843,1,4,43.71,17.48,3.33,161.52
640,ORD00000222,PROD00004440,1,8,23.83,9.53,1.94,175.11999999999998
641,ORD00000222,PROD00000274,2,5,34.12,13.65,0.47,168.25
642,ORD00000223,PROD00003903,1,8,11.78,4.71,1.2,84.64
643,ORD00000223,PROD00004102,2,5,20.17,8.07,2.74,87.15
644,ORD00000223,PROD00004235,3,9,20.0,8.0,,
645,ORD00000223,PROD00001747,4,5,26.91,10.76,0.95,129.8
646,ORD00000223,PROD00001760,5,1,25.26,10.1,2.32,22.94
647,ORD00000224,PROD00003951,1,8,22.64,9.06,3.25,155.12
648,ORD00000225,PROD00000654,1,6,48.49,19.4,,
649,ORD00000225,PROD00000591,2,2,32.08,12.83,,
650,ORD00000225,PROD00001476,3,1,48.53,19.41,7.02,41.510000000000005
651,ORD00000225,PROD00000944,4,4,30.3,12.12,,
652,ORD00000226,PROD00003576,1,6,36.55,14.62,0.07,218.88
653,ORD00000226,PROD00001070,2,2,46.99,18.8,,
654,ORD00000226,PROD00004729,3,7,23.26,9.3,1.72,150.78000000000003
655,ORD00000226,PROD00000457,4,4,41.27,16.51,1.14,160.52
656,ORD00000227,PROD00000650,1,1,49.38,19.75,1.48,47.900000000000006
657,ORD00000227,PROD00002163,2,6,45.7,18.28,1.88,262.92
658,ORD00000227,PROD00003653,3,4,40.66,16.26,3.21,149.79999999999998
659,ORD00000227,PROD00002659,4,1,21.33,8.53,,
660,ORD00000227,PROD00002474,5,2,26.87,10.75,3.13,47.480000000000004
661,ORD00000228,PROD00004454,1,6,21.83,8.73,2.19,117.83999999999997
662,ORD00000228,PROD00001077,2,9,44.31,17.72,,
663,ORD00000228,PROD00003058,3,5,18.82,7.53,,
664,ORD00000229,PROD00004870,1,5,23.44,9.38,,
665,ORD00000229,PROD00001065,2,9,31.35,12.54,1.43,269.28000000000003
666,ORD00000229,PROD00004778,3,7,13.91,5.56,1.13,89.46000000000001
667,ORD00000230,PROD00003012,1,2,49.49,19.8,1.3,96.38000000000001
668,ORD00000230,PROD00001581,2,3,27.87,11.15,,
669,ORD00000230,PROD00004633,3,4,34.72,13.89,0.35,137.48
670,ORD00000230,PROD00003927,4,4,13.57,5.43,,
671,ORD00000231,PROD00001231,1,8,23.86,9.54,1.49,178.96
672,ORD00000231,PROD00000545,2,6,40.54,16.22,4.54,216.0
673,ORD00000231,PROD00002811,3,6,19.81,7.92,2.92,101.34
674,ORD00000231,PROD00001855,4,6,25.15,10.06,3.24,131.45999999999998
675,ORD00000232,PROD00004972,1,6,17.86,7.14,0.01,107.1
676,ORD00000232,PROD00004035,2,5,14.4,5.76,1.61,63.95
677,ORD00000232,PROD00004510,3,6,48.45,19.38,0.92,285.18
678,ORD00000232,PROD00004159,4,6,45.65,18.26,,
679,ORD00000232,PROD00001860,5,2,37.23,14.89,,
680,ORD00000233,PROD00000838,1,3,41.65,16.66,2.59,117.18
681,ORD00000233,PROD00001643,2,2,17.86,7.14,2.25,31.22
682,ORD00000234,PROD00000827,1,6,33.25,13.3,1.65,189.60000000000002
683,ORD00000235,PROD00001115,1,7,40.21,16.08,3.33,258.16
684,ORD00000235,PROD00004141,2,10,17.12,6.85,2.16,149.60000000000002
685,ORD00000235,PROD00004855,3,3,43.31,17.32,,
686,ORD00000236,PROD00002572,1,1,26.9,10.76,1.43,25.47
687,ORD00000236,PROD00001756,2,6,21.22,8.49,,
688,ORD00000237,PROD00001141,1,2,18.03,7.21,,
689,ORD00000237,PROD00004640,2,1,29.39,11.76,1.75,27.64
690,ORD00000237,PROD00003081,3,4,29.95,11.98,0.8,116.6
691,ORD00000237,PROD00002264,4,5,21.21,8.48,0.14,105.35
692,ORD00000238,PROD00001803,1,3,48.66,19.46,2.36,138.89999999999998
693,ORD00000238,PROD00004567,2,5,31.35,12.54,3.58,138.85000000000002
694,ORD00000238,PROD00002283,3,4,23.21,9.28,2.07,84.56
695,ORD00000238,PROD00000930,4,9,37.91,15.16,3.93,305.82
696,ORD00000238,PROD00001722,5,7,16.78,6.71,,
697,ORD00000239,PROD00000301,1,10,11.72,4.69,,
698,ORD00000239,PROD00001839,2,1,23.6,9.44,3.28,20.32
699,ORD00000240,PROD00000815,1,8,46.3,18.52,,
700,ORD00000240,PROD00001552,2,8,30.98,12.39,3.65,218.64000000000001
701,ORD00000240,PROD00003924,3,5,19.65,7.86,1.15,92.5
702,ORD00000240,PROD00003783,4,10,32.13,12.85,0.35,317.8
703,ORD00000241,PROD00003697,1,8,32.24,12.9,1.8,243.52
704,ORD00000241,PROD00000738,2,10,44.17,17.67,0.84,433.29999999999995
705,ORD00000241,PROD00001028,3,9,33.41,13.36,0.26,298.34999999999997
706,ORD00000241,PROD00004299,4,6,12.67,5.07,,
707,ORD00000242,PROD00002635,1,3,11.25,4.5,,
708,ORD00000242,PROD00003682,2,1,19.27,7.71,2.56,16.71
709,ORD00000242,PROD00004485,3,5,31.89,12.76,4.61,136.4
710,ORD00000242,PROD00002041,4,4,45.12,18.05,2.85,169.07999999999998
711,ORD00000243,PROD00004235,1,3,29.85,11.94,0.17,89.03999999999999
712,ORD00000243,PROD00000738,2,6,44.26,17.7,,
713,ORD00000243,PROD00004028,3,6,47.51,19.0,,
714,ORD00000244,PROD00001792,1,5,11.25,4.5,1.44,49.050000000000004
715,ORD00000244,PROD00004011,2,3,24.45,9.78,,
716,ORD00000245,PROD00003248,1,7,24.49,9.8,2.05,157.07999999999998
717,ORD00000245,PROD00002448,2,9,35.31,14.12,,
718,ORD00000245,PROD00004487,3,5,11.09,4.44,,
719,ORD00000246,PROD00002018,1,4,39.87,15.95,3.19,146.72
720,ORD00000246,PROD00004749,2,3,30.93,12.37,1.98,86.85
721,ORD00000247,PROD00004914,1,9,40.19,16.08,1.46,348.57
722,ORD00000248,PROD00000159,1,3,15.17,6.07,0.26,44.730000000000004
723,ORD00000248,PROD00001133,2,3,17.4,6.96,1.21,48.56999999999999
724,ORD00000248,PROD00000573,3,3,35.79,14.32,1.48,102.93
725,ORD00000248,PROD00001575,4,6,15.82,6.33,0.49,91.98
726,ORD00000249,PROD00001016,1,5,26.51,10.6,,
727,ORD00000249,PROD00003835,2,6,38.17,15.27,0.03,228.84
728,ORD00000250,PROD00001166,1,2,34.4,13.76,,
729,ORD00000251,PROD00001561,1,7,19.57,7.83,1.62,125.64999999999999
730,ORD00000251,PROD00001977,2,5,43.05,17.22,,
731,ORD00000251,PROD00004546,3,8,18.02,7.21,1.84,129.44
732,ORD00000251,PROD00002214,4,2,35.09,14.04,,
733,ORD00000252,PROD00002437,1,6,40.08,16.03,3.36,220.32
734,ORD00000252,PROD00000383,2,4,10.82,4.33,,
735,ORD00000253,PROD00001355,1,7,29.79,11.92,0.56,204.61
736,ORD00000253,PROD00000987,2,5,37.08,14.83,,
737,ORD00000253,PROD00000168,3,3,43.62,17.45,,
738,ORD00000254,PROD00000608,1,3,14.13,5.65,0.54,40.769999999999996
739,ORD00000254,PROD00004582,2,4,28.36,11.34,,
740,ORD00000254,PROD00001440,3,8,21.03,8.41,0.47,164.48000000000002
741,ORD00000254,PROD00002440,4,4,22.57,9.03,0.12,89.8
742,ORD00000254,PROD00000932,5,5,41.59,16.64,3.09,192.5
743,ORD00000255,PROD00000162,1,10,14.71,5.88,,
744,ORD00000255,PROD00004333,2,7,39.54,15.82,,
745,ORD00000255,PROD00004869,3,9,34.55,13.82,,
746,ORD00000255,PROD00001365,4,8,33.97,13.59,0.05,271.36
747,ORD00000255,PROD00003109,5,8,28.48,11.39,,
748,ORD00000256,PROD00002939,1,7,31.04,12.42,2.12,202.44
749,ORD00000256,PROD00003475,2,7,44.78,17.91,2.85,293.51
750,ORD00000256,PROD00000796,3,5,36.41,14.56,1.29,175.6
751,ORD00000257,PROD00004497,1,6,48.33,19.33,4.13,265.2
752,ORD00000257,PROD00004760,2,9,36.57,14.63,2.33,308.16
753,ORD00000258,PROD00004127,1,8,12.71,5.08,1.44,90.16000000000001
754,ORD00000258,PROD00000800,2,3,27.52,11.01,0.36,81.48
755,ORD00000258,PROD00000634,3,1,24.49,9.8,3.65,20.84
756,ORD00000258,PROD00002002,4,4,40.7,16.28,5.31,141.56
757,ORD00000258,PROD00002687,5,10,49.92,19.97,,
758,ORD00000259,PROD00001461,1,9,14.69,5.88,,
759,ORD00000260,PROD00002570,1,7,24.44,9.78,1.52,160.44
760,ORD00000260,PROD00003814,2,4,19.87,7.95,2.21,70.64
761,ORD00000260,PROD00004344,3,1,26.65,10.66,2.06,24.59
762,ORD00000261,PROD00004124,1,9,48.16,19.26,5.9,380.34
763,ORD00000261,PROD00004719,2,10,40.03,16.01,2.71,373.2
764,ORD00000261,PROD00002896,3,6,37.15,14.86,4.83,193.92000000000002
765,ORD00000261,PROD00001402,4,8,30.14,12.06,0.73,235.28
766,ORD00000262,PROD00004220,1,1,32.4,12.96,1.79,30.61
767,ORD00000263,PROD00000239,1,1,20.47,8.19,1.15,19.32
768,ORD00000263,PROD00002627,2,7,40.65,16.26,1.22,276.01
769,ORD00000263,PROD00002527,3,2,43.01,17.2,5.01,76.0
770,ORD00000263,PROD00000812,4,7,36.35,14.54,5.19,218.12
771,ORD00000264,PROD00003347,1,9,23.21,9.28,2.42,187.10999999999999
772,ORD00000265,PROD00001079,1,8,48.78,19.51,,
773,ORD00000265,PROD00000275,2,3,12.53,5.01,1.19,34.019999999999996
774,ORD00000265,PROD00004440,3,10,34.52,13.81,2.03,324.90000000000003
775,ORD00000265,PROD00003711,4,5,42.4,16.96,1.07,206.64999999999998
776,ORD00000266,PROD00004512,1,6,34.92,13.97,1.74,199.07999999999998
777,ORD00000267,PROD00000618,1,7,10.65,4.26,0.36,72.03
778,ORD00000267,PROD00001398,2,2,10.87,4.35,0.73,20.279999999999998
779,ORD00000267,PROD00001404,3,2,35.34,14.14,2.47,65.74000000000001
780,ORD00000267,PROD00002144,4,7,15.34,6.14,,
781,ORD00000267,PROD00001422,5,2,26.99,10.8,2.76,48.459999999999994
782,ORD00000268,PROD00001082,1,5,41.21,16.48,5.17,180.2
783,ORD00000268,PROD00000661,2,10,31.8,12.72,,
784,ORD00000269,PROD00004744,1,8,10.4,4.16,0.28,80.96000000000001
785,ORD00000269,PROD00001088,2,7,24.19,9.68,2.39,152.6
786,ORD00000270,PROD00000530,1,6,15.24,6.1,1.89,80.1
787,ORD00000270,PROD00003838,2,1,26.19,10.48,0.78,25.41
788,ORD00000270,PROD00002950,3,8,45.82,18.33,1.28,356.32
789,ORD00000271,PROD00002325,1,8,15.95,6.38,1.37,116.63999999999999
790,ORD00000271,PROD00003273,2,3,20.34,8.14,2.63,53.13
791,ORD00000271,PROD00000338,3,3,23.24,9.3,1.12,66.35999999999999
792,ORD00000272,PROD00002072,1,4,25.87,10.35,3.18,90.76
793,ORD00000272,PROD00004179,2,1,39.07,15.63,2.45,36.62
794,ORD00000273,PROD00003963,1,3,34.91,13.96,0.43,103.44
795,ORD00000273,PROD00002480,2,2,32.87,13.15,,
796,ORD00000274,PROD00004226,1,6,21.7,8.68,1.95,118.5
797,ORD00000275,PROD00004725,1,4,19.57,7.83,,
798,ORD00000276,PROD00001671,1,10,46.09,18.44,,
799,ORD00000276,PROD00001847,2,10,25.46,10.18,2.94,225.2
800,ORD00000276,PROD00004550,3,1,37.19,14.88,3.59,33.599999999999994
801,ORD00000276,PROD00004403,4,8,18.53,7.41,0.08,147.60000000000002
802,ORD00000277,PROD00000072,1,8,31.91,12.76,,
803,ORD00000277,PROD00001483,2,5,23.23,9.29,0.48,113.75
804,ORD00000278,PROD00003132,1,1,16.32,6.53,2.3,14.02
805,ORD00000278,PROD00002110,2,8,16.17,6.47,1.69,115.84000000000002
806,ORD00000278,PROD00001943,3,10,34.3,13.72,0.39,339.09999999999997
807,ORD00000278,PROD00004561,4,3,41.44,16.58,2.38,117.17999999999998
808,ORD00000279,PROD00000893,1,7,47.92,19.17,5.33,298.13
809,ORD00000279,PROD00004533,2,7,49.22,19.69,,
810,ORD00000279,PROD00002776,3,10,30.45,12.18,,
811,ORD00000279,PROD00002810,4,3,28.83,11.53,2.57,78.78
812,ORD00000279,PROD00001112,5,1,15.6,6.24,0.41,15.19
813,ORD00000280,PROD00003537,1,5,32.45,12.98,,
814,ORD00000280,PROD00000023,2,2,23.08,9.23,2.75,40.66
815,ORD00000280,PROD00000631,3,8,31.49,12.6,3.15,226.72
816,ORD00000280,PROD00002658,4,9,37.45,14.98,0.84,329.49
817,ORD00000281,PROD00002635,1,6,21.85,8.74,1.43,122.52000000000001
818,ORD00000281,PROD00001021,2,4,33.89,13.56,3.61,121.12
819,ORD00000281,PROD00003276,3,5,14.59,5.84,2.06,62.65
820,ORD00000281,PROD00003272,4,9,21.73,8.69,2.97,168.84
821,ORD00000281,PROD00002506,5,3,27.23,10.89,1.41,77.46000000000001
822,ORD00000282,PROD00003899,1,3,13.0,5.2,0.94,36.18
823,ORD00000282,PROD00004783,2,8,23.7,9.48,1.25,179.6
824,ORD00000283,PROD00001047,1,6,12.54,5.02,1.75,64.74
825,ORD00000283,PROD00004885,2,8,46.21,18.48,2.92,346.32
826,ORD00000283,PROD00001546,3,3,18.96,7.58,1.69,51.81
827,ORD00000284,PROD00004177,1,2,19.11,7.64,,
828,ORD00000284,PROD00004893,2,7,33.75,13.5,2.46,219.03
829,ORD00000284,PROD00002207,3,3,34.52,13.81,,
830,ORD00000285,PROD00003963,1,8,38.07,15.23,2.94,281.04
831,ORD00000286,PROD00001630,1,1,16.67,6.67,1.09,15.580000000000002
832,ORD00000286,PROD00000709,2,9,10.4,4.16,1.05,84.14999999999999
833,ORD00000287,PROD00001650,1,5,39.58,15.83,2.45,185.64999999999998
834,ORD00000287,PROD00002697,2,10,46.53,18.61,2.04,444.90000000000003
835,ORD00000287,PROD00004264,3,2,37.66,15.06,,
836,ORD00000288,PROD00001640,1,4,10.85,4.34,,
837,ORD00000288,PROD00003980,2,2,17.11,6.84,,
838,ORD00000288,PROD00002653,3,6,30.33,12.13,,
839,ORD00000288,PROD00004051,4,3,35.22,14.09,,
840,ORD00000289,PROD00000744,1,1,15.34,6.14,0.43,14.91
841,ORD00000289,PROD00002817,2,6,19.86,7.94,,
842,ORD00000289,PROD00002783,3,9,18.18,7.27,2.58,140.4
843,ORD00000289,PROD00001581,4,5,49.94,19.98,,
844,ORD00000289,PROD00000810,5,10,18.33,7.33,0.05,182.79999999999998
845,ORD00000290,PROD00003139,1,1,39.66,15.86,,
846,ORD00000290,PROD00001690,2,5,39.33,15.73,4.27,175.3
847,ORD00000290,PROD00004789,3,9,34.34,13.74,2.87,283.23
848,ORD00000290,PROD00000695,4,5,37.1,14.84,5.17,159.65
849,ORD00000291,PROD00003316,1,5,38.22,15.29,,
850,ORD00000291,PROD00004526,2,9,30.61,12.24,0.54,270.63
851,ORD00000291,PROD00002812,3,4,10.42,4.17,,
852,ORD00000291,PROD00001676,4,5,29.6,11.84,3.05,132.75
853,ORD00000291,PROD00002614,5,7,44.15,17.66,5.6,269.84999999999997
854,ORD00000292,PROD00004867,1,6,11.14,4.46,,
855,ORD00000292,PROD00000170,2,10,42.66,17.06,1.31,413.49999999999994
856,ORD00000292,PROD00001982,3,3,13.03,5.21,,
857,ORD00000292,PROD00000669,4,1,13.94,5.58,1.89,12.049999999999999
858,ORD00000292,PROD00003712,5,4,31.09,12.44,3.69,109.6
859,ORD00000293,PROD00004991,1,6,35.08,14.03,1.74,200.03999999999996
860,ORD00000293,PROD00002055,2,6,40.68,16.27,6.05,207.78000000000003
861,ORD00000294,PROD00003372,1,5,31.23,12.49,,
862,ORD00000294,PROD00003513,2,2,41.13,16.45,1.96,78.34
863,ORD00000294,PROD00004851,3,2,40.34,16.14,,
864,ORD00000294,PROD00004352,4,6,46.98,18.79,2.81,265.02
865,ORD00000294,PROD00000410,5,6,18.54,7.42,2.51,96.18
866,ORD00000295,PROD00000860,1,8,27.02,10.81,,
867,ORD00000295,PROD00000663,2,4,22.81,9.12,3.19,78.47999999999999
868,ORD00000296,PROD00001916,1,2,34.93,13.97,1.99,65.88
869,ORD00000296,PROD00000775,2,3,31.48,12.59,3.75,83.19
870,ORD00000296,PROD00003897,3,4,41.35,16.54,3.97,149.52
871,ORD00000296,PROD00000203,4,9,39.81,15.92,2.71,333.90000000000003
872,ORD00000296,PROD00002126,5,5,49.44,19.78,1.06,241.89999999999998
873,ORD00000297,PROD00003451,1,8,22.87,9.15,0.3,180.56
874,ORD00000298,PROD00001492,1,9,48.29,19.32,4.97,389.88
875,ORD00000298,PROD00000406,2,3,47.49,19.0,,
876,ORD00000298,PROD00004731,3,7,32.79,13.12,4.34,199.15
877,ORD00000298,PROD00004015,4,1,25.74,10.3,,
878,ORD00000299,PROD00004826,1,7,27.17,10.87,,
879,ORD00000299,PROD00004155,2,7,16.86,6.74,2.36,101.5
880,ORD00000300,PROD00003312,1,5,42.88,17.15,,
881,ORD00000300,PROD00003888,2,8,22.59,9.04,1.71,167.04
882,ORD00000300,PROD00004311,3,4,40.08,16.03,,
883,ORD00000300,PROD00004366,4,3,42.91,17.16,,
884,ORD00000300,PROD00002220,5,10,46.59,18.64,4.19,424.00000000000006
885,ORD00000301,PROD00004380,1,9,25.45,10.18,0.88,221.13
886,ORD00000301,PROD00003360,2,5,28.84,11.54,3.05,128.95
887,ORD00000301,PROD00001505,3,6,25.19,10.08,2.45,136.44
888,ORD00000302,PROD00002879,1,10,16.02,6.41,1.31,147.1
889,ORD00000302,PROD00001132,2,8,20.71,8.28,,
890,ORD00000302,PROD00000484,3,1,49.51,19.8,0.16,49.35
891,ORD00000302,PROD00003203,4,5,12.35,4.94,1.63,53.599999999999994
892,ORD00000302,PROD00004709,5,4,20.64,8.26,1.55,76.36
893,ORD00000303,PROD00001308,1,3,49.58,19.83,0.95,145.89
894,ORD00000303,PROD00002552,2,2,41.25,16.5,0.79,80.92
895,ORD00000303,PROD00004351,3,5,23.77,9.51,2.91,104.3
896,ORD00000303,PROD00004838,4,8,32.3,12.92,0.63,253.35999999999999
897,ORD00000304,PROD00001034,1,9,45.72,18.29,,
898,ORD00000304,PROD00003380,2,5,35.89,14.36,,
899,ORD00000304,PROD00000029,3,2,37.25,14.9,4.58,65.34
900,ORD00000304,PROD00004132,4,5,26.25,10.5,,
901,ORD00000305,PROD00004621,1,5,42.62,17.05,6.05,182.85
902,ORD00000306,PROD00001128,1,2,39.21,15.68,3.67,71.08
903,ORD00000306,PROD00004720,2,4,40.63,16.25,4.8,143.32000000000002
904,ORD00000307,PROD00002340,1,7,44.24,17.7,0.1,308.98
905,ORD00000307,PROD00004894,2,10,10.56,4.22,0.59,99.7
906,ORD00000308,PROD00003800,1,8,25.24,10.1,,
907,ORD00000308,PROD00004416,2,9,44.09,17.64,,
908,ORD00000308,PROD00003747,3,6,48.81,19.52,4.47,266.04
909,ORD00000308,PROD00001370,4,1,11.42,4.57,,
910,ORD00000309,PROD00002498,1,3,39.49,15.8,5.75,101.22
911,ORD00000310,PROD00000963,1,9,40.88,16.35,3.17,339.39
912,ORD00000310,PROD00003626,2,10,20.09,8.04,1.44,186.5
913,ORD00000310,PROD00000388,3,6,36.82,14.73,1.78,210.24
914,ORD00000310,PROD00002014,4,10,15.09,6.04,0.96,141.29999999999998
915,ORD00000310,PROD00001078,5,4,13.51,5.4,,
916,ORD00000311,PROD00003539,1,3,28.81,11.52,1.09,83.16
917,ORD00000311,PROD00003923,2,6,48.8,19.52,6.44,254.16
918,ORD00000312,PROD00000910,1,1,40.42,16.17,5.17,35.25
919,ORD00000312,PROD00002769,2,3,17.45,6.98,2.57,44.64
920,ORD00000313,PROD00001067,1,3,25.48,10.19,,
921,ORD00000313,PROD00003912,2,7,47.44,18.98,0.04,331.8
922,ORD00000313,PROD00001364,3,4,49.43,19.77,,
923,ORD00000314,PROD00002107,1,3,48.68,19.47,6.4,126.84
924,ORD00000314,PROD00001831,2,3,48.12,19.25,6.11,126.03
925,ORD00000314,PROD00000706,3,7,41.53,16.61,2.61,272.44
926,ORD00000314,PROD00003469,4,6,26.21,10.48,1.32,149.34
927,ORD00000314,PROD00002921,5,3,25.38,10.15,3.16,66.66
928,ORD00000315,PROD00002989,1,9,18.99,7.6,,
929,ORD00000315,PROD00004238,2,4,31.25,12.5,4.01,108.96000000000001
930,ORD00000315,PROD00002889,3,10,32.36,12.94,,
931,ORD00000315,PROD00004298,4,4,21.03,8.41,2.12,75.64
932,ORD00000316,PROD00004819,1,9,34.44,13.78,,
933,ORD00000317,PROD00002805,1,1,40.92,16.37,,
934,ORD00000318,PROD00002472,1,9,26.35,10.54,,
935,ORD00000318,PROD00004435,2,2,20.82,8.33,,
936,ORD00000318,PROD00001690,3,8,20.53,8.21,0.12,163.28
937,ORD00000319,PROD00002592,1,2,16.29,6.52,,
938,ORD00000319,PROD00002238,2,1,30.91,12.36,,
939,ORD00000320,PROD00002842,1,4,35.03,14.01,4.95,120.32000000000001
940,ORD00000320,PROD00004817,2,1,35.15,14.06,,
941,ORD00000320,PROD00004265,3,7,19.41,7.76,1.03,128.66
942,ORD00000321,PROD00004078,1,5,23.56,9.42,1.61,109.75
943,ORD00000322,PROD00002561,1,6,15.98,6.39,1.05,89.58
944,ORD00000322,PROD00000613,2,10,30.91,12.36,2.85,280.59999999999997
945,ORD00000323,PROD00001217,1,4,44.2,17.68,4.75,157.8
946,ORD00000323,PROD00004694,2,4,32.92,13.17,2.15,123.08000000000001
947,ORD00000324,PROD00001356,1,8,38.22,15.29,,
948,ORD00000324,PROD00003063,2,4,33.95,13.58,0.56,133.56
949,ORD00000324,PROD00002439,3,9,40.6,16.24,2.31,344.61
950,ORD00000324,PROD00003623,4,3,29.75,11.9,1.59,84.48
951,ORD00000324,PROD00000552,5,4,35.93,14.37,,
952,ORD00000325,PROD00003544,1,6,49.91,19.96,,
953,ORD00000325,PROD00001722,2,10,38.79,15.52,1.06,377.29999999999995
954,ORD00000325,PROD00003699,3,10,48.76,19.5,,
955,ORD00000325,PROD00002196,4,6,49.47,19.79,4.65,268.92
956,ORD00000326,PROD00002419,1,5,32.87,13.15,0.53,161.7
957,ORD00000326,PROD00000662,2,2,45.97,18.39,6.12,79.7
958,ORD00000326,PROD00000508,3,8,19.81,7.92,2.56,138.0
959,ORD00000326,PROD00004669,4,10,21.69,8.68,,
960,ORD00000326,PROD00001943,5,5,46.58,18.63,6.65,199.65
961,ORD00000327,PROD00004168,1,2,38.3,15.32,,
962,ORD00000327,PROD00002952,2,2,31.05,12.42,3.58,54.94
963,ORD00000328,PROD00004054,1,5,29.93,11.97,,
964,ORD00000328,PROD00000322,2,1,46.32,18.53,2.22,44.1
965,ORD00000328,PROD00000653,3,8,36.55,14.62,4.66,255.11999999999998
966,ORD00000328,PROD00000257,4,2,17.07,6.83,1.76,30.62
967,ORD00000329,PROD00002722,1,7,49.81,19.92,,
968,ORD00000329,PROD00004956,2,8,25.45,10.18,1.59,190.88
969,ORD00000329,PROD00000509,3,3,15.21,6.08,1.12,42.269999999999996
970,ORD00000330,PROD00001851,1,4,25.28,10.11,3.31,87.88000000000001
971,ORD00000330,PROD00003236,2,8,13.97,5.59,1.88,96.72
972,ORD00000330,PROD00001130,3,8,32.84,13.14,,
973,ORD00000331,PROD00003883,1,10,38.14,15.26,,
974,ORD00000331,PROD00004863,2,2,31.5,12.6,,
975,ORD00000332,PROD00002746,1,2,48.47,19.39,0.15,96.64
976,ORD00000332,PROD00000323,2,8,16.63,6.65,0.13,132.0
977,ORD00000332,PROD00001607,3,8,43.18,17.27,5.07,304.88
978,ORD00000332,PROD00002863,4,4,25.43,10.17,,
979,ORD00000333,PROD00000210,1,7,20.21,8.08,1.23,132.86
980,ORD00000333,PROD00002958,2,4,42.39,16.96,0.1,169.16
981,ORD00000333,PROD00000724,3,2,36.82,14.73,0.45,72.74
982,ORD00000334,PROD00002102,1,10,12.79,5.12,0.28,125.1
983,ORD00000334,PROD00003631,2,1,45.44,18.18,3.09,42.349999999999994
984,ORD00000334,PROD00001731,3,5,45.04,18.02,6.63,192.04999999999998
985,ORD00000335,PROD00000951,1,1,12.57,5.03,,
986,ORD00000335,PROD00001977,2,3,20.5,8.2,2.2,54.900000000000006
987,ORD00000335,PROD00004526,3,10,37.06,14.82,2.75,343.1
988,ORD00000336,PROD00000710,1,8,36.17,14.47,1.92,274.0
989,ORD00000336,PROD00004838,2,7,25.06,10.02,0.78,169.95999999999998
990,ORD00000336,PROD00002724,3,4,45.79,18.32,,
991,ORD00000336,PROD00000886,4,2,14.18,5.67,1.47,25.419999999999998
992,ORD00000336,PROD00003161,5,6,42.83,17.13,5.01,226.92000000000002
993,ORD00000337,PROD00001962,1,7,10.57,4.23,,
994,ORD00000338,PROD00003430,1,3,34.96,13.98,0.54,103.26
995,ORD00000338,PROD00003006,2,10,36.21,14.48,1.37,348.40000000000003
996,ORD00000339,PROD00004510,1,7,39.28,15.71,2.83,255.15000000000003
997,ORD00000339,PROD00004706,2,9,10.11,4.04,1.17,80.46
998,ORD00000339,PROD00000454,3,4,25.58,10.23,0.96,98.47999999999999
999,ORD00000340,PROD00004747,1,9,21.55,8.62,1.4,181.35000000000002
1000,ORD00000340,PROD00003258,2,1,16.52,6.61,2.28,14.24
1001,ORD00000340,PROD00001092,3,10,23.65,9.46,2.46,211.89999999999998
1002,ORD00000340,PROD00001002,4,9,32.13,12.85,3.53,257.40000000000003
1003,ORD00000340,PROD00004038,5,1,13.37,5.35,,
1004,ORD00000341,PROD00002640,1,2,27.3,10.92,,
1005,ORD00000341,PROD00002992,2,1,22.75,9.1,,
1006,ORD00000342,PROD00002879,1,2,21.07,8.43,1.76,38.62
1007,ORD00000343,PROD00004731,1,8,32.37,12.95,2.88,235.92
1008,ORD00000344,PROD00004470,1,5,17.44,6.98,0.99,82.25000000000001
1009,ORD00000344,PROD00001533,2,10,20.55,8.22,2.61,179.4
1010,ORD00000345,PROD00004060,1,5,29.91,11.96,4.34,127.85
1011,ORD00000345,PROD00001508,2,1,43.88,17.55,6.41,37.47
1012,ORD00000345,PROD00004157,3,8,43.83,17.53,3.18,325.2
1013,ORD00000345,PROD00003903,4,8,37.79,15.12,2.11,285.44
1014,ORD00000345,PROD00003334,5,2,28.77,11.51,2.48,52.58
1015,ORD00000346,PROD00002967,1,4,22.3,8.92,,
1016,ORD00000346,PROD00001402,2,3,47.97,19.19,,
1017,ORD00000346,PROD00003273,3,6,30.85,12.34,4.45,158.4
1018,ORD00000346,PROD00003753,4,10,16.6,6.64,1.18,154.20000000000002
1019,ORD00000347,PROD00003789,1,1,18.45,7.38,2.38,16.07
1020,ORD00000347,PROD00001151,2,10,41.06,16.42,,
1021,ORD00000348,PROD00000808,1,2,18.1,7.24,,
1022,ORD00000348,PROD00003553,2,8,15.69,6.28,,
1023,ORD00000349,PROD00002133,1,4,44.81,17.92,3.79,164.08
1024,ORD00000350,PROD00004496,1,4,47.63,19.05,,
1025,ORD00000350,PROD00001971,2,1,13.93,5.57,1.64,12.29
1026,ORD00000350,PROD00002926,3,2,22.28,8.91,2.98,38.6
1027,ORD00000350,PROD00000065,4,7,13.7,5.48,0.82,90.16
1028,ORD00000350,PROD00003216,5,9,27.95,11.18,1.84,234.99
1029,ORD00000351,PROD00001057,1,5,37.03,14.81,0.07,184.8
1030,ORD00000351,PROD00004056,2,8,41.09,16.44,1.3,318.32000000000005
1031,ORD00000352,PROD00004622,1,6,36.48,14.59,5.35,186.77999999999997
1032,ORD00000352,PROD00000715,2,3,21.11,8.44,,
1033,ORD00000352,PROD00001184,3,9,48.77,19.51,,
1034,ORD00000352,PROD00001816,4,3,23.48,9.39,0.3,69.53999999999999
1035,ORD00000353,PROD00004343,1,9,42.57,17.03,3.98,347.31000000000006
1036,ORD00000353,PROD00002896,2,9,45.51,18.2,3.19,380.88
1037,ORD00000353,PROD00001299,3,3,39.09,15.64,1.84,111.75
1038,ORD00000353,PROD00002606,4,2,45.32,18.13,3.59,83.46000000000001
1039,ORD00000353,PROD00001777,5,2,35.58,14.23,3.77,63.62
1040,ORD00000354,PROD00004207,1,8,30.3,12.12,1.65,229.20000000000002
1041,ORD00000354,PROD00001511,2,4,42.16,16.86,1.6,162.23999999999998
1042,ORD00000354,PROD00001739,3,10,13.5,5.4,1.68,118.2
1043,ORD00000354,PROD00003596,4,9,20.13,8.05,0.31,178.38
1044,ORD00000354,PROD00003990,5,6,23.69,9.48,,
1045,ORD00000355,PROD00004325,1,6,14.32,5.73,0.62,82.2
1046,ORD00000355,PROD00001429,2,8,40.34,16.14,,
1047,ORD00000356,PROD00002509,1,5,31.71,12.68,1.44,151.35
1048,ORD00000356,PROD00001655,2,5,31.76,12.7,1.83,149.65
1049,ORD00000356,PROD00001695,3,2,40.04,16.02,4.98,70.12
1050,ORD00000356,PROD00003625,4,1,32.24,12.9,3.74,28.5
1051,ORD00000356,PROD00000136,5,3,43.44,17.38,,
1052,ORD00000357,PROD00003872,1,9,26.39,10.56,0.94,229.04999999999998
1053,ORD00000357,PROD00000668,2,10,27.18,10.87,1.26,259.2
1054,ORD00000358,PROD00000925,1,9,19.99,8.0,,
1055,ORD00000358,PROD00004363,2,3,21.55,8.62,0.6,62.849999999999994
1056,ORD00000358,PROD00003847,3,7,15.47,6.19,,
1057,ORD00000358,PROD00003126,4,9,39.11,15.64,3.69,318.78000000000003
1058,ORD00000358,PROD00000961,5,1,39.34,15.74,,
1059,ORD00000359,PROD00000632,1,5,46.04,18.42,2.28,218.79999999999998
1060,ORD00000359,PROD00004768,2,1,10.7,4.28,0.29,10.41
1061,ORD00000360,PROD00001122,1,10,17.38,6.95,0.31,170.7
1062,ORD00000361,PROD00003560,1,3,14.92,5.97,,
1063,ORD00000361,PROD00003741,2,3,47.26,18.9,4.43,128.49
1064,ORD00000362,PROD00001887,1,3,29.07,11.63,0.91,84.48
1065,ORD00000363,PROD00000638,1,7,21.64,8.66,2.51,133.91000000000003
1066,ORD00000363,PROD00003892,2,4,31.4,12.56,2.2,116.8
1067,ORD00000363,PROD00004624,3,4,33.44,13.38,0.1,133.35999999999999
1068,ORD00000364,PROD00001931,1,2,29.24,11.7,2.22,54.04
1069,ORD00000364,PROD00000853,2,4,48.67,19.47,5.32,173.4
1070,ORD00000365,PROD00001668,1,1,44.54,17.82,3.84,40.7
1071,ORD00000365,PROD00002775,2,3,21.97,8.79,0.63,64.02
1072,ORD00000366,PROD00002839,1,4,43.94,17.58,0.92,172.07999999999998
1073,ORD00000366,PROD00001000,2,7,40.48,16.19,4.0,255.35999999999999
1074,ORD00000366,PROD00003116,3,5,25.02,10.01,,
1075,ORD00000367,PROD00004892,1,6,49.3,19.72,7.0,253.79999999999998
1076,ORD00000367,PROD00001612,2,3,34.48,13.79,3.78,92.1
1077,ORD00000367,PROD00004425,3,6,24.47,9.79,3.5,125.82
1078,ORD00000368,PROD00003809,1,1,19.52,7.81,2.78,16.74
1079,ORD00000368,PROD00003985,2,10,31.95,12.78,,
1080,ORD00000368,PROD00000538,3,5,18.11,7.24,1.09,85.1
1081,ORD00000369,PROD00002747,1,4,17.22,6.89,0.32,67.6
1082,ORD00000369,PROD00003177,2,5,17.42,6.97,0.83,82.95000000000002
1083,ORD00000369,PROD00000810,3,7,44.93,17.97,5.0,279.51
1084,ORD00000369,PROD00000114,4,2,30.19,12.08,4.04,52.300000000000004
1085,ORD00000369,PROD00002528,5,6,30.49,12.2,,
1086,ORD00000370,PROD00004780,1,10,18.71,7.48,,
1087,ORD00000370,PROD00002432,2,5,28.83,11.53,0.16,143.35
1088,ORD00000370,PROD00002175,3,1,30.45,12.18,3.22,27.23
1089,ORD00000370,PROD00004450,4,6,18.33,7.33,,
1090,ORD00000371,PROD00004910,1,10,10.19,4.08,,
1091,ORD00000371,PROD00004342,2,5,34.43,13.77,,
1092,ORD00000371,PROD00001765,3,1,25.54,10.22,1.79,23.75
1093,ORD00000371,PROD00000470,4,5,23.99,9.6,,
1094,ORD00000372,PROD00000104,1,10,39.02,15.61,1.66,373.6000000000001
1095,ORD00000372,PROD00003670,2,8,37.83,15.13,,
1096,ORD00000372,PROD00000954,3,9,15.59,6.24,,
1097,ORD00000373,PROD00002938,1,3,17.08,6.83,1.91,45.50999999999999
1098,ORD00000374,PROD00000799,1,2,47.98,19.19,,
1099,ORD00000375,PROD00000392,1,6,48.11,19.24,0.57,285.24
1100,ORD00000376,PROD00002363,1,1,40.05,16.02,,
1101,ORD00000376,PROD00004789,2,5,10.54,4.22,,
1102,ORD00000376,PROD00003059,3,6,13.46,5.38,0.56,77.4
1103,ORD00000377,PROD00003141,1,10,19.79,7.92,1.96,178.29999999999998
1104,ORD00000377,PROD00003809,2,8,38.79,15.52,,
1105,ORD00000377,PROD00002258,3,1,25.13,10.05,0.13,25.0
1106,ORD00000378,PROD00004162,1,5,44.57,17.83,5.4,195.85000000000002
1107,ORD00000378,PROD00002097,2,4,49.58,19.83,4.42,180.64
1108,ORD00000378,PROD00003953,3,6,16.41,6.56,,
1109,ORD00000378,PROD00003096,4,9,31.11,12.44,1.27,268.56
1110,ORD00000379,PROD00002442,1,5,32.88,13.15,2.39,152.45000000000002
1111,ORD00000380,PROD00001531,1,1,11.5,4.6,0.49,11.01
1112,ORD00000380,PROD00004942,2,7,48.33,19.33,6.47,293.02
1113,ORD00000380,PROD00004626,3,4,10.67,4.27,1.14,38.12
1114,ORD00000381,PROD00002512,1,8,14.7,5.88,,
1115,ORD00000381,PROD00000829,2,10,44.14,17.66,5.54,386.0
1116,ORD00000381,PROD00004041,3,5,19.27,7.71,0.14,95.64999999999999
1117,ORD00000381,PROD00003698,4,8,24.06,9.62,2.97,168.72
1118,ORD00000381,PROD00001220,5,5,44.66,17.86,2.05,213.05
1119,ORD00000382,PROD00002144,1,8,25.42,10.17,1.34,192.64000000000001
1120,ORD00000382,PROD00001317,2,8,11.13,4.45,0.15,87.84
1121,ORD00000382,PROD00003604,3,4,43.05,17.22,2.49,162.23999999999998
1122,ORD00000383,PROD00004944,1,5,31.93,12.77,2.52,147.05
1123,ORD00000383,PROD00001270,2,6,36.85,14.74,5.36,188.94
1124,ORD00000383,PROD00004813,3,3,18.58,7.43,1.92,49.97999999999999
1125,ORD00000384,PROD00000475,1,2,33.15,13.26,4.94,56.419999999999995
1126,ORD00000384,PROD00004199,2,2,25.71,10.28,1.79,47.84
1127,ORD00000384,PROD00002459,3,4,48.71,19.48,0.24,193.88
1128,ORD00000385,PROD00002365,1,6,46.21,18.48,3.97,253.44
1129,ORD00000385,PROD00000010,2,9,37.34,14.94,3.99,300.15000000000003
1130,ORD00000385,PROD00000936,3,7,14.88,5.95,,
1131,ORD00000386,PROD00003900,1,6,10.68,4.27,0.23,62.699999999999996
1132,ORD00000387,PROD00000115,1,9,11.28,4.51,,
1133,ORD00000387,PROD00003297,2,5,34.44,13.78,4.2,151.2
1134,ORD00000387,PROD00001039,3,10,47.23,18.89,3.88,433.49999999999994
1135,ORD00000388,PROD00000848,1,7,16.72,6.69,0.8,111.43999999999998
1136,ORD00000388,PROD00000051,2,9,34.56,13.82,3.15,282.69000000000005
1137,ORD00000388,PROD00002934,3,8,46.24,18.5,,
1138,ORD00000389,PROD00000937,1,9,26.25,10.5,,
1139,ORD00000389,PROD00004680,2,4,28.07,11.23,1.37,106.8
1140,ORD00000389,PROD00000158,3,10,38.19,15.28,,
1141,ORD00000390,PROD00000912,1,6,20.37,8.15,0.63,118.44000000000001
1142,ORD00000390,PROD00003102,2,5,39.23,15.69,,
1143,ORD00000390,PROD00001922,3,2,36.61,14.64,4.89,63.44
1144,ORD00000390,PROD00000074,4,1,17.68,7.07,0.94,16.74
1145,ORD00000391,PROD00000542,1,3,32.67,13.07,,
1146,ORD00000391,PROD00004209,2,4,31.01,12.4,1.73,117.12
1147,ORD00000392,PROD00001351,1,10,32.36,12.94,3.56,288.0
1148,ORD00000392,PROD00003412,2,1,27.14,10.86,1.8,25.34
1149,ORD00000392,PROD00004205,3,5,36.37,14.55,0.48,179.45
1150,ORD00000392,PROD00002567,4,7,35.61,14.24,,
1151,ORD00000393,PROD00000659,1,8,14.74,5.9,,
1152,ORD00000393,PROD00004964,2,1,17.96,7.18,0.88,17.080000000000002
1153,ORD00000393,PROD00003439,3,4,25.24,10.1,3.49,87.0
1154,ORD00000393,PROD00002765,4,1,19.49,7.8,,
1155,ORD00000394,PROD00002237,1,7,43.57,17.43,1.24,296.31
1156,ORD00000394,PROD00001774,2,7,48.19,19.28,,
1157,ORD00000394,PROD00003248,3,10,43.28,17.31,1.86,414.20000000000005
1158,ORD00000394,PROD00001244,4,3,27.09,10.84,2.15,74.82000000000001
1159,ORD00000394,PROD00000735,5,3,11.75,4.7,,
1160,ORD00000395,PROD00001334,1,10,16.11,6.44,1.91,142.0
1161,ORD00000395,PROD00000418,2,10,45.11,18.04,0.13,449.79999999999995
1162,ORD00000395,PROD00004208,3,3,44.23,17.69,3.12,123.33
1163,ORD00000396,PROD00001826,1,8,45.45,18.18,1.94,348.08000000000004
1164,ORD00000396,PROD00001323,2,6,17.78,7.11,0.8,101.88
1165,ORD00000396,PROD00000083,3,8,33.32,13.33,0.79,260.24
1166,ORD00000396,PROD00002524,4,7,46.55,18.62,,
1167,ORD00000397,PROD00002068,1,8,38.57,15.43,2.64,287.44
1168,ORD00000398,PROD00002480,1,8,31.88,12.75,1.4,243.84
1169,ORD00000398,PROD00004868,2,10,21.8,8.72,2.92,188.8
1170,ORD00000399,PROD00004315,1,7,21.71,8.68,1.94,138.39
1171,ORD00000400,PROD00003074,1,7,34.11,13.64,3.92,211.32999999999998
1172,ORD00000401,PROD00004621,1,1,43.8,17.52,,
1173,ORD00000401,PROD00003591,2,2,13.53,5.41,,
1174,ORD00000402,PROD00003445,1,1,36.75,14.7,0.54,36.21
1175,ORD00000402,PROD00004659,2,6,23.47,9.39,,
1176,ORD00000402,PROD00000572,3,6,41.5,16.6,6.11,212.34
1177,ORD00000402,PROD00001514,4,7,29.33,11.73,1.01,198.23999999999998
1178,ORD00000403,PROD00002773,1,10,10.44,4.18,,
1179,ORD00000403,PROD00003395,2,9,25.89,10.36,1.28,221.49
1180,ORD00000403,PROD00004615,3,7,48.69,19.48,1.51,330.26
1181,ORD00000403,PROD00002120,4,1,14.79,5.92,0.32,14.469999999999999
1182,ORD00000404,PROD00000726,1,3,32.19,12.88,1.94,90.74999999999999
1183,ORD00000404,PROD00000991,2,8,48.41,19.36,6.72,333.52
1184,ORD00000404,PROD00000917,3,8,46.22,18.49,3.81,339.28
1185,ORD00000404,PROD00002514,4,2,10.88,4.35,1.57,18.62
1186,ORD00000405,PROD00003447,1,5,17.71,7.08,,
1187,ORD00000405,PROD00002282,2,8,31.07,12.43,,
1188,ORD00000405,PROD00004941,3,10,27.13,10.85,,
1189,ORD00000405,PROD00000738,4,7,19.61,7.84,0.48,133.91
1190,ORD00000405,PROD00000321,5,2,13.21,5.28,1.91,22.6
1191,ORD00000406,PROD00000132,1,3,19.03,7.61,,
1192,ORD00000406,PROD00003344,2,6,35.27,14.11,4.99,181.68
1193,ORD00000406,PROD00001669,3,10,40.46,16.18,,
1194,ORD00000406,PROD00001788,4,8,18.22,7.29,1.37,134.79999999999998
1195,ORD00000406,PROD00004228,5,8,38.53,15.41,4.98,268.4
1196,ORD00000407,PROD00000297,1,1,42.43,16.97,,
1197,ORD00000407,PROD00001844,2,1,28.09,11.24,2.39,25.7
1198,ORD00000407,PROD00002587,3,1,17.51,7.0,0.48,17.03
1199,ORD00000407,PROD00003377,4,4,40.62,16.25,1.89,154.92
1200,ORD00000407,PROD00001424,5,5,33.49,13.4,,
1201,ORD00000408,PROD00003605,1,6,49.37,19.75,1.54,286.98
1202,ORD00000409,PROD00003380,1,3,32.59,13.04,,
1203,ORD00000409,PROD00002116,2,1,32.24,12.9,0.13,32.11
1204,ORD00000409,PROD00000798,3,1,36.99,14.8,,
1205,ORD00000409,PROD00001918,4,10,18.8,7.52,0.36,184.4
1206,ORD00000409,PROD00002885,5,8,25.2,10.08,3.05,177.2
1207,ORD00000410,PROD00004143,1,6,34.08,13.63,3.72,182.16
1208,ORD00000410,PROD00000750,2,8,23.57,9.43,,
1209,ORD00000410,PROD00002022,3,6,16.52,6.61,,
1210,ORD00000410,PROD00000752,4,1,40.5,16.2,5.85,34.65
1211,ORD00000411,PROD00003146,1,10,27.25,10.9,,
1212,ORD00000411,PROD00003677,2,4,37.93,15.17,,
1213,ORD00000411,PROD00000852,3,10,40.0,16.0,2.56,374.4
1214,ORD00000411,PROD00002646,4,6,47.9,19.16,0.96,281.64
1215,ORD00000412,PROD00001786,1,4,25.31,10.12,,
1216,ORD00000412,PROD00001095,2,7,37.76,15.1,,
1217,ORD00000412,PROD00000521,3,3,34.45,13.78,,
1218,ORD00000412,PROD00000360,4,8,31.65,12.66,,
1219,ORD00000412,PROD00004107,5,2,11.12,4.45,1.32,19.599999999999998
1220,ORD00000413,PROD00004253,1,8,31.04,12.42,,
1221,ORD00000413,PROD00003885,2,6,41.13,16.45,0.23,245.40000000000003
1222,ORD00000413,PROD00004917,3,5,20.26,8.1,1.68,92.9
1223,ORD00000413,PROD00003509,4,9,41.3,16.52,,
1224,ORD00000413,PROD00001876,5,1,42.34,16.94,,
1225,ORD00000414,PROD00004683,1,7,16.79,6.72,,
1226,ORD00000415,PROD00001706,1,7,18.43,7.37,0.44,125.92999999999999
1227,ORD00000415,PROD00001859,2,7,13.46,5.38,1.38,84.56000000000002
1228,ORD00000415,PROD00000354,3,7,14.44,5.78,0.43,98.07
1229,ORD00000415,PROD00003563,4,5,17.67,7.07,0.77,84.50000000000001
1230,ORD00000415,PROD00000500,5,1,27.34,10.94,3.63,23.71
1231,ORD00000416,PROD00002430,1,4,40.34,16.14,3.39,147.8
1232,ORD00000416,PROD00004417,2,2,27.05,10.82,,
1233,ORD00000416,PROD00003819,3,9,42.45,16.98,3.27,352.62
1234,ORD00000416,PROD00001326,4,6,19.98,7.99,0.3,118.08
1235,ORD00000416,PROD00002330,5,8,11.56,4.62,,
1236,ORD00000417,PROD00000407,1,5,17.64,7.06,,
1237,ORD00000417,PROD00003696,2,7,36.64,14.66,2.76,237.16000000000003
1238,ORD00000417,PROD00003234,3,3,31.0,12.4,,
1239,ORD00000418,PROD00003614,1,8,38.23,15.29,,
1240,ORD00000418,PROD00001830,2,10,12.3,4.92,1.27,110.30000000000001
1241,ORD00000419,PROD00000287,1,6,13.38,5.35,0.73,75.9
1242,ORD00000419,PROD00000551,2,2,32.02,12.81,0.95,62.14000000000001
1243,ORD00000419,PROD00004925,3,8,37.95,15.18,0.62,298.64000000000004
1244,ORD00000420,PROD00001336,1,5,40.37,16.15,,
1245,ORD00000420,PROD00004108,2,9,45.33,18.13,3.71,374.58
1246,ORD00000420,PROD00001968,3,8,33.38,13.35,0.03,266.8
1247,ORD00000421,PROD00002230,1,1,11.92,4.77,,
1248,ORD00000421,PROD00004555,2,9,42.19,16.88,3.44,348.75
1249,ORD00000421,PROD00004013,3,3,17.39,6.96,2.48,44.730000000000004
1250,ORD00000422,PROD00000225,1,3,44.47,17.79,,
1251,ORD00000422,PROD00003519,2,2,22.47,8.99,2.49,39.959999999999994
1252,ORD00000422,PROD00003006,3,5,21.01,8.4,3.13,89.4
1253,ORD00000423,PROD00003332,1,3,36.57,14.63,5.45,93.36
1254,ORD00000423,PROD00003358,2,7,17.01,6.8,2.5,101.57000000000001
1255,ORD00000423,PROD00000400,3,2,29.24,11.7,1.91,54.66
1256,ORD00000423,PROD00001576,4,9,49.35,19.74,3.34,414.09000000000003
1257,ORD00000424,PROD00001780,1,7,23.76,9.5,,
1258,ORD00000424,PROD00003440,2,9,13.76,5.5,1.78,107.82000000000001
1259,ORD00000425,PROD00003376,1,1,16.11,6.44,1.19,14.92
1260,ORD00000425,PROD00004365,2,6,16.7,6.68,,
1261,ORD00000425,PROD00004367,3,6,17.5,7.0,0.93,99.42
1262,ORD00000426,PROD00004087,1,5,15.75,6.3,0.25,77.5
1263,ORD00000426,PROD00003760,2,2,39.16,15.66,4.62,69.08
1264,ORD00000426,PROD00003217,3,10,11.15,4.46,1.39,97.6
1265,ORD00000426,PROD00004541,4,4,36.93,14.77,3.37,134.24
1266,ORD00000427,PROD00003485,1,1,33.92,13.57,,
1267,ORD00000427,PROD00001958,2,5,24.39,9.76,,
1268,ORD00000427,PROD00003680,3,3,37.68,15.07,5.41,96.80999999999999
1269,ORD00000427,PROD00001683,4,6,19.05,7.62,,
1270,ORD00000427,PROD00004065,5,4,36.18,14.47,0.08,144.4
1271,ORD00000428,PROD00000727,1,6,11.58,4.63,1.73,59.099999999999994
1272,ORD00000428,PROD00003391,2,3,15.21,6.08,,
1273,ORD00000429,PROD00000165,1,1,30.11,12.04,0.62,29.49
1274,ORD00000429,PROD00001718,2,6,35.85,14.34,,
1275,ORD00000430,PROD00001078,1,9,12.06,4.82,1.04,99.17999999999999
1276,ORD00000431,PROD00003864,1,9,15.59,6.24,1.51,126.72
1277,ORD00000431,PROD00003303,2,7,37.32,14.93,,
1278,ORD00000432,PROD00002247,1,5,22.65,9.06,2.01,103.2
1279,ORD00000432,PROD00004656,2,5,48.62,19.45,3.59,225.15
1280,ORD00000432,PROD00000676,3,7,40.32,16.13,3.48,257.88
1281,ORD00000432,PROD00000161,4,4,12.19,4.88,1.05,44.559999999999995
1282,ORD00000433,PROD00000568,1,3,15.93,6.37,,
1283,ORD00000433,PROD00004192,2,7,19.24,7.7,2.65,116.13
1284,ORD00000433,PROD00003462,3,4,34.03,13.61,0.81,132.88
1285,ORD00000433,PROD00004088,4,10,31.25,12.5,4.58,266.70000000000005
1286,ORD00000433,PROD00003033,5,6,48.42,19.37,,
1287,ORD00000434,PROD00003902,1,7,33.65,13.46,3.64,210.07
1288,ORD00000434,PROD00001405,2,1,31.94,12.78,,
1289,ORD00000435,PROD00003461,1,7,45.11,18.04,,
1290,ORD00000435,PROD00000530,2,9,26.21,10.48,3.23,206.82
1291,ORD00000436,PROD00002310,1,7,42.99,17.2,,
1292,ORD00000436,PROD00000257,2,4,20.37,8.15,0.07,81.2
1293,ORD00000436,PROD00004976,3,6,43.72,17.49,4.66,234.36
1294,ORD00000436,PROD00004894,4,7,13.84,5.54,1.05,89.53
1295,ORD00000436,PROD00001723,5,8,29.89,11.96,,
1296,ORD00000437,PROD00000260,1,10,39.79,15.92,3.92,358.7
1297,ORD00000437,PROD00003698,2,1,40.91,16.36,0.7,40.209999999999994
1298,ORD00000437,PROD00001176,3,8,23.08,9.23,2.2,167.04
1299,ORD00000438,PROD00003255,1,1,29.68,11.87,0.21,29.47
1300,ORD00000439,PROD00003596,1,1,36.22,14.49,,
1301,ORD00000440,PROD00002486,1,9,38.38,15.35,,
1302,ORD00000440,PROD00001599,2,1,44.38,17.75,,
1303,ORD00000441,PROD00004436,1,10,47.98,19.19,,
1304,ORD00000441,PROD00003162,2,6,12.11,4.84,1.18,65.58
1305,ORD00000441,PROD00002674,3,6,16.74,6.7,1.53,91.25999999999999
1306,ORD00000442,PROD00004222,1,1,44.0,17.6,5.87,38.13
1307,ORD00000442,PROD00004035,2,4,28.87,11.55,0.49,113.52000000000001
1308,ORD00000442,PROD00002602,3,10,33.19,13.28,2.79,304.0
1309,ORD00000443,PROD00004997,1,9,16.94,6.78,,
1310,ORD00000443,PROD00002955,2,9,19.4,7.76,1.11,164.60999999999999
1311,ORD00000444,PROD00003934,1,8,13.6,5.44,1.36,97.92
1312,ORD00000444,PROD00002871,2,3,15.72,6.29,1.29,43.29
1313,ORD00000445,PROD00001991,1,3,38.41,15.36,,
1314,ORD00000445,PROD00002503,2,10,32.01,12.8,,
1315,ORD00000445,PROD00001118,3,7,44.41,17.76,,
1316,ORD00000446,PROD00004788,1,1,34.5,13.8,2.52,31.98
1317,ORD00000447,PROD00004522,1,5,27.06,10.82,0.16,134.5
1318,ORD00000447,PROD00003401,2,5,41.63,16.65,4.19,187.20000000000002
1319,ORD00000447,PROD00004781,3,9,21.23,8.49,1.39,178.56
1320,ORD00000447,PROD00001206,4,6,21.35,8.54,3.2,108.9
1321,ORD00000447,PROD00002053,5,7,42.27,16.91,3.99,267.96000000000004
1322,ORD00000448,PROD00002367,1,10,11.39,4.56,1.62,97.69999999999999
1323,ORD00000448,PROD00002245,2,1,42.62,17.05,0.89,41.73
1324,ORD00000448,PROD00003558,3,6,32.08,12.83,2.72,176.16
1325,ORD00000448,PROD00000337,4,3,46.62,18.65,,
1326,ORD00000448,PROD00004995,5,5,40.45,16.18,1.92,192.65
1327,ORD00000449,PROD00004227,1,7,19.42,7.77,,
1328,ORD00000449,PROD00003705,2,8,43.51,17.4,0.7,342.47999999999996
1329,ORD00000449,PROD00002904,3,7,23.31,9.32,,
1330,ORD00000450,PROD00002182,1,1,46.62,18.65,,
1331,ORD00000450,PROD00000612,2,8,12.04,4.82,1.24,86.39999999999999
1332,ORD00000450,PROD00004955,3,9,47.01,18.8,6.73,362.52
1333,ORD00000450,PROD00002335,4,9,10.13,4.05,,
1334,ORD00000451,PROD00001048,1,1,21.74,8.7,1.82,19.919999999999998
1335,ORD00000452,PROD00003551,1,8,10.33,4.13,0.51,78.56
1336,ORD00000453,PROD00003485,1,1,40.89,16.36,5.91,34.980000000000004
1337,ORD00000453,PROD00004871,2,3,17.36,6.94,0.86,49.5
1338,ORD00000454,PROD00004258,1,2,46.97,18.79,,
1339,ORD00000454,PROD00002795,2,3,17.44,6.98,0.53,50.730000000000004
1340,ORD00000454,PROD00002237,3,2,27.75,11.1,3.64,48.22
1341,ORD00000454,PROD00004780,4,1,48.44,19.38,,
1342,ORD00000454,PROD00002657,5,9,26.26,10.5,1.75,220.59
1343,ORD00000455,PROD00004785,1,7,20.01,8.0,,
1344,ORD00000455,PROD00002701,2,2,15.46,6.18,0.93,29.060000000000002
1345,ORD00000455,PROD00001253,3,6,44.35,17.74,3.05,247.8
1346,ORD00000456,PROD00004138,1,1,22.13,8.85,,
1347,ORD00000457,PROD00004406,1,8,38.12,15.25,0.18,303.52
1348,ORD00000457,PROD00002305,2,6,15.61,6.24,0.1,93.06
1349,ORD00000457,PROD00002922,3,10,48.1,19.24,2.54,455.6
1350,ORD00000458,PROD00004133,1,4,22.02,8.81,0.26,87.03999999999999
1351,ORD00000458,PROD00001006,2,10,38.15,15.26,2.33,358.2
1352,ORD00000459,PROD00003066,1,2,49.94,19.98,3.87,92.14
1353,ORD00000459,PROD00004646,2,3,42.5,17.0,2.51,119.97
1354,ORD00000459,PROD00002473,3,7,43.23,17.29,,
1355,ORD00000459,PROD00001747,4,1,49.16,19.66,,
1356,ORD00000459,PROD00000054,5,7,37.4,14.96,3.53,237.08999999999997
1357,ORD00000460,PROD00004637,1,4,19.45,7.78,2.62,67.32
1358,ORD00000460,PROD00000861,2,5,27.64,11.06,1.28,131.8
1359,ORD00000460,PROD00002929,3,8,12.14,4.86,0.85,90.32000000000001
1360,ORD00000460,PROD00002542,4,2,25.24,10.1,,
1361,ORD00000461,PROD00000855,1,2,10.02,4.01,,
1362,ORD00000461,PROD00000988,2,3,38.84,15.54,,
1363,ORD00000462,PROD00001865,1,6,26.34,10.54,2.8,141.24
1364,ORD00000463,PROD00002751,1,7,16.74,6.7,0.82,111.43999999999998
1365,ORD00000463,PROD00003732,2,6,20.19,8.08,1.39,112.80000000000001
1366,ORD00000463,PROD00000075,3,1,27.63,11.05,0.41,27.22
1367,ORD00000464,PROD00003717,1,1,42.27,16.91,,
1368,ORD00000464,PROD00004015,2,6,36.13,14.45,2.73,200.40000000000003
1369,ORD00000464,PROD00002507,3,8,49.56,19.82,1.57,383.92
1370,ORD00000464,PROD00002443,4,1,25.88,10.35,,
1371,ORD00000465,PROD00004567,1,8,29.92,11.97,0.03,239.12
1372,ORD00000465,PROD00002443,2,9,47.73,19.09,0.51,424.98
1373,ORD00000465,PROD00002429,3,1,27.95,11.18,0.24,27.71
1374,ORD00000465,PROD00000098,4,1,11.36,4.54,0.49,10.87
1375,ORD00000466,PROD00004356,1,5,22.0,8.8,,
1376,ORD00000466,PROD00004515,2,9,24.75,9.9,2.18,203.13
1377,ORD00000467,PROD00002082,1,10,23.5,9.4,1.57,219.3
1378,ORD00000467,PROD00000016,2,9,38.13,15.25,4.23,305.1
1379,ORD00000467,PROD00002520,3,6,48.88,19.55,,
1380,ORD00000467,PROD00002084,4,6,31.32,12.53,1.07,181.5
1381,ORD00000468,PROD00000009,1,7,33.72,13.49,2.82,216.29999999999998
1382,ORD00000468,PROD00000280,2,2,20.58,8.23,0.63,39.9
1383,ORD00000468,PROD00000671,3,3,16.24,6.5,1.93,42.92999999999999
1384,ORD00000468,PROD00002359,4,8,39.82,15.93,3.96,286.88
1385,ORD00000468,PROD00001565,5,6,43.96,17.58,,
1386,ORD00000469,PROD00004135,1,3,22.36,8.94,2.6,59.279999999999994
1387,ORD00000469,PROD00003374,2,10,42.88,17.15,,
1388,ORD00000469,PROD00002960,3,3,36.88,14.75,5.25,94.89000000000001
1389,ORD00000469,PROD00003524,4,5,41.19,16.48,1.84,196.74999999999997
1390,ORD00000470,PROD00003604,1,8,42.43,16.97,,
1391,ORD00000470,PROD00002214,2,9,21.53,8.61,0.75,187.02
1392,ORD00000470,PROD00004518,3,6,10.98,4.39,0.91,60.42
1393,ORD00000470,PROD00002887,4,2,16.48,6.59,1.61,29.740000000000002
1394,ORD00000471,PROD00000340,1,7,44.44,17.78,0.89,304.84999999999997
1395,ORD00000471,PROD00004765,2,2,18.76,7.5,1.49,34.540000000000006
1396,ORD00000471,PROD00003579,3,9,39.57,15.83,2.16,336.68999999999994
1397,ORD00000471,PROD00003612,4,3,27.34,10.94,,
1398,ORD00000472,PROD00004767,1,5,38.13,15.25,2.2,179.65
1399,ORD00000472,PROD00003756,2,4,45.34,18.14,2.53,171.24
1400,ORD00000472,PROD00001531,3,1,41.26,16.5,,
1401,ORD00000472,PROD00004301,4,2,25.15,10.06,2.05,46.199999999999996
1402,ORD00000473,PROD00004759,1,9,39.65,15.86,4.73,314.28000000000003
1403,ORD00000473,PROD00000884,2,3,49.71,19.88,3.61,138.3
1404,ORD00000473,PROD00003141,3,1,24.4,9.76,2.09,22.31
1405,ORD00000473,PROD00003317,4,3,45.1,18.04,6.44,115.98000000000002
1406,ORD00000474,PROD00003831,1,7,28.62,11.45,1.83,187.53
1407,ORD00000474,PROD00003080,2,9,43.57,17.43,4.57,351.0
1408,ORD00000474,PROD00003914,3,6,44.64,17.86,3.11,249.18
1409,ORD00000475,PROD00001237,1,6,26.83,10.73,,
1410,ORD00000475,PROD00003678,2,1,10.66,4.26,0.34,10.32
1411,ORD00000475,PROD00004898,3,1,48.95,19.58,1.23,47.720000000000006
1412,ORD00000475,PROD00001246,4,3,31.07,12.43,,
1413,ORD00000476,PROD00002751,1,7,20.71,8.28,0.42,142.03
1414,ORD00000476,PROD00000129,2,9,17.87,7.15,0.17,159.29999999999998
1415,ORD00000476,PROD00000914,3,5,17.11,6.84,1.54,77.85
1416,ORD00000477,PROD00000855,1,1,36.88,14.75,,
1417,ORD00000477,PROD00003920,2,1,16.38,6.55,2.15,14.229999999999999
1418,ORD00000478,PROD00000176,1,5,47.21,18.88,,
1419,ORD00000478,PROD00003808,2,4,15.64,6.26,,
1420,ORD00000479,PROD00001907,1,5,21.87,8.75,0.63,106.20000000000002
1421,ORD00000479,PROD00004370,2,1,13.39,5.36,1.03,12.360000000000001
1422,ORD00000479,PROD00003948,3,7,11.99,4.8,,
1423,ORD00000479,PROD00001692,4,1,10.49,4.2,,
1424,ORD00000480,PROD00001631,1,10,19.56,7.82,,
1425,ORD00000480,PROD00001124,2,4,15.99,6.4,2.02,55.88
1426,ORD00000480,PROD00001587,3,8,46.43,18.57,2.1,354.64
1427,ORD00000480,PROD00000228,4,1,14.46,5.78,,
1428,ORD00000480,PROD00001785,5,3,25.55,10.22,,
1429,ORD00000481,PROD00002323,1,8,42.51,17.0,0.73,334.24
1430,ORD00000481,PROD00004646,2,5,11.07,4.43,,
1431,ORD00000481,PROD00003654,3,8,12.7,5.08,1.3,91.19999999999999
1432,ORD00000481,PROD00002332,4,6,13.6,5.44,,
1433,ORD00000482,PROD00001504,1,8,25.93,10.37,,
1434,ORD00000482,PROD00001353,2,9,32.46,12.98,,
1435,ORD00000482,PROD00000792,3,2,39.76,15.9,2.17,75.17999999999999
1436,ORD00000482,PROD00002757,4,9,45.81,18.32,5.72,360.81000000000006
1437,ORD00000483,PROD00003581,1,2,12.5,5.0,0.15,24.7
1438,ORD00000483,PROD00002227,2,3,47.82,19.13,5.75,126.21000000000001
1439,ORD00000484,PROD00001222,1,1,19.04,7.62,,
1440,ORD00000484,PROD00003912,2,10,48.09,19.24,0.7,473.9
1441,ORD00000484,PROD00004707,3,3,18.3,7.32,0.96,52.019999999999996
1442,ORD00000485,PROD00001020,1,10,23.7,9.48,,
1443,ORD00000486,PROD00002771,1,6,40.65,16.26,3.62,222.18
1444,ORD00000486,PROD00003581,2,2,41.48,16.59,1.87,79.22
1445,ORD00000486,PROD00004120,3,8,19.47,7.79,,
1446,ORD00000486,PROD00002808,4,1,18.78,7.51,,
1447,ORD00000486,PROD00003014,5,2,40.21,16.08,,
1448,ORD00000487,PROD00003586,1,2,47.45,18.98,6.33,82.24000000000001
1449,ORD00000487,PROD00004413,2,7,21.03,8.41,,
1450,ORD00000487,PROD00000227,3,3,12.32,4.93,,
1451,ORD00000487,PROD00000511,4,5,40.01,16.0,0.57,197.2
1452,ORD00000488,PROD00003589,1,1,14.83,5.93,,
1453,ORD00000489,PROD00000602,1,9,35.93,14.37,1.38,310.95
1454,ORD00000490,PROD00002586,1,10,22.24,8.9,0.28,219.59999999999997
1455,ORD00000490,PROD00004639,2,10,19.85,7.94,2.78,170.7
1456,ORD00000490,PROD00001114,3,7,46.59,18.64,1.69,314.30000000000007
1457,ORD00000490,PROD00004694,4,10,21.04,8.42,2.54,185.0
1458,ORD00000490,PROD00002578,5,10,16.07,6.43,1.29,147.8
1459,ORD00000491,PROD00004066,1,1,21.67,8.67,,
1460,ORD00000491,PROD00004764,2,1,18.79,7.52,0.19,18.599999999999998
1461,ORD00000491,PROD00001962,3,5,47.58,19.03,2.84,223.7
1462,ORD00000491,PROD00004662,4,2,20.28,8.11,1.54,37.480000000000004
1463,ORD00000491,PROD00000170,5,4,42.36,16.94,1.18,164.72
1464,ORD00000492,PROD00003313,1,9,10.06,4.02,,
1465,ORD00000492,PROD00000269,2,1,22.75,9.1,,
1466,ORD00000492,PROD00001481,3,2,24.09,9.64,3.47,41.24
1467,ORD00000492,PROD00000919,4,5,31.49,12.6,0.04,157.25
1468,ORD00000492,PROD00002660,5,2,42.26,16.9,,
1469,ORD00000493,PROD00002164,1,6,19.4,7.76,2.39,102.05999999999999
1470,ORD00000493,PROD00002105,2,8,49.39,19.76,1.9,379.92
1471,ORD00000494,PROD00002616,1,3,40.72,16.29,5.43,105.87
1472,ORD00000494,PROD00003407,2,10,34.79,13.92,,
1473,ORD00000494,PROD00001367,3,4,37.58,15.03,0.94,146.56
1474,ORD00000494,PROD00000229,4,4,11.65,4.66,1.15,42.0
1475,ORD00000494,PROD00003143,5,7,36.28,14.51,5.26,217.14000000000001
1476,ORD00000495,PROD00000812,1,1,34.59,13.84,,
1477,ORD00000495,PROD00003850,2,3,40.66,16.26,,
1478,ORD00000495,PROD00001061,3,6,18.48,7.39,2.12,98.16
1479,ORD00000496,PROD00004354,1,7,13.85,5.54,1.33,87.64
1480,ORD00000496,PROD00000821,2,3,46.38,18.55,2.02,133.07999999999998
1481,ORD00000496,PROD00003173,3,10,38.78,15.51,,
1482,ORD00000497,PROD00000516,1,6,17.35,6.94,1.53,94.92000000000002
1483,ORD00000497,PROD00001101,2,6,44.83,17.93,,
1484,ORD00000497,PROD00002327,3,5,37.42,14.97,,
1485,ORD00000498,PROD00001417,1,3,17.98,7.19,2.18,47.400000000000006
1486,ORD00000499,PROD00001673,1,5,29.16,11.66,,
1487,ORD00000500,PROD00001806,1,1,27.23,10.89,,
1488,ORD00000500,PROD00003394,2,10,20.05,8.02,,
1489,ORD00000500,PROD00000642,3,8,37.41,14.96,2.34,280.55999999999995
1490,ORD00000501,PROD00003087,1,10,21.16,8.46,,
1491,ORD00000501,PROD00001187,2,1,15.78,6.31,,
1492,ORD00000501,PROD00002489,3,10,28.74,11.5,3.85,248.89999999999998
1493,ORD00000502,PROD00002209,1,6,36.15,14.46,1.54,207.66
1494,ORD00000502,PROD00003501,2,2,16.55,6.62,2.02,29.060000000000002
1495,ORD00000502,PROD00002716,3,3,45.8,18.32,,
1496,ORD00000502,PROD00002133,4,5,24.66,9.86,,
1497,ORD00000502,PROD00003558,5,10,46.36,18.54,,
1498,ORD00000503,PROD00000229,1,5,26.79,10.72,1.49,126.5
1499,ORD00000503,PROD00003057,2,10,22.29,8.92,3.12,191.7
1500,ORD00000503,PROD00000808,3,9,25.71,10.28,1.01,222.29999999999998
1501,ORD00000503,PROD00003897,4,3,13.83,5.53,0.55,39.839999999999996
1502,ORD00000503,PROD00000906,5,3,15.42,6.17,,
1503,ORD00000504,PROD00002890,1,9,32.65,13.06,0.94,285.39
1504,ORD00000504,PROD00002349,2,4,48.9,19.56,2.95,183.79999999999998
1505,ORD00000504,PROD00004464,3,3,37.37,14.95,5.5,95.60999999999999
1506,ORD00000505,PROD00003919,1,10,21.43,8.57,1.39,200.39999999999998
1507,ORD00000505,PROD00003281,2,5,45.72,18.29,2.08,218.2
1508,ORD00000505,PROD00004868,3,7,44.32,17.73,0.1,309.53999999999996
1509,ORD00000505,PROD00003256,4,9,28.98,11.59,,
1510,ORD00000506,PROD00004197,1,2,31.96,12.78,3.14,57.64
1511,ORD00000507,PROD00003552,1,4,21.94,8.78,1.51,81.72
1512,ORD00000507,PROD00002356,2,3,10.06,4.02,1.38,26.04
1513,ORD00000507,PROD00001458,3,10,14.86,5.94,1.35,135.1
1514,ORD00000508,PROD00004255,1,10,25.74,10.3,2.4,233.4
1515,ORD00000508,PROD00001642,2,9,42.43,16.97,5.35,333.71999999999997
1516,ORD00000508,PROD00004206,3,9,15.58,6.23,1.29,128.60999999999999
1517,ORD00000509,PROD00000857,1,4,43.66,17.46,4.2,157.83999999999997
1518,ORD00000509,PROD00004724,2,6,39.24,15.7,2.1,222.84
1519,ORD00000509,PROD00003161,3,3,32.15,12.86,0.82,93.99
1520,ORD00000510,PROD00000665,1,4,18.66,7.46,,
1521,ORD00000510,PROD00004163,2,10,47.38,18.95,3.22,441.6
1522,ORD00000511,PROD00001261,1,4,49.54,19.82,,
1523,ORD00000511,PROD00001117,2,8,29.14,11.66,2.09,216.4
1524,ORD00000512,PROD00000701,1,7,40.95,16.38,,
1525,ORD00000512,PROD00004304,2,9,48.92,19.57,6.71,379.89
1526,ORD00000512,PROD00003532,3,7,10.22,4.09,,
1527,ORD00000513,PROD00001642,1,8,31.42,12.57,,
1528,ORD00000513,PROD00001507,2,9,39.44,15.78,1.94,337.5
1529,ORD00000513,PROD00000204,3,3,42.43,16.97,3.33,117.30000000000001
1530,ORD00000513,PROD00004577,4,9,10.64,4.26,,
1531,ORD00000514,PROD00004982,1,3,45.81,18.32,6.46,118.05000000000001
1532,ORD00000514,PROD00000947,2,2,28.84,11.54,,
1533,ORD00000514,PROD00002959,3,1,31.44,12.58,,
1534,ORD00000514,PROD00003018,4,6,34.14,13.66,4.73,176.46
1535,ORD00000514,PROD00001964,5,8,47.13,18.85,,
1536,ORD00000515,PROD00001276,1,8,45.54,18.22,6.7,310.71999999999997
1537,ORD00000516,PROD00004920,1,1,28.87,11.55,3.26,25.61
1538,ORD00000517,PROD00004318,1,7,38.6,15.44,,
1539,ORD00000518,PROD00003707,1,3,42.27,16.91,,
1540,ORD00000518,PROD00003375,2,6,32.91,13.16,3.65,175.56
1541,ORD00000518,PROD00002634,3,4,38.1,15.24,1.0,148.4
1542,ORD00000518,PROD00002237,4,7,22.98,9.19,2.81,141.19
1543,ORD00000519,PROD00001887,1,8,29.91,11.96,3.9,208.08
1544,ORD00000519,PROD00004397,2,6,42.66,17.06,1.32,248.03999999999996
1545,ORD00000519,PROD00000777,3,10,19.11,7.64,,
1546,ORD00000520,PROD00004757,1,4,16.56,6.62,2.46,56.39999999999999
1547,ORD00000521,PROD00002661,1,6,19.69,7.88,0.9,112.74000000000001
1548,ORD00000521,PROD00002203,2,7,16.18,6.47,1.25,104.50999999999999
1549,ORD00000522,PROD00002718,1,6,36.16,14.46,4.85,187.85999999999996
1550,ORD00000522,PROD00002460,2,3,19.25,7.7,2.06,51.57000000000001
1551,ORD00000522,PROD00004753,3,10,10.38,4.15,0.47,99.1
1552,ORD00000523,PROD00000554,1,10,24.17,9.67,,
1553,ORD00000524,PROD00002135,1,10,49.19,19.68,0.88,483.09999999999997
1554,ORD00000524,PROD00004443,2,10,29.95,11.98,,
1555,ORD00000524,PROD00004074,3,5,35.98,14.39,1.12,174.3
1556,ORD00000524,PROD00004361,4,8,37.6,15.04,,
1557,ORD00000525,PROD00003253,1,4,20.5,8.2,1.87,74.52
1558,ORD00000525,PROD00001215,2,10,10.5,4.2,1.29,92.10000000000001
1559,ORD00000526,PROD00004083,1,7,36.41,14.56,2.95,234.21999999999997
1560,ORD00000526,PROD00000152,2,8,15.87,6.35,1.54,114.63999999999999
1561,ORD00000526,PROD00002357,3,10,31.07,12.43,2.84,282.3
1562,ORD00000526,PROD00003624,4,4,22.9,9.16,3.16,78.96
1563,ORD00000526,PROD00002771,5,2,45.77,18.31,0.53,90.48
1564,ORD00000527,PROD00003663,1,8,48.83,19.53,2.57,370.08
1565,ORD00000527,PROD00000808,2,10,18.48,7.39,1.55,169.3
1566,ORD00000528,PROD00001569,1,7,15.79,6.32,0.9,104.22999999999999
1567,ORD00000528,PROD00000026,2,2,21.53,8.61,0.49,42.080000000000005
1568,ORD00000528,PROD00003942,3,2,25.56,10.22,,
1569,ORD00000528,PROD00001655,4,8,28.25,11.3,,
1570,ORD00000529,PROD00004102,1,4,42.66,17.06,0.53,168.51999999999998
1571,ORD00000529,PROD00001142,2,7,23.08,9.23,,
1572,ORD00000529,PROD00001453,3,9,42.52,17.01,,
1573,ORD00000529,PROD00000597,4,5,26.25,10.5,0.51,128.7
1574,ORD00000530,PROD00004371,1,2,48.54,19.42,,
1575,ORD00000531,PROD00002370,1,7,26.69,10.68,,
1576,ORD00000532,PROD00003511,1,8,38.82,15.53,,
1577,ORD00000532,PROD00003724,2,1,36.28,14.51,2.94,33.34
1578,ORD00000532,PROD00004128,3,5,38.04,15.22,,
1579,ORD00000532,PROD00000369,4,6,35.58,14.23,3.22,194.16
1580,ORD00000532,PROD00000638,5,1,42.95,17.18,1.14,41.81
1581,ORD00000533,PROD00000697,1,8,11.94,4.78,0.32,92.96
1582,ORD00000534,PROD00001006,1,2,45.58,18.23,0.57,90.02
1583,ORD00000535,PROD00004638,1,9,22.55,9.02,3.2,174.15
1584,ORD00000536,PROD00004054,1,6,26.45,10.58,1.74,148.26
1585,ORD00000536,PROD00000256,2,2,14.37,5.75,,
1586,ORD00000536,PROD00005000,3,9,45.86,18.34,5.33,364.77
1587,ORD00000536,PROD00000398,4,1,32.81,13.12,0.83,31.980000000000004
1588,ORD00000536,PROD00003364,5,5,38.1,15.24,2.6,177.5
1589,ORD00000537,PROD00004783,1,1,34.86,13.94,4.87,29.99
1590,ORD00000537,PROD00002715,2,10,19.5,7.8,2.62,168.79999999999998
1591,ORD00000537,PROD00001867,3,1,21.74,8.7,1.09,20.65
1592,ORD00000538,PROD00004558,1,1,21.67,8.67,1.72,19.950000000000003
1593,ORD00000538,PROD00004357,2,6,13.86,5.54,1.89,71.82
1594,ORD00000538,PROD00002933,3,8,49.8,19.92,2.41,379.12
1595,ORD00000538,PROD00001552,4,6,40.42,16.17,,
1596,ORD00000538,PROD00000062,5,3,23.77,9.51,,
1597,ORD00000539,PROD00003962,1,9,28.57,11.43,4.02,220.95000000000002
1598,ORD00000539,PROD00000473,2,2,28.24,11.3,0.97,54.54
1599,ORD00000539,PROD00002198,3,7,44.78,17.91,4.75,280.21000000000004
1600,ORD00000539,PROD00004301,4,7,25.22,10.09,2.05,162.19
1601,ORD00000539,PROD00004660,5,6,46.81,18.72,5.33,248.88000000000002
1602,ORD00000540,PROD00001995,1,5,18.88,7.55,,
1603,ORD00000540,PROD00000102,2,6,27.8,11.12,3.57,145.38
1604,ORD00000541,PROD00001922,1,10,34.51,13.8,1.54,329.7
1605,ORD00000541,PROD00004735,2,6,25.24,10.1,0.65,147.54
1606,ORD00000542,PROD00002136,1,2,12.57,5.03,0.05,25.04
1607,ORD00000542,PROD00004604,2,5,45.11,18.04,,
1608,ORD00000542,PROD00002995,3,7,28.29,11.32,2.13,183.12
1609,ORD00000542,PROD00003454,4,2,29.95,11.98,,
1610,ORD00000542,PROD00002677,5,7,30.49,12.2,0.53,209.71999999999997
1611,ORD00000543,PROD00000260,1,10,38.56,15.42,0.97,375.90000000000003
1612,ORD00000543,PROD00004770,2,6,24.66,9.86,0.63,144.18
1613,ORD00000543,PROD00003612,3,3,46.69,18.68,1.64,135.14999999999998
1614,ORD00000543,PROD00002473,4,1,30.57,12.23,0.95,29.62
1615,ORD00000544,PROD00000651,1,9,47.75,19.1,,
1616,ORD00000545,PROD00000507,1,7,47.52,19.01,,
1617,ORD00000546,PROD00002855,1,7,39.79,15.92,2.6,260.33
1618,ORD00000546,PROD00002190,2,6,39.2,15.68,2.54,219.96000000000004
1619,ORD00000546,PROD00003551,3,2,46.7,18.68,3.45,86.5
1620,ORD00000546,PROD00001957,4,1,14.86,5.94,1.39,13.469999999999999
1621,ORD00000546,PROD00003051,5,5,37.48,14.99,1.71,178.84999999999997
1622,ORD00000547,PROD00002683,1,9,38.02,15.21,,
1623,ORD00000548,PROD00001156,1,3,10.76,4.3,0.36,31.200000000000003
1624,ORD00000548,PROD00004386,2,1,16.2,6.48,,
1625,ORD00000548,PROD00000389,3,9,28.8,11.52,1.64,244.44
1626,ORD00000549,PROD00002863,1,10,24.34,9.74,0.69,236.5
1627,ORD00000549,PROD00004144,2,9,27.93,11.17,2.0,233.37
1628,ORD00000549,PROD00003423,3,4,43.92,17.57,3.67,161.0
1629,ORD00000549,PROD00003714,4,8,38.28,15.31,1.25,296.24
1630,ORD00000549,PROD00001466,5,4,44.78,17.91,,
1631,ORD00000550,PROD00000812,1,1,14.28,5.71,,
1632,ORD00000550,PROD00001581,2,10,25.18,10.07,2.24,229.39999999999998
1633,ORD00000550,PROD00004212,3,9,21.84,8.74,0.92,188.27999999999997
1634,ORD00000550,PROD00001852,4,6,20.61,8.24,2.8,106.85999999999999
1635,ORD00000550,PROD00004023,5,10,29.75,11.9,,
1636,ORD00000551,PROD00001745,1,8,40.51,16.2,5.68,278.64
1637,ORD00000551,PROD00000607,2,3,48.86,19.54,,
1638,ORD00000551,PROD00003405,3,3,36.39,14.56,,
1639,ORD00000552,PROD00001391,1,7,45.87,18.35,,
1640,ORD00000553,PROD00000676,1,1,27.65,11.06,3.9,23.75
1641,ORD00000554,PROD00001328,1,8,26.62,10.65,0.13,211.92000000000002
1642,ORD00000554,PROD00000845,2,5,33.51,13.4,,
1643,ORD00000554,PROD00002882,3,9,34.68,13.87,4.99,267.21
1644,ORD00000554,PROD00003201,4,3,18.31,7.32,2.2,48.33
1645,ORD00000555,PROD00001501,1,4,17.58,7.03,2.2,61.519999999999996
1646,ORD00000556,PROD00001637,1,6,25.99,10.4,2.43,141.35999999999999
1647,ORD00000556,PROD00000136,2,2,21.86,8.74,0.88,41.96
1648,ORD00000556,PROD00002091,3,9,46.35,18.54,5.46,368.01
1649,ORD00000556,PROD00000394,4,1,19.38,7.75,0.92,18.459999999999997
1650,ORD00000556,PROD00000421,5,7,24.12,9.65,1.55,157.99
1651,ORD00000557,PROD00001228,1,9,31.97,12.79,,
1652,ORD00000557,PROD00002343,2,4,26.59,10.64,2.57,96.08
1653,ORD00000557,PROD00003684,3,2,42.47,16.99,6.22,72.5
1654,ORD00000558,PROD00001089,1,1,14.84,5.94,2.12,12.719999999999999
1655,ORD00000558,PROD00003098,2,8,22.44,8.98,,
1656,ORD00000558,PROD00001173,3,6,18.66,7.46,1.48,103.08
1657,ORD00000559,PROD00002338,1,10,27.3,10.92,0.31,269.90000000000003
1658,ORD00000559,PROD00002078,2,3,42.86,17.14,,
1659,ORD00000559,PROD00003451,3,1,12.08,4.83,0.13,11.95
1660,ORD00000559,PROD00002448,4,7,32.12,12.85,2.72,205.79999999999998
1661,ORD00000559,PROD00004412,5,5,28.15,11.26,3.89,121.29999999999998
1662,ORD00000560,PROD00000956,1,8,40.37,16.15,,
1663,ORD00000561,PROD00003615,1,4,43.52,17.41,2.44,164.32000000000002
1664,ORD00000562,PROD00003660,1,10,47.76,19.1,6.18,415.79999999999995
1665,ORD00000562,PROD00003390,2,6,20.76,8.3,,
1666,ORD00000563,PROD00000642,1,1,48.06,19.22,3.12,44.940000000000005
1667,ORD00000563,PROD00000477,2,10,49.31,19.72,3.51,458.00000000000006
1668,ORD00000563,PROD00003778,3,4,40.73,16.29,2.01,154.88
1669,ORD00000564,PROD00002164,1,8,19.83,7.93,0.21,156.95999999999998
1670,ORD00000564,PROD00001147,2,9,38.09,15.24,2.1,323.91
1671,ORD00000564,PROD00003104,3,6,44.69,17.88,4.59,240.59999999999997
1672,ORD00000564,PROD00003702,4,6,20.2,8.08,,
1673,ORD00000564,PROD00003194,5,9,21.11,8.44,,
1674,ORD00000565,PROD00003793,1,8,20.99,8.4,,
1675,ORD00000565,PROD00004192,2,7,24.3,9.72,,
1676,ORD00000565,PROD00003779,3,9,22.79,9.12,1.1,195.20999999999998
1677,ORD00000565,PROD00004789,4,7,23.83,9.53,0.4,164.01
1678,ORD00000566,PROD00004554,1,6,40.86,16.34,0.8,240.36
1679,ORD00000567,PROD00002891,1,5,10.5,4.2,,
1680,ORD00000567,PROD00001877,2,10,25.4,10.16,0.25,251.5
1681,ORD00000567,PROD00000614,3,10,33.04,13.22,2.49,305.5
1682,ORD00000568,PROD00003265,1,4,45.04,18.02,2.6,169.76
1683,ORD00000568,PROD00000383,2,4,29.11,11.64,4.14,99.88
1684,ORD00000568,PROD00003017,3,1,44.4,17.76,,
1685,ORD00000568,PROD00001986,4,7,49.82,19.93,4.46,317.52
1686,ORD00000569,PROD00002336,1,4,16.88,6.75,,
1687,ORD00000569,PROD00001462,2,3,48.22,19.29,0.68,142.62
1688,ORD00000569,PROD00002083,3,3,49.0,19.6,1.09,143.73
1689,ORD00000570,PROD00000307,1,7,45.12,18.05,2.23,300.23
1690,ORD00000570,PROD00003813,2,7,23.93,9.57,,
1691,ORD00000570,PROD00002082,3,6,23.95,9.58,0.9,138.3
1692,ORD00000570,PROD00001815,4,3,46.88,18.75,,
1693,ORD00000570,PROD00004613,5,1,47.0,18.8,1.03,45.97
1694,ORD00000571,PROD00001457,1,4,33.78,13.51,0.83,131.8
1695,ORD00000571,PROD00000809,2,7,26.32,10.53,,
1696,ORD00000571,PROD00001026,3,1,43.74,17.5,,
1697,ORD00000571,PROD00003980,4,4,27.63,11.05,,
1698,ORD00000571,PROD00000842,5,2,36.92,14.77,4.88,64.08
1699,ORD00000572,PROD00002085,1,10,36.42,14.57,0.56,358.6
1700,ORD00000572,PROD00003309,2,2,46.7,18.68,1.63,90.14
1701,ORD00000573,PROD00002164,1,10,29.79,11.92,,
1702,ORD00000573,PROD00000114,2,3,28.33,11.33,1.86,79.41
1703,ORD00000574,PROD00001248,1,1,41.89,16.76,,
1704,ORD00000574,PROD00002544,2,8,44.52,17.81,0.27,354.0
1705,ORD00000574,PROD00004890,3,8,48.8,19.52,,
1706,ORD00000575,PROD00000226,1,3,20.49,8.2,2.98,52.529999999999994
1707,ORD00000575,PROD00004480,2,7,38.53,15.41,0.7,264.81
1708,ORD00000576,PROD00002762,1,8,38.37,15.35,2.56,286.47999999999996
1709,ORD00000577,PROD00001364,1,5,25.22,10.09,2.11,115.55
1710,ORD00000577,PROD00003874,2,6,18.78,7.51,0.27,111.06
1711,ORD00000577,PROD00002050,3,6,39.87,15.95,,
1712,ORD00000578,PROD00002348,1,6,16.05,6.42,,
1713,ORD00000578,PROD00001747,2,7,14.39,5.76,0.26,98.91000000000001
1714,ORD00000579,PROD00001967,1,10,44.61,17.84,4.69,399.20000000000005
1715,ORD00000579,PROD00001033,2,7,27.05,10.82,0.16,188.23000000000002
1716,ORD00000579,PROD00002685,3,6,33.01,13.2,3.12,179.33999999999997
1717,ORD00000579,PROD00004885,4,7,22.43,8.97,,
1718,ORD00000579,PROD00002428,5,3,38.06,15.22,4.37,101.07000000000002
1719,ORD00000580,PROD00003798,1,5,26.66,10.66,,
1720,ORD00000580,PROD00003347,2,4,30.88,12.35,,
1721,ORD00000580,PROD00004918,3,10,19.24,7.7,0.98,182.59999999999997
1722,ORD00000580,PROD00003301,4,6,26.37,10.55,1.37,150.0
1723,ORD00000581,PROD00001450,1,9,33.5,13.4,4.69,259.28999999999996
1724,ORD00000582,PROD00004503,1,1,27.72,11.09,1.19,26.529999999999998
1725,ORD00000582,PROD00001113,2,10,23.53,9.41,,
1726,ORD00000582,PROD00001060,3,10,30.65,12.26,1.57,290.79999999999995
1727,ORD00000582,PROD00000989,4,4,29.62,11.85,,
1728,ORD00000582,PROD00000703,5,3,14.1,5.64,,
1729,ORD00000583,PROD00000006,1,2,35.69,14.28,2.44,66.5
1730,ORD00000583,PROD00000089,2,2,10.74,4.3,1.06,19.36
1731,ORD00000583,PROD00004058,3,10,40.19,16.08,3.75,364.4
1732,ORD00000584,PROD00001014,1,5,17.25,6.9,0.33,84.60000000000001
1733,ORD00000585,PROD00003899,1,4,12.7,5.08,1.75,43.8
1734,ORD00000585,PROD00002315,2,4,46.42,18.57,6.29,160.52
1735,ORD00000585,PROD00001104,3,5,42.79,17.12,6.06,183.64999999999998
1736,ORD00000586,PROD00002302,1,8,31.33,12.53,,
1737,ORD00000586,PROD00001702,2,2,35.07,14.03,0.68,68.78
1738,ORD00000586,PROD00000530,3,2,36.15,14.46,,
1739,ORD00000586,PROD00003676,4,10,18.06,7.22,0.38,176.8
1740,ORD00000587,PROD00002784,1,6,21.71,8.68,0.62,126.53999999999999
1741,ORD00000587,PROD00001525,2,10,22.49,9.0,,
1742,ORD00000587,PROD00000267,3,1,44.63,17.85,4.59,40.040000000000006
1743,ORD00000588,PROD00004911,1,8,17.63,7.05,,
1744,ORD00000588,PROD00004174,2,5,15.69,6.28,2.22,67.35
1745,ORD00000588,PROD00000579,3,7,45.59,18.24,0.16,318.01000000000005
1746,ORD00000588,PROD00000167,4,5,49.37,19.75,5.55,219.1
1747,ORD00000588,PROD00004115,5,10,41.4,16.56,2.03,393.7
1748,ORD00000589,PROD00001847,1,3,29.29,11.72,,
1749,ORD00000589,PROD00004350,2,10,10.08,4.03,0.89,91.89999999999999
1750,ORD00000589,PROD00002598,3,10,11.69,4.68,1.22,104.69999999999999
1751,ORD00000589,PROD00004401,4,7,21.61,8.64,1.57,140.28
1752,ORD00000589,PROD00002991,5,2,44.74,17.9,0.83,87.82000000000001
1753,ORD00000590,PROD00000509,1,4,16.1,6.44,1.15,59.800000000000004
1754,ORD00000591,PROD00002462,1,3,19.96,7.98,2.61,52.050000000000004
1755,ORD00000591,PROD00000740,2,2,44.1,17.64,3.37,81.46000000000001
1756,ORD00000591,PROD00004245,3,5,20.43,8.17,2.78,88.25
1757,ORD00000591,PROD00002256,4,8,37.35,14.94,0.96,291.12
1758,ORD00000592,PROD00000961,1,9,37.43,14.97,1.0,327.87
1759,ORD00000592,PROD00001014,2,2,10.97,4.39,1.14,19.66
1760,ORD00000592,PROD00002465,3,5,36.01,14.4,4.58,157.15
1761,ORD00000593,PROD00002602,1,6,45.78,18.31,1.29,266.94
1762,ORD00000593,PROD00004553,2,10,40.11,16.04,5.09,350.19999999999993
1763,ORD00000593,PROD00003822,3,4,13.98,5.59,1.45,50.120000000000005
1764,ORD00000593,PROD00001246,4,9,14.9,5.96,0.07,133.47
1765,ORD00000593,PROD00000860,5,10,42.13,16.85,0.57,415.6
1766,ORD00000594,PROD00002801,1,2,15.03,6.01,1.82,26.419999999999998
1767,ORD00000594,PROD00004725,2,5,12.39,4.96,,
1768,ORD00000595,PROD00003937,1,4,20.54,8.22,1.79,75.0
1769,ORD00000596,PROD00000830,1,10,43.3,17.32,6.47,368.29999999999995
1770,ORD00000596,PROD00004689,2,2,23.69,9.48,,
1771,ORD00000596,PROD00002519,3,8,14.14,5.66,,
1772,ORD00000596,PROD00000023,4,1,32.41,12.96,2.38,30.029999999999998
1773,ORD00000597,PROD00004508,1,3,18.11,7.24,,
1774,ORD00000597,PROD00003487,2,4,38.6,15.44,3.89,138.84
1775,ORD00000597,PROD00001879,3,9,14.14,5.66,2.0,109.26
1776,ORD00000597,PROD00000897,4,8,32.87,13.15,1.97,247.2
1777,ORD00000598,PROD00001402,1,7,48.52,19.41,,
1778,ORD00000598,PROD00004194,2,7,18.14,7.26,,
1779,ORD00000598,PROD00002037,3,10,24.35,9.74,,
1780,ORD00000599,PROD00002841,1,3,37.5,15.0,1.05,109.35000000000001
1781,ORD00000599,PROD00004733,2,5,49.14,19.66,1.19,239.75
1782,ORD00000599,PROD00003382,3,4,13.97,5.59,0.24,54.92
1783,ORD00000599,PROD00004391,4,4,34.89,13.96,,
1784,ORD00000600,PROD00004928,1,4,41.8,16.72,0.92,163.51999999999998
1785,ORD00000600,PROD00003771,2,5,15.12,6.05,1.95,65.85
1786,ORD00000600,PROD00003130,3,7,29.7,11.88,,
1787,ORD00000601,PROD00003559,1,6,29.18,11.67,0.61,171.42000000000002
1788,ORD00000601,PROD00002395,2,8,39.8,15.92,,
1789,ORD00000602,PROD00000341,1,5,13.06,5.22,1.71,56.75000000000001
1790,ORD00000602,PROD00000560,2,2,42.84,17.14,2.37,80.94000000000001
1791,ORD00000602,PROD00002779,3,5,23.49,9.4,,
1792,ORD00000602,PROD00004520,4,10,40.04,16.02,,
1793,ORD00000603,PROD00004007,1,8,11.17,4.47,,
1794,ORD00000603,PROD00000908,2,8,49.5,19.8,3.88,364.96
1795,ORD00000604,PROD00000761,1,3,11.91,4.76,0.69,33.660000000000004
1796,ORD00000605,PROD00001815,1,7,15.99,6.4,1.48,101.57
1797,ORD00000605,PROD00002661,2,8,49.1,19.64,2.88,369.76
1798,ORD00000605,PROD00001721,3,1,33.64,13.46,2.5,31.14
1799,ORD00000605,PROD00002552,4,7,15.54,6.22,2.13,93.87
1800,ORD00000605,PROD00003675,5,2,21.41,8.56,0.85,41.12
1801,ORD00000606,PROD00003599,1,2,15.75,6.3,0.68,30.14
1802,ORD00000606,PROD00000470,2,8,35.9,14.36,,
1803,ORD00000607,PROD00000069,1,8,21.97,8.79,1.38,164.72
1804,ORD00000607,PROD00001907,2,4,22.79,9.12,1.62,84.67999999999999
1805,ORD00000607,PROD00003259,3,2,40.89,16.36,,
1806,ORD00000607,PROD00003998,4,4,46.99,18.8,6.83,160.64000000000001
1807,ORD00000607,PROD00003585,5,8,25.76,10.3,1.63,193.04000000000002
1808,ORD00000608,PROD00001868,1,8,37.74,15.1,3.94,270.40000000000003
1809,ORD00000608,PROD00001894,2,2,31.54,12.62,2.85,57.379999999999995
1810,ORD00000608,PROD00000623,3,4,32.0,12.8,3.19,115.24
1811,ORD00000608,PROD00004302,4,7,37.98,15.19,,
1812,ORD00000608,PROD00004324,5,6,46.77,18.71,6.64,240.78000000000003
1813,ORD00000609,PROD00003252,1,3,45.55,18.22,3.7,125.54999999999998
1814,ORD00000609,PROD00004847,2,6,35.83,14.33,,
1815,ORD00000609,PROD00004418,3,7,11.31,4.52,,
1816,ORD00000609,PROD00000179,4,1,33.26,13.3,3.68,29.58
1817,ORD00000609,PROD00003894,5,2,32.77,13.11,1.36,62.82000000000001
1818,ORD00000610,PROD00001220,1,4,40.36,16.14,,
1819,ORD00000611,PROD00002191,1,4,16.92,6.77,,
1820,ORD00000611,PROD00003286,2,4,42.56,17.02,,
1821,ORD00000611,PROD00003521,3,4,28.26,11.3,2.73,102.12
1822,ORD00000611,PROD00001545,4,3,26.56,10.62,,
1823,ORD00000611,PROD00004782,5,8,30.75,12.3,,
1824,ORD00000612,PROD00004664,1,3,40.53,16.21,1.21,117.96000000000001
1825,ORD00000612,PROD00003827,2,5,16.37,6.55,1.66,73.55000000000001
1826,ORD00000612,PROD00001118,3,1,44.97,17.99,,
1827,ORD00000613,PROD00003498,1,6,21.86,8.74,0.68,127.08
1828,ORD00000613,PROD00002184,2,6,21.85,8.74,2.02,118.98000000000002
1829,ORD00000613,PROD00002585,3,10,16.88,6.75,2.22,146.6
1830,ORD00000614,PROD00000820,1,3,14.24,5.7,,
1831,ORD00000614,PROD00002053,2,4,16.29,6.52,1.73,58.239999999999995
1832,ORD00000614,PROD00001131,3,8,13.97,5.59,1.72,98.0
1833,ORD00000614,PROD00004203,4,8,39.63,15.85,5.23,275.20000000000005
1834,ORD00000615,PROD00000577,1,3,43.99,17.6,,
1835,ORD00000615,PROD00004746,2,5,36.03,14.41,4.17,159.3
1836,ORD00000615,PROD00000522,3,5,36.22,14.49,4.0,161.1
1837,ORD00000615,PROD00000422,4,6,26.13,10.45,0.97,150.96
1838,ORD00000616,PROD00001658,1,7,48.78,19.51,6.68,294.7
1839,ORD00000616,PROD00003531,2,1,31.94,12.78,1.4,30.540000000000003
1840,ORD00000617,PROD00004273,1,7,36.95,14.78,3.78,232.19
1841,ORD00000617,PROD00000305,2,3,48.8,19.52,5.49,129.92999999999998
1842,ORD00000617,PROD00001821,3,2,16.38,6.55,0.28,32.199999999999996
1843,ORD00000618,PROD00000133,1,6,27.83,11.13,2.96,149.21999999999997
1844,ORD00000619,PROD00003533,1,2,40.24,16.1,,
1845,ORD00000619,PROD00004666,2,4,43.25,17.3,,
1846,ORD00000619,PROD00001754,3,5,38.61,15.44,2.81,179.0
1847,ORD00000620,PROD00000811,1,10,31.17,12.47,,
1848,ORD00000620,PROD00002423,2,7,32.11,12.84,4.04,196.49
1849,ORD00000620,PROD00000395,3,9,34.91,13.96,0.03,313.91999999999996
1850,ORD00000620,PROD00001939,4,4,10.43,4.17,,
1851,ORD00000620,PROD00004999,5,10,42.44,16.98,6.22,362.2
1852,ORD00000621,PROD00002363,1,7,15.3,6.12,0.25,105.35000000000001
1853,ORD00000621,PROD00002375,2,9,20.7,8.28,,
1854,ORD00000621,PROD00004357,3,2,29.06,11.62,2.38,53.36
1855,ORD00000621,PROD00002885,4,2,31.45,12.58,,
1856,ORD00000622,PROD00001839,1,10,22.19,8.88,,
1857,ORD00000622,PROD00004207,2,4,25.69,10.28,2.66,92.12
1858,ORD00000622,PROD00004006,3,6,44.8,17.92,4.9,239.39999999999998
1859,ORD00000623,PROD00002353,1,2,30.43,12.17,2.86,55.14
1860,ORD00000623,PROD00002032,2,9,35.11,14.04,4.28,277.46999999999997
1861,ORD00000623,PROD00001221,3,10,25.01,10.0,0.68,243.3
1862,ORD00000623,PROD00002842,4,8,32.55,13.02,4.22,226.64
1863,ORD00000623,PROD00002764,5,10,18.47,7.39,,
1864,ORD00000624,PROD00001758,1,1,35.03,14.01,,
1865,ORD00000624,PROD00003184,2,1,25.54,10.22,,
1866,ORD00000625,PROD00002752,1,4,19.66,7.86,0.24,77.68
1867,ORD00000625,PROD00000779,2,5,36.82,14.73,4.17,163.25
1868,ORD00000625,PROD00004089,3,1,15.22,6.09,0.43,14.790000000000001
1869,ORD00000626,PROD00004858,1,3,30.77,12.31,,
1870,ORD00000626,PROD00001547,2,9,19.18,7.67,0.0,172.62
1871,ORD00000626,PROD00001815,3,9,13.76,5.5,0.7,117.54
1872,ORD00000626,PROD00001041,4,5,19.75,7.9,,
1873,ORD00000626,PROD00002771,5,3,24.79,9.92,2.42,67.10999999999999
1874,ORD00000627,PROD00000597,1,9,44.07,17.63,2.7,372.33
1875,ORD00000627,PROD00002522,2,8,25.62,10.25,,
1876,ORD00000627,PROD00001841,3,6,16.82,6.73,1.74,90.48
1877,ORD00000628,PROD00003761,1,1,23.07,9.23,2.47,20.6
1878,ORD00000628,PROD00001206,2,10,36.48,14.59,5.33,311.5
1879,ORD00000628,PROD00000311,3,7,12.93,5.17,0.04,90.23
1880,ORD00000628,PROD00002904,4,9,10.17,4.07,0.42,87.75
1881,ORD00000628,PROD00003750,5,6,29.52,11.81,,
1882,ORD00000629,PROD00003959,1,8,19.9,7.96,1.41,147.92
1883,ORD00000630,PROD00003191,1,6,26.85,10.74,0.99,155.16000000000003
1884,ORD00000630,PROD00003932,2,10,44.81,17.92,3.02,417.9
1885,ORD00000631,PROD00001801,1,9,38.95,15.58,3.93,315.18
1886,ORD00000631,PROD00000911,2,8,23.58,9.43,2.63,167.6
1887,ORD00000632,PROD00004090,1,10,25.1,10.04,2.93,221.70000000000002
1888,ORD00000632,PROD00003922,2,3,42.64,17.06,,
1889,ORD00000632,PROD00002753,3,2,43.05,17.22,2.06,81.97999999999999
1890,ORD00000632,PROD00001297,4,8,38.94,15.58,,
1891,ORD00000633,PROD00002584,1,1,14.08,5.63,,
1892,ORD00000634,PROD00002867,1,10,21.49,8.6,1.09,204.0
1893,ORD00000634,PROD00003735,2,7,20.04,8.02,,
1894,ORD00000634,PROD00001987,3,3,36.99,14.8,4.08,98.73000000000002
1895,ORD00000634,PROD00001274,4,2,44.67,17.87,2.44,84.46000000000001
1896,ORD00000634,PROD00004033,5,4,37.19,14.88,1.09,144.39999999999998
1897,ORD00000635,PROD00001291,1,7,45.98,18.39,2.02,307.71999999999997
1898,ORD00000635,PROD00001328,2,7,48.34,19.34,2.92,317.94
1899,ORD00000635,PROD00001438,3,10,33.57,13.43,,
1900,ORD00000635,PROD00002763,4,7,30.69,12.28,0.63,210.42000000000002
1901,ORD00000635,PROD00004009,5,1,33.51,13.4,4.65,28.86
1902,ORD00000636,PROD00002796,1,4,32.69,13.08,3.95,114.96
1903,ORD00000636,PROD00004098,2,7,20.15,8.06,,
1904,ORD00000636,PROD00004919,3,6,16.37,6.55,1.6,88.62
1905,ORD00000637,PROD00001365,1,4,36.95,14.78,5.18,127.08000000000001
1906,ORD00000637,PROD00003979,2,10,25.71,10.28,2.49,232.2
1907,ORD00000638,PROD00001422,1,1,22.53,9.01,3.2,19.330000000000002
1908,ORD00000638,PROD00001260,2,3,26.02,10.41,2.1,71.75999999999999
1909,ORD00000639,PROD00004655,1,6,21.25,8.5,1.4,119.10000000000001
1910,ORD00000640,PROD00002177,1,4,25.82,10.33,1.39,97.72
1911,ORD00000641,PROD00000727,1,3,11.68,4.67,1.18,31.5
1912,ORD00000641,PROD00001413,2,8,33.31,13.32,2.92,243.12
1913,ORD00000641,PROD00002181,3,5,36.63,14.65,4.85,158.9
1914,ORD00000641,PROD00001710,4,3,41.69,16.68,,
1915,ORD00000642,PROD00004234,1,4,19.01,7.6,,
1916,ORD00000642,PROD00004928,2,10,16.53,6.61,1.32,152.10000000000002
1917,ORD00000642,PROD00002270,3,8,41.77,16.71,2.05,317.76000000000005
1918,ORD00000643,PROD00003955,1,2,31.61,12.64,1.7,59.82
1919,ORD00000644,PROD00000754,1,3,15.26,6.1,,
1920,ORD00000644,PROD00000671,2,3,36.52,14.61,,
1921,ORD00000645,PROD00000581,1,9,49.83,19.93,0.06,447.92999999999995
1922,ORD00000645,PROD00000794,2,4,22.91,9.16,1.58,85.32
1923,ORD00000645,PROD00003827,3,1,41.85,16.74,,
1924,ORD00000645,PROD00001648,4,3,38.69,15.48,2.0,110.07
1925,ORD00000646,PROD00002497,1,8,30.02,12.01,,
1926,ORD00000646,PROD00001836,2,2,44.85,17.94,2.4,84.9
1927,ORD00000646,PROD00003258,3,6,47.08,18.83,,
1928,ORD00000646,PROD00003497,4,2,29.27,11.71,,
1929,ORD00000646,PROD00000078,5,5,23.85,9.54,2.51,106.70000000000002
1930,ORD00000647,PROD00000265,1,7,26.72,10.69,3.96,159.32
1931,ORD00000647,PROD00001823,2,7,24.51,9.8,1.36,162.05
1932,ORD00000647,PROD00002726,3,3,28.33,11.33,2.39,77.82
1933,ORD00000647,PROD00003903,4,8,20.72,8.29,2.63,144.72
1934,ORD00000648,PROD00000289,1,10,26.84,10.74,2.13,247.10000000000002
1935,ORD00000648,PROD00001612,2,8,24.77,9.91,,
1936,ORD00000648,PROD00000834,3,8,36.89,14.76,,
1937,ORD00000648,PROD00000329,4,7,22.03,8.81,2.42,137.26999999999998
1938,ORD00000649,PROD00001500,1,10,20.05,8.02,0.51,195.39999999999998
1939,ORD00000649,PROD00003457,2,2,33.45,13.38,2.23,62.440000000000005
1940,ORD00000649,PROD00004491,3,10,23.09,9.24,1.33,217.59999999999997
1941,ORD00000649,PROD00003409,4,4,42.0,16.8,1.49,162.04
1942,ORD00000650,PROD00000822,1,10,46.52,18.61,4.8,417.20000000000005
1943,ORD00000650,PROD00000411,2,7,46.07,18.43,,
1944,ORD00000650,PROD00002437,3,8,33.87,13.55,3.76,240.88
1945,ORD00000650,PROD00004988,4,6,29.76,11.9,2.12,165.84
1946,ORD00000650,PROD00001604,5,3,43.85,17.54,2.25,124.80000000000001
1947,ORD00000651,PROD00003867,1,2,27.37,10.95,,
1948,ORD00000652,PROD00001287,1,10,38.26,15.3,2.76,355.0
1949,ORD00000653,PROD00002744,1,2,37.66,15.06,1.67,71.97999999999999
1950,ORD00000653,PROD00004671,2,5,14.97,5.99,1.77,66.0
1951,ORD00000653,PROD00003705,3,6,47.56,19.02,5.6,251.76
1952,ORD00000653,PROD00003174,4,5,36.32,14.53,,
1953,ORD00000654,PROD00001635,1,7,11.41,4.56,0.99,72.94
1954,ORD00000654,PROD00000898,2,8,12.0,4.8,1.04,87.68
1955,ORD00000654,PROD00003222,3,3,31.51,12.6,,
1956,ORD00000655,PROD00004727,1,5,13.94,5.58,2.03,59.55
1957,ORD00000655,PROD00004052,2,5,21.63,8.65,,
1958,ORD00000655,PROD00002580,3,10,31.18,12.47,1.16,300.2
1959,ORD00000655,PROD00004834,4,4,33.47,13.39,4.91,114.24
1960,ORD00000656,PROD00002793,1,7,24.2,9.68,3.26,146.57999999999998
1961,ORD00000656,PROD00004707,2,1,21.84,8.74,,
1962,ORD00000656,PROD00000952,3,5,45.93,18.37,6.32,198.05
1963,ORD00000656,PROD00000565,4,5,11.8,4.72,1.26,52.7
1964,ORD00000656,PROD00002982,5,8,40.84,16.34,5.8,280.32000000000005
1965,ORD00000657,PROD00000712,1,3,15.41,6.16,,
1966,ORD00000657,PROD00004603,2,3,45.45,18.18,4.47,122.94000000000001
1967,ORD00000657,PROD00002960,3,4,42.1,16.84,,
1968,ORD00000657,PROD00003825,4,1,47.2,18.88,1.67,45.53
1969,ORD00000657,PROD00003972,5,8,34.33,13.73,5.04,234.32
1970,ORD00000658,PROD00001038,1,6,14.88,5.95,1.75,78.78
1971,ORD00000658,PROD00000118,2,3,44.57,17.83,0.71,131.57999999999998
1972,ORD00000658,PROD00004506,3,1,45.95,18.38,3.14,42.81
1973,ORD00000659,PROD00003551,1,9,19.66,7.86,2.79,151.83
1974,ORD00000659,PROD00003654,2,9,45.36,18.14,5.24,361.08
1975,ORD00000659,PROD00001765,3,7,28.19,11.28,1.86,184.31
1976,ORD00000659,PROD00003850,4,6,16.1,6.44,1.89,85.26
1977,ORD00000659,PROD00001472,5,3,46.57,18.63,,
1978,ORD00000660,PROD00001027,1,6,24.63,9.85,3.4,127.38
1979,ORD00000660,PROD00003484,2,9,27.65,11.06,2.09,230.04
1980,ORD00000660,PROD00003773,3,6,48.72,19.49,3.82,269.4
1981,ORD00000661,PROD00001325,1,1,15.14,6.06,,
1982,ORD00000661,PROD00001562,2,3,45.62,18.25,,
1983,ORD00000661,PROD00000159,3,9,15.96,6.38,2.04,125.28000000000002
1984,ORD00000662,PROD00003515,1,4,17.06,6.82,,
1985,ORD00000662,PROD00004501,2,4,17.88,7.15,0.56,69.28
1986,ORD00000662,PROD00002379,3,4,28.77,11.51,,
1987,ORD00000662,PROD00003697,4,5,30.18,12.07,0.92,146.29999999999998
1988,ORD00000663,PROD00000956,1,6,10.55,4.22,0.63,59.519999999999996
1989,ORD00000663,PROD00002333,2,5,21.41,8.56,3.08,91.64999999999999
1990,ORD00000664,PROD00002560,1,3,47.69,19.08,6.54,123.44999999999999
1991,ORD00000664,PROD00000400,2,9,30.0,12.0,0.33,267.03000000000003
1992,ORD00000664,PROD00001997,3,5,12.71,5.08,0.51,61.00000000000001
1993,ORD00000664,PROD00000422,4,8,16.44,6.58,0.24,129.60000000000002
1994,ORD00000665,PROD00001056,1,4,13.19,5.28,0.39,51.199999999999996
1995,ORD00000665,PROD00004251,2,4,37.27,14.91,0.21,148.24
1996,ORD00000665,PROD00000115,3,10,13.69,5.48,0.58,131.1
1997,ORD00000665,PROD00004602,4,5,43.45,17.38,4.43,195.10000000000002
1998,ORD00000665,PROD00004107,5,10,16.14,6.46,,
1999,ORD00000666,PROD00003007,1,6,34.95,13.98,0.3,207.90000000000003
2000,ORD00000666,PROD00000084,2,6,29.69,11.88,1.69,168.0
2001,ORD00000666,PROD00003040,3,10,46.05,18.42,,
2002,ORD00000666,PROD00004163,4,5,12.8,5.12,1.59,56.050000000000004
2003,ORD00000667,PROD00004510,1,2,17.32,6.93,1.77,31.1
2004,ORD00000668,PROD00000048,1,8,13.65,5.46,0.55,104.8
2005,ORD00000668,PROD00001265,2,9,40.03,16.01,5.67,309.24
2006,ORD00000668,PROD00004846,3,3,16.93,6.77,1.69,45.72
2007,ORD00000669,PROD00000286,1,2,25.98,10.39,0.67,50.62
2008,ORD00000670,PROD00000907,1,1,47.25,18.9,1.91,45.34
2009,ORD00000671,PROD00004273,1,3,47.98,19.19,6.53,124.35
2010,ORD00000672,PROD00003856,1,9,34.88,13.95,,
2011,ORD00000673,PROD00000530,1,3,34.8,13.92,3.58,93.66
2012,ORD00000673,PROD00004225,2,5,30.45,12.18,4.1,131.75
2013,ORD00000673,PROD00004040,3,5,38.17,15.27,4.77,167.00000000000003
2014,ORD00000673,PROD00003027,4,4,33.41,13.36,4.45,115.83999999999999
2015,ORD00000674,PROD00002127,1,2,40.61,16.24,5.89,69.44
2016,ORD00000674,PROD00002345,2,6,37.25,14.9,4.6,195.89999999999998
2017,ORD00000674,PROD00004777,3,3,39.68,15.87,,
2018,ORD00000674,PROD00003339,4,1,32.16,12.86,1.98,30.179999999999996
2019,ORD00000674,PROD00003083,5,9,42.55,17.02,,
2020,ORD00000675,PROD00002571,1,10,47.95,19.18,5.84,421.1
2021,ORD00000675,PROD00004754,2,6,41.76,16.7,1.55,241.26
2022,ORD00000675,PROD00002707,3,7,49.8,19.92,5.06,313.17999999999995
2023,ORD00000676,PROD00002639,1,9,48.81,19.52,5.85,386.64
2024,ORD00000676,PROD00004017,2,3,44.12,17.65,,
2025,ORD00000676,PROD00002216,3,5,48.66,19.46,0.51,240.75
2026,ORD00000676,PROD00002448,4,2,13.62,5.45,0.49,26.259999999999998
2027,ORD00000677,PROD00003595,1,5,35.47,14.19,2.05,167.10000000000002
2028,ORD00000678,PROD00004125,1,4,40.43,16.17,4.98,141.8
2029,ORD00000679,PROD00001228,1,3,27.01,10.8,,
2030,ORD00000679,PROD00002307,2,5,29.14,11.66,,
2031,ORD00000679,PROD00000484,3,5,47.79,19.12,0.61,235.9
2032,ORD00000679,PROD00001600,4,5,12.54,5.02,1.51,55.15
2033,ORD00000679,PROD00000336,5,1,14.8,5.92,0.19,14.610000000000001
2034,ORD00000680,PROD00004252,1,6,40.97,16.39,3.16,226.86
2035,ORD00000680,PROD00003959,2,4,46.49,18.6,3.77,170.88
2036,ORD00000680,PROD00003223,3,7,41.37,16.55,,
2037,ORD00000680,PROD00001677,4,9,10.88,4.35,0.88,90.0
2038,ORD00000681,PROD00004131,1,8,33.75,13.5,5.06,229.52
2039,ORD00000682,PROD00002688,1,7,19.67,7.87,1.27,128.8
2040,ORD00000682,PROD00001342,2,6,16.36,6.54,,
2041,ORD00000683,PROD00003972,1,5,28.66,11.46,,
2042,ORD00000683,PROD00001008,2,8,13.27,5.31,,
2043,ORD00000683,PROD00002814,3,3,33.89,13.56,2.71,93.53999999999999
2044,ORD00000684,PROD00001686,1,4,47.97,19.19,4.06,175.64
2045,ORD00000684,PROD00004453,2,3,25.3,10.12,,
2046,ORD00000684,PROD00002289,3,4,43.98,17.59,1.44,170.16
2047,ORD00000684,PROD00003824,4,5,46.93,18.77,,
2048,ORD00000684,PROD00000579,5,1,10.38,4.15,,
2049,ORD00000685,PROD00003390,1,5,49.08,19.63,,
2050,ORD00000685,PROD00000914,2,8,42.88,17.15,,
2051,ORD00000685,PROD00002825,3,2,18.37,7.35,,
2052,ORD00000685,PROD00000490,4,5,42.72,17.09,0.2,212.59999999999997
2053,ORD00000686,PROD00002715,1,9,43.56,17.42,3.02,364.86
2054,ORD00000686,PROD00004044,2,7,42.91,17.16,3.66,274.75
2055,ORD00000686,PROD00000599,3,4,21.8,8.72,0.15,86.60000000000001
2056,ORD00000686,PROD00001748,4,4,16.09,6.44,,
2057,ORD00000687,PROD00003522,1,4,44.52,17.81,6.59,151.72000000000003
2058,ORD00000687,PROD00002656,2,10,46.31,18.52,3.32,429.90000000000003
2059,ORD00000688,PROD00002802,1,8,31.88,12.75,4.13,222.0
2060,ORD00000688,PROD00000740,2,5,38.86,15.54,0.0,194.3
2061,ORD00000688,PROD00003309,3,5,12.53,5.01,1.62,54.55
2062,ORD00000689,PROD00003091,1,7,38.15,15.26,3.07,245.56
2063,ORD00000689,PROD00000804,2,10,17.71,7.08,0.27,174.4
2064,ORD00000690,PROD00003860,1,7,33.44,13.38,0.03,233.86999999999998
2065,ORD00000690,PROD00002575,2,6,10.57,4.23,,
2066,ORD00000690,PROD00002850,3,10,10.54,4.22,0.87,96.7
2067,ORD00000691,PROD00004931,1,1,10.24,4.1,1.32,8.92
2068,ORD00000691,PROD00002229,2,5,13.28,5.31,,
2069,ORD00000691,PROD00004426,3,6,23.51,9.4,2.79,124.32000000000002
2070,ORD00000691,PROD00000719,4,6,42.34,16.94,0.29,252.3
2071,ORD00000691,PROD00003126,5,9,10.27,4.11,0.38,89.00999999999999
2072,ORD00000692,PROD00002562,1,2,25.45,10.18,2.19,46.519999999999996
2073,ORD00000693,PROD00004977,1,6,48.42,19.37,,
2074,ORD00000693,PROD00004146,2,2,23.18,9.27,2.19,41.98
2075,ORD00000693,PROD00003153,3,5,16.6,6.64,1.45,75.75000000000001
2076,ORD00000693,PROD00001916,4,4,29.39,11.76,3.82,102.28
2077,ORD00000694,PROD00004682,1,3,13.36,5.34,0.38,38.94
2078,ORD00000694,PROD00000849,2,5,21.65,8.66,0.81,104.2
2079,ORD00000695,PROD00002559,1,8,48.62,19.45,2.77,366.79999999999995
2080,ORD00000695,PROD00000939,2,5,10.58,4.23,0.21,51.849999999999994
2081,ORD00000695,PROD00003530,3,10,14.12,5.65,0.2,139.2
2082,ORD00000696,PROD00003313,1,8,26.26,10.5,0.94,202.56
2083,ORD00000697,PROD00004271,1,5,19.25,7.7,0.25,95.0
2084,ORD00000697,PROD00003881,2,7,37.73,15.09,0.86,258.09
2085,ORD00000697,PROD00000576,3,3,34.83,13.93,1.1,101.19
2086,ORD00000698,PROD00001861,1,4,27.89,11.16,,
2087,ORD00000698,PROD00003471,2,9,42.18,16.87,,
2088,ORD00000698,PROD00001746,3,7,47.26,18.9,,
2089,ORD00000698,PROD00003316,4,7,38.72,15.49,,
2090,ORD00000698,PROD00001265,5,7,41.71,16.68,3.5,267.47
2091,ORD00000699,PROD00004968,1,7,21.27,8.51,,
2092,ORD00000700,PROD00000694,1,6,37.47,14.99,0.74,220.38
2093,ORD00000700,PROD00002131,2,2,44.49,17.8,0.72,87.54
2094,ORD00000700,PROD00002192,3,4,37.1,14.84,0.79,145.24
2095,ORD00000701,PROD00000854,1,8,37.48,14.99,4.6,263.03999999999996
2096,ORD00000701,PROD00004933,2,4,32.5,13.0,,
2097,ORD00000702,PROD00002932,1,9,32.79,13.12,1.67,280.08
2098,ORD00000702,PROD00002344,2,8,23.15,9.26,,
2099,ORD00000703,PROD00001306,1,2,16.55,6.62,1.04,31.020000000000003
2100,ORD00000703,PROD00001338,2,9,37.07,14.83,,
2101,ORD00000703,PROD00000296,3,3,37.65,15.06,3.95,101.1
2102,ORD00000704,PROD00002012,1,9,28.95,11.58,3.37,230.21999999999997
2103,ORD00000705,PROD00001733,1,10,34.34,13.74,0.17,341.70000000000005
2104,ORD00000705,PROD00001513,2,9,18.37,7.35,0.54,160.47000000000003
2105,ORD00000705,PROD00003242,3,3,14.38,5.75,1.66,38.160000000000004
2106,ORD00000706,PROD00000548,1,4,19.51,7.8,1.24,73.08000000000001
2107,ORD00000706,PROD00002106,2,7,24.32,9.73,0.77,164.85
2108,ORD00000706,PROD00001727,3,3,11.55,4.62,1.27,30.840000000000003
2109,ORD00000706,PROD00001924,4,8,39.58,15.83,3.92,285.28
2110,ORD00000707,PROD00004885,1,1,37.82,15.13,5.46,32.36
2111,ORD00000707,PROD00003886,2,10,16.27,6.51,2.05,142.2
2112,ORD00000708,PROD00001444,1,5,46.23,18.49,0.81,227.09999999999997
2113,ORD00000708,PROD00004939,2,1,48.25,19.3,,
2114,ORD00000708,PROD00003867,3,1,46.3,18.52,4.49,41.809999999999995
2115,ORD00000708,PROD00003056,4,1,13.12,5.25,,
2116,ORD00000709,PROD00004957,1,10,40.81,16.32,5.58,352.30000000000007
2117,ORD00000709,PROD00000531,2,7,16.91,6.76,0.64,113.89
2118,ORD00000710,PROD00003885,1,7,44.38,17.75,4.02,282.52
2119,ORD00000710,PROD00003615,2,9,11.02,4.41,,
2120,ORD00000710,PROD00001667,3,8,45.68,18.27,6.26,315.36
2121,ORD00000710,PROD00002830,4,1,31.15,12.46,,
2122,ORD00000711,PROD00001518,1,2,15.61,6.24,,
2123,ORD00000711,PROD00004692,2,8,12.18,4.87,0.63,92.39999999999999
2124,ORD00000712,PROD00002029,1,9,22.77,9.11,1.88,188.01
2125,ORD00000712,PROD00004773,2,1,12.91,5.16,,
2126,ORD00000712,PROD00002719,3,1,33.05,13.22,2.55,30.499999999999996
2127,ORD00000713,PROD00002619,1,7,15.98,6.39,1.68,100.10000000000001
2128,ORD00000714,PROD00004518,1,1,21.17,8.47,2.62,18.55
2129,ORD00000714,PROD00003914,2,3,14.28,5.71,2.09,36.57
2130,ORD00000714,PROD00000327,3,5,13.38,5.35,0.68,63.50000000000001
2131,ORD00000714,PROD00002663,4,3,31.83,12.73,0.98,92.55
2132,ORD00000715,PROD00004560,1,2,44.64,17.86,,
2133,ORD00000716,PROD00003296,1,8,21.22,8.49,2.17,152.39999999999998
2134,ORD00000716,PROD00001184,2,10,13.63,5.45,0.91,127.2
2135,ORD00000716,PROD00003188,3,6,37.06,14.82,2.13,209.57999999999998
2136,ORD00000716,PROD00002543,4,6,46.64,18.66,3.23,260.46000000000004
2137,ORD00000717,PROD00001749,1,5,41.67,16.67,3.54,190.65
2138,ORD00000717,PROD00001367,2,5,30.54,12.22,4.1,132.2
2139,ORD00000717,PROD00002604,3,4,36.58,14.63,2.99,134.35999999999999
2140,ORD00000718,PROD00002471,1,10,43.6,17.44,4.99,386.1
2141,ORD00000718,PROD00002550,2,10,42.3,16.92,6.15,361.5
2142,ORD00000718,PROD00003113,3,2,19.85,7.94,2.93,33.84
2143,ORD00000719,PROD00003149,1,5,48.07,19.23,5.96,210.55
2144,ORD00000720,PROD00003584,1,4,40.12,16.05,2.61,150.04
2145,ORD00000720,PROD00001275,2,10,41.65,16.66,0.11,415.4
2146,ORD00000721,PROD00000125,1,6,44.85,17.94,6.1,232.5
2147,ORD00000721,PROD00000219,2,6,10.56,4.22,1.32,55.44
2148,ORD00000722,PROD00004104,1,5,45.4,18.16,4.46,204.7
2149,ORD00000722,PROD00001327,2,4,10.39,4.16,0.08,41.24
2150,ORD00000722,PROD00000807,3,3,47.95,19.18,6.65,123.9
2151,ORD00000723,PROD00001587,1,7,20.15,8.06,1.89,127.82
2152,ORD00000723,PROD00000932,2,2,29.58,11.83,,
2153,ORD00000724,PROD00003039,1,1,16.13,6.45,,
2154,ORD00000725,PROD00003317,1,8,32.18,12.87,,
2155,ORD00000725,PROD00003645,2,7,25.36,10.14,3.49,153.08999999999997
2156,ORD00000725,PROD00003825,3,10,34.24,13.7,0.84,334.0
2157,ORD00000725,PROD00002634,4,6,43.27,17.31,,
2158,ORD00000726,PROD00003607,1,1,45.44,18.18,0.37,45.07
2159,ORD00000726,PROD00002854,2,9,28.25,11.3,2.14,234.99
2160,ORD00000726,PROD00000339,3,4,16.63,6.65,,
2161,ORD00000726,PROD00002849,4,7,48.41,19.36,1.16,330.75
2162,ORD00000727,PROD00001906,1,4,41.41,16.56,0.45,163.83999999999997
2163,ORD00000728,PROD00004095,1,9,24.48,9.79,2.45,198.27
2164,ORD00000728,PROD00004675,2,1,16.18,6.47,1.87,14.309999999999999
2165,ORD00000728,PROD00003509,3,8,36.19,14.48,2.27,271.35999999999996
2166,ORD00000728,PROD00003026,4,6,41.67,16.67,,
2167,ORD00000729,PROD00003999,1,10,28.44,11.38,3.38,250.60000000000002
2168,ORD00000729,PROD00001711,2,1,19.57,7.83,0.38,19.19
2169,ORD00000729,PROD00002027,3,7,39.96,15.98,2.97,258.93
2170,ORD00000730,PROD00002582,1,10,19.67,7.87,2.22,174.50000000000003
2171,ORD00000730,PROD00003081,2,9,29.75,11.9,,
2172,ORD00000731,PROD00002470,1,1,25.71,10.28,1.31,24.400000000000002
2173,ORD00000731,PROD00000326,2,6,17.4,6.96,,
2174,ORD00000731,PROD00000812,3,6,31.9,12.76,4.43,164.82
2175,ORD00000731,PROD00002232,4,4,37.66,15.06,2.07,142.35999999999999
2176,ORD00000731,PROD00004568,5,5,35.89,14.36,2.55,166.70000000000002
2177,ORD00000732,PROD00003345,1,10,31.36,12.54,3.22,281.4
2178,ORD00000732,PROD00000414,2,6,31.17,12.47,,
2179,ORD00000732,PROD00004129,3,10,36.15,14.46,0.1,360.5
2180,ORD00000732,PROD00004992,4,9,16.56,6.62,0.27,146.60999999999999
2181,ORD00000733,PROD00004760,1,9,48.3,19.32,5.45,385.65
2182,ORD00000734,PROD00001430,1,5,48.5,19.4,,
2183,ORD00000734,PROD00002158,2,2,17.53,7.01,0.76,33.54
2184,ORD00000735,PROD00000817,1,10,15.7,6.28,,
2185,ORD00000735,PROD00001242,2,1,16.43,6.57,,
2186,ORD00000735,PROD00001499,3,10,26.71,10.68,,
2187,ORD00000736,PROD00001413,1,6,21.08,8.43,,
2188,ORD00000737,PROD00003057,1,9,11.91,4.76,0.23,105.12
2189,ORD00000738,PROD00004246,1,10,10.76,4.3,0.39,103.69999999999999
2190,ORD00000738,PROD00003122,2,4,12.11,4.84,0.26,47.4
2191,ORD00000738,PROD00002070,3,4,40.93,16.37,1.49,157.76
2192,ORD00000738,PROD00001609,4,4,33.97,13.59,,
2193,ORD00000738,PROD00000874,5,10,42.54,17.02,,
2194,ORD00000739,PROD00003570,1,9,10.89,4.36,1.23,86.94
2195,ORD00000740,PROD00003920,1,9,32.73,13.09,3.35,264.41999999999996
2196,ORD00000741,PROD00004240,1,4,45.23,18.09,3.42,167.23999999999998
2197,ORD00000741,PROD00000595,2,5,46.33,18.53,6.25,200.39999999999998
2198,ORD00000741,PROD00003039,3,5,28.34,11.34,0.74,138.0
2199,ORD00000741,PROD00002954,4,3,47.56,19.02,,
2200,ORD00000741,PROD00001089,5,5,15.04,6.02,1.16,69.39999999999999
2201,ORD00000742,PROD00003871,1,3,19.97,7.99,2.86,51.33
2202,ORD00000742,PROD00004100,2,8,30.57,12.23,0.06,244.08
2203,ORD00000743,PROD00003328,1,5,19.79,7.92,1.95,89.2
2204,ORD00000743,PROD00004907,2,4,17.18,6.87,,
2205,ORD00000743,PROD00004057,3,2,37.71,15.08,,
2206,ORD00000743,PROD00002694,4,10,21.25,8.5,2.05,192.0
2207,ORD00000744,PROD00001870,1,4,46.17,18.47,6.66,158.04000000000002
2208,ORD00000745,PROD00001436,1,10,24.52,9.81,3.21,213.1
2209,ORD00000745,PROD00004114,2,7,35.29,14.12,,
2210,ORD00000745,PROD00002992,3,8,46.65,18.66,,
2211,ORD00000745,PROD00000598,4,5,12.67,5.07,1.46,56.050000000000004
2212,ORD00000746,PROD00000602,1,10,18.94,7.58,0.84,181.0
2213,ORD00000746,PROD00004397,2,10,10.38,4.15,,
2214,ORD00000746,PROD00002060,3,7,38.95,15.58,1.43,262.64000000000004
2215,ORD00000747,PROD00002616,1,1,17.4,6.96,2.42,14.979999999999999
2216,ORD00000747,PROD00004230,2,10,44.52,17.81,,
2217,ORD00000748,PROD00000040,1,5,25.12,10.05,,
2218,ORD00000748,PROD00000294,2,10,49.56,19.82,2.1,474.6
2219,ORD00000748,PROD00002452,3,4,19.28,7.71,1.9,69.52000000000001
2220,ORD00000748,PROD00003051,4,3,32.09,12.84,,
2221,ORD00000749,PROD00004626,1,4,21.04,8.42,,
2222,ORD00000750,PROD00003376,1,2,22.56,9.02,1.85,41.419999999999995
2223,ORD00000750,PROD00004371,2,3,12.75,5.1,,
2224,ORD00000750,PROD00002446,3,2,33.64,13.46,,
2225,ORD00000751,PROD00003216,1,2,26.79,10.72,,
2226,ORD00000751,PROD00000854,2,6,48.33,19.33,5.6,256.38
2227,ORD00000752,PROD00000250,1,6,42.31,16.92,0.69,249.72000000000003
2228,ORD00000752,PROD00004797,2,5,12.01,4.8,1.57,52.199999999999996
2229,ORD00000753,PROD00004421,1,2,32.01,12.8,3.13,57.76
2230,ORD00000754,PROD00000111,1,9,43.32,17.33,4.04,353.52
2231,ORD00000754,PROD00000190,2,10,16.16,6.46,0.83,153.3
2232,ORD00000754,PROD00001849,3,8,43.22,17.29,2.88,322.71999999999997
2233,ORD00000755,PROD00000103,1,9,24.54,9.82,,
2234,ORD00000755,PROD00002646,2,8,24.67,9.87,,
2235,ORD00000755,PROD00001609,3,7,36.78,14.71,3.04,236.18
2236,ORD00000756,PROD00003205,1,9,32.64,13.06,1.24,282.6
2237,ORD00000756,PROD00000322,2,6,33.82,13.53,,
2238,ORD00000757,PROD00000956,1,3,18.76,7.5,1.16,52.800000000000004
2239,ORD00000757,PROD00001888,2,5,20.86,8.34,2.61,91.25
2240,ORD00000757,PROD00003419,3,2,38.18,15.27,3.92,68.52
2241,ORD00000758,PROD00001966,1,2,32.24,12.9,0.98,62.52
2242,ORD00000759,PROD00001463,1,3,27.62,11.05,1.65,77.91000000000001
2243,ORD00000759,PROD00002441,2,2,34.74,13.9,1.92,65.64
2244,ORD00000759,PROD00000343,3,2,28.78,11.51,3.27,51.02
2245,ORD00000759,PROD00003178,4,4,38.32,15.33,0.26,152.24
2246,ORD00000759,PROD00003884,5,8,38.91,15.56,,
2247,ORD00000760,PROD00002318,1,10,17.0,6.8,0.76,162.39999999999998
2248,ORD00000760,PROD00000553,2,8,11.09,4.44,0.94,81.2
2249,ORD00000760,PROD00001314,3,7,48.22,19.29,0.86,331.52
2250,ORD00000760,PROD00000063,4,3,24.52,9.81,2.23,66.87
2251,ORD00000760,PROD00001530,5,1,19.62,7.85,0.07,19.55
2252,ORD00000761,PROD00002172,1,5,46.8,18.72,5.27,207.65
2253,ORD00000761,PROD00001541,2,10,12.13,4.85,1.67,104.60000000000001
2254,ORD00000761,PROD00003971,3,5,49.82,19.93,4.93,224.45
2255,ORD00000761,PROD00003979,4,1,16.73,6.69,,
2256,ORD00000762,PROD00000027,1,1,37.84,15.14,1.74,36.1
2257,ORD00000762,PROD00002507,2,1,22.34,8.94,2.15,20.19
2258,ORD00000763,PROD00004327,1,3,42.03,16.81,,
2259,ORD00000763,PROD00001392,2,3,49.38,19.75,3.57,137.43
2260,ORD00000764,PROD00004006,1,3,40.29,16.12,3.07,111.66
2261,ORD00000764,PROD00001614,2,2,48.08,19.23,1.64,92.88
2262,ORD00000765,PROD00003794,1,7,37.91,15.16,,
2263,ORD00000765,PROD00002952,2,4,41.03,16.41,5.2,143.32
2264,ORD00000766,PROD00003648,1,2,39.83,15.93,5.24,69.17999999999999
2265,ORD00000766,PROD00004514,2,6,20.43,8.17,0.73,118.19999999999999
2266,ORD00000767,PROD00000510,1,8,11.62,4.65,1.3,82.55999999999999
2267,ORD00000767,PROD00003946,2,3,32.4,12.96,,
2268,ORD00000768,PROD00004189,1,7,20.15,8.06,1.78,128.58999999999997
2269,ORD00000768,PROD00003785,2,9,23.74,9.5,,
2270,ORD00000768,PROD00002211,3,1,45.46,18.18,4.17,41.29
2271,ORD00000769,PROD00003352,1,5,43.28,17.31,,
2272,ORD00000769,PROD00003813,2,1,37.8,15.12,,
2273,ORD00000770,PROD00001503,1,4,22.88,9.15,1.13,87.0
2274,ORD00000771,PROD00002270,1,10,28.12,11.25,1.77,263.5
2275,ORD00000771,PROD00003306,2,6,23.62,9.45,0.2,140.52
2276,ORD00000771,PROD00003590,3,1,30.4,12.16,4.56,25.84
2277,ORD00000771,PROD00002031,4,9,12.8,5.12,0.68,109.08000000000001
2278,ORD00000771,PROD00004907,5,1,29.42,11.77,2.17,27.25
2279,ORD00000772,PROD00004816,1,8,34.62,13.85,4.9,237.76
2280,ORD00000772,PROD00003751,2,10,11.01,4.4,0.97,100.39999999999999
2281,ORD00000772,PROD00001118,3,2,32.88,13.15,1.24,63.28000000000001
2282,ORD00000772,PROD00004760,4,4,18.24,7.3,2.03,64.83999999999999
2283,ORD00000772,PROD00004421,5,1,16.05,6.42,2.07,13.98
2284,ORD00000773,PROD00004190,1,4,42.92,17.17,1.59,165.32
2285,ORD00000773,PROD00000711,2,7,24.17,9.67,0.59,165.06
2286,ORD00000773,PROD00004943,3,5,49.52,19.81,4.73,223.95000000000005
2287,ORD00000773,PROD00003748,4,1,46.02,18.41,0.98,45.040000000000006
2288,ORD00000774,PROD00001599,1,6,26.99,10.8,,
2289,ORD00000775,PROD00000346,1,9,16.16,6.46,,
2290,ORD00000775,PROD00003912,2,9,26.62,10.65,,
2291,ORD00000775,PROD00003094,3,2,47.66,19.06,0.81,93.69999999999999
2292,ORD00000775,PROD00004255,4,3,23.17,9.27,,
2293,ORD00000775,PROD00000004,5,10,38.44,15.38,4.42,340.19999999999993
2294,ORD00000776,PROD00004983,1,6,42.4,16.96,0.94,248.76
2295,ORD00000777,PROD00002228,1,1,39.0,15.6,0.6,38.4
2296,ORD00000777,PROD00001345,2,10,11.54,4.62,,
2297,ORD00000777,PROD00000753,3,1,26.68,10.67,0.64,26.04
2298,ORD00000778,PROD00002254,1,1,20.67,8.27,2.36,18.310000000000002
2299,ORD00000778,PROD00001202,2,1,41.36,16.54,0.39,40.97
2300,ORD00000778,PROD00002498,3,2,32.41,12.96,0.6,63.61999999999999
2301,ORD00000778,PROD00002527,4,4,44.12,17.65,,
2302,ORD00000779,PROD00004886,1,8,40.4,16.16,,
2303,ORD00000779,PROD00001533,2,4,48.95,19.58,2.72,184.92000000000002
2304,ORD00000779,PROD00004573,3,4,42.06,16.82,1.18,163.52
2305,ORD00000779,PROD00004541,4,6,38.32,15.33,5.6,196.32
2306,ORD00000780,PROD00001222,1,1,25.11,10.04,3.23,21.88
2307,ORD00000780,PROD00003288,2,2,49.61,19.84,4.99,89.24
2308,ORD00000780,PROD00000079,3,8,48.79,19.52,2.63,369.28
2309,ORD00000780,PROD00003997,4,6,29.7,11.88,,
2310,ORD00000780,PROD00002630,5,8,47.22,18.89,5.62,332.8
2311,ORD00000781,PROD00000666,1,3,46.52,18.61,4.75,125.31
2312,ORD00000782,PROD00001249,1,7,45.03,18.01,4.37,284.62
2313,ORD00000783,PROD00004767,1,1,10.71,4.28,0.84,9.870000000000001
2314,ORD00000783,PROD00001419,2,6,17.68,7.07,0.38,103.80000000000001
2315,ORD00000783,PROD00001360,3,7,22.96,9.18,0.72,155.68
2316,ORD00000783,PROD00003878,4,4,25.64,10.26,,
2317,ORD00000784,PROD00004295,1,9,19.47,7.79,2.33,154.26
2318,ORD00000784,PROD00004864,2,6,10.85,4.34,0.5,62.099999999999994
2319,ORD00000784,PROD00004191,3,9,19.19,7.68,2.0,154.71
2320,ORD00000784,PROD00004225,4,8,30.74,12.3,,
2321,ORD00000784,PROD00004161,5,9,45.43,18.17,,
2322,ORD00000785,PROD00000886,1,7,48.17,19.27,4.9,302.89000000000004
2323,ORD00000785,PROD00001256,2,4,11.27,4.51,0.09,44.72
2324,ORD00000785,PROD00003978,3,7,28.56,11.42,2.82,180.17999999999998
2325,ORD00000785,PROD00003153,4,8,13.15,5.26,0.69,99.68
2326,ORD00000786,PROD00001693,1,8,26.38,10.55,2.1,194.23999999999998
2327,ORD00000786,PROD00004699,2,2,44.15,17.66,1.01,86.28
2328,ORD00000787,PROD00002359,1,4,47.18,18.87,2.79,177.56
2329,ORD00000787,PROD00002572,2,6,14.42,5.77,1.96,74.76
2330,ORD00000787,PROD00003418,3,8,46.17,18.47,1.43,357.92
2331,ORD00000788,PROD00000440,1,2,32.68,13.07,,
2332,ORD00000788,PROD00001844,2,10,28.63,11.45,2.78,258.5
2333,ORD00000788,PROD00003520,3,3,46.73,18.69,3.07,130.98
2334,ORD00000788,PROD00004881,4,6,41.89,16.76,4.55,224.04000000000002
2335,ORD00000788,PROD00004515,5,1,44.04,17.62,,
2336,ORD00000789,PROD00002189,1,4,15.8,6.32,0.42,61.52
2337,ORD00000789,PROD00003344,2,10,45.39,18.16,2.38,430.09999999999997
2338,ORD00000789,PROD00004228,3,9,21.28,8.51,,
2339,ORD00000790,PROD00004052,1,2,29.44,11.78,0.8,57.28
2340,ORD00000790,PROD00000787,2,8,25.57,10.23,2.03,188.32
2341,ORD00000790,PROD00003333,3,1,20.86,8.34,0.35,20.509999999999998
2342,ORD00000790,PROD00003274,4,1,38.95,15.58,4.84,34.11
2343,ORD00000790,PROD00003120,5,2,20.81,8.32,1.36,38.9
2344,ORD00000791,PROD00001790,1,5,46.31,18.52,,
2345,ORD00000791,PROD00001555,2,6,26.82,10.73,2.45,146.22
2346,ORD00000791,PROD00002454,3,5,42.93,17.17,,
2347,ORD00000792,PROD00003899,1,4,24.28,9.71,,
2348,ORD00000792,PROD00002245,2,3,33.97,13.59,,
2349,ORD00000793,PROD00001445,1,5,18.9,7.56,,
2350,ORD00000794,PROD00001302,1,7,47.22,18.89,4.82,296.8
2351,ORD00000794,PROD00003607,2,8,34.71,13.88,3.89,246.56
2352,ORD00000794,PROD00003041,3,9,35.04,14.02,0.92,307.08
2353,ORD00000794,PROD00002227,4,8,14.92,5.97,,
2354,ORD00000794,PROD00004117,5,8,18.32,7.33,0.33,143.92000000000002
2355,ORD00000795,PROD00002221,1,6,34.82,13.93,4.73,180.54
2356,ORD00000796,PROD00003364,1,4,14.42,5.77,,
2357,ORD00000797,PROD00002391,1,3,36.9,14.76,3.07,101.49
2358,ORD00000797,PROD00003507,2,8,28.23,11.29,,
2359,ORD00000797,PROD00000817,3,7,28.02,11.21,,
2360,ORD00000797,PROD00001946,4,9,47.43,18.97,0.71,420.48
2361,ORD00000797,PROD00002678,5,8,44.52,17.81,0.8,349.76000000000005
2362,ORD00000798,PROD00002369,1,5,46.38,18.55,,
2363,ORD00000798,PROD00003973,2,7,44.87,17.95,1.46,303.87
2364,ORD00000798,PROD00002936,3,10,43.66,17.46,2.7,409.5999999999999
2365,ORD00000798,PROD00002798,4,7,31.42,12.57,2.26,204.12000000000003
2366,ORD00000798,PROD00002117,5,3,17.37,6.95,,
2367,ORD00000799,PROD00000206,1,8,20.35,8.14,,
2368,ORD00000800,PROD00000178,1,6,40.25,16.1,4.44,214.86
2369,ORD00000800,PROD00004307,2,8,15.77,6.31,1.88,111.12
2370,ORD00000800,PROD00000102,3,5,23.26,9.3,0.76,112.5
2371,ORD00000801,PROD00003403,1,9,28.25,11.3,,
2372,ORD00000801,PROD00000053,2,1,24.6,9.84,1.7,22.900000000000002
2373,ORD00000801,PROD00004123,3,5,26.58,10.63,0.33,131.25
2374,ORD00000801,PROD00004103,4,6,46.43,18.57,,
2375,ORD00000801,PROD00000573,5,3,14.44,5.78,,
2376,ORD00000802,PROD00004299,1,3,49.57,19.83,,
2377,ORD00000802,PROD00000559,2,8,22.13,8.85,0.66,171.76
2378,ORD00000803,PROD00001123,1,10,27.66,11.06,1.6,260.59999999999997
2379,ORD00000803,PROD00003178,2,5,23.56,9.42,,
2380,ORD00000803,PROD00002505,3,6,31.87,12.75,2.54,175.98000000000002
2381,ORD00000803,PROD00000341,4,9,35.09,14.04,,
2382,ORD00000804,PROD00004557,1,10,14.72,5.89,,
2383,ORD00000805,PROD00000931,1,6,35.68,14.27,,
2384,ORD00000805,PROD00002978,2,3,19.83,7.93,1.64,54.56999999999999
2385,ORD00000805,PROD00000717,3,8,38.18,15.27,,
2386,ORD00000805,PROD00000521,4,7,11.34,4.54,0.53,75.67
2387,ORD00000805,PROD00004451,5,1,11.46,4.58,1.63,9.830000000000002
2388,ORD00000806,PROD00003309,1,2,43.17,17.27,0.32,85.7
2389,ORD00000806,PROD00003261,2,4,29.79,11.92,3.19,106.39999999999999
2390,ORD00000807,PROD00000132,1,10,34.29,13.72,1.01,332.8
2391,ORD00000807,PROD00003500,2,6,10.67,4.27,,
2392,ORD00000807,PROD00003703,3,3,24.48,9.79,0.38,72.30000000000001
2393,ORD00000808,PROD00004423,1,10,36.64,14.66,0.63,360.09999999999997
2394,ORD00000808,PROD00001595,2,10,32.08,12.83,,
2395,ORD00000808,PROD00000412,3,8,38.83,15.53,3.09,285.91999999999996
2396,ORD00000808,PROD00004906,4,4,21.64,8.66,,
2397,ORD00000808,PROD00000993,5,4,30.71,12.28,,
2398,ORD00000809,PROD00000016,1,8,44.77,17.91,2.02,342.0
2399,ORD00000810,PROD00003686,1,2,30.1,12.04,1.44,57.32
2400,ORD00000810,PROD00004515,2,10,26.16,10.46,,
2401,ORD00000810,PROD00003059,3,7,47.99,19.2,1.44,325.85
2402,ORD00000811,PROD00001233,1,1,27.76,11.1,0.46,27.3
2403,ORD00000812,PROD00000854,1,2,26.12,10.45,,
2404,ORD00000812,PROD00002487,2,8,26.07,10.43,1.16,199.28
2405,ORD00000812,PROD00001643,3,6,38.95,15.58,1.33,225.72000000000003
2406,ORD00000812,PROD00002914,4,8,26.84,10.74,,
2407,ORD00000812,PROD00004257,5,3,32.63,13.05,,
2408,ORD00000813,PROD00004629,1,3,11.59,4.64,0.58,33.03
2409,ORD00000813,PROD00002168,2,4,28.22,11.29,0.57,110.6
2410,ORD00000813,PROD00000158,3,8,29.08,11.63,,
2411,ORD00000813,PROD00000177,4,5,15.2,6.08,,
2412,ORD00000813,PROD00004192,5,3,18.7,7.48,0.35,55.05
2413,ORD00000814,PROD00000045,1,4,19.84,7.94,1.36,73.92
2414,ORD00000814,PROD00001381,2,9,21.5,8.6,1.81,177.21
2415,ORD00000814,PROD00003554,3,1,25.42,10.17,,
2416,ORD00000814,PROD00004790,4,7,45.67,18.27,1.07,312.2
2417,ORD00000814,PROD00002308,5,6,19.55,7.82,1.58,107.82
2418,ORD00000815,PROD00004576,1,6,16.86,6.74,,
2419,ORD00000815,PROD00003966,2,8,34.06,13.62,0.27,270.32
2420,ORD00000816,PROD00001693,1,8,11.76,4.7,1.7,80.48
2421,ORD00000817,PROD00003326,1,9,35.6,14.24,4.8,277.2
2422,ORD00000817,PROD00001743,2,9,28.23,11.29,,
2423,ORD00000817,PROD00000317,3,8,18.22,7.29,1.4,134.56
2424,ORD00000818,PROD00000350,1,4,46.22,18.49,,
2425,ORD00000818,PROD00002360,2,4,42.83,17.13,1.45,165.51999999999998
2426,ORD00000818,PROD00004705,3,5,41.16,16.46,,
2427,ORD00000819,PROD00003430,1,1,38.53,15.41,4.7,33.83
2428,ORD00000819,PROD00001629,2,3,48.11,19.24,6.3,125.43
2429,ORD00000819,PROD00001266,3,10,10.54,4.22,0.13,104.09999999999998
2430,ORD00000819,PROD00000946,4,10,13.69,5.48,0.1,135.9
2431,ORD00000819,PROD00000192,5,2,12.88,5.15,1.47,22.82
2432,ORD00000820,PROD00002918,1,10,49.87,19.95,0.81,490.59999999999997
2433,ORD00000820,PROD00004822,2,1,43.14,17.26,,
2434,ORD00000821,PROD00002180,1,10,35.23,14.09,,
2435,ORD00000822,PROD00004873,1,6,20.0,8.0,2.96,102.24
2436,ORD00000822,PROD00003655,2,9,47.07,18.83,,
2437,ORD00000822,PROD00002344,3,3,26.92,10.77,2.25,74.01
2438,ORD00000823,PROD00000514,1,4,42.14,16.86,,
2439,ORD00000824,PROD00003995,1,2,28.66,11.46,3.84,49.64
2440,ORD00000824,PROD00000849,2,7,25.7,10.28,2.32,163.66
2441,ORD00000825,PROD00002403,1,10,37.29,14.92,0.16,371.3
2442,ORD00000826,PROD00001122,1,1,24.54,9.82,3.49,21.049999999999997
2443,ORD00000826,PROD00001823,2,5,31.82,12.73,4.58,136.20000000000002
2444,ORD00000826,PROD00004491,3,5,48.99,19.6,,
2445,ORD00000827,PROD00003679,1,1,15.18,6.07,2.2,12.98
2446,ORD00000827,PROD00000637,2,10,12.24,4.9,0.25,119.9
2447,ORD00000827,PROD00002425,3,9,31.47,12.59,3.56,251.19
2448,ORD00000828,PROD00001722,1,6,41.9,16.76,,
2449,ORD00000829,PROD00000947,1,7,36.67,14.67,,
2450,ORD00000829,PROD00002351,2,2,41.5,16.6,,
2451,ORD00000829,PROD00003618,3,7,15.96,6.38,0.04,111.44000000000001
2452,ORD00000829,PROD00001153,4,10,16.91,6.76,,
2453,ORD00000829,PROD00001102,5,5,41.13,16.45,2.59,192.70000000000005
2454,ORD00000830,PROD00002845,1,2,43.54,17.42,,
2455,ORD00000830,PROD00000328,2,10,33.36,13.34,3.14,302.2
2456,ORD00000831,PROD00000948,1,9,43.59,17.44,1.6,377.91
2457,ORD00000831,PROD00002104,2,3,38.42,15.37,3.32,105.30000000000001
2458,ORD00000831,PROD00000343,3,10,30.85,12.34,,
2459,ORD00000831,PROD00004912,4,3,39.78,15.91,4.16,106.86000000000001
2460,ORD00000832,PROD00003495,1,7,30.98,12.39,,
2461,ORD00000832,PROD00001161,2,4,15.49,6.2,2.25,52.96
2462,ORD00000832,PROD00004512,3,10,44.31,17.72,,
2463,ORD00000832,PROD00004166,4,9,37.71,15.08,2.02,321.21
2464,ORD00000832,PROD00001324,5,5,33.65,13.46,,
2465,ORD00000833,PROD00002700,1,4,36.25,14.5,0.5,143.0
2466,ORD00000834,PROD00000860,1,8,26.63,10.65,0.91,205.76
2467,ORD00000834,PROD00001468,2,2,49.76,19.9,0.04,99.44
2468,ORD00000835,PROD00004369,1,7,23.07,9.23,2.73,142.38
2469,ORD00000835,PROD00003759,2,10,36.96,14.78,5.42,315.4
2470,ORD00000836,PROD00000063,1,10,23.05,9.22,0.17,228.79999999999998
2471,ORD00000837,PROD00003891,1,9,43.93,17.57,,
2472,ORD00000837,PROD00001880,2,2,16.75,6.7,,
2473,ORD00000837,PROD00004915,3,8,37.69,15.08,4.85,262.71999999999997
2474,ORD00000838,PROD00000876,1,10,36.58,14.63,,
2475,ORD00000838,PROD00002275,2,3,48.0,19.2,3.88,132.35999999999999
2476,ORD00000838,PROD00002769,3,3,14.04,5.62,0.48,40.67999999999999
2477,ORD00000838,PROD00002356,4,6,36.14,14.46,1.29,209.10000000000002
2478,ORD00000839,PROD00003344,1,8,31.28,12.51,1.81,235.76000000000002
2479,ORD00000840,PROD00000695,1,9,34.64,13.86,1.73,296.19000000000005
2480,ORD00000840,PROD00001815,2,3,16.74,6.7,1.0,47.22
2481,ORD00000841,PROD00002704,1,3,30.25,12.1,0.68,88.71000000000001
2482,ORD00000841,PROD00000561,2,1,28.99,11.6,3.9,25.09
2483,ORD00000842,PROD00001851,1,1,30.16,12.06,3.65,26.51
2484,ORD00000842,PROD00003968,2,9,28.92,11.57,0.23,258.21000000000004
2485,ORD00000842,PROD00001705,3,7,48.08,19.23,3.27,313.66999999999996
2486,ORD00000842,PROD00003401,4,8,24.02,9.61,2.85,169.35999999999999
2487,ORD00000843,PROD00000305,1,6,36.06,14.42,,
2488,ORD00000843,PROD00003075,2,9,27.18,10.87,1.88,227.70000000000002
2489,ORD00000843,PROD00002438,3,2,21.03,8.41,2.73,36.6
2490,ORD00000843,PROD00004847,4,1,14.85,5.94,,
2491,ORD00000843,PROD00004744,5,7,32.72,13.09,2.06,214.62
2492,ORD00000844,PROD00003277,1,1,39.64,15.86,,
2493,ORD00000844,PROD00002442,2,8,25.82,10.33,2.36,187.68
2494,ORD00000844,PROD00001651,3,3,31.47,12.59,4.16,81.92999999999999
2495,ORD00000844,PROD00002202,4,5,20.36,8.14,0.29,100.35
2496,ORD00000845,PROD00001746,1,10,16.98,6.79,0.66,163.2
2497,ORD00000845,PROD00002454,2,10,12.96,5.18,1.32,116.4
2498,ORD00000845,PROD00002496,3,9,32.46,12.98,1.87,275.31
2499,ORD00000845,PROD00003706,4,3,27.07,10.83,1.92,75.44999999999999
2500,ORD00000845,PROD00001124,5,1,42.36,16.94,1.16,41.2
2501,ORD00000846,PROD00001372,1,3,45.15,18.06,,
2502,ORD00000846,PROD00004341,2,1,33.4,13.36,,
2503,ORD00000846,PROD00004395,3,5,16.71,6.68,0.16,82.75
2504,ORD00000846,PROD00003618,4,5,28.96,11.58,3.29,128.35000000000002
2505,ORD00000847,PROD00001978,1,1,10.09,4.04,0.45,9.64
2506,ORD00000847,PROD00000289,2,9,48.04,19.22,4.32,393.48
2507,ORD00000847,PROD00003460,3,4,49.59,19.84,,
2508,ORD00000848,PROD00003611,1,7,20.68,8.27,1.29,135.73000000000002
2509,ORD00000848,PROD00000237,2,1,43.03,17.21,5.97,37.06
2510,ORD00000849,PROD00002622,1,7,29.62,11.85,3.0,186.34
2511,ORD00000849,PROD00004654,2,2,49.36,19.74,,
2512,ORD00000849,PROD00002606,3,3,44.02,17.61,,
2513,ORD00000849,PROD00002184,4,3,41.46,16.58,3.57,113.67
2514,ORD00000850,PROD00004784,1,4,27.04,10.82,3.35,94.75999999999999
2515,ORD00000850,PROD00001736,2,2,36.67,14.67,2.43,68.48
2516,ORD00000850,PROD00003978,3,2,40.69,16.28,5.77,69.84
2517,ORD00000851,PROD00003242,1,3,33.19,13.28,,
2518,ORD00000852,PROD00000951,1,5,16.46,6.58,2.42,70.2
2519,ORD00000852,PROD00000291,2,7,42.03,16.81,,
2520,ORD00000852,PROD00004278,3,4,36.26,14.5,4.82,125.75999999999999
2521,ORD00000853,PROD00003807,1,7,29.41,11.76,,
2522,ORD00000853,PROD00000729,2,2,47.89,19.16,,
2523,ORD00000853,PROD00002705,3,4,37.34,14.94,0.38,147.84
2524,ORD00000853,PROD00003193,4,6,39.8,15.92,,
2525,ORD00000853,PROD00001164,5,3,39.25,15.7,3.84,106.22999999999999
2526,ORD00000854,PROD00003108,1,1,24.6,9.84,2.16,22.44
2527,ORD00000854,PROD00004531,2,6,49.4,19.76,5.7,262.2
2528,ORD00000854,PROD00001505,3,2,36.35,14.54,1.62,69.46000000000001
2529,ORD00000855,PROD00002156,1,2,32.94,13.18,,
2530,ORD00000855,PROD00004284,2,10,45.48,18.19,1.9,435.79999999999995
2531,ORD00000855,PROD00003902,3,3,40.61,16.24,6.07,103.62
2532,ORD00000855,PROD00000617,4,4,19.59,7.84,0.1,77.96
2533,ORD00000856,PROD00001896,1,1,46.49,18.6,0.26,46.230000000000004
2534,ORD00000857,PROD00001029,1,7,19.77,7.91,2.29,122.36
2535,ORD00000857,PROD00002136,2,7,49.91,19.96,1.77,336.97999999999996
2536,ORD00000857,PROD00001987,3,5,11.08,4.43,1.57,47.55
2537,ORD00000858,PROD00000755,1,3,29.53,11.81,1.84,83.07000000000001
2538,ORD00000859,PROD00003630,1,2,43.45,17.38,5.44,76.02000000000001
2539,ORD00000859,PROD00003697,2,6,15.77,6.31,0.06,94.25999999999999
2540,ORD00000859,PROD00004535,3,5,23.58,9.43,1.59,109.94999999999999
2541,ORD00000860,PROD00002910,1,3,41.42,16.57,3.03,115.17
2542,ORD00000860,PROD00004205,2,2,27.37,10.95,1.09,52.56
2543,ORD00000860,PROD00002944,3,4,36.51,14.6,2.18,137.32
2544,ORD00000860,PROD00003372,4,1,39.8,15.92,,
2545,ORD00000861,PROD00000043,1,10,31.27,12.51,,
2546,ORD00000862,PROD00003778,1,4,42.42,16.97,5.79,146.52
2547,ORD00000862,PROD00004439,2,10,13.35,5.34,0.5,128.5
2548,ORD00000862,PROD00001263,3,8,16.26,6.5,,
2549,ORD00000862,PROD00000990,4,3,46.95,18.78,,
2550,ORD00000862,PROD00004530,5,10,23.97,9.59,2.66,213.1
2551,ORD00000863,PROD00004601,1,9,38.98,15.59,5.76,298.98
2552,ORD00000863,PROD00002395,2,5,14.3,5.72,0.3,70.0
2553,ORD00000863,PROD00004993,3,1,24.2,9.68,1.55,22.65
2554,ORD00000863,PROD00003272,4,8,38.45,15.38,4.8,269.20000000000005
2555,ORD00000864,PROD00004279,1,2,20.07,8.03,2.64,34.86
2556,ORD00000865,PROD00000393,1,9,28.46,11.38,3.91,220.95000000000002
2557,ORD00000865,PROD00001165,2,5,13.71,5.48,1.73,59.900000000000006
2558,ORD00000866,PROD00002583,1,7,42.8,17.12,2.3,283.5
2559,ORD00000866,PROD00001605,2,9,35.15,14.06,3.47,285.12
2560,ORD00000866,PROD00003589,3,5,42.4,16.96,,
2561,ORD00000866,PROD00003619,4,10,26.98,10.79,2.21,247.7
2562,ORD00000867,PROD00000988,1,3,14.49,5.8,,
2563,ORD00000868,PROD00004047,1,10,44.56,17.82,2.85,417.1
2564,ORD00000868,PROD00002996,2,2,17.03,6.81,2.19,29.680000000000003
2565,ORD00000869,PROD00003004,1,4,46.96,18.78,3.79,172.68
2566,ORD00000869,PROD00000426,2,1,35.34,14.14,4.42,30.92
2567,ORD00000869,PROD00002395,3,2,37.67,15.07,,
2568,ORD00000869,PROD00002984,4,2,38.95,15.58,,
2569,ORD00000869,PROD00003412,5,8,10.01,4.0,1.45,68.48
2570,ORD00000870,PROD00002357,1,8,16.46,6.58,,
2571,ORD00000870,PROD00003666,2,4,43.57,17.43,,
2572,ORD00000870,PROD00004289,3,8,46.1,18.44,,
2573,ORD00000870,PROD00003767,4,6,22.23,8.89,0.66,129.42000000000002
2574,ORD00000870,PROD00003937,5,9,12.51,5.0,0.96,103.95
2575,ORD00000871,PROD00003772,1,7,11.62,4.65,1.2,72.94
2576,ORD00000871,PROD00001465,2,7,22.42,8.97,3.12,135.1
2577,ORD00000871,PROD00003193,3,6,33.83,13.53,3.49,182.03999999999996
2578,ORD00000871,PROD00003077,4,4,12.94,5.18,1.86,44.32
2579,ORD00000872,PROD00003295,1,5,30.28,12.11,,
2580,ORD00000872,PROD00004904,2,8,15.35,6.14,2.01,106.72
2581,ORD00000873,PROD00004103,1,4,37.19,14.88,3.89,133.2
2582,ORD00000873,PROD00002136,2,1,33.5,13.4,1.56,31.94
2583,ORD00000873,PROD00000730,3,4,19.42,7.77,1.42,72.0
2584,ORD00000873,PROD00001644,4,1,14.52,5.81,,
2585,ORD00000874,PROD00002082,1,1,23.71,9.48,1.75,21.96
2586,ORD00000874,PROD00003510,2,10,42.14,16.86,,
2587,ORD00000874,PROD00004780,3,5,30.03,12.01,,
2588,ORD00000875,PROD00003025,1,2,10.14,4.06,0.35,19.580000000000002
2589,ORD00000875,PROD00002190,2,4,42.59,17.04,3.32,157.08
2590,ORD00000875,PROD00000352,3,7,43.43,17.37,2.45,286.85999999999996
2591,ORD00000876,PROD00002482,1,7,29.86,11.94,3.28,186.06
2592,ORD00000876,PROD00001978,2,9,32.43,12.97,3.68,258.75
2593,ORD00000876,PROD00002628,3,3,32.55,13.02,3.81,86.22
2594,ORD00000877,PROD00004846,1,6,34.56,13.82,4.94,177.72
2595,ORD00000877,PROD00000202,2,10,24.35,9.74,2.25,221.0
2596,ORD00000877,PROD00003618,3,4,16.34,6.54,0.45,63.56
2597,ORD00000877,PROD00004139,4,1,20.41,8.16,,
2598,ORD00000877,PROD00000849,5,2,12.55,5.02,0.55,24.0
2599,ORD00000878,PROD00001964,1,10,15.3,6.12,1.48,138.2
2600,ORD00000878,PROD00002336,2,8,15.3,6.12,0.28,120.16000000000001
2601,ORD00000879,PROD00002750,1,3,41.29,16.52,,
2602,ORD00000879,PROD00000790,2,1,19.96,7.98,1.57,18.39
2603,ORD00000880,PROD00004156,1,3,27.34,10.94,0.39,80.85
2604,ORD00000880,PROD00002040,2,8,12.21,4.88,0.5,93.68
2605,ORD00000881,PROD00000001,1,9,16.07,6.43,1.47,131.4
2606,ORD00000881,PROD00001428,2,10,42.11,16.84,1.42,406.9
2607,ORD00000881,PROD00003201,3,8,39.73,15.89,,
2608,ORD00000881,PROD00004822,4,8,34.68,13.87,,
2609,ORD00000882,PROD00003592,1,8,21.87,8.75,1.77,160.8
2610,ORD00000882,PROD00000684,2,10,22.96,9.18,1.31,216.50000000000003
2611,ORD00000882,PROD00004191,3,2,16.95,6.78,,
2612,ORD00000882,PROD00001662,4,7,30.21,12.08,3.78,185.01
2613,ORD00000883,PROD00002732,1,6,47.18,18.87,,
2614,ORD00000883,PROD00004542,2,10,21.32,8.53,2.03,192.89999999999998
2615,ORD00000883,PROD00003942,3,8,31.41,12.56,4.42,215.92000000000002
2616,ORD00000884,PROD00004249,1,8,30.56,12.22,4.02,212.32
2617,ORD00000884,PROD00001611,2,10,25.45,10.18,2.21,232.39999999999998
2618,ORD00000884,PROD00002063,3,7,35.02,14.01,,
2619,ORD00000884,PROD00002270,4,4,49.79,19.92,,
2620,ORD00000885,PROD00003625,1,3,21.91,8.76,1.44,61.41
2621,ORD00000885,PROD00000673,2,9,44.39,17.76,0.87,391.68
2622,ORD00000885,PROD00003096,3,7,17.11,6.84,2.29,103.74000000000001
2623,ORD00000886,PROD00004986,1,10,22.53,9.01,1.83,207.00000000000003
2624,ORD00000887,PROD00000484,1,9,23.76,9.5,0.0,213.84
2625,ORD00000887,PROD00000652,2,7,43.84,17.54,0.82,301.14000000000004
2626,ORD00000887,PROD00002061,3,1,12.97,5.19,0.86,12.110000000000001
2627,ORD00000887,PROD00002022,4,8,36.14,14.46,4.64,252.0
2628,ORD00000887,PROD00003742,5,6,43.44,17.38,4.64,232.79999999999998
2629,ORD00000888,PROD00000248,1,4,30.27,12.11,4.15,104.47999999999999
2630,ORD00000888,PROD00004647,2,2,31.29,12.52,4.0,54.58
2631,ORD00000888,PROD00004854,3,7,21.69,8.68,,
2632,ORD00000888,PROD00003695,4,9,41.57,16.63,,
2633,ORD00000888,PROD00002543,5,8,32.12,12.85,4.81,218.48
2634,ORD00000889,PROD00002346,1,4,16.13,6.45,,
2635,ORD00000889,PROD00002684,2,9,45.45,18.18,,
2636,ORD00000890,PROD00003840,1,6,17.79,7.12,0.96,100.97999999999999
2637,ORD00000890,PROD00001906,2,4,26.71,10.68,,
2638,ORD00000890,PROD00004821,3,6,22.42,8.97,0.99,128.58
2639,ORD00000891,PROD00000998,1,4,27.26,10.9,,
2640,ORD00000892,PROD00001452,1,7,40.82,16.33,4.2,256.34
2641,ORD00000892,PROD00001520,2,2,19.62,7.85,1.1,37.04
2642,ORD00000893,PROD00002770,1,10,39.21,15.68,,
2643,ORD00000893,PROD00002690,2,3,26.26,10.5,,
2644,ORD00000894,PROD00001353,1,6,42.27,16.91,5.57,220.20000000000002
2645,ORD00000895,PROD00001242,1,7,41.71,16.68,0.41,289.1
2646,ORD00000896,PROD00001851,1,10,38.52,15.41,1.89,366.3
2647,ORD00000896,PROD00004490,2,7,28.9,11.56,0.36,199.78
2648,ORD00000896,PROD00003070,3,2,15.26,6.1,1.1,28.32
2649,ORD00000896,PROD00000879,4,8,42.98,17.19,,
2650,ORD00000896,PROD00002512,5,4,26.23,10.49,1.26,99.88
2651,ORD00000897,PROD00002285,1,10,30.01,12.0,2.29,277.20000000000005
2652,ORD00000897,PROD00001947,2,8,11.46,4.58,,
2653,ORD00000898,PROD00004945,1,8,49.24,19.7,4.66,356.64
2654,ORD00000899,PROD00000562,1,6,10.92,4.37,1.57,56.099999999999994
2655,ORD00000899,PROD00003433,2,8,34.12,13.65,2.83,250.32
2656,ORD00000900,PROD00002979,1,9,29.67,11.87,1.01,257.94
2657,ORD00000901,PROD00004719,1,2,20.71,8.28,,
2658,ORD00000902,PROD00003350,1,2,33.45,13.38,0.68,65.54
2659,ORD00000902,PROD00001694,2,10,49.79,19.92,1.43,483.6
2660,ORD00000903,PROD00000851,1,7,30.33,12.13,0.81,206.64
2661,ORD00000903,PROD00000621,2,4,42.22,16.89,3.88,153.35999999999999
2662,ORD00000903,PROD00004721,3,4,19.95,7.98,,
2663,ORD00000903,PROD00004819,4,2,24.56,9.82,,
2664,ORD00000904,PROD00002328,1,9,28.94,11.58,2.89,234.45000000000002
2665,ORD00000904,PROD00004292,2,8,48.49,19.4,1.42,376.56
2666,ORD00000904,PROD00002719,3,1,33.07,13.23,4.44,28.63
2667,ORD00000904,PROD00001447,4,7,37.69,15.08,1.86,250.81
2668,ORD00000905,PROD00000654,1,3,14.11,5.64,0.68,40.29
2669,ORD00000905,PROD00003736,2,5,14.56,5.82,1.28,66.4
2670,ORD00000905,PROD00000515,3,3,30.32,12.13,,
2671,ORD00000905,PROD00004269,4,1,19.21,7.68,,
2672,ORD00000905,PROD00004232,5,1,46.15,18.46,6.59,39.56
2673,ORD00000906,PROD00004027,1,4,46.57,18.63,4.35,168.88
2674,ORD00000906,PROD00001234,2,4,18.2,7.28,0.64,70.24
2675,ORD00000906,PROD00001771,3,6,44.66,17.86,5.07,237.53999999999996
2676,ORD00000906,PROD00000367,4,3,39.42,15.77,1.76,112.98000000000002
2677,ORD00000907,PROD00003433,1,10,37.71,15.08,0.15,375.6
2678,ORD00000907,PROD00002503,2,7,26.19,10.48,3.13,161.42000000000002
2679,ORD00000907,PROD00000241,3,9,16.9,6.76,0.0,152.1
2680,ORD00000908,PROD00001635,1,5,23.92,9.57,0.16,118.80000000000001
2681,ORD00000909,PROD00002218,1,3,23.21,9.28,1.55,64.98
2682,ORD00000909,PROD00003418,2,6,27.73,11.09,0.46,163.62
2683,ORD00000909,PROD00000536,3,10,35.19,14.08,,
2684,ORD00000909,PROD00003018,4,6,13.24,5.3,,
2685,ORD00000909,PROD00003097,5,6,35.55,14.22,2.95,195.59999999999997
2686,ORD00000910,PROD00001097,1,1,46.51,18.6,4.76,41.75
2687,ORD00000911,PROD00002519,1,9,30.97,12.39,0.93,270.36
2688,ORD00000911,PROD00000961,2,8,20.14,8.06,0.3,158.72
2689,ORD00000911,PROD00003252,3,6,22.73,9.09,0.78,131.7
2690,ORD00000911,PROD00001171,4,5,33.82,13.53,2.88,154.70000000000002
2691,ORD00000912,PROD00000973,1,9,39.31,15.72,1.45,340.74
2692,ORD00000913,PROD00001435,1,9,44.61,17.84,6.55,342.54
2693,ORD00000913,PROD00004851,2,1,47.79,19.12,6.45,41.339999999999996
2694,ORD00000913,PROD00003423,3,3,25.72,10.29,2.14,70.74
2695,ORD00000913,PROD00003192,4,8,47.84,19.14,4.0,350.72
2696,ORD00000913,PROD00004369,5,2,14.91,5.96,,
2697,ORD00000914,PROD00001427,1,7,41.47,16.59,,
2698,ORD00000915,PROD00000593,1,9,35.33,14.13,,
2699,ORD00000915,PROD00000844,2,3,39.0,15.6,4.66,103.02000000000001
2700,ORD00000915,PROD00004160,3,8,36.06,14.42,,
2701,ORD00000915,PROD00003989,4,1,44.11,17.64,0.43,43.68
2702,ORD00000916,PROD00000576,1,4,38.2,15.28,,
2703,ORD00000917,PROD00001618,1,3,36.32,14.53,,
2704,ORD00000917,PROD00002823,2,6,14.51,5.8,1.3,79.25999999999999
2705,ORD00000917,PROD00002368,3,1,25.5,10.2,,
2706,ORD00000917,PROD00004639,4,10,41.55,16.62,4.24,373.09999999999997
2707,ORD00000917,PROD00002655,5,5,40.89,16.36,,
2708,ORD00000918,PROD00004533,1,8,27.29,10.92,,
2709,ORD00000919,PROD00000237,1,4,41.68,16.67,0.23,165.8
2710,ORD00000919,PROD00001771,2,4,47.7,19.08,1.32,185.52
2711,ORD00000919,PROD00000218,3,5,34.68,13.87,,
2712,ORD00000920,PROD00001905,1,8,22.11,8.84,2.55,156.48
2713,ORD00000920,PROD00001367,2,9,31.09,12.44,0.2,278.01
2714,ORD00000921,PROD00000806,1,8,45.25,18.1,0.4,358.8
2715,ORD00000922,PROD00004699,1,2,32.36,12.94,2.82,59.08
2716,ORD00000922,PROD00003084,2,9,27.63,11.05,,
2717,ORD00000922,PROD00003694,3,5,20.4,8.16,0.22,100.9
2718,ORD00000923,PROD00004014,1,9,40.02,16.01,3.51,328.59000000000003
2719,ORD00000923,PROD00004418,2,4,48.84,19.54,4.48,177.44
2720,ORD00000923,PROD00003086,3,3,33.35,13.34,,
2721,ORD00000923,PROD00004419,4,4,37.71,15.08,,
2722,ORD00000923,PROD00001270,5,5,41.14,16.46,4.3,184.20000000000002
2723,ORD00000924,PROD00004876,1,9,11.34,4.54,0.66,96.12
2724,ORD00000924,PROD00002495,2,2,38.29,15.32,0.38,75.82
2725,ORD00000924,PROD00002048,3,9,16.48,6.59,,
2726,ORD00000924,PROD00002809,4,8,36.11,14.44,,
2727,ORD00000924,PROD00004166,5,8,19.87,7.95,2.04,142.64000000000001
2728,ORD00000925,PROD00003269,1,1,30.83,12.33,3.8,27.029999999999998
2729,ORD00000925,PROD00002570,2,6,34.88,13.95,5.01,179.22000000000003
2730,ORD00000925,PROD00003399,3,8,21.7,8.68,0.33,170.96
2731,ORD00000925,PROD00000921,4,3,23.37,9.35,2.55,62.46
2732,ORD00000926,PROD00001564,1,7,26.11,10.44,0.47,179.48000000000002
2733,ORD00000927,PROD00004363,1,5,17.73,7.09,,
2734,ORD00000927,PROD00002859,2,4,40.05,16.02,4.09,143.83999999999997
2735,ORD00000927,PROD00001349,3,9,13.01,5.2,0.65,111.24
2736,ORD00000927,PROD00000741,4,9,11.02,4.41,1.04,89.82000000000001
2737,ORD00000928,PROD00000670,1,4,28.76,11.5,,
2738,ORD00000928,PROD00004824,2,10,35.17,14.07,4.8,303.7
2739,ORD00000928,PROD00001805,3,8,32.81,13.12,1.4,251.28000000000003
2740,ORD00000929,PROD00002206,1,8,20.51,8.2,2.6,143.28
2741,ORD00000929,PROD00001803,2,2,46.28,18.51,,
2742,ORD00000930,PROD00002427,1,8,20.33,8.13,,
2743,ORD00000931,PROD00004784,1,9,17.23,6.89,0.13,153.9
2744,ORD00000932,PROD00004646,1,2,45.18,18.07,2.58,85.2
2745,ORD00000933,PROD00000904,1,4,43.17,17.27,,
2746,ORD00000934,PROD00000230,1,7,40.5,16.2,,
2747,ORD00000934,PROD00004967,2,2,35.8,14.32,0.75,70.1
2748,ORD00000935,PROD00003962,1,5,13.48,5.39,,
2749,ORD00000935,PROD00003367,2,10,48.72,19.49,4.52,442.0
2750,ORD00000936,PROD00001019,1,6,41.48,16.59,,
2751,ORD00000936,PROD00000626,2,8,34.5,13.8,0.12,275.04
2752,ORD00000937,PROD00000428,1,3,16.13,6.45,1.28,44.55
2753,ORD00000938,PROD00003152,1,3,23.65,9.46,2.07,64.74
2754,ORD00000938,PROD00002041,2,5,10.4,4.16,,
2755,ORD00000939,PROD00003737,1,2,47.88,19.15,,
2756,ORD00000939,PROD00004799,2,10,23.63,9.45,,
2757,ORD00000939,PROD00000352,3,10,24.54,9.82,,
2758,ORD00000939,PROD00003017,4,4,10.54,4.22,1.55,35.959999999999994
2759,ORD00000939,PROD00000369,5,3,11.29,4.52,0.43,32.58
2760,ORD00000940,PROD00001828,1,4,25.92,10.37,1.24,98.72000000000001
2761,ORD00000940,PROD00001856,2,9,21.52,8.61,1.8,177.48
2762,ORD00000940,PROD00000070,3,1,24.95,9.98,2.08,22.869999999999997
2763,ORD00000940,PROD00000599,4,9,12.0,4.8,0.41,104.31
2764,ORD00000940,PROD00002458,5,2,48.2,19.28,6.11,84.18
2765,ORD00000941,PROD00004834,1,9,30.85,12.34,,
2766,ORD00000941,PROD00001807,2,1,14.48,5.79,0.12,14.360000000000001
2767,ORD00000941,PROD00003218,3,1,31.09,12.44,3.86,27.23
2768,ORD00000941,PROD00000761,4,4,20.84,8.34,0.97,79.48
2769,ORD00000941,PROD00002084,5,4,31.57,12.63,3.55,112.08
2770,ORD00000942,PROD00003377,1,4,29.82,11.93,0.11,118.84
2771,ORD00000942,PROD00003287,2,7,24.05,9.62,,
2772,ORD00000942,PROD00004665,3,8,21.86,8.74,2.38,155.84
2773,ORD00000942,PROD00004851,4,9,48.66,19.46,2.76,413.09999999999997
2774,ORD00000943,PROD00002675,1,9,24.26,9.7,,
2775,ORD00000944,PROD00000195,1,3,41.91,16.76,,
2776,ORD00000944,PROD00004092,2,1,39.78,15.91,1.82,37.96
2777,ORD00000944,PROD00001891,3,6,35.23,14.09,3.3,191.57999999999998
2778,ORD00000944,PROD00003892,4,4,29.66,11.86,1.01,114.6
2779,ORD00000944,PROD00001208,5,4,30.36,12.14,0.17,120.75999999999999
2780,ORD00000945,PROD00001242,1,9,22.68,9.07,0.22,202.14000000000001
2781,ORD00000946,PROD00003381,1,10,15.83,6.33,1.53,143.0
2782,ORD00000946,PROD00003268,2,5,21.93,8.77,1.37,102.8
2783,ORD00000946,PROD00003364,3,9,41.36,16.54,0.01,372.15000000000003
2784,ORD00000946,PROD00000771,4,3,32.48,12.99,4.5,83.94
2785,ORD00000946,PROD00003936,5,9,42.51,17.0,3.43,351.71999999999997
2786,ORD00000947,PROD00001349,1,1,39.25,15.7,0.81,38.44
2787,ORD00000947,PROD00003814,2,10,21.79,8.72,0.39,214.0
2788,ORD00000948,PROD00000373,1,9,44.44,17.78,,
2789,ORD00000948,PROD00003844,2,4,49.15,19.66,6.91,168.95999999999998
2790,ORD00000948,PROD00002509,3,7,22.27,8.91,,
2791,ORD00000949,PROD00001146,1,1,36.59,14.64,3.17,33.42
2792,ORD00000950,PROD00003119,1,7,45.94,18.38,5.6,282.38
2793,ORD00000951,PROD00004110,1,1,28.39,11.36,,
2794,ORD00000952,PROD00003578,1,9,28.3,11.32,3.27,225.27
2795,ORD00000952,PROD00002385,2,5,31.31,12.52,0.03,156.39999999999998
2796,ORD00000952,PROD00002087,3,8,32.0,12.8,3.92,224.64
2797,ORD00000952,PROD00000414,4,8,16.36,6.54,2.0,114.88
2798,ORD00000952,PROD00002398,5,9,17.0,6.8,0.66,147.06
2799,ORD00000953,PROD00000284,1,4,21.08,8.43,,
2800,ORD00000953,PROD00000486,2,5,14.88,5.95,0.49,71.95
2801,ORD00000953,PROD00001922,3,9,21.72,8.69,,
2802,ORD00000954,PROD00003769,1,10,46.05,18.42,6.22,398.29999999999995
2803,ORD00000954,PROD00000881,2,10,32.63,13.05,4.21,284.20000000000005
2804,ORD00000954,PROD00001433,3,3,38.45,15.38,3.24,105.63
2805,ORD00000954,PROD00000704,4,5,32.85,13.14,0.64,161.05
2806,ORD00000954,PROD00002990,5,8,20.61,8.24,,
2807,ORD00000955,PROD00002020,1,2,46.88,18.75,4.07,85.62
2808,ORD00000955,PROD00001174,2,8,30.97,12.39,4.26,213.68
2809,ORD00000955,PROD00002464,3,2,39.92,15.97,,
2810,ORD00000956,PROD00000806,1,7,13.13,5.25,0.21,90.44
2811,ORD00000956,PROD00002624,2,3,19.36,7.74,0.68,56.04
2812,ORD00000956,PROD00004876,3,2,48.7,19.48,6.66,84.08000000000001
2813,ORD00000956,PROD00000546,4,8,29.47,11.79,2.61,214.88
2814,ORD00000956,PROD00000115,5,5,30.71,12.28,,
2815,ORD00000957,PROD00003125,1,3,29.1,11.64,,
2816,ORD00000957,PROD00000704,2,6,13.78,5.51,0.17,81.66
2817,ORD00000957,PROD00001293,3,1,45.48,18.19,,
2818,ORD00000958,PROD00001200,1,2,21.1,8.44,3.12,35.96
2819,ORD00000958,PROD00003135,2,1,18.05,7.22,2.42,15.63
2820,ORD00000958,PROD00000399,3,7,32.22,12.89,,
2821,ORD00000959,PROD00000111,1,7,30.0,12.0,0.69,205.17
2822,ORD00000959,PROD00002058,2,8,49.39,19.76,,
2823,ORD00000960,PROD00001451,1,8,17.23,6.89,1.26,127.76
2824,ORD00000960,PROD00001806,2,8,19.91,7.96,,
2825,ORD00000960,PROD00000005,3,1,44.02,17.61,3.57,40.45
2826,ORD00000961,PROD00003429,1,5,38.04,15.22,4.81,166.14999999999998
2827,ORD00000961,PROD00003211,2,3,41.46,16.58,0.77,122.07
2828,ORD00000961,PROD00000211,3,1,28.52,11.41,,
2829,ORD00000961,PROD00004491,4,3,20.21,8.08,2.91,51.900000000000006
2830,ORD00000962,PROD00002679,1,10,21.92,8.77,0.74,211.80000000000004
2831,ORD00000962,PROD00004352,2,9,22.26,8.9,,
2832,ORD00000962,PROD00004736,3,7,29.37,11.75,3.12,183.75
2833,ORD00000963,PROD00000839,1,9,32.4,12.96,,
2834,ORD00000963,PROD00002531,2,9,30.59,12.24,3.51,243.71999999999997
2835,ORD00000963,PROD00002666,3,7,44.72,17.89,,
2836,ORD00000964,PROD00001426,1,1,49.52,19.81,1.68,47.84
2837,ORD00000965,PROD00002678,1,1,45.38,18.15,2.61,42.77
2838,ORD00000965,PROD00002434,2,10,42.24,16.9,2.06,401.8
2839,ORD00000966,PROD00004662,1,6,14.51,5.8,,
2840,ORD00000966,PROD00003494,2,10,22.25,8.9,1.03,212.2
2841,ORD00000967,PROD00001253,1,4,48.85,19.54,,
2842,ORD00000967,PROD00002662,2,10,20.59,8.24,2.84,177.5
2843,ORD00000967,PROD00004264,3,5,21.32,8.53,,
2844,ORD00000967,PROD00003184,4,4,36.29,14.52,3.01,133.12
2845,ORD00000968,PROD00004121,1,8,30.09,12.04,0.28,238.48
2846,ORD00000968,PROD00001011,2,1,34.77,13.91,5.14,29.630000000000003
2847,ORD00000968,PROD00004827,3,3,47.7,19.08,4.13,130.71
2848,ORD00000968,PROD00000056,4,1,23.27,9.31,3.46,19.81
2849,ORD00000969,PROD00004684,1,7,11.15,4.46,1.24,69.37
2850,ORD00000969,PROD00000596,2,3,21.19,8.48,1.02,60.510000000000005
2851,ORD00000969,PROD00000236,3,10,39.18,15.67,,
2852,ORD00000969,PROD00004276,4,1,27.7,11.08,0.08,27.62
2853,ORD00000969,PROD00004094,5,4,14.69,5.88,1.37,53.28
2854,ORD00000970,PROD00002848,1,1,33.81,13.52,0.82,32.99
2855,ORD00000970,PROD00004742,2,5,45.43,18.17,4.05,206.9
2856,ORD00000970,PROD00001984,3,5,19.21,7.68,,
2857,ORD00000970,PROD00001401,4,6,32.6,13.04,3.47,174.78000000000003
2858,ORD00000970,PROD00003023,5,4,27.86,11.14,1.81,104.2
2859,ORD00000971,PROD00001309,1,2,47.51,19.0,1.68,91.66
2860,ORD00000972,PROD00003117,1,3,10.29,4.12,0.88,28.229999999999997
2861,ORD00000972,PROD00000648,2,6,44.24,17.7,,
2862,ORD00000972,PROD00004183,3,8,37.78,15.11,,
2863,ORD00000972,PROD00001906,4,7,41.69,16.68,,
2864,ORD00000973,PROD00002795,1,9,16.57,6.63,,
2865,ORD00000973,PROD00003534,2,9,10.69,4.28,1.08,86.49
2866,ORD00000973,PROD00000591,3,5,46.94,18.78,0.3,233.2
2867,ORD00000973,PROD00003339,4,10,43.95,17.58,4.5,394.5
2868,ORD00000974,PROD00003750,1,6,48.67,19.47,0.9,286.62
2869,ORD00000974,PROD00003596,2,10,26.97,10.79,,
2870,ORD00000974,PROD00001167,3,9,24.98,9.99,1.79,208.71
2871,ORD00000974,PROD00003904,4,7,39.42,15.77,1.82,263.2
2872,ORD00000974,PROD00004500,5,10,44.51,17.8,2.27,422.4
2873,ORD00000975,PROD00004883,1,2,27.01,10.8,,
2874,ORD00000975,PROD00000476,2,1,29.57,11.83,0.09,29.48
2875,ORD00000975,PROD00001709,3,1,48.68,19.47,0.34,48.339999999999996
2876,ORD00000975,PROD00003726,4,7,21.98,8.79,2.53,136.15
2877,ORD00000976,PROD00004878,1,2,38.09,15.24,1.59,73.0
2878,ORD00000976,PROD00003763,2,3,22.31,8.92,0.83,64.44
2879,ORD00000977,PROD00000754,1,8,20.3,8.12,0.93,154.96
2880,ORD00000977,PROD00003393,2,9,24.44,9.78,3.64,187.20000000000002
2881,ORD00000977,PROD00002101,3,10,41.7,16.68,2.79,389.1
2882,ORD00000978,PROD00001599,1,4,26.4,10.56,1.91,97.96
2883,ORD00000978,PROD00004366,2,8,43.15,17.26,2.7,323.59999999999997
2884,ORD00000979,PROD00004504,1,3,11.23,4.49,,
2885,ORD00000980,PROD00004101,1,2,17.6,7.04,,
2886,ORD00000980,PROD00003667,2,6,35.67,14.27,,
2887,ORD00000980,PROD00004277,3,1,23.8,9.52,,
2888,ORD00000980,PROD00004121,4,7,40.85,16.34,3.13,264.03999999999996
2889,ORD00000981,PROD00001513,1,1,25.58,10.23,,
2890,ORD00000981,PROD00003496,2,1,42.36,16.94,1.26,41.1
2891,ORD00000982,PROD00000455,1,9,34.78,13.91,,
2892,ORD00000983,PROD00004613,1,8,25.55,10.22,,
2893,ORD00000983,PROD00000601,2,3,48.23,19.29,,
2894,ORD00000984,PROD00004521,1,5,25.74,10.3,3.09,113.25
2895,ORD00000984,PROD00004955,2,1,24.73,9.89,0.7,24.03
2896,ORD00000985,PROD00000531,1,2,30.29,12.12,1.0,58.58
2897,ORD00000986,PROD00002185,1,2,28.22,11.29,3.76,48.92
2898,ORD00000986,PROD00004982,2,6,25.07,10.03,2.84,133.38
2899,ORD00000986,PROD00002975,3,9,44.29,17.72,4.28,360.09
2900,ORD00000986,PROD00002711,4,7,45.18,18.07,0.63,311.84999999999997
2901,ORD00000987,PROD00003194,1,10,29.23,11.69,2.37,268.6
2902,ORD00000987,PROD00004379,2,3,29.57,11.83,0.1,88.41
2903,ORD00000987,PROD00004900,3,6,46.09,18.44,5.71,242.28000000000003
2904,ORD00000987,PROD00004830,4,10,24.53,9.81,0.76,237.7
2905,ORD00000987,PROD00004132,5,3,24.96,9.98,2.01,68.85000000000001
2906,ORD00000988,PROD00004601,1,2,14.12,5.65,1.87,24.5
2907,ORD00000988,PROD00001467,2,4,47.2,18.88,6.56,162.56
2908,ORD00000988,PROD00001740,3,4,40.49,16.2,3.1,149.56
2909,ORD00000988,PROD00002665,4,2,12.87,5.15,,
2910,ORD00000989,PROD00000767,1,10,28.5,11.4,2.4,261.0
2911,ORD00000989,PROD00003486,2,4,38.99,15.6,4.89,136.4
2912,ORD00000989,PROD00001138,3,1,35.65,14.26,3.52,32.129999999999995
2913,ORD00000990,PROD00001329,1,3,17.83,7.13,2.6,45.69
2914,ORD00000990,PROD00001829,2,5,40.29,16.12,0.7,197.95
2915,ORD00000991,PROD00004492,1,9,32.35,12.94,2.47,268.92
2916,ORD00000991,PROD00000884,2,7,23.56,9.42,2.98,144.06
2917,ORD00000991,PROD00004177,3,2,27.6,11.04,1.88,51.440000000000005
2918,ORD00000991,PROD00004209,4,8,33.38,13.35,4.3,232.64000000000001
2919,ORD00000991,PROD00003132,5,9,27.82,11.13,3.7,217.08
2920,ORD00000992,PROD00003160,1,9,24.8,9.92,,
2921,ORD00000992,PROD00003698,2,6,35.54,14.22,3.99,189.29999999999998
2922,ORD00000993,PROD00004893,1,6,49.52,19.81,1.19,289.98
2923,ORD00000993,PROD00004777,2,3,44.58,17.83,5.71,116.60999999999999
2924,ORD00000993,PROD00003734,3,3,19.21,7.68,0.27,56.82000000000001
2925,ORD00000993,PROD00002388,4,10,22.79,9.12,1.54,212.5
2926,ORD00000994,PROD00002895,1,9,49.4,19.76,5.16,398.15999999999997
2927,ORD00000995,PROD00001000,1,8,48.9,19.56,,
2928,ORD00000995,PROD00003378,2,3,40.56,16.22,0.7,119.58
2929,ORD00000995,PROD00001535,3,4,38.84,15.54,,
2930,ORD00000995,PROD00001308,4,5,37.15,14.86,0.67,182.39999999999998
2931,ORD00000995,PROD00003962,5,10,19.22,7.69,,
2932,ORD00000996,PROD00001118,1,7,42.95,17.18,,
2933,ORD00000996,PROD00004184,2,5,21.05,8.42,,
2934,ORD00000997,PROD00000190,1,5,24.66,9.86,,
2935,ORD00000998,PROD00003360,1,3,42.96,17.18,5.54,112.26
2936,ORD00000998,PROD00004740,2,2,28.55,11.42,1.52,54.06
2937,ORD00000998,PROD00002855,3,7,24.96,9.98,,
2938,ORD00000998,PROD00000876,4,10,38.93,15.57,4.46,344.7
2939,ORD00000999,PROD00000360,1,8,17.36,6.94,1.38,127.84
2940,ORD00000999,PROD00003328,2,5,13.93,5.57,0.09,69.2
2941,ORD00001000,PROD00003991,1,2,41.08,16.43,,
2942,ORD00001000,PROD00000213,2,10,33.25,13.3,2.8,304.5
2943,ORD00001000,PROD00000067,3,10,17.09,6.84,,
2944,ORD00001000,PROD00001997,4,6,10.21,4.08,0.99,55.32000000000001
2945,ORD00001000,PROD00000328,5,1,28.12,11.25,3.16,24.96
2946,ORD00001001,PROD00001726,1,6,28.82,11.53,2.47,158.10000000000002
2947,ORD00001001,PROD00001512,2,9,45.59,18.24,3.36,380.07000000000005
2948,ORD00001001,PROD00002254,3,7,38.55,15.42,,
2949,ORD00001002,PROD00003878,1,2,14.74,5.9,2.19,25.1
2950,ORD00001002,PROD00001775,2,1,47.99,19.2,7.02,40.97
2951,ORD00001002,PROD00002076,3,2,36.9,14.76,,
2952,ORD00001002,PROD00002809,4,6,25.9,10.36,1.22,148.07999999999998
2953,ORD00001002,PROD00004294,5,5,13.76,5.5,0.03,68.65
2954,ORD00001003,PROD00004429,1,8,45.0,18.0,,
2955,ORD00001003,PROD00001565,2,9,29.43,11.77,2.76,240.03000000000003
2956,ORD00001003,PROD00002254,3,4,34.19,13.68,0.6,134.35999999999999
2957,ORD00001003,PROD00001525,4,10,32.37,12.95,,
2958,ORD00001003,PROD00004419,5,7,28.58,11.43,2.59,181.92999999999998
2959,ORD00001004,PROD00000760,1,10,46.29,18.52,,
2960,ORD00001005,PROD00003314,1,1,45.27,18.11,4.55,40.720000000000006
2961,ORD00001006,PROD00004635,1,1,45.35,18.14,3.72,41.63
2962,ORD00001006,PROD00004321,2,5,14.85,5.94,0.04,74.05
2963,ORD00001006,PROD00004713,3,7,14.38,5.75,0.53,96.95000000000002
2964,ORD00001007,PROD00004538,1,7,28.11,11.24,2.46,179.54999999999998
2965,ORD00001007,PROD00003641,2,7,47.06,18.82,4.31,299.25
2966,ORD00001007,PROD00004765,3,5,39.93,15.97,,
2967,ORD00001008,PROD00003191,1,8,12.27,4.91,,
2968,ORD00001008,PROD00003048,2,10,38.11,15.24,,
2969,ORD00001008,PROD00003528,3,10,19.67,7.87,,
2970,ORD00001008,PROD00002955,4,1,24.35,9.74,,
2971,ORD00001009,PROD00004172,1,9,30.75,12.3,,
2972,ORD00001009,PROD00004378,2,9,25.62,10.25,,
2973,ORD00001009,PROD00002604,3,3,15.81,6.32,1.2,43.830000000000005
2974,ORD00001010,PROD00001866,1,5,14.14,5.66,0.56,67.9
2975,ORD00001010,PROD00001540,2,5,13.69,5.48,0.96,63.650000000000006
2976,ORD00001010,PROD00000068,3,10,20.14,8.06,2.75,173.9
2977,ORD00001010,PROD00000992,4,3,41.25,16.5,1.44,119.43
2978,ORD00001010,PROD00003654,5,3,37.0,14.8,3.27,101.19
2979,ORD00001011,PROD00000047,1,9,35.7,14.28,,
2980,ORD00001012,PROD00001551,1,7,13.51,5.4,0.03,94.36
2981,ORD00001012,PROD00003039,2,9,26.22,10.49,3.93,200.60999999999999
2982,ORD00001012,PROD00002714,3,3,32.48,12.99,,
2983,ORD00001012,PROD00001724,4,8,47.14,18.86,,
2984,ORD00001013,PROD00000633,1,1,40.51,16.2,4.44,36.07
2985,ORD00001013,PROD00001287,2,6,31.56,12.62,0.02,189.24
2986,ORD00001013,PROD00004000,3,9,12.32,4.93,1.56,96.84
2987,ORD00001014,PROD00000340,1,5,44.64,17.86,1.16,217.40000000000003
2988,ORD00001014,PROD00000272,2,2,35.16,14.06,1.89,66.53999999999999
2989,ORD00001014,PROD00000901,3,8,38.3,15.32,2.69,284.88
2990,ORD00001015,PROD00003135,1,4,44.43,17.77,2.87,166.24
2991,ORD00001015,PROD00001234,2,6,18.81,7.52,,
2992,ORD00001016,PROD00004345,1,5,37.06,14.82,,
2993,ORD00001016,PROD00003155,2,5,11.31,4.52,1.28,50.150000000000006
2994,ORD00001016,PROD00002060,3,7,36.93,14.77,1.43,248.5
2995,ORD00001016,PROD00004119,4,9,36.94,14.78,0.64,326.7
2996,ORD00001017,PROD00002572,1,3,23.32,9.33,0.22,69.30000000000001
2997,ORD00001017,PROD00000557,2,6,24.36,9.74,,
2998,ORD00001018,PROD00003202,1,4,10.17,4.07,,
2999,ORD00001018,PROD00001305,2,1,38.81,15.52,1.46,37.35
3000,ORD00001018,PROD00004321,3,8,17.95,7.18,0.32,141.04
3001,ORD00001019,PROD00002169,1,3,39.25,15.7,4.76,103.47
3002,ORD00001019,PROD00000139,2,2,19.05,7.62,0.41,37.28
3003,ORD00001019,PROD00000380,3,4,27.04,10.82,0.41,106.52
3004,ORD00001020,PROD00001245,1,6,45.65,18.26,4.19,248.76
3005,ORD00001020,PROD00003531,2,9,22.91,9.16,,
3006,ORD00001020,PROD00001708,3,8,41.85,16.74,4.02,302.64
3007,ORD00001020,PROD00000927,4,9,27.45,10.98,,
3008,ORD00001021,PROD00003299,1,8,28.22,11.29,2.68,204.32
3009,ORD00001022,PROD00002816,1,10,16.23,6.49,0.16,160.7
3010,ORD00001022,PROD00000069,2,9,20.55,8.22,0.79,177.84
3011,ORD00001022,PROD00004451,3,1,25.14,10.06,1.9,23.240000000000002
3012,ORD00001022,PROD00004276,4,10,40.15,16.06,2.8,373.5
3013,ORD00001023,PROD00004101,1,4,24.22,9.69,3.04,84.72
3014,ORD00001023,PROD00004214,2,1,20.42,8.17,2.35,18.07
3015,ORD00001023,PROD00002770,3,8,12.72,5.09,1.11,92.88000000000001
3016,ORD00001024,PROD00004977,1,7,13.24,5.3,0.69,87.85000000000001
3017,ORD00001024,PROD00003713,2,1,36.09,14.44,1.27,34.82
3018,ORD00001025,PROD00002902,1,2,22.73,9.09,0.17,45.12
3019,ORD00001025,PROD00003778,2,4,46.68,18.67,,
3020,ORD00001026,PROD00000642,1,8,43.69,17.48,,
3021,ORD00001026,PROD00003467,2,3,23.46,9.38,1.68,65.34
3022,ORD00001027,PROD00002981,1,5,20.62,8.25,0.75,99.35000000000001
3023,ORD00001027,PROD00003946,2,9,44.69,17.88,,
3024,ORD00001028,PROD00001880,1,10,11.4,4.56,,
3025,ORD00001028,PROD00001351,2,5,19.7,7.88,1.25,92.25
3026,ORD00001028,PROD00002252,3,3,24.82,9.93,1.11,71.13
3027,ORD00001028,PROD00003640,4,4,29.53,11.81,0.82,114.84
3028,ORD00001028,PROD00000697,5,4,43.98,17.59,5.95,152.11999999999998
3029,ORD00001029,PROD00001934,1,5,19.07,7.63,1.8,86.35
3030,ORD00001030,PROD00001262,1,8,33.5,13.4,1.44,256.48
3031,ORD00001030,PROD00002448,2,3,25.17,10.07,,
3032,ORD00001030,PROD00000221,3,6,37.73,15.09,3.76,203.82
3033,ORD00001030,PROD00003139,4,9,14.9,5.96,1.95,116.55000000000001
3034,ORD00001030,PROD00001511,5,7,19.37,7.75,0.71,130.62
3035,ORD00001031,PROD00004753,1,5,35.04,14.02,2.76,161.4
3036,ORD00001032,PROD00003383,1,3,46.53,18.61,,
3037,ORD00001032,PROD00004882,2,1,45.29,18.12,1.61,43.68
3038,ORD00001032,PROD00000322,3,4,21.86,8.74,0.33,86.12
3039,ORD00001033,PROD00003730,1,1,18.18,7.27,0.97,17.21
3040,ORD00001033,PROD00003271,2,1,28.39,11.36,1.95,26.44
3041,ORD00001034,PROD00001395,1,3,28.71,11.48,,
3042,ORD00001034,PROD00004893,2,3,38.86,15.54,2.8,108.18
3043,ORD00001034,PROD00001995,3,3,36.14,14.46,,
3044,ORD00001034,PROD00004267,4,6,26.06,10.42,0.23,154.98
3045,ORD00001034,PROD00000564,5,5,25.16,10.06,0.85,121.55
3046,ORD00001035,PROD00003994,1,4,23.89,9.56,,
3047,ORD00001035,PROD00000615,2,2,16.4,6.56,1.42,29.959999999999997
3048,ORD00001036,PROD00004946,1,6,42.09,16.84,6.21,215.28000000000003
3049,ORD00001036,PROD00000739,2,10,49.35,19.74,,
3050,ORD00001036,PROD00004882,3,1,37.74,15.1,1.54,36.2
3051,ORD00001037,PROD00003966,1,6,24.2,9.68,2.46,130.44
3052,ORD00001037,PROD00001896,2,10,32.51,13.0,0.6,319.09999999999997
3053,ORD00001037,PROD00002792,3,8,31.2,12.48,0.87,242.64
3054,ORD00001037,PROD00003428,4,1,34.36,13.74,0.5,33.86
3055,ORD00001037,PROD00004362,5,4,25.27,10.11,,
3056,ORD00001038,PROD00003608,1,1,42.15,16.86,,
3057,ORD00001038,PROD00001002,2,9,49.83,19.93,2.52,425.78999999999996
3058,ORD00001039,PROD00003912,1,4,30.53,12.21,2.51,112.08000000000001
3059,ORD00001039,PROD00003880,2,7,39.05,15.62,,
3060,ORD00001039,PROD00002040,3,8,24.57,9.83,0.82,190.0
3061,ORD00001039,PROD00000639,4,10,48.3,19.32,1.83,464.7
3062,ORD00001040,PROD00003815,1,8,34.54,13.82,1.3,265.92
3063,ORD00001040,PROD00001462,2,7,22.4,8.96,2.5,139.29999999999998
3064,ORD00001040,PROD00002896,3,1,47.73,19.09,,
3065,ORD00001040,PROD00000798,4,3,15.67,6.27,,
3066,ORD00001041,PROD00004504,1,7,17.66,7.06,,
3067,ORD00001041,PROD00003188,2,8,37.37,14.95,0.57,294.4
3068,ORD00001041,PROD00004930,3,8,48.96,19.58,6.43,340.24
3069,ORD00001041,PROD00001913,4,9,20.73,8.29,2.18,166.95000000000002
3070,ORD00001042,PROD00003728,1,9,29.49,11.8,0.33,262.44
3071,ORD00001043,PROD00000091,1,6,33.69,13.48,0.62,198.42000000000002
3072,ORD00001044,PROD00002650,1,10,34.47,13.79,0.2,342.69999999999993
3073,ORD00001044,PROD00003882,2,2,43.06,17.22,6.09,73.94
3074,ORD00001044,PROD00002127,3,1,33.69,13.48,,
3075,ORD00001044,PROD00002540,4,9,35.92,14.37,0.76,316.44000000000005
3076,ORD00001045,PROD00003536,1,10,35.97,14.39,,
3077,ORD00001045,PROD00001970,2,9,17.35,6.94,,
3078,ORD00001046,PROD00004647,1,10,11.02,4.41,1.05,99.69999999999999
3079,ORD00001046,PROD00003171,2,1,34.88,13.95,3.17,31.71
3080,ORD00001047,PROD00004231,1,9,38.18,15.27,4.09,306.81000000000006
3081,ORD00001047,PROD00002451,2,1,40.25,16.1,,
3082,ORD00001047,PROD00001577,3,7,22.67,9.07,1.16,150.57000000000002
3083,ORD00001047,PROD00003472,4,7,45.59,18.24,5.42,281.19
3084,ORD00001048,PROD00003182,1,4,12.5,5.0,0.35,48.6
3085,ORD00001048,PROD00000373,2,4,36.12,14.45,,
3086,ORD00001048,PROD00000496,3,9,46.87,18.75,6.24,365.66999999999996
3087,ORD00001048,PROD00000765,4,1,18.21,7.28,2.58,15.63
3088,ORD00001049,PROD00003190,1,2,28.98,11.59,2.74,52.480000000000004
3089,ORD00001049,PROD00000721,2,8,31.36,12.54,4.4,215.68
3090,ORD00001049,PROD00002003,3,1,38.56,15.42,,
3091,ORD00001049,PROD00004165,4,10,38.11,15.24,0.55,375.6
3092,ORD00001050,PROD00004686,1,1,47.97,19.19,,
3093,ORD00001050,PROD00003903,2,4,19.69,7.88,2.54,68.60000000000001
3094,ORD00001050,PROD00003064,3,7,33.91,13.56,4.92,202.92999999999995
3095,ORD00001050,PROD00003023,4,1,42.7,17.08,2.69,40.010000000000005
3096,ORD00001050,PROD00004534,5,4,22.78,9.11,,
3097,ORD00001051,PROD00001382,1,10,13.22,5.29,,
3098,ORD00001052,PROD00001917,1,9,19.32,7.73,0.07,173.25
3099,ORD00001052,PROD00004027,2,8,45.87,18.35,,
3100,ORD00001053,PROD00004293,1,9,14.94,5.98,,
3101,ORD00001053,PROD00002798,2,7,22.19,8.88,1.68,143.57000000000002
3102,ORD00001053,PROD00003383,3,5,42.12,16.85,3.89,191.14999999999998
3103,ORD00001053,PROD00001376,4,1,36.6,14.64,4.21,32.39
3104,ORD00001053,PROD00003371,5,1,29.83,11.93,0.57,29.259999999999998
3105,ORD00001054,PROD00002224,1,2,49.35,19.74,3.84,91.02000000000001
3106,ORD00001055,PROD00004302,1,3,32.59,13.04,,
3107,ORD00001055,PROD00003278,2,1,49.76,19.9,4.23,45.53
3108,ORD00001056,PROD00001932,1,1,23.17,9.27,2.31,20.860000000000003
3109,ORD00001056,PROD00002989,2,1,10.16,4.06,0.85,9.31
3110,ORD00001057,PROD00002527,1,6,11.28,4.51,1.58,58.199999999999996
3111,ORD00001057,PROD00003603,2,9,10.27,4.11,0.89,84.41999999999999
3112,ORD00001057,PROD00000456,3,3,16.43,6.57,,
3113,ORD00001057,PROD00002176,4,2,40.6,16.24,,
3114,ORD00001057,PROD00000537,5,8,45.22,18.09,,
3115,ORD00001058,PROD00000629,1,6,38.91,15.56,,
3116,ORD00001058,PROD00003201,2,1,37.76,15.1,2.38,35.379999999999995
3117,ORD00001058,PROD00004174,3,4,22.2,8.88,2.38,79.28
3118,ORD00001058,PROD00000159,4,1,26.86,10.74,1.9,24.96
3119,ORD00001058,PROD00002118,5,10,21.12,8.45,0.54,205.8
3120,ORD00001059,PROD00004578,1,5,40.23,16.09,,
3121,ORD00001059,PROD00002731,2,9,44.17,17.67,,
3122,ORD00001059,PROD00001657,3,8,45.68,18.27,1.03,357.2
3123,ORD00001059,PROD00004477,4,6,23.13,9.25,1.79,128.04
3124,ORD00001059,PROD00004399,5,10,24.78,9.91,0.85,239.3
3125,ORD00001060,PROD00001257,1,8,21.33,8.53,0.09,169.92
3126,ORD00001060,PROD00000274,2,9,45.39,18.16,,
3127,ORD00001060,PROD00000163,3,5,37.13,14.85,1.54,177.95000000000002
3128,ORD00001060,PROD00000925,4,3,45.57,18.23,6.49,117.24
3129,ORD00001061,PROD00002032,1,10,19.9,7.96,0.36,195.39999999999998
3130,ORD00001061,PROD00001795,2,6,26.73,10.69,2.7,144.18
3131,ORD00001061,PROD00002143,3,8,39.1,15.64,,
3132,ORD00001061,PROD00002968,4,2,39.8,15.92,4.54,70.52
3133,ORD00001061,PROD00004601,5,10,38.34,15.34,3.97,343.70000000000005
3134,ORD00001062,PROD00002681,1,9,49.55,19.82,7.32,380.07
3135,ORD00001062,PROD00001509,2,10,18.6,7.44,2.76,158.4
3136,ORD00001062,PROD00004377,3,9,12.63,5.05,0.02,113.49000000000001
3137,ORD00001063,PROD00004202,1,6,13.52,5.41,0.18,80.03999999999999
3138,ORD00001063,PROD00002957,2,6,13.63,5.45,,
3139,ORD00001064,PROD00000316,1,1,36.54,14.62,4.57,31.97
3140,ORD00001064,PROD00003857,2,10,21.08,8.43,0.37,207.09999999999997
3141,ORD00001064,PROD00004522,3,9,47.35,18.94,,
3142,ORD00001065,PROD00004754,1,9,36.06,14.42,,
3143,ORD00001065,PROD00002647,2,6,28.43,11.37,,
3144,ORD00001065,PROD00002593,3,5,49.95,19.98,7.27,213.40000000000003
3145,ORD00001065,PROD00000884,4,3,12.65,5.06,,
3146,ORD00001066,PROD00003593,1,2,37.8,15.12,3.19,69.22
3147,ORD00001067,PROD00004796,1,6,39.59,15.84,,
3148,ORD00001067,PROD00003250,2,4,38.99,15.6,1.52,149.88
3149,ORD00001067,PROD00004850,3,2,16.32,6.53,0.23,32.18
3150,ORD00001067,PROD00004209,4,6,44.76,17.9,,
3151,ORD00001068,PROD00001106,1,6,32.61,13.04,,
3152,ORD00001068,PROD00002828,2,6,13.01,5.2,,
3153,ORD00001068,PROD00000882,3,10,39.89,15.96,,
3154,ORD00001069,PROD00002494,1,1,27.17,10.87,1.23,25.94
3155,ORD00001069,PROD00002176,2,8,32.04,12.82,,
3156,ORD00001070,PROD00002074,1,4,22.57,9.03,0.77,87.2
3157,ORD00001070,PROD00003829,2,7,42.48,16.99,,
3158,ORD00001071,PROD00000460,1,10,38.21,15.28,0.84,373.7
3159,ORD00001071,PROD00001529,2,2,24.61,9.84,,
3160,ORD00001072,PROD00000835,1,1,27.49,11.0,2.54,24.95
3161,ORD00001072,PROD00003430,2,4,49.26,19.7,1.11,192.6
3162,ORD00001073,PROD00001852,1,7,18.35,7.34,1.03,121.24000000000001
3163,ORD00001073,PROD00003619,2,5,45.65,18.26,6.28,196.85
3164,ORD00001074,PROD00001870,1,2,29.53,11.81,1.37,56.32
3165,ORD00001074,PROD00003804,2,4,37.45,14.98,4.88,130.28
3166,ORD00001074,PROD00002357,3,4,25.59,10.24,0.0,102.36
3167,ORD00001074,PROD00003641,4,3,41.51,16.6,1.72,119.37
3168,ORD00001075,PROD00000391,1,3,41.28,16.51,,
3169,ORD00001075,PROD00001320,2,6,37.07,14.83,0.88,217.14
3170,ORD00001076,PROD00003245,1,7,18.96,7.58,0.43,129.71
3171,ORD00001076,PROD00004537,2,3,10.3,4.12,,
3172,ORD00001076,PROD00001522,3,5,45.1,18.04,6.21,194.45
3173,ORD00001077,PROD00002508,1,7,24.16,9.66,3.0,148.12
3174,ORD00001077,PROD00003007,2,10,25.14,10.06,,
3175,ORD00001078,PROD00000437,1,6,42.81,17.12,1.74,246.42000000000002
3176,ORD00001078,PROD00002200,2,10,17.26,6.9,,
3177,ORD00001078,PROD00000915,3,7,17.94,7.18,0.33,123.27000000000002
3178,ORD00001078,PROD00000002,4,1,12.62,5.05,0.47,12.149999999999999
3179,ORD00001078,PROD00000659,5,3,38.56,15.42,2.66,107.70000000000002
3180,ORD00001079,PROD00004461,1,2,16.14,6.46,1.55,29.18
3181,ORD00001079,PROD00003572,2,6,42.0,16.8,,
3182,ORD00001079,PROD00000396,3,2,44.45,17.78,1.91,85.08000000000001
3183,ORD00001079,PROD00004062,4,2,18.19,7.28,2.67,31.040000000000003
3184,ORD00001080,PROD00000935,1,9,32.31,12.92,4.24,252.63
3185,ORD00001080,PROD00003788,2,4,45.23,18.09,3.47,167.04
3186,ORD00001081,PROD00002511,1,6,17.91,7.16,0.57,104.03999999999999
3187,ORD00001081,PROD00000952,2,8,19.54,7.82,1.92,140.95999999999998
3188,ORD00001081,PROD00002242,3,5,23.13,9.25,2.08,105.24999999999999
3189,ORD00001082,PROD00000004,1,7,21.32,8.53,1.52,138.6
3190,ORD00001082,PROD00001945,2,5,20.19,8.08,2.09,90.5
3191,ORD00001082,PROD00002198,3,4,16.16,6.46,,
3192,ORD00001082,PROD00000038,4,6,45.87,18.35,,
3193,ORD00001083,PROD00001112,1,5,38.32,15.33,,
3194,ORD00001084,PROD00004195,1,1,13.24,5.3,1.13,12.11
3195,ORD00001084,PROD00000937,2,5,32.26,12.9,,
3196,ORD00001085,PROD00000565,1,3,19.55,7.82,,
3197,ORD00001085,PROD00001670,2,3,40.93,16.37,0.96,119.91
3198,ORD00001085,PROD00001365,3,6,25.27,10.11,1.19,144.48
3199,ORD00001086,PROD00003074,1,9,37.43,14.97,3.9,301.77
3200,ORD00001086,PROD00004243,2,10,47.4,18.96,,
3201,ORD00001086,PROD00001330,3,2,46.25,18.5,3.09,86.32
3202,ORD00001086,PROD00000564,4,3,11.47,4.59,0.68,32.370000000000005
3203,ORD00001087,PROD00002092,1,8,35.52,14.21,0.65,278.96000000000004
3204,ORD00001087,PROD00001124,2,6,47.82,19.13,6.78,246.24
3205,ORD00001087,PROD00003623,3,10,28.94,11.58,,
3206,ORD00001088,PROD00002354,1,1,44.37,17.75,0.09,44.279999999999994
3207,ORD00001088,PROD00004582,2,9,26.37,10.55,,
3208,ORD00001089,PROD00000593,1,6,29.79,11.92,3.79,156.0
3209,ORD00001089,PROD00004526,2,10,16.64,6.66,0.5,161.4
3210,ORD00001090,PROD00000144,1,7,10.92,4.37,0.75,71.19
3211,ORD00001090,PROD00003834,2,10,28.49,11.4,1.77,267.2
3212,ORD00001091,PROD00001937,1,3,32.55,13.02,2.95,88.8
3213,ORD00001092,PROD00002962,1,1,20.37,8.15,0.28,20.09
3214,ORD00001092,PROD00003260,2,2,25.48,10.19,1.58,47.8
3215,ORD00001093,PROD00004504,1,2,20.88,8.35,,
3216,ORD00001093,PROD00003958,2,7,42.51,17.0,,
3217,ORD00001094,PROD00000727,1,4,12.95,5.18,1.5,45.8
3218,ORD00001094,PROD00002307,2,4,33.72,13.49,3.45,121.08
3219,ORD00001095,PROD00000059,1,8,26.06,10.42,,
3220,ORD00001095,PROD00002209,2,8,28.56,11.42,,
3221,ORD00001095,PROD00001953,3,9,23.71,9.48,3.55,181.44
3222,ORD00001096,PROD00004410,1,4,44.07,17.63,,
3223,ORD00001097,PROD00003613,1,8,27.11,10.84,2.6,196.07999999999998
3224,ORD00001097,PROD00002223,2,7,10.37,4.15,1.09,64.96
3225,ORD00001097,PROD00001630,3,6,32.74,13.1,,
3226,ORD00001098,PROD00001072,1,9,41.91,16.76,4.0,341.18999999999994
3227,ORD00001099,PROD00004565,1,8,24.83,9.93,,
3228,ORD00001099,PROD00003246,2,2,11.73,4.69,1.58,20.3
3229,ORD00001100,PROD00000544,1,1,26.53,10.61,,
3230,ORD00001100,PROD00000470,2,7,18.44,7.38,2.23,113.47
3231,ORD00001100,PROD00000507,3,1,30.28,12.11,2.78,27.5
3232,ORD00001100,PROD00004411,4,7,20.11,8.04,0.6,136.57
3233,ORD00001101,PROD00002957,1,10,10.92,4.37,,
3234,ORD00001101,PROD00003104,2,2,12.65,5.06,0.6,24.1
3235,ORD00001101,PROD00001652,3,4,19.18,7.67,2.18,68.0
3236,ORD00001102,PROD00001758,1,7,39.23,15.69,,
3237,ORD00001102,PROD00001346,2,7,33.14,13.26,,
3238,ORD00001102,PROD00004112,3,1,33.1,13.24,3.72,29.380000000000003
3239,ORD00001102,PROD00001503,4,5,29.67,11.87,2.76,134.55
3240,ORD00001103,PROD00002765,1,9,33.12,13.25,0.22,296.09999999999997
3241,ORD00001104,PROD00000534,1,3,37.09,14.84,,
3242,ORD00001104,PROD00003122,2,4,12.95,5.18,1.54,45.64
3243,ORD00001104,PROD00002660,3,10,37.4,14.96,,
3244,ORD00001105,PROD00003384,1,8,42.74,17.1,1.42,330.56
3245,ORD00001105,PROD00004372,2,7,18.95,7.58,0.03,132.44
3246,ORD00001105,PROD00000276,3,10,13.07,5.23,0.34,127.30000000000001
3247,ORD00001106,PROD00000020,1,7,34.69,13.88,2.51,225.26
3248,ORD00001106,PROD00003862,2,7,11.19,4.48,0.14,77.35
3249,ORD00001106,PROD00001258,3,9,22.1,8.84,,
3250,ORD00001107,PROD00002541,1,6,49.37,19.75,,
3251,ORD00001107,PROD00000988,2,8,16.77,6.71,1.65,120.96
3252,ORD00001107,PROD00004336,3,6,24.22,9.69,0.24,143.88
3253,ORD00001107,PROD00004017,4,6,35.01,14.0,2.59,194.52
3254,ORD00001108,PROD00003608,1,10,25.46,10.18,0.33,251.3
3255,ORD00001108,PROD00004228,2,5,39.02,15.61,2.47,182.75000000000003
3256,ORD00001108,PROD00000201,3,4,35.13,14.05,,
3257,ORD00001109,PROD00003378,1,2,38.42,15.37,2.86,71.12
3258,ORD00001109,PROD00001253,2,2,23.04,9.22,0.62,44.839999999999996
3259,ORD00001110,PROD00002281,1,9,14.85,5.94,0.92,125.37
3260,ORD00001110,PROD00004083,2,4,17.39,6.96,,
3261,ORD00001110,PROD00001648,3,3,25.91,10.36,,
3262,ORD00001110,PROD00003227,4,10,33.65,13.46,2.15,315.0
3263,ORD00001110,PROD00003888,5,3,15.72,6.29,,
3264,ORD00001111,PROD00002265,1,2,41.65,16.66,3.1,77.1
3265,ORD00001112,PROD00001732,1,9,33.45,13.38,,
3266,ORD00001112,PROD00003328,2,8,48.2,19.28,,
3267,ORD00001113,PROD00000784,1,7,26.5,10.6,,
3268,ORD00001113,PROD00001083,2,4,44.08,17.63,,
3269,ORD00001114,PROD00000129,1,8,31.99,12.8,,
3270,ORD00001114,PROD00002337,2,6,35.75,14.3,1.66,204.54000000000002
3271,ORD00001114,PROD00002998,3,6,37.83,15.13,2.6,211.38
3272,ORD00001114,PROD00001216,4,9,47.83,19.13,1.25,419.21999999999997
3273,ORD00001114,PROD00003264,5,7,13.78,5.51,1.27,87.57
3274,ORD00001115,PROD00003288,1,1,35.17,14.07,0.81,34.36
3275,ORD00001115,PROD00004160,2,3,18.18,7.27,2.71,46.41
3276,ORD00001115,PROD00001934,3,3,43.3,17.32,3.41,119.67
3277,ORD00001115,PROD00002767,4,5,22.41,8.96,,
3278,ORD00001116,PROD00002314,1,5,13.22,5.29,0.43,63.95
3279,ORD00001116,PROD00002391,2,8,48.67,19.47,,
3280,ORD00001116,PROD00003088,3,3,30.02,12.01,4.5,76.56
3281,ORD00001116,PROD00003173,4,4,25.6,10.24,,
3282,ORD00001116,PROD00000154,5,10,10.93,4.37,,
3283,ORD00001117,PROD00001008,1,6,37.86,15.14,5.43,194.57999999999998
3284,ORD00001117,PROD00000864,2,10,30.56,12.22,0.14,304.2
3285,ORD00001117,PROD00004520,3,10,37.03,14.81,,
3286,ORD00001117,PROD00003473,4,5,29.35,11.74,,
3287,ORD00001118,PROD00003895,1,10,31.49,12.6,0.51,309.79999999999995
3288,ORD00001118,PROD00000640,2,3,20.77,8.31,2.22,55.650000000000006
3289,ORD00001118,PROD00004648,3,2,39.07,15.63,0.04,78.06
3290,ORD00001118,PROD00003327,4,10,45.76,18.3,2.0,437.59999999999997
3291,ORD00001118,PROD00001740,5,9,37.97,15.19,,
3292,ORD00001119,PROD00001936,1,3,34.29,13.72,1.31,98.94
3293,ORD00001119,PROD00003237,2,9,36.52,14.61,2.43,306.81000000000006
3294,ORD00001119,PROD00003536,3,4,30.61,12.24,,
3295,ORD00001119,PROD00003814,4,1,43.87,17.55,,
3296,ORD00001119,PROD00004316,5,5,46.19,18.48,3.94,211.25
3297,ORD00001120,PROD00001553,1,10,10.23,4.09,1.05,91.8
3298,ORD00001121,PROD00003916,1,2,31.5,12.6,,
3299,ORD00001121,PROD00000232,2,1,13.95,5.58,,
3300,ORD00001121,PROD00004863,3,4,48.26,19.3,1.14,188.48
3301,ORD00001121,PROD00004133,4,1,36.21,14.48,,
3302,ORD00001122,PROD00003054,1,7,34.29,13.72,1.44,229.95000000000002
3303,ORD00001123,PROD00002724,1,9,19.87,7.95,0.75,172.08
3304,ORD00001123,PROD00000061,2,4,29.89,11.96,4.19,102.8
3305,ORD00001123,PROD00004322,3,9,15.9,6.36,2.16,123.66
3306,ORD00001124,PROD00000202,1,6,42.09,16.84,,
3307,ORD00001124,PROD00004750,2,3,12.49,5.0,0.78,35.13
3308,ORD00001125,PROD00001928,1,10,48.13,19.25,1.21,469.20000000000005
3309,ORD00001125,PROD00002603,2,4,37.01,14.8,2.78,136.92
3310,ORD00001125,PROD00000062,3,9,41.46,16.58,0.6,367.74
3311,ORD00001125,PROD00002920,4,3,35.68,14.27,4.62,93.17999999999999
3312,ORD00001125,PROD00001856,5,7,17.3,6.92,0.45,117.95000000000002
3313,ORD00001126,PROD00000996,1,8,39.95,15.98,,
3314,ORD00001126,PROD00000543,2,6,28.93,11.57,2.62,157.85999999999999
3315,ORD00001127,PROD00000246,1,1,15.05,6.02,1.97,13.08
3316,ORD00001127,PROD00001027,2,5,49.5,19.8,6.45,215.25
3317,ORD00001127,PROD00004509,3,1,44.14,17.66,6.21,37.93
3318,ORD00001128,PROD00004336,1,1,21.52,8.61,1.0,20.52
3319,ORD00001128,PROD00001807,2,8,10.19,4.08,,
3320,ORD00001129,PROD00004873,1,1,21.32,8.53,,
3321,ORD00001129,PROD00002845,2,3,32.98,13.19,,
3322,ORD00001130,PROD00004302,1,6,14.97,5.99,2.07,77.4
3323,ORD00001130,PROD00004357,2,9,45.5,18.2,4.67,367.46999999999997
3324,ORD00001130,PROD00001762,3,10,12.32,4.93,1.49,108.3
3325,ORD00001130,PROD00004448,4,2,29.33,11.73,4.22,50.22
3326,ORD00001130,PROD00003977,5,7,31.01,12.4,0.5,213.57000000000002
3327,ORD00001131,PROD00001465,1,9,10.04,4.02,0.09,89.55
3328,ORD00001132,PROD00003369,1,9,26.85,10.74,0.8,234.45000000000002
3329,ORD00001133,PROD00002923,1,7,47.29,18.92,2.98,310.17
3330,ORD00001133,PROD00002498,2,1,42.32,16.93,1.71,40.61
3331,ORD00001133,PROD00000376,3,1,28.74,11.5,1.01,27.729999999999997
3332,ORD00001133,PROD00003045,4,1,17.62,7.05,0.31,17.310000000000002
3333,ORD00001134,PROD00004560,1,4,16.94,6.78,,
3334,ORD00001134,PROD00003183,2,1,43.73,17.49,1.15,42.58
3335,ORD00001134,PROD00002938,3,8,21.74,8.7,3.0,149.92
3336,ORD00001134,PROD00002387,4,6,47.57,19.03,,
3337,ORD00001134,PROD00002903,5,7,42.24,16.9,1.2,287.28
3338,ORD00001135,PROD00002738,1,7,41.08,16.43,,
3339,ORD00001136,PROD00000999,1,4,35.39,14.16,,
3340,ORD00001136,PROD00004712,2,5,12.44,4.98,1.45,54.95
3341,ORD00001136,PROD00002159,3,4,48.43,19.37,3.39,180.16
3342,ORD00001136,PROD00004266,4,3,43.11,17.24,,
3343,ORD00001137,PROD00000432,1,4,11.31,4.52,1.5,39.24
3344,ORD00001138,PROD00002572,1,5,26.01,10.4,3.68,111.65
3345,ORD00001138,PROD00001988,2,5,36.97,14.79,1.91,175.3
3346,ORD00001138,PROD00004572,3,9,39.06,15.62,3.79,317.43
3347,ORD00001138,PROD00004640,4,7,10.07,4.03,1.09,62.86
3348,ORD00001139,PROD00001225,1,7,16.52,6.61,1.44,105.56
3349,ORD00001139,PROD00003753,2,2,29.1,11.64,3.26,51.68000000000001
3350,ORD00001139,PROD00002324,3,6,21.28,8.51,0.86,122.52000000000001
3351,ORD00001139,PROD00003693,4,2,18.89,7.56,2.63,32.52
3352,ORD00001140,PROD00001835,1,7,21.61,8.64,,
3353,ORD00001141,PROD00000757,1,7,24.87,9.95,2.75,154.84
3354,ORD00001142,PROD00003792,1,4,43.16,17.26,1.41,167.0
3355,ORD00001142,PROD00002165,2,3,26.06,10.42,3.05,69.03
3356,ORD00001142,PROD00003949,3,5,25.87,10.35,0.4,127.35000000000001
3357,ORD00001142,PROD00000859,4,6,36.8,14.72,5.12,190.07999999999998
3358,ORD00001143,PROD00003462,1,4,40.24,16.1,,
3359,ORD00001143,PROD00004574,2,8,23.83,9.53,2.75,168.64
3360,ORD00001143,PROD00003841,3,2,21.39,8.56,2.13,38.52
3361,ORD00001143,PROD00001807,4,1,34.3,13.72,,
3362,ORD00001143,PROD00004521,5,6,24.17,9.67,,
3363,ORD00001144,PROD00001143,1,6,30.96,12.38,,
3364,ORD00001144,PROD00004208,2,5,18.08,7.23,,
3365,ORD00001144,PROD00004774,3,4,34.33,13.73,,
3366,ORD00001144,PROD00004857,4,1,13.71,5.48,0.81,12.9
3367,ORD00001145,PROD00004565,1,1,36.47,14.59,2.12,34.35
3368,ORD00001145,PROD00002286,2,8,22.05,8.82,2.75,154.4
3369,ORD00001146,PROD00000327,1,1,10.96,4.38,1.39,9.57
3370,ORD00001146,PROD00000714,2,4,17.8,7.12,1.96,63.36
3371,ORD00001146,PROD00000873,3,2,24.85,9.94,2.69,44.32
3372,ORD00001146,PROD00000636,4,10,28.64,11.46,2.36,262.8
3373,ORD00001146,PROD00000869,5,2,30.37,12.15,3.21,54.32
3374,ORD00001147,PROD00003150,1,10,40.46,16.18,,
3375,ORD00001147,PROD00002290,2,7,23.68,9.47,3.39,142.03
3376,ORD00001147,PROD00003919,3,10,44.54,17.82,,
3377,ORD00001148,PROD00002386,1,1,31.97,12.79,4.57,27.4
3378,ORD00001148,PROD00004057,2,9,47.94,19.18,3.38,401.03999999999996
3379,ORD00001148,PROD00002416,3,8,48.77,19.51,6.99,334.24
3380,ORD00001148,PROD00003947,4,10,30.52,12.21,4.07,264.5
3381,ORD00001148,PROD00004576,5,2,10.13,4.05,1.3,17.66
3382,ORD00001149,PROD00001690,1,7,43.64,17.46,0.2,304.08
3383,ORD00001150,PROD00000937,1,7,44.89,17.96,0.55,310.38
3384,ORD00001150,PROD00004329,2,5,30.42,12.17,,
3385,ORD00001150,PROD00002070,3,6,19.78,7.91,,
3386,ORD00001150,PROD00001913,4,4,32.2,12.88,0.01,128.76000000000002
3387,ORD00001150,PROD00003416,5,5,15.96,6.38,1.18,73.9
3388,ORD00001151,PROD00003177,1,5,12.86,5.14,,
3389,ORD00001151,PROD00002534,2,4,29.94,11.98,2.23,110.84
3390,ORD00001151,PROD00002581,3,7,46.49,18.6,,
3391,ORD00001151,PROD00003512,4,6,41.23,16.49,5.39,215.03999999999996
3392,ORD00001151,PROD00001947,5,10,16.9,6.76,0.9,159.99999999999997
3393,ORD00001152,PROD00001436,1,6,38.98,15.59,2.03,221.7
3394,ORD00001152,PROD00000969,2,4,42.23,16.89,3.62,154.44
3395,ORD00001152,PROD00000057,3,3,25.43,10.17,,
3396,ORD00001152,PROD00001597,4,5,46.48,18.59,3.78,213.49999999999997
3397,ORD00001153,PROD00001306,1,10,10.95,4.38,,
3398,ORD00001153,PROD00003898,2,8,47.3,18.92,4.94,338.88
3399,ORD00001154,PROD00004409,1,8,26.44,10.58,2.14,194.4
3400,ORD00001154,PROD00001907,2,1,13.16,5.26,0.56,12.6
3401,ORD00001154,PROD00001320,3,5,12.15,4.86,1.21,54.7
3402,ORD00001155,PROD00000600,1,4,25.71,10.28,2.6,92.44
3403,ORD00001155,PROD00003093,2,3,49.32,19.73,,
3404,ORD00001155,PROD00001560,3,2,33.2,13.28,3.84,58.720000000000006
3405,ORD00001156,PROD00003876,1,8,24.68,9.87,1.06,188.96
3406,ORD00001156,PROD00003508,2,3,35.9,14.36,3.17,98.19
3407,ORD00001156,PROD00003321,3,8,19.25,7.7,,
3408,ORD00001156,PROD00004667,4,6,29.52,11.81,1.08,170.64
3409,ORD00001157,PROD00004971,1,9,11.45,4.58,,
3410,ORD00001157,PROD00000434,2,6,44.3,17.72,4.48,238.91999999999996
3411,ORD00001157,PROD00004853,3,6,37.33,14.93,,
3412,ORD00001157,PROD00003803,4,4,24.97,9.99,2.79,88.72
3413,ORD00001157,PROD00000846,5,6,44.39,17.76,2.98,248.46000000000004
3414,ORD00001158,PROD00000869,1,5,12.69,5.08,1.42,56.349999999999994
3415,ORD00001158,PROD00000481,2,5,47.1,18.84,1.13,229.85
3416,ORD00001158,PROD00004122,3,7,41.1,16.44,5.31,250.53
3417,ORD00001158,PROD00001655,4,7,10.31,4.12,0.43,69.16000000000001
3418,ORD00001158,PROD00004290,5,2,37.09,14.84,3.47,67.24000000000001
3419,ORD00001159,PROD00004089,1,4,15.34,6.14,1.7,54.56
3420,ORD00001159,PROD00002007,2,9,44.36,17.74,0.26,396.90000000000003
3421,ORD00001160,PROD00002067,1,2,32.88,13.15,4.23,57.300000000000004
3422,ORD00001160,PROD00003211,2,3,39.19,15.68,,
3423,ORD00001160,PROD00004640,3,5,23.36,9.34,0.65,113.55000000000001
3424,ORD00001160,PROD00000123,4,5,29.53,11.81,1.37,140.8
3425,ORD00001160,PROD00001498,5,6,30.03,12.01,1.28,172.5
3426,ORD00001161,PROD00001921,1,3,47.09,18.84,2.99,132.3
3427,ORD00001161,PROD00001816,2,1,16.18,6.47,,
3428,ORD00001162,PROD00000246,1,5,23.97,9.59,,
3429,ORD00001162,PROD00003140,2,7,13.14,5.26,1.68,80.22
3430,ORD00001162,PROD00004816,3,8,44.81,17.92,6.28,308.24
3431,ORD00001162,PROD00004815,4,10,17.73,7.09,1.28,164.5
3432,ORD00001162,PROD00001973,5,1,46.03,18.41,0.11,45.92
3433,ORD00001163,PROD00002841,1,9,48.7,19.48,3.68,405.18
3434,ORD00001163,PROD00002111,2,2,44.6,17.84,,
3435,ORD00001163,PROD00000473,3,1,46.4,18.56,4.33,42.07
3436,ORD00001164,PROD00001215,1,1,38.3,15.32,,
3437,ORD00001164,PROD00004477,2,1,48.76,19.5,1.29,47.47
3438,ORD00001164,PROD00004974,3,10,30.98,12.39,4.13,268.5
3439,ORD00001164,PROD00004751,4,5,27.55,11.02,1.9,128.25
3440,ORD00001164,PROD00001360,5,2,13.54,5.42,1.71,23.659999999999997
3441,ORD00001165,PROD00002372,1,3,21.46,8.58,2.43,57.09
3442,ORD00001165,PROD00001566,2,8,25.84,10.34,1.33,196.07999999999998
3443,ORD00001166,PROD00003821,1,10,46.31,18.52,2.02,442.9
3444,ORD00001166,PROD00003429,2,6,45.6,18.24,1.13,266.82
3445,ORD00001166,PROD00000090,3,9,26.22,10.49,2.46,213.83999999999997
3446,ORD00001166,PROD00004310,4,2,39.02,15.61,4.21,69.62
3447,ORD00001167,PROD00004626,1,1,24.16,9.66,0.81,23.35
3448,ORD00001167,PROD00000095,2,4,28.86,11.54,2.87,103.96
3449,ORD00001167,PROD00002791,3,2,27.96,11.18,1.11,53.7
3450,ORD00001168,PROD00001710,1,7,14.07,5.63,1.47,88.2
3451,ORD00001168,PROD00001670,2,4,15.05,6.02,,
3452,ORD00001169,PROD00000502,1,6,26.21,10.48,3.2,138.06
3453,ORD00001170,PROD00001703,1,9,37.03,14.81,4.58,292.05
3454,ORD00001170,PROD00003265,2,2,44.29,17.72,3.27,82.03999999999999
3455,ORD00001170,PROD00002844,3,2,26.77,10.71,4.0,45.54
3456,ORD00001171,PROD00000071,1,4,49.31,19.72,0.25,196.24
3457,ORD00001172,PROD00002426,1,8,48.64,19.46,3.67,359.76
3458,ORD00001172,PROD00004571,2,10,48.74,19.5,5.54,432.0
3459,ORD00001172,PROD00002052,3,8,19.05,7.62,2.44,132.88
3460,ORD00001173,PROD00003303,1,8,37.17,14.87,4.76,259.28000000000003
3461,ORD00001173,PROD00000610,2,4,39.0,15.6,5.44,134.24
3462,ORD00001173,PROD00000647,3,8,37.15,14.86,,
3463,ORD00001173,PROD00003912,4,3,14.0,5.6,1.52,37.44
3464,ORD00001173,PROD00002970,5,9,27.69,11.08,2.71,224.82
3465,ORD00001174,PROD00000941,1,5,23.29,9.32,1.84,107.25
3466,ORD00001174,PROD00000894,2,6,24.08,9.63,,
3467,ORD00001174,PROD00001990,3,5,28.54,11.42,,
3468,ORD00001174,PROD00003302,4,9,43.99,17.6,0.76,389.07000000000005
3469,ORD00001174,PROD00000110,5,8,47.36,18.94,2.45,359.28
3470,ORD00001175,PROD00000164,1,1,49.06,19.62,,
3471,ORD00001175,PROD00002262,2,3,23.06,9.22,1.11,65.85
3472,ORD00001175,PROD00000593,3,7,37.07,14.83,0.9,253.19
3473,ORD00001175,PROD00001597,4,5,28.47,11.39,,
3474,ORD00001175,PROD00002932,5,5,16.13,6.45,,
3475,ORD00001176,PROD00004230,1,5,14.31,5.72,1.23,65.4
3476,ORD00001177,PROD00000671,1,7,44.36,17.74,0.48,307.16
3477,ORD00001178,PROD00001823,1,10,35.52,14.21,2.09,334.30000000000007
3478,ORD00001179,PROD00002717,1,1,49.59,19.84,,
3479,ORD00001179,PROD00004057,2,10,10.01,4.0,,
3480,ORD00001179,PROD00004193,3,2,16.03,6.41,0.17,31.720000000000002
3481,ORD00001180,PROD00001388,1,5,31.7,12.68,2.29,147.05
3482,ORD00001180,PROD00001744,2,9,11.95,4.78,1.03,98.28
3483,ORD00001180,PROD00003248,3,5,32.74,13.1,0.88,159.3
3484,ORD00001181,PROD00002146,1,9,33.24,13.3,,
3485,ORD00001181,PROD00001116,2,7,48.49,19.4,5.1,303.73
3486,ORD00001181,PROD00003193,3,2,20.87,8.35,2.67,36.400000000000006
3487,ORD00001182,PROD00003276,1,3,47.17,18.87,2.94,132.69
3488,ORD00001182,PROD00002313,2,3,20.42,8.17,0.39,60.09
3489,ORD00001182,PROD00002408,3,6,12.44,4.98,0.94,69.0
3490,ORD00001182,PROD00004665,4,4,49.08,19.63,1.17,191.64
3491,ORD00001183,PROD00002167,1,6,42.5,17.0,0.68,250.92000000000002
3492,ORD00001183,PROD00000989,2,10,49.61,19.84,5.52,440.90000000000003
3493,ORD00001183,PROD00004393,3,7,11.84,4.74,0.7,77.98
3494,ORD00001183,PROD00002644,4,8,22.98,9.19,1.24,173.92000000000002
3495,ORD00001183,PROD00002082,5,5,47.65,19.06,4.33,216.6
3496,ORD00001184,PROD00001744,1,7,21.33,8.53,1.53,138.59999999999997
3497,ORD00001185,PROD00000144,1,9,30.49,12.2,2.61,250.92
3498,ORD00001185,PROD00001995,2,3,44.56,17.82,6.13,115.28999999999999
3499,ORD00001185,PROD00002240,3,9,48.03,19.21,,
3500,ORD00001185,PROD00004650,4,5,43.57,17.43,4.98,192.95000000000002
3501,ORD00001186,PROD00003358,1,9,45.91,18.36,2.18,393.57
3502,ORD00001186,PROD00004025,2,3,17.99,7.2,1.63,49.08
3503,ORD00001186,PROD00001507,3,8,30.74,12.3,,
3504,ORD00001187,PROD00003808,1,4,26.05,10.42,0.79,101.04
3505,ORD00001187,PROD00000765,2,9,39.26,15.7,3.08,325.62
3506,ORD00001187,PROD00001932,3,4,14.6,5.84,0.09,58.04
3507,ORD00001187,PROD00004394,4,10,31.37,12.55,,
3508,ORD00001188,PROD00003825,1,9,22.57,9.03,2.23,183.06
3509,ORD00001188,PROD00003944,2,5,47.36,18.94,3.27,220.45
3510,ORD00001189,PROD00000299,1,5,41.98,16.79,3.07,194.54999999999998
3511,ORD00001190,PROD00004359,1,9,39.93,15.97,4.46,319.23
3512,ORD00001190,PROD00001508,2,6,17.36,6.94,,
3513,ORD00001190,PROD00003853,3,7,12.37,4.95,1.19,78.25999999999999
3514,ORD00001191,PROD00002515,1,2,22.29,8.92,1.43,41.72
3515,ORD00001191,PROD00000653,2,10,18.61,7.44,1.9,167.10000000000002
3516,ORD00001191,PROD00001186,3,6,13.79,5.52,1.67,72.72
3517,ORD00001192,PROD00003113,1,1,47.0,18.8,1.47,45.53
3518,ORD00001193,PROD00004161,1,3,32.89,13.16,2.56,90.99000000000001
3519,ORD00001193,PROD00002652,2,1,23.79,9.52,0.8,22.99
3520,ORD00001193,PROD00002493,3,7,27.46,10.98,,
3521,ORD00001193,PROD00004563,4,5,33.07,13.23,2.97,150.5
3522,ORD00001193,PROD00000210,5,7,24.78,9.91,3.19,151.13
3523,ORD00001194,PROD00000201,1,1,46.36,18.54,5.3,41.06
3524,ORD00001194,PROD00000804,2,2,33.1,13.24,2.1,62.0
3525,ORD00001194,PROD00000632,3,3,43.83,17.53,3.41,121.26
3526,ORD00001195,PROD00000179,1,2,13.46,5.38,1.0,24.92
3527,ORD00001195,PROD00003920,2,6,45.96,18.38,4.64,247.92000000000002
3528,ORD00001195,PROD00002571,3,4,22.46,8.98,0.83,86.52000000000001
3529,ORD00001196,PROD00003093,1,2,27.71,11.08,2.94,49.54
3530,ORD00001196,PROD00000329,2,2,39.0,15.6,,
3531,ORD00001196,PROD00002253,3,7,31.16,12.46,0.36,215.6
3532,ORD00001196,PROD00002294,4,3,26.21,10.48,,
3533,ORD00001196,PROD00001306,5,8,45.47,18.19,2.59,343.03999999999996
3534,ORD00001197,PROD00001167,1,5,20.62,8.25,1.85,93.85
3535,ORD00001198,PROD00002993,1,1,20.17,8.07,2.9,17.270000000000003
3536,ORD00001198,PROD00004402,2,6,19.12,7.65,1.24,107.28000000000002
3537,ORD00001198,PROD00003168,3,8,14.88,5.95,1.98,103.2
3538,ORD00001198,PROD00004233,4,1,19.23,7.69,0.15,19.080000000000002
3539,ORD00001199,PROD00001560,1,5,33.92,13.57,,
3540,ORD00001199,PROD00004224,2,2,21.05,8.42,1.26,39.58
3541,ORD00001199,PROD00000962,3,8,42.9,17.16,5.44,299.68
3542,ORD00001200,PROD00004861,1,2,48.78,19.51,2.38,92.8
3543,ORD00001200,PROD00004903,2,5,41.95,16.78,3.7,191.25
3544,ORD00001200,PROD00002003,3,6,37.06,14.82,4.67,194.34
3545,ORD00001201,PROD00002779,1,4,13.2,5.28,0.93,49.08
3546,ORD00001201,PROD00004116,2,6,49.07,19.63,3.06,276.06
3547,ORD00001202,PROD00004052,1,9,28.11,11.24,1.51,239.39999999999998
3548,ORD00001202,PROD00003729,2,7,12.95,5.18,,
3549,ORD00001202,PROD00000557,3,2,41.7,16.68,5.92,71.56
3550,ORD00001203,PROD00002151,1,2,38.14,15.26,3.11,70.06
3551,ORD00001203,PROD00000280,2,6,42.43,16.97,6.26,217.02
3552,ORD00001203,PROD00000359,3,4,46.84,18.74,6.07,163.08
3553,ORD00001203,PROD00002588,4,7,21.21,8.48,0.82,142.73000000000002
3554,ORD00001204,PROD00001265,1,4,47.11,18.84,,
3555,ORD00001204,PROD00003204,2,9,24.33,9.73,,
3556,ORD00001204,PROD00002057,3,2,17.58,7.03,,
3557,ORD00001204,PROD00002071,4,5,31.46,12.58,,
3558,ORD00001205,PROD00000303,1,5,12.55,5.02,0.78,58.85000000000001
3559,ORD00001205,PROD00000185,2,9,44.61,17.84,6.0,347.49
3560,ORD00001205,PROD00000538,3,3,12.53,5.01,,
3561,ORD00001205,PROD00002860,4,4,35.06,14.02,,
3562,ORD00001206,PROD00001869,1,9,16.17,6.47,0.54,140.67000000000002
3563,ORD00001206,PROD00000685,2,8,13.09,5.24,0.54,100.4
3564,ORD00001206,PROD00004479,3,2,20.69,8.28,2.67,36.040000000000006
3565,ORD00001206,PROD00004762,4,4,23.87,9.55,3.2,82.68
3566,ORD00001206,PROD00004147,5,8,37.88,15.15,,
3567,ORD00001207,PROD00001670,1,9,42.98,17.19,2.07,368.18999999999994
3568,ORD00001207,PROD00001946,2,4,32.03,12.81,,
3569,ORD00001208,PROD00002443,1,4,11.35,4.54,,
3570,ORD00001208,PROD00002890,2,3,47.07,18.83,7.03,120.12
3571,ORD00001208,PROD00003584,3,10,19.07,7.63,1.32,177.5
3572,ORD00001208,PROD00003457,4,1,23.33,9.33,1.03,22.299999999999997
3573,ORD00001208,PROD00000624,5,3,23.95,9.58,2.94,63.029999999999994
3574,ORD00001209,PROD00002227,1,1,18.71,7.48,1.22,17.490000000000002
3575,ORD00001209,PROD00001032,2,9,25.96,10.38,3.5,202.14000000000001
3576,ORD00001209,PROD00002796,3,2,30.5,12.2,,
3577,ORD00001210,PROD00001952,1,4,42.2,16.88,5.29,147.64000000000001
3578,ORD00001210,PROD00002125,2,6,32.78,13.11,,
3579,ORD00001210,PROD00004598,3,8,48.6,19.44,2.6,368.0
3580,ORD00001211,PROD00004709,1,4,32.96,13.18,3.18,119.12
3581,ORD00001211,PROD00001716,2,6,39.56,15.82,5.76,202.8
3582,ORD00001211,PROD00000542,3,4,23.19,9.28,,
3583,ORD00001211,PROD00004490,4,2,26.43,10.57,,
3584,ORD00001212,PROD00002025,1,8,31.1,12.44,,
3585,ORD00001213,PROD00001291,1,3,18.82,7.53,,
3586,ORD00001213,PROD00003351,2,10,44.2,17.68,3.88,403.2
3587,ORD00001214,PROD00000520,1,1,49.64,19.86,4.34,45.3
3588,ORD00001214,PROD00004584,2,4,13.0,5.2,0.22,51.12
3589,ORD00001215,PROD00004906,1,5,26.12,10.45,,
3590,ORD00001216,PROD00001359,1,7,44.18,17.67,,
3591,ORD00001216,PROD00003361,2,6,35.58,14.23,5.12,182.76
3592,ORD00001217,PROD00000262,1,6,29.61,11.84,,
3593,ORD00001217,PROD00001251,2,5,14.03,5.61,,
3594,ORD00001217,PROD00004471,3,9,46.48,18.59,,
3595,ORD00001217,PROD00001113,4,9,26.66,10.66,0.88,232.02
3596,ORD00001217,PROD00001524,5,10,20.04,8.02,0.47,195.7
3597,ORD00001218,PROD00004043,1,5,14.56,5.82,,
3598,ORD00001218,PROD00001297,2,5,13.94,5.58,1.29,63.24999999999999
3599,ORD00001218,PROD00001140,3,3,15.2,6.08,0.23,44.91
3600,ORD00001219,PROD00002998,1,2,16.17,6.47,,
3601,ORD00001219,PROD00000147,2,9,26.98,10.79,3.45,211.77
3602,ORD00001219,PROD00000957,3,9,39.03,15.61,5.64,300.51
3603,ORD00001219,PROD00003098,4,10,23.57,9.43,1.66,219.1
3604,ORD00001220,PROD00003335,1,6,48.82,19.53,0.75,288.42
3605,ORD00001220,PROD00003734,2,2,34.52,13.81,3.78,61.480000000000004
3606,ORD00001220,PROD00001001,3,5,45.99,18.4,1.02,224.85
3607,ORD00001220,PROD00003327,4,7,38.24,15.3,0.68,262.92
3608,ORD00001221,PROD00003286,1,1,33.31,13.32,,
3609,ORD00001221,PROD00001722,2,2,23.8,9.52,,
3610,ORD00001222,PROD00003205,1,8,44.52,17.81,,
3611,ORD00001222,PROD00003743,2,7,47.29,18.92,,
3612,ORD00001223,PROD00000982,1,9,48.61,19.44,7.03,374.21999999999997
3613,ORD00001223,PROD00003335,2,6,25.59,10.24,2.84,136.5
3614,ORD00001224,PROD00000755,1,8,31.24,12.5,,
3615,ORD00001224,PROD00003633,2,3,28.78,11.51,,
3616,ORD00001225,PROD00001123,1,2,18.62,7.45,,
3617,ORD00001226,PROD00004920,1,2,30.22,12.09,,
3618,ORD00001226,PROD00003777,2,1,48.95,19.58,5.78,43.17
3619,ORD00001226,PROD00004695,3,6,21.04,8.42,0.7,122.03999999999999
3620,ORD00001226,PROD00000822,4,5,10.76,4.3,1.3,47.3
3621,ORD00001227,PROD00002562,1,1,28.52,11.41,0.08,28.44
3622,ORD00001227,PROD00004080,2,3,29.72,11.89,,
3623,ORD00001227,PROD00001920,3,5,39.95,15.98,2.53,187.10000000000002
3624,ORD00001228,PROD00000707,1,7,39.65,15.86,0.23,275.94
3625,ORD00001228,PROD00004287,2,7,37.87,15.15,3.38,241.42999999999995
3626,ORD00001229,PROD00002804,1,6,11.37,4.55,,
3627,ORD00001229,PROD00003465,2,8,23.73,9.49,,
3628,ORD00001229,PROD00004706,3,5,30.19,12.08,0.93,146.3
3629,ORD00001230,PROD00002764,1,4,37.71,15.08,1.94,143.08
3630,ORD00001231,PROD00002675,1,9,22.79,9.12,,
3631,ORD00001231,PROD00003922,2,5,25.52,10.21,0.17,126.74999999999999
3632,ORD00001231,PROD00000617,3,4,26.14,10.46,3.14,92.0
3633,ORD00001232,PROD00002188,1,4,29.23,11.69,3.39,103.36
3634,ORD00001233,PROD00000753,1,3,35.12,14.05,,
3635,ORD00001233,PROD00003371,2,10,41.58,16.63,4.44,371.4
3636,ORD00001234,PROD00000731,1,6,39.37,15.75,5.19,205.07999999999998
3637,ORD00001235,PROD00000165,1,7,24.44,9.78,3.06,149.66000000000003
3638,ORD00001235,PROD00000112,2,5,43.62,17.45,4.02,197.99999999999997
3639,ORD00001235,PROD00003668,3,6,13.85,5.54,,
3640,ORD00001236,PROD00003310,1,3,45.6,18.24,5.35,120.75
3641,ORD00001236,PROD00003762,2,2,13.0,5.2,1.05,23.9
3642,ORD00001236,PROD00000861,3,10,45.74,18.3,0.41,453.30000000000007
3643,ORD00001236,PROD00004650,4,6,27.6,11.04,4.09,141.06
3644,ORD00001237,PROD00002326,1,6,21.96,8.78,,
3645,ORD00001237,PROD00004814,2,10,45.83,18.33,3.67,421.59999999999997
3646,ORD00001237,PROD00004251,3,10,39.74,15.9,2.28,374.6
3647,ORD00001238,PROD00000716,1,7,15.3,6.12,1.4,97.3
3648,ORD00001238,PROD00001635,2,3,19.94,7.98,0.92,57.06
3649,ORD00001238,PROD00003281,3,4,47.59,19.04,1.55,184.16000000000003
3650,ORD00001238,PROD00004071,4,9,48.83,19.53,1.53,425.7
3651,ORD00001239,PROD00003359,1,4,21.56,8.62,0.69,83.47999999999999
3652,ORD00001239,PROD00004018,2,3,41.26,16.5,5.16,108.29999999999998
3653,ORD00001240,PROD00003337,1,9,24.02,9.61,,
3654,ORD00001240,PROD00001772,2,1,36.73,14.69,3.55,33.18
3655,ORD00001240,PROD00004927,3,9,10.51,4.2,0.69,88.38
3656,ORD00001240,PROD00002525,4,5,30.85,12.34,3.47,136.9
3657,ORD00001241,PROD00003387,1,6,36.54,14.62,1.58,209.76
3658,ORD00001241,PROD00001491,2,4,49.38,19.75,2.35,188.12
3659,ORD00001241,PROD00004210,3,10,25.47,10.19,,
3660,ORD00001241,PROD00001900,4,6,21.34,8.54,,
3661,ORD00001241,PROD00001924,5,7,33.29,13.32,1.27,224.14
3662,ORD00001242,PROD00001524,1,7,24.61,9.84,2.18,157.01
3663,ORD00001242,PROD00004797,2,6,47.13,18.85,6.05,246.48000000000002
3664,ORD00001242,PROD00002023,3,7,43.03,17.21,1.52,290.57
3665,ORD00001243,PROD00003997,1,1,10.64,4.26,0.29,10.350000000000001
3666,ORD00001243,PROD00003108,2,5,26.25,10.5,1.07,125.9
3667,ORD00001243,PROD00002171,3,1,21.33,8.53,,
3668,ORD00001244,PROD00000532,1,3,21.24,8.5,,
3669,ORD00001244,PROD00003627,2,3,49.32,19.73,1.2,144.35999999999999
3670,ORD00001244,PROD00003647,3,7,15.0,6.0,0.63,100.58999999999999
3671,ORD00001245,PROD00003252,1,7,38.85,15.54,2.07,257.46000000000004
3672,ORD00001246,PROD00000915,1,9,10.82,4.33,0.33,94.41
3673,ORD00001246,PROD00002718,2,7,21.98,8.79,1.89,140.63
3674,ORD00001246,PROD00002374,3,8,17.82,7.13,,
3675,ORD00001247,PROD00002405,1,10,32.36,12.94,3.85,285.09999999999997
3676,ORD00001247,PROD00002675,2,1,47.54,19.02,3.82,43.72
3677,ORD00001247,PROD00002948,3,6,12.31,4.92,1.2,66.66000000000001
3678,ORD00001247,PROD00001781,4,6,16.76,6.7,0.32,98.64000000000001
3679,ORD00001248,PROD00003253,1,4,49.89,19.96,6.57,173.28
3680,ORD00001248,PROD00003199,2,4,21.14,8.46,1.26,79.52
3681,ORD00001248,PROD00002188,3,8,36.58,14.63,3.27,266.47999999999996
3682,ORD00001249,PROD00001238,1,9,47.3,18.92,,
3683,ORD00001249,PROD00003671,2,5,26.61,10.64,,
3684,ORD00001249,PROD00000885,3,10,10.14,4.06,0.55,95.9
3685,ORD00001249,PROD00004156,4,10,27.62,11.05,,
3686,ORD00001250,PROD00001118,1,8,15.0,6.0,1.0,112.0
3687,ORD00001250,PROD00002650,2,5,46.92,18.77,,
3688,ORD00001250,PROD00002405,3,5,32.04,12.82,,
3689,ORD00001251,PROD00002435,1,6,24.37,9.75,,
3690,ORD00001251,PROD00004107,2,9,19.26,7.7,2.66,149.4
3691,ORD00001251,PROD00004379,3,3,41.77,16.71,3.3,115.41000000000003
3692,ORD00001251,PROD00004200,4,3,41.43,16.57,1.03,121.19999999999999
3693,ORD00001252,PROD00004374,1,8,40.57,16.23,4.7,286.96
3694,ORD00001252,PROD00000453,2,9,16.18,6.47,0.81,138.32999999999998
3695,ORD00001252,PROD00004311,3,3,25.43,10.17,0.87,73.67999999999999
3696,ORD00001252,PROD00000254,4,7,24.19,9.68,1.48,158.97
3697,ORD00001252,PROD00001452,5,3,19.95,7.98,,
3698,ORD00001253,PROD00002740,1,5,23.96,9.58,0.88,115.4
3699,ORD00001253,PROD00003512,2,10,27.98,11.19,0.4,275.8
3700,ORD00001254,PROD00000204,1,6,20.97,8.39,,
3701,ORD00001254,PROD00003177,2,3,28.96,11.58,3.85,75.33
3702,ORD00001255,PROD00002940,1,4,46.05,18.42,0.24,183.23999999999998
3703,ORD00001255,PROD00003332,2,10,49.21,19.68,6.55,426.6
3704,ORD00001255,PROD00002687,3,2,43.4,17.36,,
3705,ORD00001256,PROD00001251,1,5,47.97,19.19,2.02,229.74999999999997
3706,ORD00001256,PROD00001984,2,7,15.31,6.12,,
3707,ORD00001256,PROD00003024,3,6,37.26,14.9,1.55,214.26
3708,ORD00001257,PROD00000628,1,3,41.75,16.7,4.43,111.96000000000001
3709,ORD00001257,PROD00000729,2,10,23.37,9.35,,
3710,ORD00001257,PROD00003744,3,3,36.59,14.64,5.48,93.33000000000001
3711,ORD00001257,PROD00001830,4,4,49.56,19.82,0.47,196.36
3712,ORD00001258,PROD00003758,1,8,32.68,13.07,4.58,224.8
3713,ORD00001258,PROD00002453,2,5,48.93,19.57,6.67,211.29999999999998
3714,ORD00001258,PROD00002400,3,9,39.64,15.86,3.52,325.08
3715,ORD00001259,PROD00004790,1,9,41.43,16.57,1.88,355.95
3716,ORD00001259,PROD00001151,2,2,27.06,10.82,3.14,47.839999999999996
3717,ORD00001259,PROD00002338,3,8,36.98,14.79,4.31,261.35999999999996
3718,ORD00001259,PROD00004950,4,8,49.42,19.77,,
3719,ORD00001260,PROD00002946,1,10,40.05,16.02,1.85,381.99999999999994
3720,ORD00001261,PROD00000451,1,2,11.86,4.74,0.17,23.38
3721,ORD00001261,PROD00000679,2,9,32.26,12.9,0.62,284.76
3722,ORD00001261,PROD00003956,3,4,32.09,12.84,2.83,117.04000000000002
3723,ORD00001261,PROD00002905,4,4,48.11,19.24,,
3724,ORD00001262,PROD00002157,1,3,43.16,17.26,1.74,124.25999999999999
3725,ORD00001262,PROD00004322,2,7,38.37,15.35,3.98,240.73000000000002
3726,ORD00001262,PROD00001249,3,2,39.43,15.77,4.68,69.5
3727,ORD00001262,PROD00003662,4,10,17.84,7.14,2.31,155.29999999999998
3728,ORD00001262,PROD00001176,5,9,27.68,11.07,0.02,248.94
3729,ORD00001263,PROD00000585,1,10,22.62,9.05,1.51,211.1
3730,ORD00001263,PROD00000386,2,9,37.2,14.88,0.3,332.1
3731,ORD00001263,PROD00001446,3,4,22.68,9.07,,
3732,ORD00001263,PROD00001387,4,8,48.69,19.48,4.32,354.96
3733,ORD00001263,PROD00001394,5,3,12.86,5.14,,
3734,ORD00001264,PROD00000222,1,5,13.56,5.42,0.37,65.95
3735,ORD00001264,PROD00003879,2,1,12.52,5.01,,
3736,ORD00001264,PROD00004648,3,7,33.23,13.29,3.12,210.76999999999998
3737,ORD00001264,PROD00000352,4,7,41.68,16.67,,
3738,ORD00001264,PROD00001441,5,10,43.3,17.32,0.17,431.29999999999995
3739,ORD00001265,PROD00001500,1,5,26.93,10.77,3.61,116.6
3740,ORD00001265,PROD00004088,2,4,27.23,10.89,2.85,97.52
3741,ORD00001265,PROD00003382,3,8,12.06,4.82,1.59,83.76
3742,ORD00001265,PROD00000558,4,8,10.79,4.32,1.53,74.08
3743,ORD00001266,PROD00000221,1,4,12.04,4.82,0.2,47.36
3744,ORD00001267,PROD00001345,1,2,47.14,18.86,,
3745,ORD00001267,PROD00003414,2,1,43.98,17.59,0.41,43.57
3746,ORD00001267,PROD00004454,3,7,27.15,10.86,2.73,170.94
3747,ORD00001268,PROD00001003,1,2,35.42,14.17,0.16,70.52000000000001
3748,ORD00001268,PROD00001686,2,9,47.45,18.98,0.07,426.42
3749,ORD00001268,PROD00003477,3,9,49.55,19.82,,
3750,ORD00001268,PROD00004096,4,8,41.83,16.73,,
3751,ORD00001268,PROD00003782,5,2,39.51,15.8,,
3752,ORD00001269,PROD00001914,1,2,49.23,19.69,5.23,88.0
3753,ORD00001270,PROD00003812,1,8,22.58,9.03,1.45,169.04
3754,ORD00001270,PROD00003847,2,2,41.54,16.62,0.72,81.64
3755,ORD00001270,PROD00002886,3,5,40.78,16.31,5.26,177.60000000000002
3756,ORD00001270,PROD00001441,4,2,12.23,4.89,1.71,21.04
3757,ORD00001271,PROD00001810,1,4,47.69,19.08,7.06,162.51999999999998
3758,ORD00001271,PROD00002877,2,2,34.19,13.68,1.12,66.14
3759,ORD00001272,PROD00004227,1,9,21.27,8.51,,
3760,ORD00001272,PROD00002358,2,1,10.93,4.37,1.55,9.379999999999999
3761,ORD00001273,PROD00001973,1,10,11.47,4.59,1.55,99.2
3762,ORD00001273,PROD00004556,2,4,35.98,14.39,,
3763,ORD00001273,PROD00001544,3,9,45.16,18.06,,
3764,ORD00001273,PROD00000718,4,9,25.99,10.4,1.49,220.5
3765,ORD00001274,PROD00003797,1,4,19.89,7.96,0.21,78.72
3766,ORD00001275,PROD00004906,1,10,27.54,11.02,1.93,256.1
3767,ORD00001275,PROD00000695,2,10,40.12,16.05,1.8,383.2
3768,ORD00001276,PROD00002139,1,3,30.22,12.09,,
3769,ORD00001276,PROD00002021,2,7,28.38,11.35,,
3770,ORD00001276,PROD00004217,3,4,28.79,11.52,,
3771,ORD00001276,PROD00000413,4,6,24.98,9.99,2.05,137.57999999999998
3772,ORD00001276,PROD00002378,5,9,34.23,13.69,3.6,275.66999999999996
3773,ORD00001277,PROD00001247,1,7,14.76,5.9,1.5,92.82
3774,ORD00001277,PROD00003217,2,6,29.83,11.93,2.23,165.6
3775,ORD00001277,PROD00003850,3,5,34.11,13.64,,
3776,ORD00001278,PROD00000818,1,3,36.14,14.46,4.33,95.43
3777,ORD00001279,PROD00001943,1,2,41.05,16.42,0.66,80.78
3778,ORD00001279,PROD00001805,2,7,49.09,19.64,,
3779,ORD00001280,PROD00000203,1,3,14.5,5.8,1.87,37.89
3780,ORD00001280,PROD00000634,2,10,12.68,5.07,0.6,120.8
3781,ORD00001280,PROD00003495,3,4,13.39,5.36,,
3782,ORD00001281,PROD00000611,1,1,35.57,14.23,4.02,31.55
3783,ORD00001282,PROD00001083,1,3,35.49,14.2,,
3784,ORD00001282,PROD00000330,2,8,44.38,17.75,4.67,317.68
3785,ORD00001282,PROD00004073,3,6,36.27,14.51,,
3786,ORD00001282,PROD00002395,4,7,26.63,10.65,1.72,174.37
3787,ORD00001283,PROD00004201,1,1,23.46,9.38,0.84,22.62
3788,ORD00001283,PROD00000139,2,8,27.94,11.18,2.85,200.72
3789,ORD00001284,PROD00000703,1,8,32.88,13.15,0.42,259.68
3790,ORD00001285,PROD00001896,1,7,23.42,9.37,,
3791,ORD00001285,PROD00000439,2,7,21.82,8.73,2.75,133.49
3792,ORD00001285,PROD00000649,3,2,44.89,17.96,0.71,88.36
3793,ORD00001285,PROD00004298,4,7,29.76,11.9,3.55,183.47
3794,ORD00001286,PROD00001846,1,7,11.87,4.75,0.93,76.58
3795,ORD00001286,PROD00002003,2,4,42.07,16.83,,
3796,ORD00001286,PROD00000505,3,7,36.47,14.59,,
3797,ORD00001287,PROD00002713,1,9,21.44,8.58,0.63,187.29000000000002
3798,ORD00001287,PROD00002914,2,3,26.58,10.63,2.77,71.42999999999999
3799,ORD00001287,PROD00002418,3,10,36.09,14.44,0.79,353.00000000000006
3800,ORD00001287,PROD00002504,4,7,24.71,9.88,2.88,152.81
3801,ORD00001288,PROD00001779,1,10,34.63,13.85,3.52,311.1
3802,ORD00001288,PROD00001046,2,5,20.18,8.07,0.56,98.10000000000001
3803,ORD00001289,PROD00000433,1,9,10.1,4.04,0.11,89.91
3804,ORD00001290,PROD00002945,1,1,26.3,10.52,,
3805,ORD00001290,PROD00000920,2,9,45.62,18.25,2.44,388.62
3806,ORD00001290,PROD00000307,3,3,40.94,16.38,4.11,110.49
3807,ORD00001290,PROD00000670,4,10,43.28,17.31,3.29,399.90000000000003
3808,ORD00001291,PROD00002243,1,9,14.47,5.79,1.43,117.36000000000001
3809,ORD00001291,PROD00002812,2,6,10.16,4.06,0.47,58.14
3810,ORD00001292,PROD00004794,1,1,48.05,19.22,2.72,45.33
3811,ORD00001292,PROD00003277,2,8,41.45,16.58,6.1,282.8
3812,ORD00001292,PROD00002064,3,3,15.37,6.15,0.14,45.69
3813,ORD00001292,PROD00003545,4,1,22.94,9.18,0.67,22.27
3814,ORD00001293,PROD00001300,1,1,43.79,17.52,,
3815,ORD00001293,PROD00004259,2,9,22.7,9.08,2.61,180.81
3816,ORD00001294,PROD00002227,1,6,42.77,17.11,3.1,238.02
3817,ORD00001294,PROD00000132,2,2,37.13,14.85,3.15,67.96000000000001
3818,ORD00001294,PROD00000052,3,1,40.92,16.37,4.4,36.52
3819,ORD00001294,PROD00004152,4,7,33.93,13.57,,
3820,ORD00001294,PROD00004163,5,6,34.94,13.98,0.55,206.34
3821,ORD00001295,PROD00000564,1,9,29.22,11.69,1.88,246.06
3822,ORD00001295,PROD00003549,2,5,24.35,9.74,2.23,110.60000000000001
3823,ORD00001296,PROD00004157,1,4,46.1,18.44,5.15,163.8
3824,ORD00001296,PROD00002955,2,4,43.79,17.52,1.66,168.52
3825,ORD00001296,PROD00001340,3,1,23.88,9.55,3.24,20.64
3826,ORD00001296,PROD00004250,4,3,24.63,9.85,2.38,66.75
3827,ORD00001296,PROD00004985,5,5,32.05,12.82,1.17,154.39999999999998
3828,ORD00001297,PROD00000249,1,4,38.49,15.4,0.06,153.72
3829,ORD00001297,PROD00001238,2,5,28.89,11.56,,
3830,ORD00001297,PROD00003296,3,10,13.12,5.25,1.28,118.4
3831,ORD00001297,PROD00001391,4,3,21.75,8.7,1.43,60.96
3832,ORD00001298,PROD00004780,1,7,11.0,4.4,0.19,75.67
3833,ORD00001298,PROD00001243,2,5,48.74,19.5,,
3834,ORD00001299,PROD00000744,1,10,24.87,9.95,2.09,227.8
3835,ORD00001299,PROD00000247,2,10,32.27,12.91,4.58,276.90000000000003
3836,ORD00001300,PROD00002361,1,2,34.85,13.94,,
3837,ORD00001301,PROD00004746,1,4,26.09,10.44,,
3838,ORD00001301,PROD00004095,2,10,27.4,10.96,2.08,253.2
3839,ORD00001301,PROD00004623,3,6,40.34,16.14,3.54,220.8
3840,ORD00001301,PROD00001099,4,2,43.04,17.22,2.07,81.94
3841,ORD00001302,PROD00003144,1,9,16.24,6.5,0.43,142.29
3842,ORD00001302,PROD00000209,2,2,45.05,18.02,0.45,89.19999999999999
3843,ORD00001302,PROD00000228,3,2,13.4,5.36,0.73,25.34
3844,ORD00001302,PROD00000840,4,3,27.32,10.93,1.06,78.78
3845,ORD00001303,PROD00000108,1,6,16.44,6.58,,
3846,ORD00001303,PROD00000686,2,6,35.49,14.2,3.28,193.26
3847,ORD00001303,PROD00004568,3,5,43.07,17.23,2.08,204.95000000000002
3848,ORD00001304,PROD00002911,1,1,16.92,6.77,,
3849,ORD00001304,PROD00002607,2,2,34.29,13.72,,
3850,ORD00001304,PROD00002811,3,5,48.94,19.58,3.06,229.39999999999998
3851,ORD00001305,PROD00002513,1,2,16.87,6.75,,
3852,ORD00001305,PROD00003163,2,8,28.99,11.6,1.05,223.51999999999998
3853,ORD00001305,PROD00003246,3,2,14.57,5.83,2.15,24.84
3854,ORD00001305,PROD00002351,4,6,34.77,13.91,0.68,204.54000000000002
3855,ORD00001305,PROD00002793,5,1,33.39,13.36,,
3856,ORD00001306,PROD00000641,1,8,13.67,5.47,0.12,108.4
3857,ORD00001307,PROD00002974,1,2,42.36,16.94,4.23,76.25999999999999
3858,ORD00001307,PROD00004727,2,1,40.84,16.34,0.07,40.77
3859,ORD00001307,PROD00000186,3,3,42.36,16.94,,
3860,ORD00001307,PROD00004201,4,7,27.47,10.99,,
3861,ORD00001307,PROD00003486,5,3,37.96,15.18,1.31,109.94999999999999
3862,ORD00001308,PROD00002278,1,8,45.71,18.28,0.39,362.56
3863,ORD00001308,PROD00003784,2,8,15.82,6.33,0.81,120.08
3864,ORD00001308,PROD00000326,3,5,32.69,13.08,0.55,160.7
3865,ORD00001309,PROD00004670,1,7,46.18,18.47,,
3866,ORD00001309,PROD00000192,2,1,32.53,13.01,3.67,28.86
3867,ORD00001309,PROD00002575,3,10,40.78,16.31,5.87,349.1
3868,ORD00001310,PROD00004567,1,5,18.5,7.4,0.96,87.69999999999999
3869,ORD00001310,PROD00003593,2,10,32.2,12.88,0.61,315.90000000000003
3870,ORD00001311,PROD00000249,1,8,24.15,9.66,,
3871,ORD00001311,PROD00002227,2,9,10.1,4.04,0.63,85.22999999999999
3872,ORD00001311,PROD00002781,3,1,38.13,15.25,1.57,36.56
3873,ORD00001312,PROD00001015,1,2,10.23,4.09,,
3874,ORD00001313,PROD00004396,1,3,44.9,17.96,6.35,115.64999999999999
3875,ORD00001313,PROD00003614,2,7,18.97,7.59,,
3876,ORD00001314,PROD00002838,1,3,41.56,16.62,5.89,107.01
3877,ORD00001315,PROD00000044,1,7,37.67,15.07,3.02,242.54999999999998
3878,ORD00001315,PROD00000782,2,2,49.92,19.97,,
3879,ORD00001316,PROD00001790,1,5,44.25,17.7,,
3880,ORD00001316,PROD00002203,2,8,24.55,9.82,1.3,186.0
3881,ORD00001316,PROD00003174,3,6,23.83,9.53,1.72,132.66
3882,ORD00001316,PROD00001622,4,7,47.16,18.86,3.16,308.0
3883,ORD00001316,PROD00000042,5,5,29.63,11.85,0.6,145.14999999999998
3884,ORD00001317,PROD00004539,1,3,20.92,8.37,1.66,57.78
3885,ORD00001317,PROD00001854,2,1,14.26,5.7,0.84,13.42
3886,ORD00001317,PROD00000667,3,8,30.77,12.31,1.83,231.51999999999998
3887,ORD00001317,PROD00004636,4,1,41.61,16.64,3.25,38.36
3888,ORD00001318,PROD00003573,1,2,19.44,7.78,1.94,35.0
3889,ORD00001318,PROD00000501,2,1,48.21,19.28,6.88,41.33
3890,ORD00001318,PROD00000595,3,1,22.03,8.81,,
3891,ORD00001319,PROD00003653,1,8,28.22,11.29,0.1,224.95999999999998
3892,ORD00001319,PROD00000435,2,4,41.59,16.64,0.46,164.52
3893,ORD00001319,PROD00001289,3,8,33.63,13.45,2.0,253.04000000000002
3894,ORD00001320,PROD00002141,1,9,12.41,4.96,,
3895,ORD00001321,PROD00000550,1,8,44.12,17.65,,
3896,ORD00001321,PROD00000552,2,1,35.41,14.16,,
3897,ORD00001321,PROD00001234,3,9,12.28,4.91,0.48,106.19999999999999
3898,ORD00001321,PROD00002976,4,7,40.18,16.07,4.3,251.16000000000003
3899,ORD00001321,PROD00000778,5,6,11.17,4.47,1.64,57.17999999999999
3900,ORD00001322,PROD00004822,1,9,27.03,10.81,1.17,232.74
3901,ORD00001323,PROD00000165,1,5,23.26,9.3,,
3902,ORD00001323,PROD00003598,2,9,10.4,4.16,0.53,88.83000000000001
3903,ORD00001323,PROD00002016,3,3,11.74,4.7,0.18,34.68
3904,ORD00001324,PROD00002668,1,4,17.57,7.03,0.63,67.76
3905,ORD00001324,PROD00003766,2,4,31.19,12.48,2.42,115.08000000000001
3906,ORD00001324,PROD00002126,3,6,48.53,19.41,6.84,250.14
3907,ORD00001325,PROD00001864,1,5,15.5,6.2,0.84,73.3
3908,ORD00001325,PROD00003495,2,7,18.32,7.33,,
3909,ORD00001326,PROD00002963,1,8,19.43,7.77,2.72,133.68
3910,ORD00001327,PROD00000404,1,2,25.69,10.28,,
3911,ORD00001327,PROD00001138,2,4,42.47,16.99,,
3912,ORD00001327,PROD00002989,3,7,19.46,7.78,2.09,121.59
3913,ORD00001327,PROD00002619,4,5,38.0,15.2,0.59,187.04999999999998
3914,ORD00001327,PROD00004857,5,6,38.89,15.56,1.07,226.92000000000002
3915,ORD00001328,PROD00000551,1,9,47.74,19.1,6.8,368.46000000000004
3916,ORD00001328,PROD00001223,2,3,45.68,18.27,2.86,128.46
3917,ORD00001328,PROD00004987,3,7,30.8,12.32,2.88,195.44
3918,ORD00001329,PROD00003156,1,1,13.3,5.32,,
3919,ORD00001330,PROD00002974,1,4,46.07,18.43,0.08,183.96
3920,ORD00001330,PROD00002637,2,7,29.85,11.94,3.52,184.31
3921,ORD00001330,PROD00002744,3,6,29.44,11.78,1.14,169.8
3922,ORD00001330,PROD00003977,4,3,10.14,4.06,,
3923,ORD00001331,PROD00001077,1,2,19.7,7.88,,
3924,ORD00001331,PROD00001601,2,10,25.18,10.07,,
3925,ORD00001331,PROD00004445,3,9,40.59,16.24,2.6,341.91
3926,ORD00001332,PROD00004719,1,10,11.19,4.48,1.33,98.6
3927,ORD00001332,PROD00001119,2,2,17.7,7.08,,
3928,ORD00001333,PROD00002549,1,2,12.95,5.18,1.09,23.72
3929,ORD00001333,PROD00000001,2,9,29.81,11.92,1.73,252.71999999999997
3930,ORD00001333,PROD00000682,3,2,17.55,7.02,2.63,29.840000000000003
3931,ORD00001333,PROD00000451,4,2,43.25,17.3,1.66,83.18
3932,ORD00001334,PROD00000271,1,5,40.78,16.31,5.95,174.14999999999998
3933,ORD00001334,PROD00002302,2,9,22.33,8.93,0.67,194.93999999999997
3934,ORD00001334,PROD00000234,3,9,47.97,19.19,5.64,380.96999999999997
3935,ORD00001335,PROD00000513,1,3,23.24,9.3,,
3936,ORD00001335,PROD00001518,2,4,17.9,7.16,0.87,68.11999999999999
3937,ORD00001335,PROD00004871,3,3,46.53,18.61,3.18,130.05
3938,ORD00001335,PROD00000458,4,2,49.95,19.98,4.23,91.44
3939,ORD00001336,PROD00000928,1,6,27.45,10.98,3.71,142.44
3940,ORD00001336,PROD00000192,2,7,21.0,8.4,2.69,128.17
3941,ORD00001336,PROD00003425,3,4,35.61,14.24,2.5,132.44
3942,ORD00001336,PROD00000309,4,4,25.3,10.12,,
3943,ORD00001337,PROD00001208,1,5,40.75,16.3,2.0,193.75
3944,ORD00001338,PROD00001088,1,5,43.64,17.46,4.75,194.45
3945,ORD00001338,PROD00001551,2,1,38.19,15.28,,
3946,ORD00001338,PROD00002818,3,5,47.4,18.96,,
3947,ORD00001338,PROD00002610,4,4,22.82,9.13,0.85,87.88
3948,ORD00001339,PROD00000507,1,2,11.85,4.74,1.49,20.72
3949,ORD00001339,PROD00004595,2,1,19.28,7.71,,
3950,ORD00001339,PROD00000786,3,1,45.87,18.35,,
3951,ORD00001340,PROD00000368,1,10,28.14,11.26,4.11,240.3
3952,ORD00001341,PROD00004827,1,4,38.69,15.48,3.51,140.72
3953,ORD00001341,PROD00002113,2,10,32.65,13.06,2.49,301.59999999999997
3954,ORD00001342,PROD00003413,1,2,15.88,6.35,1.61,28.540000000000003
3955,ORD00001342,PROD00003271,2,7,43.28,17.31,1.09,295.33
3956,ORD00001343,PROD00004861,1,5,43.86,17.54,5.15,193.55
3957,ORD00001344,PROD00004799,1,10,22.84,9.14,0.95,218.9
3958,ORD00001345,PROD00004274,1,1,14.35,5.74,,
3959,ORD00001345,PROD00003455,2,1,18.12,7.25,2.17,15.950000000000001
3960,ORD00001345,PROD00002811,3,5,47.8,19.12,5.96,209.2
3961,ORD00001346,PROD00003245,1,1,34.13,13.65,2.45,31.680000000000003
3962,ORD00001347,PROD00003655,1,2,37.03,14.81,,
3963,ORD00001347,PROD00003680,2,7,28.14,11.26,,
3964,ORD00001347,PROD00002716,3,2,19.79,7.92,0.62,38.339999999999996
3965,ORD00001347,PROD00001672,4,8,42.83,17.13,1.19,333.12
3966,ORD00001347,PROD00001759,5,5,29.41,11.76,2.81,133.0
3967,ORD00001348,PROD00000013,1,3,18.23,7.29,1.53,50.099999999999994
3968,ORD00001348,PROD00000441,2,5,14.99,6.0,,
3969,ORD00001348,PROD00000585,3,10,10.67,4.27,0.62,100.5
3970,ORD00001348,PROD00001331,4,2,34.0,13.6,1.55,64.9
3971,ORD00001349,PROD00003643,1,6,11.2,4.48,1.61,57.54
3972,ORD00001349,PROD00003766,2,9,42.68,17.07,2.3,363.42
3973,ORD00001349,PROD00003824,3,9,34.43,13.77,,
3974,ORD00001349,PROD00001660,4,7,17.22,6.89,,
3975,ORD00001350,PROD00001479,1,7,31.57,12.63,0.14,220.01
3976,ORD00001350,PROD00004439,2,2,13.13,5.25,0.69,24.880000000000003
3977,ORD00001351,PROD00002008,1,1,22.29,8.92,0.16,22.13
3978,ORD00001351,PROD00002467,2,9,28.81,11.52,0.32,256.40999999999997
3979,ORD00001351,PROD00004896,3,8,49.2,19.68,,
3980,ORD00001351,PROD00002847,4,3,45.39,18.16,,
3981,ORD00001352,PROD00004862,1,8,21.16,8.46,0.71,163.6
3982,ORD00001352,PROD00001260,2,8,18.79,7.52,,
3983,ORD00001352,PROD00001606,3,9,33.07,13.23,4.19,259.92
3984,ORD00001353,PROD00003341,1,5,38.71,15.48,1.24,187.35
3985,ORD00001353,PROD00003345,2,4,13.77,5.51,0.64,52.519999999999996
3986,ORD00001353,PROD00002608,3,6,39.04,15.62,4.02,210.11999999999998
3987,ORD00001354,PROD00003944,1,1,25.19,10.08,,
3988,ORD00001354,PROD00001302,2,6,10.96,4.38,1.34,57.720000000000006
3989,ORD00001355,PROD00002676,1,1,13.66,5.46,,
3990,ORD00001355,PROD00001403,2,4,43.5,17.4,,
3991,ORD00001356,PROD00002464,1,1,48.8,19.52,0.49,48.309999999999995
3992,ORD00001357,PROD00003601,1,2,30.16,12.06,1.08,58.16
3993,ORD00001358,PROD00003278,1,1,37.4,14.96,3.81,33.589999999999996
3994,ORD00001358,PROD00003864,2,7,18.81,7.52,1.48,121.30999999999999
3995,ORD00001358,PROD00000138,3,10,27.77,11.11,,
3996,ORD00001358,PROD00001609,4,3,38.82,15.53,2.46,109.08
3997,ORD00001358,PROD00002395,5,5,41.3,16.52,,
3998,ORD00001359,PROD00004584,1,1,14.61,5.84,1.45,13.16
3999,ORD00001359,PROD00001141,2,4,37.66,15.06,1.9,143.04
4000,ORD00001360,PROD00000128,1,8,13.21,5.28,0.97,97.92
4001,ORD00001361,PROD00001527,1,4,35.19,14.08,0.53,138.64
4002,ORD00001362,PROD00002945,1,1,30.22,12.09,2.44,27.779999999999998
4003,ORD00001363,PROD00004465,1,3,46.6,18.64,6.33,120.81
4004,ORD00001364,PROD00000935,1,9,42.49,17.0,0.45,378.36
4005,ORD00001364,PROD00002209,2,7,25.32,10.13,,
4006,ORD00001365,PROD00003806,1,3,13.38,5.35,0.06,39.96
4007,ORD00001365,PROD00003843,2,6,18.73,7.49,2.04,100.14000000000001
4008,ORD00001365,PROD00002711,3,4,45.4,18.16,6.5,155.6
4009,ORD00001366,PROD00002452,1,1,41.75,16.7,6.1,35.65
4010,ORD00001367,PROD00000636,1,4,42.84,17.14,0.14,170.8
4011,ORD00001367,PROD00000870,2,1,48.86,19.54,1.29,47.57
4012,ORD00001367,PROD00002979,3,6,11.16,4.46,1.63,57.18000000000001
4013,ORD00001367,PROD00001766,4,5,29.91,11.96,3.56,131.75
4014,ORD00001367,PROD00001296,5,7,43.74,17.5,3.99,278.25
4015,ORD00001368,PROD00000044,1,2,12.82,5.13,1.81,22.02
4016,ORD00001368,PROD00001095,2,10,19.14,7.66,,
4017,ORD00001368,PROD00000604,3,2,43.42,17.37,0.1,86.64
4018,ORD00001369,PROD00004628,1,6,12.31,4.92,0.68,69.78
4019,ORD00001369,PROD00001805,2,1,48.18,19.27,3.27,44.91
4020,ORD00001369,PROD00001932,3,5,41.39,16.56,,
4021,ORD00001369,PROD00002258,4,8,45.31,18.12,,
4022,ORD00001370,PROD00003676,1,9,16.17,6.47,2.06,126.99000000000001
4023,ORD00001370,PROD00004823,2,4,36.1,14.44,,
4024,ORD00001370,PROD00002371,3,1,31.83,12.73,1.62,30.209999999999997
4025,ORD00001371,PROD00000455,1,5,25.33,10.13,0.94,121.94999999999999
4026,ORD00001371,PROD00000878,2,8,14.3,5.72,1.55,102.0
4027,ORD00001371,PROD00003595,3,1,22.19,8.88,0.76,21.43
4028,ORD00001371,PROD00004948,4,4,33.14,13.26,,
4029,ORD00001371,PROD00003309,5,5,27.13,10.85,0.34,133.95
4030,ORD00001372,PROD00004616,1,1,10.66,4.26,,
4031,ORD00001372,PROD00003042,2,8,44.62,17.85,4.21,323.28
4032,ORD00001372,PROD00004078,3,4,42.64,17.06,1.51,164.52
4033,ORD00001373,PROD00000820,1,5,19.34,7.74,2.39,84.75
4034,ORD00001373,PROD00004537,2,8,13.93,5.57,1.83,96.8
4035,ORD00001374,PROD00002180,1,8,15.09,6.04,0.44,117.2
4036,ORD00001374,PROD00000750,2,3,32.37,12.95,1.59,92.33999999999999
4037,ORD00001374,PROD00001967,3,4,48.45,19.38,6.53,167.68
4038,ORD00001374,PROD00000423,4,5,32.42,12.97,,
4039,ORD00001374,PROD00000950,5,2,46.07,18.43,0.74,90.66
4040,ORD00001375,PROD00004618,1,1,17.59,7.04,2.53,15.06
4041,ORD00001376,PROD00001101,1,7,21.52,8.61,2.6,132.44
4042,ORD00001376,PROD00003891,2,1,40.71,16.28,,
4043,ORD00001376,PROD00004610,3,8,26.16,10.46,2.32,190.72
4044,ORD00001376,PROD00004187,4,2,17.49,7.0,1.0,32.98
4045,ORD00001377,PROD00002699,1,7,29.49,11.8,4.02,178.29
4046,ORD00001377,PROD00001165,2,4,21.85,8.74,0.62,84.92
4047,ORD00001377,PROD00002898,3,4,44.04,17.62,3.6,161.76
4048,ORD00001377,PROD00003276,4,2,40.02,16.01,1.21,77.62
4049,ORD00001378,PROD00003212,1,1,43.01,17.2,,
4050,ORD00001378,PROD00002291,2,3,17.88,7.15,2.13,47.25
4051,ORD00001379,PROD00001249,1,1,39.76,15.9,1.5,38.26
4052,ORD00001379,PROD00004574,2,4,18.69,7.48,1.18,70.04
4053,ORD00001379,PROD00000625,3,8,28.7,11.48,,
4054,ORD00001379,PROD00003433,4,9,41.65,16.66,3.62,342.27
4055,ORD00001379,PROD00004451,5,3,26.36,10.54,2.89,70.41
4056,ORD00001380,PROD00001367,1,8,45.33,18.13,5.46,318.96
4057,ORD00001380,PROD00000113,2,8,28.65,11.46,,
4058,ORD00001381,PROD00001795,1,2,47.26,18.9,6.88,80.75999999999999
4059,ORD00001381,PROD00001527,2,7,21.41,8.56,0.21,148.4
4060,ORD00001381,PROD00002743,3,4,18.21,7.28,1.33,67.52000000000001
4061,ORD00001381,PROD00000905,4,4,47.08,18.83,4.8,169.12
4062,ORD00001381,PROD00003964,5,5,10.11,4.04,,
4063,ORD00001382,PROD00001824,1,3,36.39,14.56,5.41,92.94
4064,ORD00001382,PROD00003270,2,6,14.84,5.94,,
4065,ORD00001382,PROD00003353,3,1,27.45,10.98,0.43,27.02
4066,ORD00001382,PROD00000022,4,5,17.62,7.05,,
4067,ORD00001382,PROD00002924,5,4,49.2,19.68,4.62,178.32000000000002
4068,ORD00001383,PROD00002419,1,9,19.57,7.83,0.41,172.44
4069,ORD00001383,PROD00001102,2,7,21.63,8.65,2.58,133.34999999999997
4070,ORD00001383,PROD00004182,3,4,16.92,6.77,1.3,62.480000000000004
4071,ORD00001383,PROD00001279,4,10,30.69,12.28,0.25,304.40000000000003
4072,ORD00001384,PROD00001934,1,8,39.99,16.0,1.76,305.84000000000003
4073,ORD00001384,PROD00001648,2,2,29.01,11.6,3.52,50.980000000000004
4074,ORD00001384,PROD00000235,3,8,33.11,13.24,,
4075,ORD00001384,PROD00000250,4,4,42.39,16.96,3.5,155.56
4076,ORD00001385,PROD00004706,1,10,29.5,11.8,2.55,269.5
4077,ORD00001386,PROD00000665,1,10,10.27,4.11,1.28,89.9
4078,ORD00001386,PROD00003928,2,3,30.06,12.02,0.63,88.28999999999999
4079,ORD00001386,PROD00000632,3,4,11.18,4.47,,
4080,ORD00001386,PROD00001701,4,8,18.92,7.57,0.59,146.64000000000001
4081,ORD00001386,PROD00004714,5,6,44.58,17.83,5.76,232.92000000000002
4082,ORD00001387,PROD00001756,1,9,11.62,4.65,0.25,102.33
4083,ORD00001388,PROD00003864,1,5,26.09,10.44,3.16,114.65
4084,ORD00001388,PROD00002939,2,1,35.18,14.07,2.44,32.74
4085,ORD00001388,PROD00001427,3,8,14.86,5.94,,
4086,ORD00001389,PROD00004485,1,5,29.4,11.76,3.14,131.29999999999998
4087,ORD00001390,PROD00000141,1,6,33.63,13.45,,
4088,ORD00001390,PROD00000531,2,10,12.19,4.88,,
4089,ORD00001390,PROD00004253,3,9,42.18,16.87,,
4090,ORD00001391,PROD00000173,1,8,29.53,11.81,0.88,229.20000000000002
4091,ORD00001391,PROD00000524,2,9,21.82,8.73,0.42,192.6
4092,ORD00001392,PROD00001116,1,3,35.85,14.34,0.74,105.33
4093,ORD00001392,PROD00001184,2,2,33.95,13.58,2.87,62.160000000000004
4094,ORD00001392,PROD00000195,3,1,30.1,12.04,1.3,28.8
4095,ORD00001392,PROD00000101,4,6,31.39,12.56,,
4096,ORD00001393,PROD00000566,1,4,13.44,5.38,0.6,51.36
4097,ORD00001393,PROD00004494,2,1,32.52,13.01,,
4098,ORD00001393,PROD00004955,3,6,14.7,5.88,1.44,79.56
4099,ORD00001393,PROD00001749,4,10,26.1,10.44,2.67,234.3
4100,ORD00001394,PROD00001716,1,4,33.27,13.31,,
4101,ORD00001394,PROD00004964,2,4,29.32,11.73,3.86,101.84
4102,ORD00001394,PROD00000773,3,1,41.97,16.79,2.89,39.08
4103,ORD00001394,PROD00003480,4,6,11.45,4.58,0.84,63.66
4104,ORD00001395,PROD00003357,1,4,17.71,7.08,2.01,62.800000000000004
4105,ORD00001395,PROD00004913,2,6,37.54,15.02,,
4106,ORD00001395,PROD00001056,3,1,14.41,5.76,0.6,13.81
4107,ORD00001396,PROD00003967,1,4,45.93,18.37,,
4108,ORD00001397,PROD00002180,1,5,23.75,9.5,,
4109,ORD00001397,PROD00003302,2,5,16.87,6.75,0.93,79.7
4110,ORD00001397,PROD00004703,3,10,18.49,7.4,0.19,182.99999999999997
4111,ORD00001397,PROD00002535,4,8,15.22,6.09,1.41,110.48
4112,ORD00001397,PROD00001819,5,2,23.85,9.54,1.93,43.84
4113,ORD00001398,PROD00004014,1,8,47.84,19.14,5.51,338.64000000000004
4114,ORD00001398,PROD00001656,2,2,18.52,7.41,0.03,36.98
4115,ORD00001398,PROD00004741,3,4,39.56,15.82,3.15,145.64000000000001
4116,ORD00001398,PROD00001480,4,8,12.26,4.9,1.1,89.28
4117,ORD00001398,PROD00000007,5,10,17.83,7.13,2.04,157.89999999999998
4118,ORD00001399,PROD00000900,1,3,29.63,11.85,2.81,80.46000000000001
4119,ORD00001399,PROD00002275,2,7,42.78,17.11,4.39,268.73
4120,ORD00001400,PROD00000657,1,8,43.51,17.4,,
4121,ORD00001400,PROD00001820,2,9,43.24,17.3,6.25,332.91
4122,ORD00001401,PROD00000291,1,2,42.11,16.84,,
4123,ORD00001401,PROD00002788,2,4,25.93,10.37,3.54,89.56
4124,ORD00001401,PROD00000956,3,3,29.26,11.7,0.54,86.16000000000001
4125,ORD00001401,PROD00000027,4,2,40.85,16.34,4.39,72.92
4126,ORD00001402,PROD00002749,1,9,28.88,11.55,4.09,223.10999999999999
4127,ORD00001403,PROD00002744,1,7,48.65,19.46,2.9,320.25
4128,ORD00001404,PROD00003962,1,9,27.95,11.18,,
4129,ORD00001404,PROD00002553,2,9,48.16,19.26,,
4130,ORD00001404,PROD00004338,3,7,15.07,6.03,0.68,100.73
4131,ORD00001404,PROD00001453,4,10,43.86,17.54,,
4132,ORD00001404,PROD00001786,5,2,19.14,7.66,1.58,35.120000000000005
4133,ORD00001405,PROD00004339,1,4,25.1,10.04,2.56,90.16000000000001
4134,ORD00001405,PROD00003713,2,4,32.85,13.14,,
4135,ORD00001405,PROD00002135,3,10,33.76,13.5,0.17,335.9
4136,ORD00001406,PROD00003801,1,10,11.75,4.7,,
4137,ORD00001406,PROD00001271,2,4,32.82,13.13,1.78,124.16
4138,ORD00001406,PROD00004555,3,6,26.63,10.65,0.85,154.67999999999998
4139,ORD00001407,PROD00003634,1,6,16.45,6.58,,
4140,ORD00001407,PROD00003639,2,3,28.59,11.44,2.95,76.92
4141,ORD00001408,PROD00003268,1,7,43.16,17.26,,
4142,ORD00001409,PROD00000452,1,6,43.32,17.33,3.67,237.89999999999998
4143,ORD00001409,PROD00000442,2,4,16.02,6.41,1.22,59.199999999999996
4144,ORD00001409,PROD00001499,3,10,11.59,4.64,0.51,110.8
4145,ORD00001409,PROD00000339,4,5,33.86,13.54,2.6,156.29999999999998
4146,ORD00001410,PROD00004070,1,4,47.35,18.94,0.97,185.52
4147,ORD00001411,PROD00003130,1,3,15.72,6.29,,
4148,ORD00001411,PROD00004844,2,6,40.08,16.03,0.3,238.68
4149,ORD00001411,PROD00004940,3,5,32.97,13.19,3.39,147.89999999999998
4150,ORD00001412,PROD00001186,1,9,19.17,7.67,1.9,155.43000000000004
4151,ORD00001412,PROD00001302,2,3,41.94,16.78,2.11,119.49
4152,ORD00001412,PROD00003952,3,7,34.79,13.92,0.87,237.44
4153,ORD00001412,PROD00000034,4,6,17.13,6.85,1.53,93.6
4154,ORD00001412,PROD00000848,5,3,31.7,12.68,3.51,84.57
4155,ORD00001413,PROD00002351,1,2,12.92,5.17,,
4156,ORD00001414,PROD00003253,1,10,20.51,8.2,1.16,193.5
4157,ORD00001414,PROD00004259,2,3,10.94,4.38,1.4,28.619999999999997
4158,ORD00001414,PROD00000914,3,8,40.68,16.27,3.23,299.6
4159,ORD00001414,PROD00001958,4,6,19.97,7.99,,
4160,ORD00001414,PROD00001223,5,4,38.09,15.24,5.47,130.48000000000002
4161,ORD00001415,PROD00004745,1,1,15.46,6.18,1.16,14.3
4162,ORD00001415,PROD00003704,2,10,14.18,5.67,,
4163,ORD00001416,PROD00001331,1,3,39.74,15.9,5.8,101.82000000000002
4164,ORD00001416,PROD00002078,2,2,36.3,14.52,3.35,65.89999999999999
4165,ORD00001416,PROD00000876,3,3,13.44,5.38,,
4166,ORD00001417,PROD00002949,1,1,22.86,9.14,,
4167,ORD00001417,PROD00001995,2,3,37.32,14.93,4.74,97.74
4168,ORD00001417,PROD00001258,3,5,16.58,6.63,0.17,82.04999999999998
4169,ORD00001417,PROD00003953,4,1,40.65,16.26,,
4170,ORD00001417,PROD00000351,5,7,22.11,8.84,2.85,134.82
4171,ORD00001418,PROD00001468,1,5,29.45,11.78,0.79,143.3
4172,ORD00001419,PROD00001866,1,7,37.99,15.2,4.26,236.11
4173,ORD00001419,PROD00004788,2,10,20.82,8.33,,
4174,ORD00001419,PROD00002750,3,4,33.79,13.52,,
4175,ORD00001419,PROD00004580,4,6,42.78,17.11,0.1,256.08
4176,ORD00001419,PROD00001647,5,4,37.51,15.0,3.85,134.64
4177,ORD00001420,PROD00004644,1,3,18.11,7.24,1.98,48.39
4178,ORD00001420,PROD00001734,2,10,47.88,19.15,4.0,438.8
4179,ORD00001420,PROD00002519,3,9,18.45,7.38,1.93,148.68
4180,ORD00001421,PROD00003228,1,4,20.23,8.09,,
4181,ORD00001421,PROD00002767,2,10,46.67,18.67,3.88,427.9
4182,ORD00001421,PROD00004275,3,10,49.77,19.91,2.81,469.6
4183,ORD00001421,PROD00001891,4,2,40.24,16.1,,
4184,ORD00001421,PROD00002444,5,9,17.72,7.09,,
4185,ORD00001422,PROD00000871,1,8,16.92,6.77,0.24,133.44000000000003
4186,ORD00001422,PROD00003229,2,4,40.45,16.18,5.27,140.72000000000003
4187,ORD00001422,PROD00003019,3,8,33.41,13.36,0.68,261.84
4188,ORD00001422,PROD00002498,4,9,35.46,14.18,,
4189,ORD00001423,PROD00001411,1,4,23.29,9.32,0.89,89.6
4190,ORD00001424,PROD00003899,1,3,27.74,11.1,3.46,72.83999999999999
4191,ORD00001424,PROD00004087,2,1,21.36,8.54,3.18,18.18
4192,ORD00001424,PROD00002638,3,6,38.33,15.33,3.99,206.03999999999996
4193,ORD00001424,PROD00004335,4,4,48.77,19.51,,
4194,ORD00001424,PROD00004015,5,7,39.0,15.6,1.63,261.59
4195,ORD00001425,PROD00001376,1,9,37.41,14.96,0.0,336.68999999999994
4196,ORD00001425,PROD00000186,2,6,15.58,6.23,2.26,79.92
4197,ORD00001425,PROD00002025,3,5,16.81,6.72,,
4198,ORD00001425,PROD00000134,4,4,29.78,11.91,,
4199,ORD00001426,PROD00000905,1,5,44.73,17.89,3.59,205.7
4200,ORD00001426,PROD00001709,2,2,15.5,6.2,0.22,30.56
4201,ORD00001427,PROD00002912,1,4,33.62,13.45,4.29,117.32
4202,ORD00001428,PROD00003503,1,6,30.39,12.16,3.8,159.54
4203,ORD00001428,PROD00001091,2,2,41.68,16.67,3.39,76.58
4204,ORD00001428,PROD00002241,3,2,25.58,10.23,1.73,47.699999999999996
4205,ORD00001428,PROD00004959,4,7,17.99,7.2,0.68,121.16999999999999
4206,ORD00001429,PROD00004067,1,6,19.16,7.66,1.65,105.06
4207,ORD00001429,PROD00004965,2,3,47.79,19.12,,
4208,ORD00001429,PROD00004660,3,9,39.25,15.7,4.61,311.76
4209,ORD00001430,PROD00002336,1,8,45.96,18.38,2.26,349.6
4210,ORD00001430,PROD00003555,2,4,30.64,12.26,0.31,121.32000000000001
4211,ORD00001430,PROD00002140,3,3,24.43,9.77,3.01,64.26
4212,ORD00001430,PROD00003508,4,3,18.97,7.59,,
4213,ORD00001431,PROD00001053,1,1,38.64,15.46,4.04,34.6
4214,ORD00001431,PROD00001941,2,8,35.14,14.06,,
4215,ORD00001431,PROD00004215,3,10,14.82,5.93,,
4216,ORD00001431,PROD00001492,4,3,38.3,15.32,1.14,111.47999999999999
4217,ORD00001432,PROD00001757,1,3,22.3,8.92,1.31,62.970000000000006
4218,ORD00001432,PROD00001568,2,4,14.78,5.91,1.75,52.12
4219,ORD00001433,PROD00000238,1,7,44.29,17.72,4.25,280.28
4220,ORD00001433,PROD00004989,2,5,40.47,16.19,1.81,193.29999999999998
4221,ORD00001433,PROD00001011,3,7,25.67,10.27,0.45,176.54000000000002
4222,ORD00001434,PROD00003091,1,6,18.8,7.52,1.17,105.78000000000002
4223,ORD00001434,PROD00004550,2,9,10.84,4.34,1.12,87.47999999999999
4224,ORD00001434,PROD00003714,3,4,18.93,7.57,0.26,74.67999999999999
4225,ORD00001435,PROD00003381,1,8,40.67,16.27,4.73,287.52
4226,ORD00001436,PROD00004360,1,4,11.69,4.68,0.72,43.879999999999995
4227,ORD00001436,PROD00003220,2,2,23.91,9.56,1.85,44.12
4228,ORD00001436,PROD00004352,3,8,32.63,13.05,1.11,252.16000000000003
4229,ORD00001436,PROD00003910,4,1,24.23,9.69,1.45,22.78
4230,ORD00001437,PROD00003802,1,10,23.79,9.52,1.36,224.3
4231,ORD00001437,PROD00000496,2,9,34.89,13.96,3.56,281.97
4232,ORD00001437,PROD00003384,3,7,36.84,14.74,4.61,225.61
4233,ORD00001437,PROD00002895,4,8,38.46,15.38,5.21,266.0
4234,ORD00001438,PROD00004673,1,9,29.47,11.79,3.93,229.85999999999999
4235,ORD00001438,PROD00002932,2,3,45.29,18.12,2.77,127.55999999999999
4236,ORD00001438,PROD00000946,3,2,23.84,9.54,0.78,46.12
4237,ORD00001438,PROD00000818,4,10,14.09,5.64,1.2,128.9
4238,ORD00001439,PROD00000069,1,10,27.5,11.0,,
4239,ORD00001439,PROD00001276,2,4,31.42,12.57,4.11,109.24000000000001
4240,ORD00001440,PROD00003189,1,6,43.05,17.22,1.92,246.77999999999997
4241,ORD00001441,PROD00004413,1,5,13.78,5.51,,
4242,ORD00001441,PROD00004100,2,10,48.11,19.24,,
4243,ORD00001441,PROD00003449,3,3,26.7,10.68,,
4244,ORD00001441,PROD00003450,4,8,48.85,19.54,,
4245,ORD00001442,PROD00003637,1,1,25.5,10.2,,
4246,ORD00001442,PROD00000921,2,1,39.62,15.85,2.56,37.059999999999995
4247,ORD00001442,PROD00000831,3,9,49.31,19.72,1.37,431.46000000000004
4248,ORD00001443,PROD00002554,1,7,19.58,7.83,1.02,129.92
4249,ORD00001443,PROD00001270,2,1,16.19,6.48,2.1,14.090000000000002
4250,ORD00001443,PROD00000204,3,8,27.95,11.18,4.12,190.64
4251,ORD00001443,PROD00003139,4,5,12.3,4.92,0.48,59.1
4252,ORD00001444,PROD00004369,1,2,26.33,10.53,1.11,50.44
4253,ORD00001444,PROD00003211,2,10,13.2,5.28,0.54,126.6
4254,ORD00001444,PROD00002282,3,5,30.85,12.34,2.13,143.60000000000002
4255,ORD00001444,PROD00000275,4,3,32.63,13.05,0.47,96.48000000000002
4256,ORD00001445,PROD00001342,1,1,27.94,11.18,1.24,26.700000000000003
4257,ORD00001445,PROD00000007,2,4,42.67,17.07,,
4258,ORD00001446,PROD00000135,1,10,17.83,7.13,1.54,162.89999999999998
4259,ORD00001446,PROD00001048,2,8,31.01,12.4,3.5,220.08
4260,ORD00001446,PROD00000633,3,1,17.55,7.02,1.68,15.870000000000001
4261,ORD00001446,PROD00000185,4,8,47.16,18.86,,
4262,ORD00001447,PROD00001721,1,9,18.35,7.34,2.06,146.61
4263,ORD00001447,PROD00004440,2,5,41.47,16.59,1.42,200.25
4264,ORD00001448,PROD00000381,1,1,19.33,7.73,0.12,19.209999999999997
4265,ORD00001448,PROD00004275,2,6,35.02,14.01,,
4266,ORD00001448,PROD00002175,3,4,29.42,11.77,,
4267,ORD00001448,PROD00001137,4,3,14.33,5.73,1.73,37.8
4268,ORD00001449,PROD00001788,1,5,26.85,10.74,0.61,131.20000000000002
4269,ORD00001450,PROD00000455,1,7,16.18,6.47,1.25,104.50999999999999
4270,ORD00001450,PROD00002921,2,2,20.66,8.26,0.83,39.660000000000004
4271,ORD00001450,PROD00001982,3,3,14.88,5.95,1.27,40.830000000000005
4272,ORD00001450,PROD00003579,4,7,14.73,5.89,1.21,94.64
4273,ORD00001451,PROD00003814,1,3,22.76,9.1,0.83,65.79
4274,ORD00001451,PROD00004570,2,3,24.94,9.98,,
4275,ORD00001451,PROD00003129,3,4,19.15,7.66,1.12,72.11999999999999
4276,ORD00001452,PROD00001612,1,10,22.82,9.13,,
4277,ORD00001452,PROD00004008,2,10,39.28,15.71,,
4278,ORD00001452,PROD00002963,3,10,32.74,13.1,3.06,296.8
4279,ORD00001452,PROD00003479,4,7,46.32,18.53,2.39,307.51
4280,ORD00001452,PROD00003047,5,7,48.31,19.32,3.4,314.37
4281,ORD00001453,PROD00002565,1,3,48.54,19.42,,
4282,ORD00001453,PROD00003522,2,9,44.95,17.98,,
4283,ORD00001454,PROD00001114,1,6,31.62,12.65,,
4284,ORD00001454,PROD00002787,2,10,36.25,14.5,2.43,338.2
4285,ORD00001455,PROD00004984,1,3,32.56,13.02,4.35,84.63
4286,ORD00001455,PROD00004191,2,2,48.79,19.52,,
4287,ORD00001456,PROD00000391,1,7,29.21,11.68,,
4288,ORD00001456,PROD00001450,2,10,37.15,14.86,,
4289,ORD00001456,PROD00003940,3,10,39.29,15.72,0.44,388.5
4290,ORD00001456,PROD00003438,4,10,49.2,19.68,,
4291,ORD00001456,PROD00001929,5,8,30.4,12.16,0.16,241.92
4292,ORD00001457,PROD00003901,1,3,10.19,4.08,,
4293,ORD00001457,PROD00002754,2,6,19.99,8.0,1.17,112.92
4294,ORD00001457,PROD00004106,3,9,21.47,8.59,1.38,180.81
4295,ORD00001458,PROD00001532,1,10,43.77,17.51,,
4296,ORD00001459,PROD00004995,1,6,30.57,12.23,,
4297,ORD00001459,PROD00002663,2,7,21.13,8.45,1.57,136.92
4298,ORD00001460,PROD00004699,1,1,46.12,18.45,2.4,43.72
4299,ORD00001460,PROD00004296,2,7,13.04,5.22,0.13,90.36999999999999
4300,ORD00001460,PROD00003539,3,4,19.8,7.92,0.78,76.08
4301,ORD00001460,PROD00000041,4,8,32.36,12.94,,
4302,ORD00001460,PROD00003878,5,3,35.59,14.24,5.17,91.26
4303,ORD00001461,PROD00004500,1,8,42.26,16.9,,
4304,ORD00001461,PROD00004127,2,7,36.02,14.41,,
4305,ORD00001461,PROD00000008,3,3,36.24,14.5,3.73,97.53000000000002
4306,ORD00001462,PROD00001742,1,7,40.46,16.18,3.45,259.07
4307,ORD00001462,PROD00004466,2,2,26.38,10.55,0.7,51.36
4308,ORD00001462,PROD00004547,3,10,23.28,9.31,0.79,224.90000000000003
4309,ORD00001462,PROD00003196,4,9,20.91,8.36,0.97,179.46
4310,ORD00001463,PROD00002034,1,6,14.51,5.8,,
4311,ORD00001463,PROD00001169,2,5,31.93,12.77,1.02,154.55
4312,ORD00001463,PROD00003030,3,1,31.31,12.52,,
4313,ORD00001464,PROD00000927,1,4,41.46,16.58,,
4314,ORD00001465,PROD00001740,1,5,11.58,4.63,1.08,52.5
4315,ORD00001466,PROD00002175,1,1,23.6,9.44,3.44,20.16
4316,ORD00001466,PROD00002159,2,6,24.72,9.89,2.62,132.6
4317,ORD00001467,PROD00001923,1,10,12.32,4.93,0.06,122.6
4318,ORD00001468,PROD00000972,1,10,14.23,5.69,1.45,127.80000000000001
4319,ORD00001468,PROD00002590,2,9,46.35,18.54,5.87,364.32000000000005
4320,ORD00001468,PROD00001405,3,10,22.47,8.99,1.82,206.5
4321,ORD00001468,PROD00000338,4,8,37.17,14.87,5.41,254.08
4322,ORD00001469,PROD00003634,1,5,33.71,13.48,0.52,165.95
4323,ORD00001469,PROD00004835,2,7,32.57,13.03,,
4324,ORD00001469,PROD00004639,3,8,26.77,10.71,3.92,182.8
4325,ORD00001469,PROD00003077,4,5,32.52,13.01,4.06,142.3
4326,ORD00001469,PROD00000783,5,3,22.15,8.86,,
4327,ORD00001470,PROD00004538,1,3,12.78,5.11,,
4328,ORD00001470,PROD00002209,2,7,30.16,12.06,,
4329,ORD00001470,PROD00001058,3,3,14.04,5.62,,
4330,ORD00001471,PROD00001136,1,4,33.02,13.21,,
4331,ORD00001471,PROD00004407,2,4,22.63,9.05,2.14,81.96
4332,ORD00001472,PROD00001370,1,4,39.51,15.8,4.46,140.2
4333,ORD00001472,PROD00003742,2,10,35.76,14.3,1.49,342.69999999999993
4334,ORD00001473,PROD00003646,1,9,20.69,8.28,,
4335,ORD00001473,PROD00004977,2,6,38.69,15.48,4.15,207.24
4336,ORD00001473,PROD00003265,3,4,32.68,13.07,1.3,125.52
4337,ORD00001474,PROD00004753,1,6,19.64,7.86,1.6,108.24
4338,ORD00001474,PROD00001497,2,1,30.88,12.35,3.97,26.91
4339,ORD00001475,PROD00002799,1,5,16.15,6.46,,
4340,ORD00001476,PROD00003371,1,6,38.98,15.59,0.6,230.27999999999997
4341,ORD00001476,PROD00001987,2,10,34.69,13.88,1.67,330.19999999999993
4342,ORD00001477,PROD00001360,1,2,41.14,16.46,,
4343,ORD00001477,PROD00004748,2,1,43.2,17.28,5.6,37.6
4344,ORD00001477,PROD00003866,3,9,30.94,12.38,0.05,278.01
4345,ORD00001477,PROD00004969,4,4,38.26,15.3,,
4346,ORD00001478,PROD00002826,1,1,40.66,16.26,0.81,39.849999999999994
4347,ORD00001478,PROD00004345,2,3,27.93,11.17,,
4348,ORD00001479,PROD00004040,1,5,38.4,15.36,1.77,183.14999999999998
4349,ORD00001480,PROD00002330,1,6,34.86,13.94,4.01,185.10000000000002
4350,ORD00001480,PROD00004449,2,7,20.53,8.21,0.44,140.63
4351,ORD00001480,PROD00002275,3,4,21.15,8.46,,
4352,ORD00001480,PROD00003992,4,10,36.06,14.42,0.77,352.9
4353,ORD00001480,PROD00002294,5,4,49.41,19.76,,
4354,ORD00001481,PROD00001644,1,8,43.54,17.42,0.38,345.28
4355,ORD00001481,PROD00000638,2,6,33.9,13.56,4.74,174.95999999999998
4356,ORD00001481,PROD00000076,3,3,11.53,4.61,1.35,30.54
4357,ORD00001481,PROD00001694,4,8,43.92,17.57,,
4358,ORD00001482,PROD00002103,1,3,19.12,7.65,0.24,56.64000000000001
4359,ORD00001482,PROD00003821,2,3,38.94,15.58,0.42,115.55999999999999
4360,ORD00001482,PROD00002971,3,1,45.1,18.04,0.58,44.52
4361,ORD00001482,PROD00000671,4,3,30.38,12.15,,
4362,ORD00001482,PROD00000489,5,1,44.35,17.74,4.8,39.550000000000004
4363,ORD00001483,PROD00001866,1,5,48.75,19.5,3.36,226.95
4364,ORD00001483,PROD00000876,2,8,41.02,16.41,,
4365,ORD00001483,PROD00003799,3,10,23.47,9.39,1.88,215.9
4366,ORD00001483,PROD00001819,4,1,28.36,11.34,2.19,26.169999999999998
4367,ORD00001483,PROD00002921,5,9,26.07,10.43,3.89,199.62
4368,ORD00001484,PROD00000895,1,8,40.5,16.2,,
4369,ORD00001485,PROD00003458,1,2,26.81,10.72,2.86,47.9
4370,ORD00001486,PROD00001692,1,7,47.42,18.97,0.03,331.73
4371,ORD00001486,PROD00000169,2,4,30.38,12.15,1.28,116.39999999999999
4372,ORD00001486,PROD00000600,3,9,11.88,4.75,1.68,91.80000000000001
4373,ORD00001486,PROD00002476,4,5,37.43,14.97,1.84,177.95
4374,ORD00001486,PROD00003789,5,8,13.95,5.58,,
4375,ORD00001487,PROD00001797,1,2,39.49,15.8,2.39,74.2
4376,ORD00001487,PROD00004581,2,10,44.38,17.75,2.49,418.9
4377,ORD00001488,PROD00001122,1,8,44.3,17.72,,
4378,ORD00001488,PROD00000917,2,6,14.23,5.69,0.84,80.34
4379,ORD00001489,PROD00000474,1,10,20.83,8.33,2.06,187.7
4380,ORD00001489,PROD00002164,2,4,18.37,7.35,,
4381,ORD00001489,PROD00003565,3,8,38.83,15.53,,
4382,ORD00001490,PROD00004792,1,5,25.3,10.12,3.33,109.85
4383,ORD00001490,PROD00000810,2,4,48.96,19.58,0.28,194.72
4384,ORD00001490,PROD00002079,3,5,12.62,5.05,0.64,59.89999999999999
4385,ORD00001490,PROD00000376,4,8,36.94,14.78,4.44,260.0
4386,ORD00001491,PROD00001615,1,5,47.07,18.83,0.51,232.8
4387,ORD00001491,PROD00000440,2,5,45.64,18.26,3.21,212.15
4388,ORD00001491,PROD00000094,3,7,16.77,6.71,2.34,101.00999999999999
4389,ORD00001491,PROD00003550,4,3,46.39,18.56,4.75,124.92
4390,ORD00001491,PROD00000546,5,10,38.51,15.4,0.78,377.29999999999995
4391,ORD00001492,PROD00000269,1,5,14.41,5.76,1.56,64.25
4392,ORD00001492,PROD00001803,2,7,45.37,18.15,0.76,312.27
4393,ORD00001492,PROD00002907,3,1,10.61,4.24,0.62,9.99
4394,ORD00001492,PROD00000028,4,5,36.31,14.52,1.5,174.05
4395,ORD00001492,PROD00000328,5,6,29.63,11.85,,
4396,ORD00001493,PROD00002194,1,9,40.23,16.09,3.18,333.45
4397,ORD00001493,PROD00003813,2,8,38.14,15.26,,
4398,ORD00001493,PROD00004727,3,7,23.51,9.4,3.46,140.35
4399,ORD00001494,PROD00001022,1,7,22.3,8.92,,
4400,ORD00001494,PROD00003001,2,10,40.03,16.01,3.47,365.6
4401,ORD00001494,PROD00003079,3,7,17.99,7.2,,
4402,ORD00001495,PROD00000277,1,1,13.77,5.51,0.2,13.57
4403,ORD00001496,PROD00000877,1,7,47.62,19.05,,
4404,ORD00001496,PROD00003533,2,2,29.61,11.84,3.55,52.12
4405,ORD00001496,PROD00004119,3,6,34.44,13.78,,
4406,ORD00001496,PROD00001577,4,5,18.87,7.55,,
4407,ORD00001496,PROD00000545,5,6,28.5,11.4,2.42,156.48
4408,ORD00001497,PROD00000166,1,5,38.56,15.42,1.89,183.35000000000002
4409,ORD00001498,PROD00004891,1,1,12.92,5.17,0.9,12.02
4410,ORD00001499,PROD00000843,1,9,36.36,14.54,,
4411,ORD00001499,PROD00000576,2,5,29.98,11.99,4.11,129.35
4412,ORD00001500,PROD00004111,1,1,16.9,6.76,2.52,14.379999999999999
4413,ORD00001500,PROD00001775,2,3,48.51,19.4,6.97,124.62
4414,ORD00001501,PROD00000553,1,5,39.44,15.78,2.17,186.34999999999997
4415,ORD00001502,PROD00001563,1,2,17.98,7.19,,
4416,ORD00001502,PROD00004724,2,5,48.09,19.24,,
4417,ORD00001502,PROD00004144,3,5,15.91,6.36,2.24,68.35
4418,ORD00001502,PROD00002568,4,5,40.32,16.13,2.13,190.95
4419,ORD00001502,PROD00004894,5,8,35.54,14.22,3.97,252.56
4420,ORD00001503,PROD00002757,1,7,16.18,6.47,1.02,106.12
4421,ORD00001503,PROD00003874,2,10,25.33,10.13,2.26,230.7
4422,ORD00001504,PROD00003134,1,7,14.47,5.79,1.69,89.46000000000001
4423,ORD00001504,PROD00004179,2,2,38.17,15.27,3.74,68.86
4424,ORD00001504,PROD00001845,3,10,45.47,18.19,,
4425,ORD00001504,PROD00000503,4,4,24.18,9.67,,
4426,ORD00001505,PROD00001437,1,8,20.14,8.06,1.97,145.36
4427,ORD00001505,PROD00000281,2,10,42.28,16.91,6.01,362.70000000000005
4428,ORD00001506,PROD00001672,1,6,34.53,13.81,1.06,200.82
4429,ORD00001506,PROD00004168,2,9,11.67,4.67,,
4430,ORD00001506,PROD00003157,3,9,44.95,17.98,0.96,395.91
4431,ORD00001507,PROD00003214,1,8,25.75,10.3,1.26,195.92
4432,ORD00001508,PROD00004772,1,10,17.73,7.09,1.95,157.8
4433,ORD00001508,PROD00002718,2,8,46.71,18.68,1.64,360.56
4434,ORD00001508,PROD00002855,3,2,22.69,9.08,2.11,41.160000000000004
4435,ORD00001508,PROD00003615,4,8,30.62,12.25,0.26,242.88
4436,ORD00001509,PROD00004163,1,4,25.78,10.31,,
4437,ORD00001509,PROD00001876,2,2,49.36,19.74,6.4,85.92
4438,ORD00001510,PROD00001329,1,9,30.73,12.29,2.27,256.14
4439,ORD00001511,PROD00002596,1,2,26.86,10.74,1.88,49.96
4440,ORD00001511,PROD00002867,2,1,24.75,9.9,2.88,21.87
4441,ORD00001511,PROD00002982,3,5,43.97,17.59,5.19,193.9
4442,ORD00001511,PROD00002544,4,1,11.04,4.42,,
4443,ORD00001512,PROD00000567,1,9,36.31,14.52,,
4444,ORD00001512,PROD00002421,2,1,48.52,19.41,3.35,45.17
4445,ORD00001512,PROD00003652,3,10,38.56,15.42,2.81,357.5
4446,ORD00001512,PROD00001071,4,3,43.64,17.46,,
4447,ORD00001512,PROD00002181,5,7,49.69,19.88,,
4448,ORD00001513,PROD00003815,1,10,21.83,8.73,0.61,212.2
4449,ORD00001513,PROD00002455,2,1,17.91,7.16,1.81,16.1
4450,ORD00001514,PROD00000415,1,7,30.38,12.15,,
4451,ORD00001514,PROD00003285,2,1,35.92,14.37,1.76,34.160000000000004
4452,ORD00001514,PROD00002122,3,2,44.88,17.95,4.48,80.80000000000001
4453,ORD00001514,PROD00001472,4,1,46.6,18.64,4.08,42.52
4454,ORD00001514,PROD00004751,5,9,33.6,13.44,,
4455,ORD00001515,PROD00003584,1,4,19.65,7.86,1.75,71.6
4456,ORD00001515,PROD00002791,2,8,17.65,7.06,1.28,130.95999999999998
4457,ORD00001515,PROD00002957,3,3,35.46,14.18,3.5,95.88
4458,ORD00001516,PROD00003240,1,9,26.57,10.63,0.45,235.08
4459,ORD00001517,PROD00001559,1,5,31.31,12.52,0.77,152.7
4460,ORD00001517,PROD00002430,2,7,13.22,5.29,1.77,80.15
4461,ORD00001518,PROD00000518,1,8,10.65,4.26,,
4462,ORD00001519,PROD00000248,1,3,20.02,8.01,2.77,51.75
4463,ORD00001519,PROD00004487,2,2,31.82,12.73,,
4464,ORD00001520,PROD00000195,1,4,16.19,6.48,,
4465,ORD00001520,PROD00004534,2,9,37.99,15.2,1.15,331.56000000000006
4466,ORD00001521,PROD00004337,1,8,41.66,16.66,3.12,308.32
4467,ORD00001521,PROD00004746,2,7,17.33,6.93,1.73,109.19999999999999
4468,ORD00001521,PROD00003196,3,1,26.19,10.48,0.88,25.310000000000002
4469,ORD00001522,PROD00000320,1,7,18.26,7.3,,
4470,ORD00001522,PROD00001030,2,10,18.77,7.51,0.53,182.39999999999998
4471,ORD00001522,PROD00004753,3,7,45.9,18.36,2.79,301.77
4472,ORD00001522,PROD00002933,4,8,10.93,4.37,1.22,77.67999999999999
4473,ORD00001523,PROD00004287,1,10,47.45,18.98,,
4474,ORD00001524,PROD00001935,1,4,18.31,7.32,,
4475,ORD00001524,PROD00000610,2,6,16.63,6.65,0.86,94.62
4476,ORD00001524,PROD00004096,3,7,49.66,19.86,3.74,321.43999999999994
4477,ORD00001524,PROD00001037,4,7,39.78,15.91,,
4478,ORD00001524,PROD00003658,5,4,19.76,7.9,,
4479,ORD00001525,PROD00004678,1,7,38.71,15.48,3.13,249.06
4480,ORD00001526,PROD00003306,1,10,40.79,16.32,0.75,400.4
4481,ORD00001526,PROD00001723,2,9,21.46,8.58,2.9,167.04000000000002
4482,ORD00001527,PROD00000869,1,4,34.57,13.83,2.99,126.32
4483,ORD00001527,PROD00004943,2,1,33.09,13.24,4.21,28.880000000000003
4484,ORD00001527,PROD00002423,3,2,26.18,10.47,1.05,50.26
4485,ORD00001528,PROD00001374,1,5,38.67,15.47,1.63,185.2
4486,ORD00001528,PROD00003250,2,7,44.13,17.65,2.66,290.28999999999996
4487,ORD00001528,PROD00003820,3,7,10.64,4.26,1.57,63.49
4488,ORD00001528,PROD00003333,4,2,24.11,9.64,,
4489,ORD00001528,PROD00000201,5,6,36.27,14.51,4.33,191.64000000000004
4490,ORD00001529,PROD00002224,1,9,39.62,15.85,2.75,331.83
4491,ORD00001529,PROD00000870,2,6,21.84,8.74,,
4492,ORD00001530,PROD00003580,1,7,48.92,19.57,4.29,312.41
4493,ORD00001530,PROD00002994,2,4,15.34,6.14,1.92,53.68
4494,ORD00001530,PROD00002114,3,7,49.7,19.88,3.02,326.76
4495,ORD00001530,PROD00001924,4,10,28.15,11.26,,
4496,ORD00001531,PROD00003253,1,3,41.25,16.5,,
4497,ORD00001531,PROD00004357,2,1,37.6,15.04,,
4498,ORD00001531,PROD00001963,3,5,44.31,17.72,1.63,213.4
4499,ORD00001531,PROD00000512,4,6,28.34,11.34,0.75,165.54
4500,ORD00001531,PROD00003338,5,1,37.81,15.12,,
4501,ORD00001532,PROD00000740,1,4,18.27,7.31,1.34,67.72
4502,ORD00001533,PROD00002252,1,10,19.02,7.61,1.16,178.6
4503,ORD00001533,PROD00003459,2,3,16.36,6.54,1.54,44.46
4504,ORD00001533,PROD00003542,3,1,49.34,19.74,2.79,46.550000000000004
4505,ORD00001534,PROD00003205,1,10,21.92,8.77,1.1,208.2
4506,ORD00001534,PROD00000654,2,3,19.3,7.72,1.22,54.24000000000001
4507,ORD00001534,PROD00004566,3,2,30.06,12.02,,
4508,ORD00001534,PROD00000974,4,6,19.86,7.94,1.64,109.32
4509,ORD00001534,PROD00000448,5,7,18.93,7.57,1.78,120.04999999999998
4510,ORD00001535,PROD00003337,1,3,11.48,4.59,1.1,31.14
4511,ORD00001536,PROD00001988,1,10,38.78,15.51,,
4512,ORD00001536,PROD00001122,2,1,32.77,13.11,,
4513,ORD00001536,PROD00003916,3,7,46.14,18.46,5.46,284.76
4514,ORD00001536,PROD00004571,4,5,26.74,10.7,3.75,114.94999999999999
4515,ORD00001536,PROD00002549,5,4,15.62,6.25,0.45,60.68
4516,ORD00001537,PROD00003424,1,10,12.29,4.92,0.04,122.5
4517,ORD00001538,PROD00002366,1,7,39.44,15.78,,
4518,ORD00001538,PROD00002817,2,8,39.94,15.98,3.31,293.03999999999996
4519,ORD00001538,PROD00000546,3,4,48.01,19.2,2.2,183.23999999999998
4520,ORD00001539,PROD00000442,1,4,20.12,8.05,0.03,80.36
4521,ORD00001539,PROD00002302,2,7,32.92,13.17,,
4522,ORD00001539,PROD00002657,3,9,25.08,10.03,,
4523,ORD00001540,PROD00001774,1,6,18.93,7.57,0.86,108.42
4524,ORD00001540,PROD00002321,2,7,49.17,19.67,2.51,326.62
4525,ORD00001541,PROD00003081,1,10,41.84,16.74,5.31,365.3
4526,ORD00001542,PROD00002893,1,4,27.5,11.0,4.07,93.72
4527,ORD00001542,PROD00000361,2,6,27.86,11.14,,
4528,ORD00001542,PROD00002129,3,6,16.44,6.58,2.22,85.32000000000001
4529,ORD00001542,PROD00001715,4,8,46.91,18.76,3.46,347.59999999999997
4530,ORD00001542,PROD00001532,5,5,48.0,19.2,6.62,206.9
4531,ORD00001543,PROD00000851,1,2,23.93,9.57,2.25,43.36
4532,ORD00001543,PROD00000227,2,7,37.1,14.84,4.75,226.45000000000002
4533,ORD00001544,PROD00004682,1,2,23.88,9.55,,
4534,ORD00001544,PROD00002312,2,4,12.77,5.11,0.2,50.28
4535,ORD00001545,PROD00003132,1,8,17.32,6.93,1.42,127.2
4536,ORD00001545,PROD00002690,2,1,49.66,19.86,,
4537,ORD00001545,PROD00003482,3,8,18.3,7.32,0.91,139.12
4538,ORD00001545,PROD00003121,4,4,11.94,4.78,0.84,44.4
4539,ORD00001545,PROD00002618,5,9,24.54,9.82,3.19,192.14999999999998
4540,ORD00001546,PROD00001392,1,7,44.1,17.64,,
4541,ORD00001546,PROD00000919,2,3,39.59,15.84,,
4542,ORD00001547,PROD00004727,1,1,41.46,16.58,5.64,35.82
4543,ORD00001547,PROD00004938,2,3,34.01,13.6,3.05,92.88
4544,ORD00001547,PROD00002542,3,6,15.39,6.16,1.97,80.52
4545,ORD00001547,PROD00000935,4,3,28.16,11.26,1.31,80.55000000000001
4546,ORD00001547,PROD00003343,5,9,44.89,17.96,,
4547,ORD00001548,PROD00002002,1,1,44.17,17.67,4.79,39.38
4548,ORD00001548,PROD00002787,2,2,14.56,5.82,1.29,26.54
4549,ORD00001548,PROD00003901,3,1,27.11,10.84,,
4550,ORD00001549,PROD00002341,1,2,43.02,17.21,3.6,78.84
4551,ORD00001549,PROD00002064,2,10,17.63,7.05,,
4552,ORD00001550,PROD00000575,1,4,11.93,4.77,,
4553,ORD00001551,PROD00001489,1,10,15.17,6.07,2.09,130.8
4554,ORD00001551,PROD00000252,2,4,29.87,11.95,1.83,112.16
4555,ORD00001552,PROD00000495,1,10,31.62,12.65,1.19,304.3
4556,ORD00001553,PROD00000792,1,2,47.13,18.85,2.54,89.18
4557,ORD00001553,PROD00002133,2,2,37.5,15.0,3.52,67.96
4558,ORD00001553,PROD00003998,3,2,29.44,11.78,1.01,56.86
4559,ORD00001553,PROD00002335,4,1,39.93,15.97,,
4560,ORD00001553,PROD00001927,5,5,42.9,17.16,2.91,199.95
4561,ORD00001554,PROD00001712,1,9,16.68,6.67,0.89,142.10999999999999
4562,ORD00001555,PROD00004532,1,5,21.73,8.69,,
4563,ORD00001556,PROD00000411,1,1,32.15,12.86,4.26,27.89
4564,ORD00001556,PROD00002230,2,1,47.94,19.18,2.17,45.769999999999996
4565,ORD00001556,PROD00000567,3,3,11.41,4.56,,
4566,ORD00001556,PROD00003169,4,3,15.58,6.23,1.28,42.900000000000006
4567,ORD00001556,PROD00004966,5,4,43.33,17.33,6.02,149.24
4568,ORD00001557,PROD00004358,1,1,23.01,9.2,,
4569,ORD00001557,PROD00003431,2,3,42.76,17.1,,
4570,ORD00001558,PROD00002895,1,4,48.28,19.31,3.49,179.16
4571,ORD00001558,PROD00001929,2,9,48.44,19.38,,
4572,ORD00001558,PROD00000770,3,2,49.12,19.65,1.46,95.32
4573,ORD00001559,PROD00003000,1,6,18.88,7.55,,
4574,ORD00001559,PROD00002726,2,6,16.45,6.58,0.75,94.19999999999999
4575,ORD00001559,PROD00002197,3,1,25.89,10.36,3.3,22.59
4576,ORD00001560,PROD00003606,1,9,43.7,17.48,4.04,356.94000000000005
4577,ORD00001560,PROD00003797,2,2,37.88,15.15,1.96,71.84
4578,ORD00001560,PROD00003902,3,3,11.85,4.74,1.65,30.599999999999998
4579,ORD00001561,PROD00004635,1,10,19.17,7.67,2.49,166.8
4580,ORD00001561,PROD00004313,2,4,45.63,18.25,1.83,175.20000000000002
4581,ORD00001561,PROD00004024,3,9,29.54,11.82,,
4582,ORD00001561,PROD00005000,4,7,11.68,4.67,0.97,74.97
4583,ORD00001561,PROD00004282,5,7,15.16,6.06,,
4584,ORD00001562,PROD00001436,1,4,35.04,14.02,2.62,129.68
4585,ORD00001562,PROD00000130,2,3,31.57,12.63,,
4586,ORD00001563,PROD00003716,1,4,28.52,11.41,4.23,97.16
4587,ORD00001564,PROD00004361,1,4,16.25,6.5,,
4588,ORD00001564,PROD00003245,2,4,25.2,10.08,,
4589,ORD00001564,PROD00000460,3,9,47.22,18.89,,
4590,ORD00001565,PROD00001584,1,10,28.82,11.53,2.25,265.7
4591,ORD00001565,PROD00003295,2,7,22.28,8.91,0.72,150.92000000000002
4592,ORD00001565,PROD00004392,3,2,38.03,15.21,,
4593,ORD00001565,PROD00001857,4,4,45.37,18.15,,
4594,ORD00001565,PROD00001033,5,2,21.34,8.54,2.86,36.96
4595,ORD00001566,PROD00003120,1,7,17.58,7.03,0.19,121.72999999999998
4596,ORD00001566,PROD00001057,2,7,14.52,5.81,,
4597,ORD00001566,PROD00001330,3,5,46.54,18.62,1.18,226.8
4598,ORD00001567,PROD00002957,1,1,24.31,9.72,,
4599,ORD00001567,PROD00001178,2,7,35.71,14.28,1.97,236.18
4600,ORD00001568,PROD00004775,1,3,13.36,5.34,1.04,36.96
4601,ORD00001568,PROD00001993,2,4,12.78,5.11,,
4602,ORD00001568,PROD00001375,3,1,28.37,11.35,1.09,27.28
4603,ORD00001568,PROD00003936,4,2,10.23,4.09,,
4604,ORD00001568,PROD00003000,5,7,32.07,12.83,,
4605,ORD00001569,PROD00000738,1,1,17.58,7.03,2.49,15.089999999999998
4606,ORD00001569,PROD00001657,2,4,43.4,17.36,,
4607,ORD00001569,PROD00003457,3,10,20.25,8.1,0.6,196.5
4608,ORD00001569,PROD00000668,4,5,25.97,10.39,,
4609,ORD00001570,PROD00003278,1,5,40.41,16.16,,
4610,ORD00001570,PROD00000498,2,6,27.95,11.18,,
4611,ORD00001570,PROD00004156,3,3,30.09,12.04,0.54,88.65
4612,ORD00001570,PROD00004607,4,6,19.68,7.87,2.35,103.97999999999999
4613,ORD00001571,PROD00001451,1,7,12.48,4.99,,
4614,ORD00001571,PROD00004812,2,4,23.06,9.22,1.53,86.11999999999999
4615,ORD00001571,PROD00004170,3,9,37.28,14.91,0.62,329.94000000000005
4616,ORD00001571,PROD00003736,4,5,40.63,16.25,5.84,173.95000000000005
4617,ORD00001572,PROD00003451,1,3,12.87,5.15,,
4618,ORD00001572,PROD00002958,2,9,21.69,8.68,0.9,187.11
4619,ORD00001573,PROD00003989,1,9,26.74,10.7,,
4620,ORD00001573,PROD00000974,2,8,17.45,6.98,1.89,124.47999999999999
4621,ORD00001574,PROD00002621,1,3,25.8,10.32,,
4622,ORD00001574,PROD00002205,2,4,31.08,12.43,1.85,116.91999999999999
4623,ORD00001574,PROD00003354,3,9,11.89,4.76,0.23,104.94
4624,ORD00001574,PROD00003088,4,4,38.7,15.48,1.76,147.76000000000002
4625,ORD00001574,PROD00002203,5,1,15.48,6.19,1.43,14.05
4626,ORD00001575,PROD00003871,1,4,37.2,14.88,3.69,134.04000000000002
4627,ORD00001575,PROD00003819,2,9,13.87,5.55,0.87,117.0
4628,ORD00001575,PROD00000743,3,2,11.4,4.56,0.01,22.78
4629,ORD00001575,PROD00003371,4,5,35.63,14.25,3.46,160.85000000000002
4630,ORD00001575,PROD00002394,5,7,35.52,14.21,,
4631,ORD00001576,PROD00001018,1,4,22.4,8.96,,
4632,ORD00001577,PROD00003463,1,9,43.1,17.24,,
4633,ORD00001577,PROD00003712,2,5,20.8,8.32,,
4634,ORD00001577,PROD00003395,3,5,30.52,12.21,4.58,129.7
4635,ORD00001577,PROD00004335,4,3,22.24,8.9,2.19,60.14999999999999
4636,ORD00001578,PROD00001413,1,7,15.17,6.07,1.52,95.55
4637,ORD00001579,PROD00004709,1,5,40.24,16.1,,
4638,ORD00001580,PROD00004798,1,8,13.32,5.33,0.36,103.68
4639,ORD00001580,PROD00000442,2,6,38.39,15.36,,
4640,ORD00001581,PROD00000946,1,7,14.66,5.86,,
4641,ORD00001581,PROD00003858,2,8,32.05,12.82,3.14,231.27999999999997
4642,ORD00001581,PROD00004591,3,3,15.63,6.25,0.23,46.2
4643,ORD00001581,PROD00003921,4,2,32.89,13.16,4.91,55.96
4644,ORD00001582,PROD00003996,1,5,23.24,9.3,1.77,107.35
4645,ORD00001583,PROD00004486,1,6,45.28,18.11,6.18,234.60000000000002
4646,ORD00001584,PROD00000576,1,5,30.4,12.16,2.3,140.5
4647,ORD00001584,PROD00004736,2,3,41.18,16.47,,
4648,ORD00001584,PROD00003027,3,6,38.77,15.51,2.76,216.06000000000003
4649,ORD00001585,PROD00001427,1,2,47.07,18.83,0.92,92.3
4650,ORD00001585,PROD00004598,2,2,27.12,10.85,0.15,53.940000000000005
4651,ORD00001585,PROD00004401,3,9,24.3,9.72,3.58,186.48
4652,ORD00001585,PROD00004037,4,3,39.08,15.63,,
4653,ORD00001586,PROD00001182,1,4,34.31,13.72,,
4654,ORD00001586,PROD00004628,2,1,12.19,4.88,1.11,11.08
4655,ORD00001586,PROD00001095,3,3,20.95,8.38,0.07,62.64
4656,ORD00001587,PROD00001401,1,6,30.37,12.15,2.59,166.68
4657,ORD00001588,PROD00000623,1,7,43.05,17.22,,
4658,ORD00001588,PROD00001171,2,6,23.05,9.22,,
4659,ORD00001588,PROD00001315,3,6,36.13,14.45,4.39,190.44
4660,ORD00001588,PROD00000746,4,4,35.92,14.37,,
4661,ORD00001588,PROD00002796,5,4,46.41,18.56,3.71,170.79999999999998
4662,ORD00001589,PROD00004299,1,10,21.81,8.72,,
4663,ORD00001589,PROD00001950,2,1,28.45,11.38,2.02,26.43
4664,ORD00001589,PROD00004892,3,9,11.64,4.66,1.42,91.98
4665,ORD00001589,PROD00000964,4,9,15.72,6.29,,
4666,ORD00001590,PROD00002615,1,6,14.2,5.68,,
4667,ORD00001590,PROD00000318,2,8,48.38,19.35,0.99,379.12
4668,ORD00001590,PROD00001919,3,10,19.51,7.8,2.26,172.5
4669,ORD00001591,PROD00004787,1,5,21.05,8.42,2.24,94.05000000000001
4670,ORD00001592,PROD00004955,1,10,23.37,9.35,,
4671,ORD00001592,PROD00003555,2,6,15.2,6.08,2.15,78.3
4672,ORD00001592,PROD00004117,3,7,42.6,17.04,,
4673,ORD00001593,PROD00003645,1,5,21.01,8.4,2.44,92.85
4674,ORD00001593,PROD00003186,2,5,39.18,15.67,2.06,185.6
4675,ORD00001594,PROD00004692,1,2,15.2,6.08,1.54,27.32
4676,ORD00001594,PROD00003561,2,5,26.71,10.68,3.84,114.35000000000001
4677,ORD00001595,PROD00002106,1,3,11.08,4.43,0.21,32.61
4678,ORD00001596,PROD00004941,1,5,15.3,6.12,,
4679,ORD00001596,PROD00000301,2,7,17.86,7.14,0.28,123.05999999999999
4680,ORD00001597,PROD00004465,1,2,35.69,14.28,,
4681,ORD00001597,PROD00004354,2,2,45.28,18.11,2.11,86.34
4682,ORD00001598,PROD00000960,1,3,24.63,9.85,1.48,69.44999999999999
4683,ORD00001598,PROD00000676,2,10,48.17,19.27,,
4684,ORD00001598,PROD00001565,3,10,12.61,5.04,0.29,123.2
4685,ORD00001598,PROD00001836,4,7,24.79,9.92,,
4686,ORD00001599,PROD00004332,1,7,16.3,6.52,,
4687,ORD00001600,PROD00004004,1,2,45.91,18.36,2.43,86.96
4688,ORD00001600,PROD00004449,2,7,19.45,7.78,0.52,132.51
4689,ORD00001600,PROD00004171,3,10,36.46,14.58,3.7,327.59999999999997
4690,ORD00001601,PROD00001356,1,6,33.24,13.3,1.79,188.70000000000002
4691,ORD00001601,PROD00004400,2,5,15.88,6.35,1.37,72.55000000000001
4692,ORD00001601,PROD00004543,3,4,11.03,4.41,0.2,43.32
4693,ORD00001602,PROD00000639,1,3,10.99,4.4,0.72,30.81
4694,ORD00001602,PROD00004556,2,7,32.14,12.86,,
4695,ORD00001602,PROD00003012,3,3,38.51,15.4,2.2,108.92999999999998
4696,ORD00001602,PROD00002738,4,8,40.86,16.34,2.57,306.32
4697,ORD00001603,PROD00001944,1,8,21.49,8.6,0.55,167.51999999999998
4698,ORD00001603,PROD00001678,2,6,23.13,9.25,1.42,130.26
4699,ORD00001603,PROD00003584,3,8,42.06,16.82,3.61,307.6
4700,ORD00001603,PROD00002971,4,7,44.35,17.74,1.69,298.62
4701,ORD00001603,PROD00001525,5,4,34.21,13.68,,
4702,ORD00001604,PROD00004784,1,6,14.8,5.92,0.06,88.44
4703,ORD00001605,PROD00004306,1,6,26.76,10.7,1.7,150.36
4704,ORD00001606,PROD00001183,1,1,12.82,5.13,1.32,11.5
4705,ORD00001606,PROD00002606,2,5,47.12,18.85,4.88,211.2
4706,ORD00001607,PROD00002483,1,5,32.22,12.89,3.43,143.95
4707,ORD00001608,PROD00000592,1,9,11.14,4.46,,
4708,ORD00001609,PROD00004207,1,7,38.45,15.38,,
4709,ORD00001610,PROD00003654,1,6,41.17,16.47,1.59,237.48
4710,ORD00001610,PROD00004883,2,10,22.84,9.14,,
4711,ORD00001611,PROD00003472,1,9,13.45,5.38,1.5,107.55
4712,ORD00001611,PROD00001295,2,2,49.43,19.77,0.91,97.04
4713,ORD00001612,PROD00003067,1,4,18.27,7.31,,
4714,ORD00001612,PROD00003572,2,5,12.73,5.09,0.27,62.300000000000004
4715,ORD00001612,PROD00001648,3,5,25.54,10.22,0.58,124.80000000000001
4716,ORD00001612,PROD00003608,4,7,44.11,17.64,1.62,297.43
4717,ORD00001612,PROD00004990,5,8,18.88,7.55,2.27,132.88
4718,ORD00001613,PROD00003633,1,2,12.54,5.02,1.34,22.4
4719,ORD00001613,PROD00004316,2,7,32.67,13.07,1.82,215.95000000000002
4720,ORD00001613,PROD00002365,3,2,47.7,19.08,1.75,91.9
4721,ORD00001613,PROD00000648,4,5,32.84,13.14,2.06,153.90000000000003
4722,ORD00001613,PROD00001314,5,3,15.71,6.28,2.0,41.13
4723,ORD00001614,PROD00000833,1,9,16.0,6.4,,
4724,ORD00001614,PROD00004645,2,5,28.3,11.32,,
4725,ORD00001614,PROD00001340,3,4,34.21,13.68,,
4726,ORD00001614,PROD00003308,4,4,19.57,7.83,0.56,76.04
4727,ORD00001614,PROD00002404,5,5,19.23,7.69,0.87,91.8
4728,ORD00001615,PROD00001182,1,1,42.69,17.08,2.25,40.44
4729,ORD00001616,PROD00004974,1,9,18.96,7.58,2.66,146.70000000000002
4730,ORD00001616,PROD00003700,2,4,30.88,12.35,1.87,116.03999999999999
4731,ORD00001616,PROD00000781,3,1,11.3,4.52,,
4732,ORD00001616,PROD00000093,4,9,10.01,4.0,0.63,84.41999999999999
4733,ORD00001617,PROD00002248,1,3,43.81,17.52,,
4734,ORD00001618,PROD00000917,1,7,32.75,13.1,4.02,201.11
4735,ORD00001619,PROD00001298,1,3,27.51,11.0,,
4736,ORD00001619,PROD00004059,2,4,12.88,5.15,,
4737,ORD00001619,PROD00000625,3,6,14.03,5.61,1.54,74.94
4738,ORD00001620,PROD00000674,1,1,29.75,11.9,1.2,28.55
4739,ORD00001621,PROD00001428,1,4,48.59,19.44,6.76,167.32000000000002
4740,ORD00001621,PROD00001211,2,2,20.18,8.07,2.46,35.44
4741,ORD00001621,PROD00004859,3,5,24.33,9.73,2.83,107.5
4742,ORD00001622,PROD00003670,1,2,49.34,19.74,,
4743,ORD00001623,PROD00003985,1,9,19.86,7.94,,
4744,ORD00001623,PROD00002719,2,6,44.45,17.78,,
4745,ORD00001623,PROD00003801,3,6,25.15,10.06,,
4746,ORD00001624,PROD00003780,1,8,20.86,8.34,0.59,162.16
4747,ORD00001624,PROD00003831,2,1,48.73,19.49,,
4748,ORD00001625,PROD00004657,1,9,14.57,5.83,,
4749,ORD00001625,PROD00002894,2,5,19.85,7.94,1.33,92.60000000000002
4750,ORD00001626,PROD00001414,1,2,48.06,19.22,,
4751,ORD00001626,PROD00000310,2,1,25.78,10.31,3.09,22.69
4752,ORD00001627,PROD00002730,1,8,22.42,8.97,1.0,171.36
4753,ORD00001627,PROD00002872,2,9,16.59,6.64,0.15,147.96
4754,ORD00001628,PROD00000352,1,1,33.3,13.32,2.93,30.369999999999997
4755,ORD00001628,PROD00002940,2,8,36.14,14.46,3.21,263.44
4756,ORD00001628,PROD00000872,3,6,15.34,6.14,0.31,90.17999999999999
4757,ORD00001628,PROD00004415,4,2,11.9,4.76,0.54,22.72
4758,ORD00001628,PROD00002844,5,7,10.99,4.4,0.68,72.17
4759,ORD00001629,PROD00000822,1,9,45.41,18.16,1.35,396.53999999999996
4760,ORD00001630,PROD00000796,1,9,37.11,14.84,3.67,300.96
4761,ORD00001630,PROD00001249,2,7,40.28,16.11,,
4762,ORD00001630,PROD00001838,3,2,27.12,10.85,1.14,51.96
4763,ORD00001630,PROD00004716,4,1,12.83,5.13,0.46,12.37
4764,ORD00001631,PROD00001704,1,10,17.15,6.86,,
4765,ORD00001631,PROD00004882,2,1,25.93,10.37,1.91,24.02
4766,ORD00001631,PROD00000654,3,4,16.96,6.78,1.97,59.96
4767,ORD00001632,PROD00003896,1,2,34.62,13.85,2.29,64.66
4768,ORD00001632,PROD00004028,2,5,13.48,5.39,0.29,65.95
4769,ORD00001633,PROD00004707,1,5,43.27,17.31,,
4770,ORD00001633,PROD00000983,2,5,24.14,9.66,,
4771,ORD00001633,PROD00001606,3,4,47.19,18.88,0.89,185.2
4772,ORD00001633,PROD00000597,4,1,31.19,12.48,2.61,28.580000000000002
4773,ORD00001634,PROD00001220,1,1,35.22,14.09,,
4774,ORD00001634,PROD00002031,2,8,19.99,8.0,2.45,140.32
4775,ORD00001635,PROD00004322,1,10,44.26,17.7,,
4776,ORD00001635,PROD00001440,2,5,12.01,4.8,1.37,53.2
4777,ORD00001635,PROD00002518,3,1,47.23,18.89,,
4778,ORD00001635,PROD00000350,4,5,21.55,8.62,1.56,99.95000000000002
4779,ORD00001636,PROD00002361,1,2,30.78,12.31,,
4780,ORD00001636,PROD00004547,2,7,46.8,18.72,,
4781,ORD00001636,PROD00001159,3,3,41.02,16.41,,
4782,ORD00001636,PROD00001348,4,10,13.92,5.57,0.31,136.1
4783,ORD00001637,PROD00004960,1,8,18.24,7.3,0.78,139.67999999999998
4784,ORD00001638,PROD00002184,1,5,23.76,9.5,,
4785,ORD00001638,PROD00001791,2,10,18.97,7.59,0.41,185.6
4786,ORD00001639,PROD00001018,1,1,15.33,6.13,,
4787,ORD00001639,PROD00000648,2,2,40.12,16.05,2.82,74.6
4788,ORD00001639,PROD00000523,3,7,42.7,17.08,,
4789,ORD00001640,PROD00004614,1,2,16.2,6.48,0.7,31.0
4790,ORD00001640,PROD00002103,2,4,12.64,5.06,,
4791,ORD00001641,PROD00004300,1,10,43.16,17.26,6.14,370.19999999999993
4792,ORD00001642,PROD00002525,1,5,16.21,6.48,,
4793,ORD00001642,PROD00002825,2,1,31.33,12.53,,
4794,ORD00001642,PROD00002165,3,7,26.43,10.57,,
4795,ORD00001642,PROD00001052,4,8,41.95,16.78,1.96,319.92
4796,ORD00001643,PROD00003290,1,6,36.32,14.53,,
4797,ORD00001644,PROD00002643,1,9,45.13,18.05,2.99,379.26
4798,ORD00001644,PROD00000565,2,8,47.65,19.06,0.4,378.0
4799,ORD00001644,PROD00003115,3,3,34.35,13.74,1.51,98.52000000000001
4800,ORD00001645,PROD00003609,1,6,26.11,10.44,2.03,144.48
4801,ORD00001645,PROD00001618,2,7,37.9,15.16,,
4802,ORD00001645,PROD00001269,3,6,28.45,11.38,2.97,152.88
4803,ORD00001646,PROD00000325,1,8,27.37,10.95,0.01,218.88
4804,ORD00001646,PROD00003880,2,10,16.63,6.65,0.78,158.5
4805,ORD00001647,PROD00002445,1,10,28.22,11.29,3.24,249.79999999999995
4806,ORD00001647,PROD00002107,2,10,36.83,14.73,0.01,368.2
4807,ORD00001647,PROD00004723,3,6,23.34,9.34,0.53,136.85999999999999
4808,ORD00001648,PROD00003809,1,8,34.15,13.66,,
4809,ORD00001648,PROD00002513,2,3,34.5,13.8,4.36,90.42
4810,ORD00001649,PROD00002088,1,7,38.75,15.5,1.24,262.57
4811,ORD00001649,PROD00001219,2,9,46.74,18.7,2.84,395.1
4812,ORD00001649,PROD00004629,3,9,36.35,14.54,2.32,306.27
4813,ORD00001649,PROD00001810,4,4,45.38,18.15,,
4814,ORD00001650,PROD00001357,1,9,48.31,19.32,,
4815,ORD00001651,PROD00001993,1,6,37.41,14.96,3.96,200.7
4816,ORD00001652,PROD00002349,1,3,10.1,4.04,0.32,29.339999999999996
4817,ORD00001653,PROD00004145,1,8,35.55,14.22,3.48,256.56
4818,ORD00001653,PROD00004095,2,1,14.24,5.7,1.18,13.06
4819,ORD00001653,PROD00000299,3,9,19.33,7.73,0.79,166.85999999999999
4820,ORD00001653,PROD00000403,4,9,23.95,9.58,2.69,191.33999999999997
4821,ORD00001654,PROD00002463,1,7,27.39,10.96,0.36,189.21
4822,ORD00001655,PROD00001145,1,4,27.24,10.9,0.67,106.27999999999999
4823,ORD00001655,PROD00003674,2,4,10.97,4.39,1.26,38.84
4824,ORD00001655,PROD00003276,3,9,26.66,10.66,1.81,223.65
4825,ORD00001655,PROD00002881,4,9,21.65,8.66,0.19,193.14
4826,ORD00001656,PROD00004570,1,5,42.58,17.03,3.93,193.25
4827,ORD00001656,PROD00004035,2,9,40.85,16.34,0.29,365.04
4828,ORD00001656,PROD00004306,3,1,48.06,19.22,4.22,43.84
4829,ORD00001657,PROD00001324,1,9,46.95,18.78,,
4830,ORD00001657,PROD00001590,2,4,30.85,12.34,,
4831,ORD00001657,PROD00001756,3,9,21.94,8.78,1.43,184.59
4832,ORD00001657,PROD00001991,4,6,23.72,9.49,0.71,138.06
4833,ORD00001658,PROD00004693,1,10,23.88,9.55,1.92,219.60000000000002
4834,ORD00001658,PROD00004174,2,9,34.47,13.79,4.02,274.05
4835,ORD00001658,PROD00000177,3,3,18.93,7.57,2.5,49.29
4836,ORD00001658,PROD00002934,4,3,37.59,15.04,5.26,96.99000000000001
4837,ORD00001658,PROD00000415,5,3,15.32,6.13,1.42,41.7
4838,ORD00001659,PROD00000936,1,8,20.37,8.15,1.42,151.60000000000002
4839,ORD00001659,PROD00004142,2,2,25.75,10.3,2.24,47.019999999999996
4840,ORD00001659,PROD00002718,3,3,24.09,9.64,2.29,65.4
4841,ORD00001659,PROD00003917,4,6,42.25,16.9,,
4842,ORD00001659,PROD00003617,5,6,30.27,12.11,,
4843,ORD00001660,PROD00002666,1,9,38.45,15.38,0.61,340.56000000000006
4844,ORD00001660,PROD00001897,2,5,38.17,15.27,,
4845,ORD00001660,PROD00000496,3,5,29.43,11.77,1.14,141.45
4846,ORD00001660,PROD00000278,4,2,18.64,7.46,,
4847,ORD00001660,PROD00003950,5,3,24.92,9.97,,
4848,ORD00001661,PROD00002940,1,8,38.2,15.28,3.45,278.0
4849,ORD00001661,PROD00004496,2,3,43.23,17.29,5.36,113.60999999999999
4850,ORD00001662,PROD00004985,1,7,12.19,4.88,0.64,80.85
4851,ORD00001662,PROD00002042,2,10,35.58,14.23,3.44,321.4
4852,ORD00001663,PROD00002198,1,3,36.69,14.68,4.42,96.80999999999999
4853,ORD00001663,PROD00002135,2,10,21.77,8.71,3.25,185.2
4854,ORD00001664,PROD00000928,1,2,48.15,19.26,,
4855,ORD00001664,PROD00000139,2,2,30.29,12.12,2.23,56.12
4856,ORD00001664,PROD00004179,3,7,26.32,10.53,1.49,173.81
4857,ORD00001665,PROD00002174,1,8,15.18,6.07,1.66,108.16
4858,ORD00001665,PROD00003159,2,7,15.59,6.24,,
4859,ORD00001665,PROD00004514,3,5,22.76,9.1,3.17,97.95000000000002
4860,ORD00001665,PROD00004879,4,2,47.52,19.01,0.79,93.46000000000001
4861,ORD00001666,PROD00000592,1,2,17.17,6.87,,
4862,ORD00001666,PROD00004569,2,3,33.18,13.27,,
4863,ORD00001666,PROD00001416,3,10,11.19,4.48,1.29,98.99999999999999
4864,ORD00001666,PROD00004822,4,1,12.37,4.95,1.1,11.27
4865,ORD00001667,PROD00003753,1,9,43.58,17.43,,
4866,ORD00001668,PROD00000254,1,7,31.6,12.64,4.36,190.68
4867,ORD00001668,PROD00003474,2,10,27.63,11.05,,
4868,ORD00001668,PROD00004629,3,7,35.68,14.27,5.32,212.51999999999998
4869,ORD00001668,PROD00003507,4,4,34.47,13.79,0.79,134.72
4870,ORD00001668,PROD00004984,5,5,39.68,15.87,3.7,179.89999999999998
4871,ORD00001669,PROD00003900,1,4,25.97,10.39,1.72,97.0
4872,ORD00001670,PROD00000292,1,8,37.69,15.08,3.71,271.84
4873,ORD00001670,PROD00001259,2,6,28.01,11.2,,
4874,ORD00001671,PROD00000281,1,3,19.45,7.78,2.2,51.75
4875,ORD00001671,PROD00004759,2,7,22.4,8.96,1.6,145.59999999999997
4876,ORD00001671,PROD00003863,3,8,24.73,9.89,,
4877,ORD00001671,PROD00000957,4,9,20.83,8.33,0.44,183.50999999999996
4878,ORD00001672,PROD00002197,1,5,48.21,19.28,3.13,225.39999999999998
4879,ORD00001672,PROD00003867,2,6,26.96,10.78,1.76,151.2
4880,ORD00001673,PROD00002888,1,4,37.07,14.83,0.07,148.0
4881,ORD00001673,PROD00004740,2,5,25.0,10.0,0.13,124.35000000000001
4882,ORD00001674,PROD00004603,1,1,47.85,19.14,4.82,43.03
4883,ORD00001674,PROD00002936,2,3,38.41,15.36,4.35,102.17999999999998
4884,ORD00001674,PROD00004499,3,10,15.12,6.05,0.1,150.2
4885,ORD00001675,PROD00002304,1,10,32.06,12.82,,
4886,ORD00001676,PROD00002657,1,1,42.07,16.83,,
4887,ORD00001676,PROD00003635,2,3,10.79,4.32,0.91,29.639999999999997
4888,ORD00001676,PROD00004368,3,9,19.99,8.0,1.25,168.66
4889,ORD00001676,PROD00004057,4,10,42.34,16.94,5.25,370.90000000000003
4890,ORD00001676,PROD00002680,5,6,21.74,8.7,0.53,127.25999999999999
4891,ORD00001677,PROD00001499,1,9,15.33,6.13,,
4892,ORD00001677,PROD00004235,2,10,18.77,7.51,1.69,170.79999999999998
4893,ORD00001677,PROD00003156,3,9,46.31,18.52,1.99,398.88
4894,ORD00001678,PROD00004846,1,4,24.25,9.7,,
4895,ORD00001679,PROD00004100,1,7,12.1,4.84,0.01,84.63
4896,ORD00001679,PROD00002670,2,7,38.31,15.32,0.87,262.08000000000004
4897,ORD00001679,PROD00003253,3,2,17.73,7.09,,
4898,ORD00001679,PROD00004677,4,10,44.9,17.96,3.15,417.5
4899,ORD00001679,PROD00000313,5,7,13.95,5.58,0.78,92.19
4900,ORD00001680,PROD00001012,1,10,21.86,8.74,2.4,194.60000000000002
4901,ORD00001681,PROD00000424,1,5,13.84,5.54,0.32,67.6
4902,ORD00001681,PROD00004183,2,6,49.99,20.0,6.93,258.36
4903,ORD00001682,PROD00001742,1,2,41.92,16.77,4.26,75.32000000000001
4904,ORD00001682,PROD00002458,2,10,22.58,9.03,3.38,192.0
4905,ORD00001682,PROD00003800,3,8,44.13,17.65,5.49,309.12
4906,ORD00001683,PROD00003366,1,4,32.64,13.06,0.18,129.84
4907,ORD00001684,PROD00002152,1,5,40.8,16.32,6.07,173.64999999999998
4908,ORD00001684,PROD00003050,2,2,41.95,16.78,1.52,80.86
4909,ORD00001684,PROD00004380,3,5,33.44,13.38,3.17,151.34999999999997
4910,ORD00001684,PROD00002282,4,3,37.83,15.13,3.81,102.05999999999999
4911,ORD00001684,PROD00000671,5,7,18.24,7.3,,
4912,ORD00001685,PROD00002677,1,7,22.26,8.9,2.19,140.49
4913,ORD00001685,PROD00004819,2,1,37.39,14.96,3.95,33.44
4914,ORD00001686,PROD00000298,1,5,31.43,12.57,3.78,138.25
4915,ORD00001686,PROD00002244,2,3,28.38,11.35,1.48,80.69999999999999
4916,ORD00001687,PROD00002447,1,2,34.38,13.75,,
4917,ORD00001687,PROD00000235,2,9,15.98,6.39,,
4918,ORD00001687,PROD00003344,3,4,13.67,5.47,0.21,53.839999999999996
4919,ORD00001687,PROD00001683,4,6,15.96,6.38,1.0,89.76
4920,ORD00001687,PROD00000088,5,10,38.51,15.4,,
4921,ORD00001688,PROD00003215,1,6,35.39,14.16,2.21,199.07999999999998
4922,ORD00001688,PROD00001287,2,1,28.85,11.54,,
4923,ORD00001688,PROD00002438,3,9,39.98,15.99,3.76,325.98
4924,ORD00001689,PROD00002971,1,1,10.08,4.03,0.46,9.62
4925,ORD00001689,PROD00000799,2,7,11.79,4.72,0.31,80.35999999999999
4926,ORD00001690,PROD00003068,1,7,27.58,11.03,1.39,183.32999999999998
4927,ORD00001690,PROD00002984,2,9,27.29,10.92,4.02,209.43
4928,ORD00001690,PROD00003450,3,3,12.0,4.8,0.69,33.93
4929,ORD00001690,PROD00001475,4,1,35.45,14.18,0.4,35.050000000000004
4930,ORD00001690,PROD00004647,5,10,18.82,7.53,,
4931,ORD00001691,PROD00000860,1,3,33.08,13.23,2.71,91.10999999999999
4932,ORD00001691,PROD00002648,2,6,22.68,9.07,,
4933,ORD00001691,PROD00004002,3,6,48.83,19.53,,
4934,ORD00001692,PROD00002947,1,1,21.46,8.58,0.96,20.5
4935,ORD00001692,PROD00000003,2,1,34.08,13.63,1.99,32.089999999999996
4936,ORD00001693,PROD00004680,1,10,39.77,15.91,0.83,389.40000000000003
4937,ORD00001693,PROD00001306,2,10,13.89,5.56,1.68,122.10000000000001
4938,ORD00001693,PROD00000484,3,10,20.03,8.01,,
4939,ORD00001693,PROD00002986,4,5,33.45,13.38,4.35,145.5
4940,ORD00001693,PROD00004927,5,3,33.66,13.46,3.87,89.36999999999999
4941,ORD00001694,PROD00000576,1,4,31.52,12.61,,
4942,ORD00001694,PROD00000851,2,8,37.39,14.96,1.28,288.88
4943,ORD00001694,PROD00004609,3,10,12.55,5.02,1.75,108.0
4944,ORD00001694,PROD00003855,4,6,31.71,12.68,,
4945,ORD00001694,PROD00004036,5,3,14.13,5.65,0.37,41.28
4946,ORD00001695,PROD00003015,1,5,48.23,19.29,6.6,208.14999999999998
4947,ORD00001695,PROD00003625,2,10,44.31,17.72,1.93,423.8
4948,ORD00001696,PROD00001978,1,3,23.44,9.38,1.49,65.85000000000001
4949,ORD00001697,PROD00002911,1,1,11.85,4.74,0.92,10.93
4950,ORD00001697,PROD00000110,2,9,34.27,13.71,,
4951,ORD00001697,PROD00004452,3,6,11.48,4.59,,
4952,ORD00001698,PROD00002315,1,6,35.33,14.13,,
4953,ORD00001698,PROD00004907,2,6,23.85,9.54,1.99,131.16000000000003
4954,ORD00001699,PROD00002769,1,3,12.81,5.12,,
4955,ORD00001699,PROD00002557,2,3,12.54,5.02,,
4956,ORD00001699,PROD00004129,3,8,29.18,11.67,2.96,209.76
4957,ORD00001699,PROD00003633,4,1,29.87,11.95,1.68,28.19
4958,ORD00001699,PROD00000354,5,4,38.83,15.53,4.73,136.39999999999998
4959,ORD00001700,PROD00001749,1,1,25.48,10.19,0.99,24.490000000000002
4960,ORD00001700,PROD00004972,2,9,43.92,17.57,,
4961,ORD00001700,PROD00004722,3,6,49.39,19.76,,
4962,ORD00001701,PROD00001902,1,5,23.21,9.28,,
4963,ORD00001701,PROD00002686,2,1,21.61,8.64,0.33,21.28
4964,ORD00001702,PROD00004094,1,4,47.78,19.11,7.16,162.48000000000002
4965,ORD00001702,PROD00002670,2,10,10.35,4.14,1.26,90.9
4966,ORD00001702,PROD00000270,3,4,22.88,9.15,3.0,79.52
4967,ORD00001702,PROD00001178,4,3,37.29,14.92,,
4968,ORD00001702,PROD00003814,5,3,38.4,15.36,5.03,100.10999999999999
4969,ORD00001703,PROD00000943,1,6,28.47,11.39,1.56,161.46
4970,ORD00001703,PROD00002636,2,1,16.77,6.71,1.33,15.44
4971,ORD00001704,PROD00001504,1,10,46.7,18.68,3.02,436.8
4972,ORD00001705,PROD00004231,1,9,11.9,4.76,1.15,96.75
4973,ORD00001705,PROD00000746,2,6,12.05,4.82,1.22,64.98
4974,ORD00001706,PROD00002887,1,8,15.04,6.02,,
4975,ORD00001707,PROD00002857,1,5,39.6,15.84,3.69,179.55
4976,ORD00001707,PROD00002359,2,1,30.3,12.12,2.59,27.71
4977,ORD00001707,PROD00000901,3,6,17.96,7.18,0.24,106.32000000000002
4978,ORD00001707,PROD00002416,4,5,33.09,13.24,4.35,143.70000000000002
4979,ORD00001708,PROD00003542,1,5,43.72,17.49,3.92,199.0
4980,ORD00001708,PROD00004966,2,10,46.92,18.77,,
4981,ORD00001708,PROD00002038,3,5,24.82,9.93,,
4982,ORD00001708,PROD00004986,4,8,27.07,10.83,4.05,184.16
4983,ORD00001708,PROD00003306,5,9,19.69,7.88,0.92,168.93
4984,ORD00001709,PROD00002358,1,9,35.59,14.24,0.48,315.99000000000007
4985,ORD00001709,PROD00002055,2,7,39.83,15.93,2.13,263.9
4986,ORD00001709,PROD00000233,3,6,11.42,4.57,1.68,58.44
4987,ORD00001710,PROD00001997,1,1,42.96,17.18,0.68,42.28
4988,ORD00001710,PROD00002723,2,2,14.78,5.91,0.83,27.9
4989,ORD00001710,PROD00001481,3,4,37.53,15.01,0.76,147.08
4990,ORD00001710,PROD00003305,4,6,34.06,13.62,1.75,193.86
4991,ORD00001711,PROD00004988,1,3,11.46,4.58,0.32,33.42
4992,ORD00001711,PROD00002521,2,9,43.71,17.48,,
4993,ORD00001711,PROD00002070,3,9,34.52,13.81,,
4994,ORD00001711,PROD00000476,4,3,13.59,5.44,1.52,36.21
4995,ORD00001711,PROD00001801,5,9,35.55,14.22,3.69,286.73999999999995
4996,ORD00001712,PROD00004941,1,7,16.69,6.68,1.21,108.36
4997,ORD00001712,PROD00003265,2,6,21.98,8.79,1.69,121.74
4998,ORD00001713,PROD00001863,1,6,25.0,10.0,0.39,147.66
4999,ORD00001714,PROD00003912,1,9,37.95,15.18,1.45,328.5
5000,ORD00001714,PROD00001178,2,1,34.73,13.89,,
5001,ORD00001714,PROD00000017,3,2,28.42,11.37,0.98,54.88
5002,ORD00001715,PROD00003195,1,1,30.1,12.04,,
5003,ORD00001715,PROD00003741,2,4,31.0,12.4,4.43,106.28
5004,ORD00001715,PROD00002632,3,4,44.96,17.98,5.27,158.76
5005,ORD00001715,PROD00004858,4,5,19.32,7.73,0.63,93.45
5006,ORD00001716,PROD00000284,1,4,44.91,17.96,6.46,153.79999999999998
5007,ORD00001716,PROD00000977,2,9,27.49,11.0,,
5008,ORD00001716,PROD00001048,3,9,28.53,11.41,3.56,224.73000000000002
5009,ORD00001716,PROD00003685,4,6,37.32,14.93,2.32,210.0
5010,ORD00001716,PROD00002152,5,9,37.05,14.82,1.76,317.61
5011,ORD00001717,PROD00001021,1,2,21.28,8.51,,
5012,ORD00001717,PROD00002133,2,6,29.38,11.75,2.08,163.79999999999998
5013,ORD00001717,PROD00001006,3,2,25.83,10.33,3.34,44.98
5014,ORD00001718,PROD00001714,1,3,14.25,5.7,1.14,39.33
5015,ORD00001719,PROD00000720,1,4,25.63,10.25,,
5016,ORD00001719,PROD00003770,2,2,15.22,6.09,1.85,26.740000000000002
5017,ORD00001720,PROD00003381,1,4,41.84,16.74,5.81,144.12
5018,ORD00001720,PROD00003698,2,9,44.28,17.71,5.01,353.43
5019,ORD00001721,PROD00000681,1,10,31.82,12.73,2.04,297.8
5020,ORD00001721,PROD00000678,2,5,38.91,15.56,,
5021,ORD00001721,PROD00003272,3,2,25.91,10.36,1.27,49.28
5022,ORD00001722,PROD00001615,1,3,27.15,10.86,3.3,71.55
5023,ORD00001723,PROD00004364,1,6,17.98,7.19,,
5024,ORD00001723,PROD00003524,2,5,36.03,14.41,0.03,180.0
5025,ORD00001723,PROD00004459,3,6,48.57,19.43,,
5026,ORD00001723,PROD00004409,4,10,14.03,5.61,2.01,120.19999999999999
5027,ORD00001723,PROD00002626,5,6,17.21,6.88,2.2,90.06
5028,ORD00001724,PROD00001592,1,3,37.98,15.19,,
5029,ORD00001725,PROD00003957,1,2,44.26,17.7,,
5030,ORD00001725,PROD00002952,2,2,15.22,6.09,,
5031,ORD00001725,PROD00001164,3,3,46.44,18.58,0.22,138.66
5032,ORD00001725,PROD00003437,4,5,23.59,9.44,2.53,105.3
5033,ORD00001725,PROD00000740,5,2,38.98,15.59,2.39,73.17999999999999
5034,ORD00001726,PROD00002864,1,9,26.4,10.56,2.97,210.87
5035,ORD00001726,PROD00004944,2,2,20.7,8.28,,
5036,ORD00001727,PROD00002255,1,1,19.93,7.97,,
5037,ORD00001728,PROD00004530,1,3,19.87,7.95,2.93,50.82000000000001
5038,ORD00001728,PROD00001023,2,2,28.67,11.47,,
5039,ORD00001729,PROD00001137,1,4,15.44,6.18,0.59,59.4
5040,ORD00001730,PROD00000619,1,3,48.46,19.38,7.0,124.38
5041,ORD00001730,PROD00004062,2,6,48.71,19.48,,
5042,ORD00001730,PROD00003007,3,5,29.89,11.96,4.13,128.8
5043,ORD00001730,PROD00003934,4,7,38.12,15.25,5.52,228.19999999999996
5044,ORD00001731,PROD00002164,1,3,36.81,14.72,3.96,98.55000000000001
5045,ORD00001731,PROD00001108,2,1,35.3,14.12,2.6,32.699999999999996
5046,ORD00001731,PROD00003154,3,7,10.61,4.24,0.19,72.94
5047,ORD00001732,PROD00003762,1,1,42.38,16.95,4.99,37.39
5048,ORD00001733,PROD00003199,1,10,46.65,18.66,,
5049,ORD00001733,PROD00004696,2,6,48.03,19.21,0.09,287.64
5050,ORD00001733,PROD00001544,3,10,21.06,8.42,0.43,206.29999999999998
5051,ORD00001733,PROD00001251,4,6,43.5,17.4,4.27,235.38000000000002
5052,ORD00001733,PROD00000722,5,4,33.69,13.48,2.52,124.67999999999999
5053,ORD00001734,PROD00000977,1,9,22.57,9.03,,
5054,ORD00001734,PROD00002166,2,8,15.21,6.08,1.38,110.64000000000001
5055,ORD00001734,PROD00000562,3,5,18.67,7.47,1.26,87.05
5056,ORD00001734,PROD00003673,4,4,19.85,7.94,1.06,75.16000000000001
5057,ORD00001735,PROD00004979,1,5,48.3,19.32,1.97,231.64999999999998
5058,ORD00001735,PROD00004410,2,10,20.57,8.23,2.29,182.8
5059,ORD00001735,PROD00003286,3,6,21.43,8.57,0.4,126.18
5060,ORD00001735,PROD00003160,4,10,45.9,18.36,1.18,447.2
5061,ORD00001736,PROD00003558,1,2,23.79,9.52,1.64,44.3
5062,ORD00001736,PROD00004621,2,10,34.9,13.96,0.96,339.4
5063,ORD00001736,PROD00003850,3,9,18.6,7.44,,
5064,ORD00001737,PROD00000023,1,9,44.21,17.68,,
5065,ORD00001737,PROD00000715,2,9,26.49,10.6,2.81,213.12
5066,ORD00001737,PROD00002583,3,6,22.1,8.84,0.08,132.12
5067,ORD00001737,PROD00000432,4,7,34.28,13.71,4.3,209.86
5068,ORD00001738,PROD00004382,1,1,12.05,4.82,1.3,10.75
5069,ORD00001738,PROD00004106,2,5,16.01,6.4,1.47,72.7
5070,ORD00001738,PROD00004219,3,2,37.27,14.91,0.25,74.04
5071,ORD00001738,PROD00003371,4,2,11.94,4.78,1.35,21.18
5072,ORD00001739,PROD00001470,1,4,26.46,10.58,,
5073,ORD00001739,PROD00004710,2,7,35.25,14.1,,
5074,ORD00001739,PROD00001468,3,8,14.78,5.91,1.03,110.0
5075,ORD00001739,PROD00000767,4,4,44.36,17.74,5.55,155.24
5076,ORD00001739,PROD00000615,5,9,46.2,18.48,,
5077,ORD00001740,PROD00000067,1,5,15.1,6.04,,
5078,ORD00001740,PROD00000134,2,4,13.46,5.38,,
5079,ORD00001740,PROD00000768,3,6,20.52,8.21,,
5080,ORD00001741,PROD00000674,1,6,47.14,18.86,0.99,276.9
5081,ORD00001741,PROD00004157,2,9,17.03,6.81,0.55,148.32
5082,ORD00001741,PROD00000855,3,4,48.94,19.58,,
5083,ORD00001742,PROD00002208,1,1,25.39,10.16,2.06,23.330000000000002
5084,ORD00001742,PROD00003493,2,9,34.45,13.78,0.66,304.11000000000007
5085,ORD00001742,PROD00000941,3,2,10.34,4.14,0.97,18.74
5086,ORD00001742,PROD00003188,4,8,27.86,11.14,0.75,216.88
5087,ORD00001742,PROD00003075,5,4,17.19,6.88,,
5088,ORD00001743,PROD00001446,1,5,32.69,13.08,1.41,156.39999999999998
5089,ORD00001743,PROD00003635,2,9,42.76,17.1,4.48,344.52
5090,ORD00001743,PROD00002959,3,3,23.44,9.38,0.71,68.19
5091,ORD00001744,PROD00002242,1,1,13.34,5.34,0.99,12.35
5092,ORD00001745,PROD00002405,1,6,25.23,10.09,,
5093,ORD00001745,PROD00000443,2,10,48.36,19.34,7.12,412.40000000000003
5094,ORD00001746,PROD00001208,1,1,38.91,15.56,4.21,34.699999999999996
5095,ORD00001746,PROD00001785,2,10,23.83,9.53,2.24,215.89999999999998
5096,ORD00001746,PROD00000112,3,6,18.46,7.38,0.12,110.03999999999999
5097,ORD00001746,PROD00003899,4,2,10.64,4.26,,
5098,ORD00001746,PROD00003586,5,5,34.13,13.65,4.53,148.0
5099,ORD00001747,PROD00000272,1,6,38.75,15.5,,
5100,ORD00001747,PROD00001740,2,5,11.34,4.54,1.36,49.900000000000006
5101,ORD00001747,PROD00002960,3,3,46.86,18.74,0.0,140.57999999999998
5102,ORD00001747,PROD00001946,4,8,35.52,14.21,3.57,255.60000000000002
5103,ORD00001748,PROD00000951,1,10,38.84,15.54,2.74,361.0
5104,ORD00001748,PROD00001420,2,10,49.42,19.77,3.17,462.5
5105,ORD00001748,PROD00001336,3,7,45.5,18.2,,
5106,ORD00001748,PROD00002971,4,2,41.91,16.76,6.08,71.66
5107,ORD00001749,PROD00001203,1,6,22.92,9.17,1.63,127.74000000000001
5108,ORD00001749,PROD00003304,2,2,16.92,6.77,0.28,33.28
5109,ORD00001749,PROD00003277,3,8,44.94,17.98,1.02,351.35999999999996
5110,ORD00001750,PROD00004466,1,1,22.51,9.0,2.91,19.6
5111,ORD00001750,PROD00002530,2,4,46.17,18.47,5.75,161.68
5112,ORD00001750,PROD00002481,3,5,48.05,19.22,5.06,214.95
5113,ORD00001750,PROD00004074,4,1,43.8,17.52,5.12,38.68
5114,ORD00001751,PROD00004328,1,5,34.82,13.93,,
5115,ORD00001751,PROD00003483,2,5,23.8,9.52,,
5116,ORD00001751,PROD00004275,3,3,40.76,16.3,,
5117,ORD00001751,PROD00001264,4,2,32.81,13.12,3.98,57.660000000000004
5118,ORD00001751,PROD00001498,5,1,24.74,9.9,1.08,23.659999999999997
5119,ORD00001752,PROD00003065,1,3,40.7,16.28,5.76,104.82000000000002
5120,ORD00001752,PROD00001646,2,10,48.94,19.58,,
5121,ORD00001752,PROD00003874,3,3,32.94,13.18,3.49,88.35
5122,ORD00001752,PROD00002092,4,7,21.12,8.45,1.14,139.86
5123,ORD00001752,PROD00002412,5,5,24.7,9.88,2.76,109.69999999999999
5124,ORD00001753,PROD00004456,1,6,33.23,13.29,2.36,185.21999999999997
5125,ORD00001754,PROD00004921,1,5,43.26,17.3,,
5126,ORD00001754,PROD00000781,2,9,13.12,5.25,1.03,108.81
5127,ORD00001754,PROD00004411,3,10,28.33,11.33,,
5128,ORD00001754,PROD00002789,4,1,39.55,15.82,,
5129,ORD00001755,PROD00002033,1,6,48.96,19.58,0.06,293.4
5130,ORD00001755,PROD00002135,2,4,28.14,11.26,1.99,104.60000000000001
5131,ORD00001756,PROD00001588,1,1,46.36,18.54,0.61,45.75
5132,ORD00001757,PROD00003973,1,10,20.82,8.33,,
5133,ORD00001757,PROD00003020,2,6,32.0,12.8,,
5134,ORD00001757,PROD00003586,3,3,12.97,5.19,,
5135,ORD00001758,PROD00002104,1,3,25.76,10.3,,
5136,ORD00001758,PROD00004691,2,2,21.12,8.45,3.07,36.1
5137,ORD00001758,PROD00000919,3,5,12.05,4.82,,
5138,ORD00001758,PROD00003156,4,1,45.24,18.1,2.6,42.64
5139,ORD00001758,PROD00003731,5,2,15.01,6.0,2.16,25.7
5140,ORD00001759,PROD00004818,1,1,40.9,16.36,,
5141,ORD00001759,PROD00001698,2,9,25.6,10.24,1.8,214.20000000000002
5142,ORD00001759,PROD00000819,3,5,32.06,12.82,,
5143,ORD00001759,PROD00000088,4,2,10.68,4.27,0.83,19.7
5144,ORD00001760,PROD00002600,1,7,32.51,13.0,4.53,195.85999999999999
5145,ORD00001760,PROD00002568,2,4,39.16,15.66,3.72,141.76
5146,ORD00001760,PROD00002833,3,1,29.17,11.67,2.42,26.75
5147,ORD00001760,PROD00001590,4,2,42.98,17.19,3.87,78.22
5148,ORD00001761,PROD00000698,1,6,13.18,5.27,,
5149,ORD00001762,PROD00001161,1,9,13.69,5.48,,
5150,ORD00001763,PROD00000362,1,6,22.22,8.89,2.25,119.82
5151,ORD00001763,PROD00002429,2,8,40.29,16.12,,
5152,ORD00001764,PROD00004651,1,3,35.6,14.24,1.12,103.44000000000001
5153,ORD00001764,PROD00002640,2,4,32.04,12.82,4.8,108.96
5154,ORD00001765,PROD00004252,1,8,19.78,7.91,,
5155,ORD00001765,PROD00000687,2,2,24.45,9.78,2.23,44.44
5156,ORD00001766,PROD00001561,1,10,12.53,5.01,,
5157,ORD00001766,PROD00002901,2,9,31.86,12.74,,
5158,ORD00001767,PROD00000923,1,4,17.62,7.05,1.63,63.96000000000001
5159,ORD00001768,PROD00002854,1,4,11.81,4.72,,
5160,ORD00001768,PROD00003465,2,3,25.78,10.31,1.06,74.16000000000001
5161,ORD00001768,PROD00001015,3,7,33.63,13.45,3.81,208.74000000000004
5162,ORD00001768,PROD00003567,4,8,30.9,12.36,,
5163,ORD00001768,PROD00004722,5,5,48.91,19.56,5.99,214.59999999999997
5164,ORD00001769,PROD00001389,1,6,35.56,14.22,0.4,210.96000000000004
5165,ORD00001770,PROD00004990,1,8,17.97,7.19,,
5166,ORD00001770,PROD00002371,2,5,45.22,18.09,1.18,220.2
5167,ORD00001771,PROD00001260,1,4,20.88,8.35,,
5168,ORD00001771,PROD00002753,2,9,21.48,8.59,,
5169,ORD00001771,PROD00003288,3,5,15.95,6.38,1.55,72.0
5170,ORD00001771,PROD00003862,4,4,26.08,10.43,2.74,93.35999999999999
5171,ORD00001771,PROD00003018,5,7,38.44,15.38,,
5172,ORD00001772,PROD00002709,1,2,33.44,13.38,2.87,61.13999999999999
5173,ORD00001773,PROD00004381,1,4,11.1,4.44,,
5174,ORD00001773,PROD00001151,2,7,39.05,15.62,,
5175,ORD00001773,PROD00003135,3,9,25.82,10.33,0.41,228.69
5176,ORD00001774,PROD00003907,1,5,25.78,10.31,1.44,121.7
5177,ORD00001774,PROD00004728,2,1,42.7,17.08,2.53,40.17
5178,ORD00001774,PROD00000268,3,8,34.41,13.76,0.76,269.2
5179,ORD00001775,PROD00000378,1,3,14.83,5.93,0.15,44.04
5180,ORD00001775,PROD00003129,2,6,47.89,19.16,1.24,279.9
5181,ORD00001775,PROD00004473,3,6,20.21,8.08,0.17,120.24
5182,ORD00001775,PROD00001293,4,5,47.53,19.01,5.19,211.70000000000002
5183,ORD00001775,PROD00000132,5,5,33.31,13.32,,
5184,ORD00001776,PROD00002203,1,10,10.26,4.1,0.32,99.39999999999999
5185,ORD00001776,PROD00004334,2,2,36.1,14.44,,
5186,ORD00001776,PROD00000319,3,8,48.7,19.48,0.2,388.0
5187,ORD00001776,PROD00003530,4,5,48.0,19.2,3.03,224.85
5188,ORD00001776,PROD00000079,5,8,28.13,11.25,2.41,205.76
5189,ORD00001777,PROD00001589,1,9,28.95,11.58,3.45,229.5
5190,ORD00001777,PROD00003188,2,3,45.84,18.34,,
5191,ORD00001777,PROD00000733,3,9,36.67,14.67,1.03,320.76
5192,ORD00001778,PROD00002650,1,1,12.11,4.84,0.42,11.69
5193,ORD00001778,PROD00001865,2,5,35.71,14.28,2.93,163.9
5194,ORD00001778,PROD00002613,3,2,12.52,5.01,0.89,23.259999999999998
5195,ORD00001779,PROD00001606,1,4,21.88,8.75,2.18,78.8
5196,ORD00001780,PROD00003122,1,4,37.82,15.13,4.98,131.36
5197,ORD00001780,PROD00002954,2,4,35.87,14.35,2.74,132.51999999999998
5198,ORD00001780,PROD00001385,3,9,41.24,16.5,0.47,366.93
5199,ORD00001780,PROD00001108,4,4,22.39,8.96,0.53,87.44
5200,ORD00001781,PROD00002760,1,8,29.58,11.83,3.93,205.2
5201,ORD00001781,PROD00003590,2,7,43.35,17.34,5.35,266.0
5202,ORD00001781,PROD00003262,3,3,42.92,17.17,1.51,124.23000000000002
5203,ORD00001782,PROD00003797,1,8,17.9,7.16,1.75,129.2
5204,ORD00001782,PROD00000558,2,1,31.45,12.58,,
5205,ORD00001783,PROD00000402,1,8,19.12,7.65,0.22,151.20000000000002
5206,ORD00001784,PROD00001893,1,6,18.49,7.4,,
5207,ORD00001784,PROD00002282,2,4,33.13,13.25,2.56,122.28000000000002
5208,ORD00001784,PROD00000639,3,8,43.29,17.32,1.51,334.24
5209,ORD00001784,PROD00001141,4,10,25.66,10.26,,
5210,ORD00001785,PROD00002805,1,4,48.06,19.22,1.48,186.32000000000002
5211,ORD00001785,PROD00000271,2,5,19.66,7.86,,
5212,ORD00001785,PROD00004932,3,3,40.69,16.28,1.76,116.78999999999999
5213,ORD00001785,PROD00004710,4,9,18.12,7.25,0.22,161.10000000000002
5214,ORD00001786,PROD00000073,1,8,16.56,6.62,,
5215,ORD00001786,PROD00003151,2,9,44.26,17.7,0.41,394.65000000000003
5216,ORD00001787,PROD00003193,1,1,26.3,10.52,2.83,23.47
5217,ORD00001787,PROD00001431,2,8,46.64,18.66,6.04,324.8
5218,ORD00001788,PROD00004112,1,9,29.32,11.73,1.41,251.19
5219,ORD00001789,PROD00001145,1,1,35.4,14.16,3.51,31.89
5220,ORD00001789,PROD00003087,2,1,27.56,11.02,4.08,23.479999999999997
5221,ORD00001790,PROD00004035,1,9,32.81,13.12,0.61,289.8
5222,ORD00001790,PROD00000731,2,10,28.4,11.36,1.65,267.5
5223,ORD00001790,PROD00002495,3,3,15.96,6.38,,
5224,ORD00001791,PROD00000622,1,9,30.38,12.15,,
5225,ORD00001791,PROD00003342,2,10,20.6,8.24,1.31,192.90000000000003
5226,ORD00001791,PROD00004601,3,10,45.09,18.04,5.31,397.8
5227,ORD00001792,PROD00003167,1,1,19.7,7.88,,
5228,ORD00001792,PROD00000916,2,4,48.57,19.43,6.56,168.04
5229,ORD00001793,PROD00003221,1,10,43.11,17.24,0.66,424.5
5230,ORD00001793,PROD00004235,2,9,17.23,6.89,1.01,145.98
5231,ORD00001794,PROD00001271,1,3,41.43,16.57,0.09,124.01999999999998
5232,ORD00001795,PROD00001792,1,6,14.42,5.77,0.94,80.88
5233,ORD00001795,PROD00004332,2,5,47.6,19.04,2.32,226.4
5234,ORD00001796,PROD00003951,1,4,47.09,18.84,,
5235,ORD00001796,PROD00004249,2,10,34.27,13.71,4.45,298.20000000000005
5236,ORD00001796,PROD00001728,3,3,41.18,16.47,0.74,121.32
5237,ORD00001797,PROD00000953,1,2,48.2,19.28,3.03,90.34
5238,ORD00001797,PROD00002603,2,9,10.73,4.29,1.58,82.35000000000001
5239,ORD00001797,PROD00002776,3,9,12.82,5.13,1.54,101.52000000000001
5240,ORD00001798,PROD00000741,1,7,38.27,15.31,4.43,236.88000000000002
5241,ORD00001798,PROD00002172,2,1,40.98,16.39,3.29,37.69
5242,ORD00001798,PROD00002662,3,7,31.36,12.54,,
5243,ORD00001798,PROD00004298,4,6,32.0,12.8,,
5244,ORD00001799,PROD00001518,1,9,24.56,9.82,2.78,196.01999999999998
5245,ORD00001800,PROD00001543,1,5,27.36,10.94,,
5246,ORD00001800,PROD00000990,2,3,33.3,13.32,1.81,94.47
5247,ORD00001800,PROD00000239,3,2,34.33,13.73,2.62,63.419999999999995
5248,ORD00001800,PROD00004482,4,3,12.48,4.99,,
5249,ORD00001801,PROD00001232,1,2,43.25,17.3,1.73,83.04
5250,ORD00001801,PROD00001455,2,7,43.82,17.53,4.21,277.27
5251,ORD00001801,PROD00004197,3,4,28.76,11.5,3.93,99.32000000000001
5252,ORD00001802,PROD00003480,1,7,33.36,13.34,,
5253,ORD00001802,PROD00004044,2,3,26.67,10.67,0.35,78.96000000000001
5254,ORD00001803,PROD00004730,1,4,19.43,7.77,1.54,71.56
5255,ORD00001804,PROD00004096,1,5,21.76,8.7,3.17,92.95000000000002
5256,ORD00001804,PROD00004277,2,10,19.08,7.63,1.04,180.39999999999998
5257,ORD00001804,PROD00000913,3,3,11.74,4.7,0.15,34.769999999999996
5258,ORD00001805,PROD00003878,1,6,48.43,19.37,1.48,281.70000000000005
5259,ORD00001806,PROD00002190,1,2,13.03,5.21,,
5260,ORD00001806,PROD00004110,2,2,12.12,4.85,,
5261,ORD00001807,PROD00000108,1,5,47.85,19.14,,
5262,ORD00001807,PROD00002688,2,4,17.53,7.01,2.33,60.800000000000004
5263,ORD00001807,PROD00000517,3,1,30.36,12.14,0.13,30.23
5264,ORD00001807,PROD00002308,4,8,49.81,19.92,1.95,382.88
5265,ORD00001808,PROD00003570,1,10,11.38,4.55,0.79,105.9
5266,ORD00001808,PROD00003075,2,7,14.1,5.64,0.46,95.47999999999999
5267,ORD00001808,PROD00004525,3,4,29.71,11.88,,
5268,ORD00001809,PROD00002987,1,9,41.72,16.69,3.39,344.96999999999997
5269,ORD00001809,PROD00003319,2,2,15.34,6.14,1.68,27.32
5270,ORD00001810,PROD00004607,1,10,24.91,9.96,,
5271,ORD00001810,PROD00002028,2,4,47.66,19.06,,
5272,ORD00001810,PROD00001248,3,10,35.54,14.22,3.2,323.4
5273,ORD00001810,PROD00001817,4,3,43.98,17.59,,
5274,ORD00001810,PROD00003847,5,3,23.39,9.36,0.43,68.88
5275,ORD00001811,PROD00004840,1,4,27.3,10.92,2.62,98.72
5276,ORD00001811,PROD00003074,2,5,23.1,9.24,0.52,112.9
5277,ORD00001812,PROD00004133,1,8,42.39,16.96,0.33,336.48
5278,ORD00001812,PROD00004481,2,4,20.17,8.07,,
5279,ORD00001812,PROD00003861,3,3,26.37,10.55,,
5280,ORD00001812,PROD00002450,4,5,14.24,5.7,,
5281,ORD00001812,PROD00001788,5,7,33.46,13.38,3.09,212.59
5282,ORD00001813,PROD00004036,1,3,36.88,14.75,4.77,96.33
5283,ORD00001813,PROD00004083,2,1,34.33,13.73,,
5284,ORD00001813,PROD00004177,3,2,20.48,8.19,,
5285,ORD00001813,PROD00002867,4,8,21.64,8.66,1.25,163.12
5286,ORD00001813,PROD00001878,5,4,21.08,8.43,0.75,81.32
5287,ORD00001814,PROD00000742,1,3,25.94,10.38,1.21,74.19
5288,ORD00001815,PROD00000864,1,8,39.61,15.84,0.53,312.64
5289,ORD00001815,PROD00003398,2,4,18.02,7.21,,
5290,ORD00001815,PROD00004311,3,2,44.51,17.8,,
5291,ORD00001816,PROD00000622,1,6,38.03,15.21,,
5292,ORD00001816,PROD00003709,2,4,12.33,4.93,0.52,47.24
5293,ORD00001817,PROD00003820,1,3,46.91,18.76,5.99,122.75999999999999
5294,ORD00001817,PROD00003297,2,2,30.61,12.24,3.46,54.3
5295,ORD00001817,PROD00001859,3,8,13.95,5.58,0.05,111.19999999999999
5296,ORD00001818,PROD00002734,1,3,30.77,12.31,,
5297,ORD00001818,PROD00000196,2,2,13.65,5.46,1.42,24.46
5298,ORD00001818,PROD00001798,3,8,14.65,5.86,1.04,108.88
5299,ORD00001819,PROD00004854,1,5,49.09,19.64,6.1,214.95000000000002
5300,ORD00001820,PROD00003302,1,7,13.3,5.32,,
5301,ORD00001820,PROD00000535,2,8,42.31,16.92,,
5302,ORD00001820,PROD00002348,3,10,31.99,12.8,4.71,272.79999999999995
5303,ORD00001820,PROD00003577,4,7,29.13,11.65,2.64,185.42999999999998
5304,ORD00001820,PROD00003700,5,5,19.73,7.89,0.59,95.7
5305,ORD00001821,PROD00004536,1,3,17.9,7.16,,
5306,ORD00001821,PROD00001222,2,8,48.98,19.59,2.06,375.35999999999996
5307,ORD00001821,PROD00004222,3,9,40.92,16.37,,
5308,ORD00001821,PROD00004319,4,6,20.05,8.02,,
5309,ORD00001821,PROD00004279,5,6,34.83,13.93,1.65,199.07999999999998
5310,ORD00001822,PROD00002204,1,5,37.21,14.88,,
5311,ORD00001822,PROD00001478,2,5,41.92,16.77,,
5312,ORD00001822,PROD00001745,3,8,12.89,5.16,,
5313,ORD00001823,PROD00003301,1,3,21.81,8.72,3.27,55.62
5314,ORD00001824,PROD00003246,1,6,35.84,14.34,2.25,201.54000000000002
5315,ORD00001825,PROD00004552,1,2,34.04,13.62,3.35,61.379999999999995
5316,ORD00001825,PROD00002581,2,6,41.35,16.54,4.41,221.64
5317,ORD00001826,PROD00003266,1,3,44.49,17.8,3.4,123.27000000000001
5318,ORD00001826,PROD00001644,2,7,17.68,7.07,,
5319,ORD00001826,PROD00002821,3,1,20.91,8.36,3.1,17.81
5320,ORD00001827,PROD00002660,1,8,48.36,19.34,1.27,376.71999999999997
5321,ORD00001827,PROD00004499,2,6,35.75,14.3,3.62,192.78000000000003
5322,ORD00001828,PROD00001254,1,1,24.7,9.88,,
5323,ORD00001829,PROD00002898,1,1,10.11,4.04,,
5324,ORD00001829,PROD00000500,2,5,44.7,17.88,1.75,214.75
5325,ORD00001830,PROD00002658,1,4,33.72,13.49,4.03,118.75999999999999
5326,ORD00001830,PROD00002329,2,5,20.86,8.34,1.0,99.3
5327,ORD00001831,PROD00002942,1,7,37.17,14.87,0.5,256.69
5328,ORD00001831,PROD00000729,2,4,30.69,12.28,0.66,120.12
5329,ORD00001831,PROD00002957,3,6,17.4,6.96,1.79,93.66
5330,ORD00001831,PROD00004088,4,10,12.14,4.86,1.52,106.20000000000002
5331,ORD00001831,PROD00002254,5,2,32.53,13.01,,
5332,ORD00001832,PROD00003307,1,1,16.74,6.7,1.38,15.36
5333,ORD00001832,PROD00004835,2,2,49.04,19.62,1.16,95.76
5334,ORD00001833,PROD00000975,1,8,36.7,14.68,1.11,284.72
5335,ORD00001833,PROD00004592,2,9,26.66,10.66,,
5336,ORD00001833,PROD00001651,3,5,35.58,14.23,2.43,165.75
5337,ORD00001834,PROD00001686,1,10,13.93,5.57,0.4,135.29999999999998
5338,ORD00001834,PROD00002385,2,1,48.73,19.49,3.22,45.51
5339,ORD00001835,PROD00004243,1,9,35.03,14.01,,
5340,ORD00001835,PROD00002988,2,8,15.35,6.14,0.94,115.28
5341,ORD00001835,PROD00002412,3,10,34.91,13.96,1.12,337.9
5342,ORD00001835,PROD00004224,4,6,16.49,6.6,2.23,85.55999999999999
5343,ORD00001836,PROD00002816,1,2,12.83,5.13,,
5344,ORD00001836,PROD00002392,2,6,29.62,11.85,,
5345,ORD00001836,PROD00002299,3,7,26.84,10.74,1.46,177.66
5346,ORD00001836,PROD00002882,4,3,43.89,17.56,1.36,127.59
5347,ORD00001836,PROD00003881,5,7,41.7,16.68,,
5348,ORD00001837,PROD00004610,1,4,41.78,16.71,4.49,149.16
5349,ORD00001837,PROD00003796,2,5,48.11,19.24,5.23,214.39999999999998
5350,ORD00001837,PROD00001602,3,8,10.61,4.24,1.06,76.39999999999999
5351,ORD00001837,PROD00004153,4,7,12.99,5.2,1.44,80.85000000000001
5352,ORD00001837,PROD00003217,5,4,15.59,6.24,,
5353,ORD00001838,PROD00001590,1,8,43.03,17.21,,
5354,ORD00001838,PROD00004278,2,7,25.14,10.06,0.49,172.55
5355,ORD00001838,PROD00000143,3,1,45.21,18.08,1.24,43.97
5356,ORD00001838,PROD00004080,4,9,41.59,16.64,,
5357,ORD00001839,PROD00003747,1,7,10.32,4.13,0.56,68.32
5358,ORD00001839,PROD00003812,2,6,11.48,4.59,1.16,61.92
5359,ORD00001839,PROD00004151,3,7,19.67,7.87,1.71,125.72
5360,ORD00001839,PROD00000086,4,4,35.12,14.05,2.73,129.56
5361,ORD00001840,PROD00003018,1,2,24.42,9.77,2.23,44.38
5362,ORD00001841,PROD00002419,1,6,15.29,6.12,0.5,88.74
5363,ORD00001841,PROD00001615,2,6,22.37,8.95,,
5364,ORD00001841,PROD00000317,3,4,12.09,4.84,1.68,41.64
5365,ORD00001841,PROD00000305,4,4,25.24,10.1,1.78,93.83999999999999
5366,ORD00001841,PROD00002557,5,7,23.3,9.32,2.46,145.88
5367,ORD00001842,PROD00003012,1,4,17.11,6.84,1.37,62.959999999999994
5368,ORD00001843,PROD00001555,1,5,37.57,15.03,4.69,164.4
5369,ORD00001843,PROD00004663,2,5,12.47,4.99,0.83,58.2
5370,ORD00001843,PROD00002747,3,5,30.66,12.26,,
5371,ORD00001843,PROD00002459,4,2,23.1,9.24,2.28,41.64
5372,ORD00001844,PROD00004634,1,2,44.41,17.76,,
5373,ORD00001844,PROD00001476,2,10,41.97,16.79,0.01,419.6
5374,ORD00001844,PROD00001992,3,10,31.26,12.5,0.82,304.40000000000003
5375,ORD00001845,PROD00003219,1,10,24.02,9.61,1.6,224.2
5376,ORD00001845,PROD00000582,2,6,14.3,5.72,1.0,79.80000000000001
5377,ORD00001846,PROD00003489,1,10,28.45,11.38,3.84,246.1
5378,ORD00001846,PROD00002822,2,5,24.44,9.78,,
5379,ORD00001846,PROD00002508,3,3,36.59,14.64,1.8,104.37000000000002
5380,ORD00001847,PROD00002746,1,5,28.4,11.36,4.07,121.64999999999999
5381,ORD00001848,PROD00004984,1,4,36.1,14.44,,
5382,ORD00001849,PROD00003799,1,9,41.16,16.46,0.93,362.07
5383,ORD00001849,PROD00001837,2,5,15.55,6.22,0.02,77.65
5384,ORD00001849,PROD00002726,3,5,30.47,12.19,2.16,141.54999999999998
5385,ORD00001849,PROD00000980,4,8,43.53,17.41,2.68,326.8
5386,ORD00001850,PROD00001950,1,5,41.97,16.79,,
5387,ORD00001851,PROD00001434,1,7,45.73,18.29,,
5388,ORD00001851,PROD00003037,2,8,44.64,17.86,,
5389,ORD00001851,PROD00000967,3,7,29.85,11.94,2.63,190.54000000000002
5390,ORD00001851,PROD00003795,4,1,31.19,12.48,1.98,29.21
5391,ORD00001851,PROD00003303,5,3,45.59,18.24,5.43,120.48000000000002
5392,ORD00001852,PROD00002654,1,8,22.96,9.18,,
5393,ORD00001853,PROD00003006,1,3,12.2,4.88,0.87,33.99
5394,ORD00001853,PROD00004426,2,6,36.4,14.56,0.53,215.21999999999997
5395,ORD00001853,PROD00003533,3,4,43.03,17.21,3.42,158.44
5396,ORD00001853,PROD00003688,4,2,40.75,16.3,4.45,72.6
5397,ORD00001853,PROD00001386,5,2,23.8,9.52,,
5398,ORD00001854,PROD00002878,1,7,27.22,10.89,0.42,187.59999999999997
5399,ORD00001854,PROD00004146,2,9,26.6,10.64,,
5400,ORD00001855,PROD00001863,1,1,36.12,14.45,,
5401,ORD00001855,PROD00004602,2,8,39.13,15.65,3.91,281.76
5402,ORD00001855,PROD00001862,3,8,13.66,5.46,0.51,105.2
5403,ORD00001855,PROD00001689,4,3,47.7,19.08,4.52,129.54000000000002
5404,ORD00001856,PROD00001950,1,6,18.66,7.46,0.81,107.10000000000001
5405,ORD00001856,PROD00001913,2,2,19.37,7.75,0.32,38.1
5406,ORD00001856,PROD00001975,3,5,35.11,14.04,0.87,171.20000000000002
5407,ORD00001857,PROD00003138,1,6,30.24,12.1,3.87,158.21999999999997
5408,ORD00001858,PROD00004530,1,3,32.14,12.86,,
5409,ORD00001858,PROD00004286,2,7,22.04,8.82,3.25,131.53
5410,ORD00001858,PROD00003899,3,8,20.55,8.22,1.01,156.32
5411,ORD00001858,PROD00000393,4,1,12.25,4.9,0.65,11.6
5412,ORD00001858,PROD00002645,5,1,10.38,4.15,0.19,10.190000000000001
5413,ORD00001859,PROD00004060,1,3,48.3,19.32,2.81,136.46999999999997
5414,ORD00001859,PROD00001396,2,4,45.49,18.2,0.6,179.56
5415,ORD00001859,PROD00000818,3,3,24.5,9.8,3.67,62.489999999999995
5416,ORD00001859,PROD00003790,4,10,35.62,14.25,,
5417,ORD00001860,PROD00002083,1,7,25.65,10.26,3.17,157.35999999999999
5418,ORD00001860,PROD00001994,2,1,12.1,4.84,0.11,11.99
5419,ORD00001861,PROD00003123,1,8,27.21,10.88,,
