order_key,order_id,customer_id,order_timestamp,order_status,order_channel,store_id,subtotal,discount_amount,shipping_cost,tax_amount,total_amount,payment_method,shipping_method,shipping_address_line1,shipping_address_line2,shipping_city,shipping_postal_code,shipping_country,promo_code,discount_percent,first_purchase_flag,gift_order_flag
1,ORD00000001,CUST00012812,2024-11-16 09:43:31,Completed,Online,,27.03,0.0,3.24,2.16,32.43000000000001,PayPal,Standard,,,,,,,0,0,0
2,ORD00000002,CUST00043987,2021-12-22 01:48:13,Completed,Online,,52.37,0.0,0.0,4.19,56.559999999999995,Credit Card,Standard,,,,,,PARTNERSHIP,0,0,0
3,ORD00000003,CUST00013402,2024-12-04 22:06:44,Completed,Online,,149.06,0.0,7.89,11.92,168.86999999999998,Debit Card,Express,,,,,,,0,0,0
4,ORD00000004,CUST00030876,2024-10-12 13:54:50,Completed,Online,,197.65,0.0,10.46,15.81,223.92000000000002,PayPal,Express,,,,,,,0,0,0
5,ORD00000005,CUST00049565,2022-09-09 11:38:25,Completed,Online,,46.45,0.0,0.0,3.72,50.17,PayPal,Standard,,,,,,BOOKFLUENCERSHIP,0,0,0
6,ORD00000006,CUST00031681,2023-03-27 17:37:46,Completed,Online,,56.01,0.0,13.85,4.48,74.34,PayPal,Standard,,,,,,,0,0,0
7,ORD00000007,CUST00024871,2023-09-22 08:09:52,Completed,Online,,164.0,0.0,10.21,13.12,187.33,PayPal,Standard,,,,,,,0,0,0
8,ORD00000008,CUST00042604,2023-06-16 22:19:33,Completed,Online,,34.74,0.0,2.78,2.78,40.300000000000004,Debit Card,Standard,,,,,,,0,0,0
9,ORD00000009,CUST00045994,2024-01-23 20:04:13,Completed,Online  ,,190.16,0.0,5.67,15.21,211.04,Credit Card,Express,,,,,,,0,0,0
10,ORD00000010,CUST00033533,2024-03-16 15:10:22,Completed,Online,,44.93,0.0,11.78,3.59,60.3,Credit Card  ,Express,,,,,,,0,0,0
11,ORD00000011,CUST00034629,2021-12-20 02:46:35,Completed,Online,,110.25,0.0,0.0,8.82,119.07,PayPal,Standard,,,,,,BOOKFLUENCERSHIP,0,0,0
12,ORD00000012,CUST00041111,2023-11-02 19:42:46,Completed,Online,,35.03,0.0,6.1,2.8,43.93,Debit Card,EXPRESS,,,,,,,0,0,0
13,ORD00000013,CUST00018629,2024-01-19 22:35:35,Completed,Online,,94.03,0.0,14.33,7.52,115.88,Credit Card,Express,,,,,,,0,0,0
14,ORD00000014,CUST00042067,2024-11-18 15:00:12,  Completed,Online,,150.99,22.65,2.09,10.27,140.70000000000002,PayPal,Express,,,,,,bookfluencer15,15,0,0
15,ORD00000015,CUST00007387,2023-11-28 11:56:42,Completed,Online  ,,120.58,18.09,1.01,8.2,111.7,Debit Card,Express,,,,,,BOOKFLUENCER15,15,0,0
16,ORD00000016,CUST00018995,2024-02-28 16:58:56,Completed,Online,,152.24,0.0,0.0,12.18,164.42000000000002,PayPal,Standard,,,,,,HOLIDAYSHIP,0,0,0
17,ORD00000017,CUST00036334,2021-11-09 15:04:37,COMPLETED,Online,,37.75,5.66,0.22,2.57,34.88,Credit Card,Express,,,,,,BOOKFLUENCER15,15,0,0
18,ORD00000018,CUST00024490,2024-04-07 21:48:16,Completed,Online,,119.37,0.0,13.4,9.55,142.32000000000002,Credit Card,Express,,,,,,,0,0,0
19,ORD00000019,CUST00037760,2024-06-25 10:33:01,Completed,Online,,117.19,0.0,8.79,9.38,135.35999999999999,Credit Card,Express,,,,,,,0,0,0
20,ORD00000020,CUST00039393,2023-03-14 14:18:47,Completed,ONLINE,,158.87,0.0,1.98,12.71,173.56,Debit Card,Express,,,,,,,0,0,1
21,ORD00000021,CUST00000015,2024-09-03 09:23:49,Completed,Online,,32.9,0.0,6.67,2.63,42.2,  PayPal,Express,,,,,,,0,0,0
22,ORD00000022,CUST00048270,2022-07-16 03:35:50,Completed,online,,163.46,0.0,13.28,13.08,189.82000000000002,Debit Card,  Standard,,,,,,,0,0,0
23,ORD00000023,CUST00012740,2024-04-09 16:55:01,COMPLETED,Online  ,,88.76,0.0,11.47,7.1,107.33,credit card,Express,,,,,,,0,0,0
24,ORD00000024,CUST00047457,2024-04-13 03:47:05,  Completed,Online,,113.23,0.0,12.23,9.06,134.52,PayPal,Express,,,,,,,0,0,0
25,ORD00000025,CUST00047072,2023-07-27 13:58:12,Completed,Online,,42.31,0.0,4.29,3.38,49.980000000000004,DEBIT CARD,Standard,,,,,,,0,0,1
26,ORD00000026,CUST00020536,2023-07-05 02:40:48,Completed,Online,,33.3,0.0,4.94,2.66,40.89999999999999,PayPal,Express,,,,,,,0,0,0
27,ORD00000027,CUST00015497,2024-11-02 01:20:43,Completed,Online,,137.91,0.0,6.14,11.03,155.07999999999998,PayPal,Standard,,,,,,,0,0,0
28,ORD00000028,CUST00015522,2024-06-20 23:47:06,Completed,ONLINE,,37.74,0.0,13.68,3.02,54.440000000000005,Debit Card,Standard,,,,,,,0,0,0
29,ORD00000029,CUST00022098,2024-09-08 09:04:38,Completed,Online,,94.76,0.0,10.62,7.58,112.96000000000001,Credit Card,standard,,,,,,,0,0,0
30,ORD00000030,CUST00009667,2024-01-23 17:36:47,Completed,Online,,46.82,0.0,6.56,3.75,57.13,Debit Card,Standard,,,,,,,0,0,0
31,ORD00000031,CUST00002441,2022-02-28 13:41:41,Completed,Online,,193.68,0.0,9.87,15.49,219.04000000000002,PayPal,Standard,,,,,,,0,0,0
32,ORD00000032,CUST00036078,2024-07-21 17:48:33,Completed,Online,,61.24,0.0,9.06,4.9,75.2,Debit Card,Standard,,,,,,,0,0,0
33,ORD00000033,CUST00031447,2023-06-15 04:09:39,Completed,Online,,79.41,0.0,2.08,6.35,87.83999999999999,Debit Card,Express,,,,,,,0,0,0
34,ORD00000034,CUST00043791,2023-03-30 05:27:46,Completed,Online,,76.21,0.0,0.96,6.1,83.26999999999998,  PayPal,Express,,,,,,,0,0,0
35,ORD00000035,CUST00026254,2024-05-27 11:15:53,Completed,Online,,20.33,0.0,11.7,1.63,33.660000000000004,PayPal,Standard,,,,,,,0,0,1
36,ORD00000036,CUST00000496,2024-03-16 06:07:57,  Completed,Online  ,,159.87,0.0,8.41,12.79,181.07,Credit Card,Express,,,,,,,0,0,0
37,ORD00000037,CUST00039196,2024-09-28 20:44:18,Completed,Online,,107.5,0.0,14.39,8.6,130.49,Debit Card  ,Express,,,,,,,0,0,0
38,ORD00000038,CUST00041899,2023-09-05 22:16:02,Completed,Online,,124.67,0.0,14.47,9.97,149.11,PayPal,Standard,,,,,,,0,0,0
39,ORD00000039,CUST00030932,2023-03-23 14:09:58,Completed,Online,,43.36,0.0,9.44,3.47,56.269999999999996,Credit Card,Express,,,,,,,0,0,0
40,ORD00000040,CUST00020813,2024-12-20 10:14:16,COMPLETED,online,,129.69,0.0,14.33,10.38,154.4,Credit Card,Express,,,,,,,0,0,0
41,ORD00000041,CUST00021633,2024-04-06 14:16:02,Completed,Online,,115.27,0.0,6.89,9.22,131.38,Debit Card,Standard,,,,,,,0,0,0
42,ORD00000042,CUST00027884,2024-08-10 21:59:01,Completed  ,Online,,145.69,0.0,1.5,11.66,158.85,PayPal,Express,,,,,,,0,0,0
43,ORD00000043,CUST00026738,2021-07-03 20:21:21,completed,Online,,146.47,0.0,13.19,11.72,171.38,PayPal,Standard,,,,,,,0,0,0
44,ORD00000044,CUST00033806,2024-07-31 14:36:46,Completed,Online,,72.87,0.0,3.9,5.83,82.60000000000001,credit card,  Express,,,,,,,0,0,0
45,ORD00000045,CUST00034171,2023-11-11 22:12:09,Completed,Online,,90.74,0.0,10.76,7.26,108.76,CREDIT CARD,Express,,,,,,,0,0,0
46,ORD00000046,CUST00022812,2024-06-19 13:12:19,Completed,Online,,155.92,0.0,11.68,12.47,180.07,Credit Card,Standard,,,,,,,0,0,0
47,ORD00000047,CUST00047065,2024-12-04 09:59:53,Completed,Online,,85.62,0.0,6.8,6.85,99.27,Credit Card,Express,,,,,,,0,0,0
48,ORD00000048,CUST00019367,2024-04-06 17:03:39,Completed,Online,,133.34,0.0,10.69,10.67,154.7,Credit Card,Express,,,,,,,0,0,0
49,ORD00000049,CUST00025545,2024-09-20 17:27:50,Completed,online,,173.1,0.0,9.93,13.85,196.88,Debit Card,EXPRESS,,,,,,,0,0,0
50,ORD00000050,CUST00001302,2024-03-25 20:47:40,Completed,Online,,113.78,0.0,3.07,9.1,125.94999999999999,Credit Card,Standard,,,,,,,0,0,0
51,ORD00000051,CUST00011848,2024-02-11 07:25:04,Completed,Online,,139.94,0.0,9.97,11.2,161.10999999999999,Credit Card,Standard,,,,,,,0,0,0
52,ORD00000052,CUST00042219,2024-05-20 11:27:28,Completed,Online,,43.16,0.0,5.92,3.45,52.53,Debit Card,Express,,,,,,,0,0,0
53,ORD00000053,CUST00043261,2023-07-29 03:51:32,Completed,Online,,158.42,15.84,10.06,11.41,164.04999999999998,Debit Card,express,,,,,,SAVE10,10,0,0
54,ORD00000054,CUST00049865,2024-12-12 09:28:39,Completed,Online,,160.72,0.0,1.49,12.86,175.07,PayPal,Standard,,,,,,,0,0,0
55,ORD00000055,CUST00027754,2023-01-03 00:24:59,Completed,Online,,87.16,0.0,7.15,6.97,101.28,Debit Card,Express,,,,,,,0,0,0
56,ORD00000056,CUST00038559,2024-06-25 11:12:23,Completed  ,Online,,191.52,0.0,10.22,15.32,217.06,PayPal,Express,,,,,,,0,0,0
57,ORD00000057,CUST00020519,2024-09-30 05:08:06,completed,Online,,82.69,0.0,13.68,6.62,102.99000000000001,Debit Card,Express,,,,,,,0,0,0
58,ORD00000058,CUST00014618,2024-12-26 03:12:59,Completed,Online,,49.04,0.0,7.18,3.92,60.14,Debit Card  ,Express,,,,,,,0,0,0
59,ORD00000059,CUST00033793,2023-12-06 16:11:58,Completed,Online,,151.65,0.0,6.0,12.13,169.78,Credit Card,Express,,,,,,,0,0,0
60,ORD00000060,CUST00029483,2022-11-18 19:39:46,Completed,Online,,152.33,0.0,3.28,12.19,167.8,Credit Card,Standard,,,,,,,0,0,0
61,ORD00000061,CUST00031470,2024-08-07 01:16:42,Completed,Online,,53.46,0.0,2.17,4.28,59.910000000000004,  Credit Card,Standard,,,,,,,0,0,1
62,ORD00000062,CUST00039809,2023-11-28 10:17:46,Completed,Online,,94.14,0.0,13.88,7.53,115.55,PayPal  ,Express,,,,,,,0,0,0
63,ORD00000063,CUST00034835,2024-04-19 15:01:19,Completed,Online,,184.14,0.0,12.27,14.73,211.14,PayPal,Express,,,,,,,0,0,0
64,ORD00000064,CUST00019370,2023-07-25 03:23:57,Completed,Online,,66.44,0.0,8.22,5.32,79.97999999999999,PayPal,Standard,,,,,,,0,0,0
65,ORD00000065,CUST00046087,2024-11-18 07:26:23,Completed,  Online,,78.91,0.0,5.56,6.31,90.78,Credit Card,Standard,,,,,,,0,0,1
66,ORD00000066,CUST00014524,2022-03-08 15:17:59,Completed,Online,,165.55,0.0,0.0,13.24,178.79000000000002,Credit Card,Standard,,,,,,BOOKFLUENCERSHIP  ,0,0,0
67,ORD00000067,CUST00013588,2023-03-23 06:27:35,Completed,Online,,132.17,0.0,0.26,10.57,142.99999999999997,PAYPAL,  EXPRESS,,,,,,,0,0,0
68,ORD00000068,CUST00045697,2023-04-30 10:49:56,Completed,Online,,106.07,0.0,0.89,8.49,115.44999999999999,Debit Card,Express,,,,,,,0,0,0
69,ORD00000069,CUST00023578,2024-08-26 11:01:40,Completed,Online,,24.66,0.0,5.71,1.97,32.34,Debit Card  ,Standard,,,,,,,0,0,0
70,ORD00000070,CUST00030910,2023-09-24 17:34:14,Completed,Online,,89.68,0.0,14.74,7.17,111.59,PayPal,Express,,,,,,,0,0,0
71,ORD00000071,CUST00024714,2024-10-17 23:58:20,Completed,Online,,23.02,0.0,1.57,1.84,26.43,Debit Card,Standard,,,,,,,0,0,0
72,ORD00000072,CUST00001852,2021-12-04 00:12:48,Completed,Online,,99.62,0.0,4.08,7.97,111.67,PayPal,Standard,,,,,,,0,0,0
73,ORD00000073,CUST00013946,2024-05-15 10:05:04,Completed,Online,,109.09,0.0,4.53,8.73,122.35000000000001,PayPal,Standard,,,,,,,0,0,0
74,ORD00000074,CUST00009188,2024-11-25 15:54:01,Completed,Online,,198.12,29.72,6.04,13.47,187.91,Debit Card,Express,,,,,,BOOKFLUENCER15  ,15,0,0
75,ORD00000075,CUST00034574,2024-12-29 12:45:38,Completed,Online,,153.16,22.97,12.69,10.42,153.29999999999998,debit card,Standard,,,,,,BOOKFLUENCER15,15,0,0
76,ORD00000076,CUST00021040,2025-01-12 16:34:58,Completed,Online,,193.44,0.0,1.04,15.48,209.95999999999998,Debit Card,Standard,,,,,,PARTNER20,0,0,0
77,ORD00000077,CUST00008941,2024-07-05 03:28:16,Completed,Online,,125.84,12.58,12.99,9.06,135.31,CREDIT CARD,Express,,,,,,SAVE10,10,0,0
78,ORD00000078,CUST00035719,2022-12-27 10:51:04,Completed,Online,,76.95,0.0,3.5,6.16,86.61,Credit Card,Standard,,,,,,,0,0,0
79,ORD00000079,CUST00038054,2024-04-15 17:45:35,Completed,  Online,,98.28,0.0,14.36,7.86,120.5,PayPal,Standard,,,,,,,0,0,0
80,ORD00000080,CUST00031729,2022-03-19 04:31:50,Completed,Online,,157.05,0.0,12.06,12.56,181.67000000000002,Credit Card,  EXPRESS,,,,,,,0,0,0
81,ORD00000081,CUST00029410,2022-08-03 14:54:20,Completed,Online,,130.29,0.0,12.8,10.42,153.51,Debit Card,Express,,,,,,,0,0,0
82,ORD00000082,CUST00020025,2023-03-17 19:13:47,  Completed,Online,,145.5,14.55,1.39,10.48,142.81999999999996,Debit Card,Express,,,,,,NEWYEAR10,10,0,0
83,ORD00000083,CUST00044627,2024-03-22 08:11:30,Completed,Online,,140.81,0.0,9.78,11.26,161.85,Debit Card  ,Express,,,,,,,0,0,0
84,ORD00000084,CUST00039404,2022-07-02 15:12:08,Completed,Online,,108.23,0.0,3.3,8.66,120.19,  Debit Card,Standard,,,,,,,0,0,0
85,ORD00000085,CUST00023063,2023-12-05 05:26:03,Completed,Online,,112.72,0.0,11.05,9.02,132.79,PayPal,Express,,,,,,,0,0,0
86,ORD00000086,CUST00026919,2022-11-01 13:24:18,Completed,Online,,185.9,0.0,0.0,14.87,200.77,Credit Card,Standard,,,,,,BOOKFLUENCERSHIP,0,0,0
87,ORD00000087,CUST00029578,2023-08-08 20:25:07,Completed,Online,,36.15,0.0,3.56,2.89,42.6,CREDIT CARD,Express,,,,,,,0,0,0
88,ORD00000088,CUST00021574,2024-09-04 17:14:57,Completed,Online,,158.99,0.0,11.73,12.72,183.44,PayPal,Express,,,,,,,0,0,0
89,ORD00000089,CUST00038032,2022-04-06 18:42:08,Completed,Online,,107.57,0.0,1.89,8.61,118.07,Debit Card,Standard,,,,,,,0,0,0
90,ORD00000090,CUST00036289,2022-11-04 07:20:34,Completed,Online,,29.17,0.0,0.0,2.33,31.5,Credit Card,Express,,,,,,  BOOKFLUENCERSHIP,0,0,0
91,ORD00000091,CUST00011021,2024-06-29 06:13:14,Completed,Online  ,,107.87,0.0,12.9,8.63,129.4,Credit Card,  Standard,,,,,,,0,0,0
92,ORD00000092,CUST00025036,2024-09-13 13:56:35,Completed,Online,,66.52,0.0,1.35,5.32,73.19,Credit Card,  express,,,,,,,0,0,0
93,ORD00000093,CUST00001626,2024-04-27 22:45:14,Completed,Online,,107.08,0.0,7.46,8.57,123.10999999999999,Credit Card,Express,,,,,,,0,0,0
94,ORD00000094,CUST00031777,2024-03-05 02:02:13,Completed,Online,,112.87,0.0,14.32,9.03,136.22,Credit Card,Express,,,,,,,0,0,0
95,ORD00000095,CUST00021682,2024-02-11 22:33:18,Completed,Online,,96.38,0.0,13.87,7.71,117.96,debit card,Express,,,,,,,0,0,0
96,ORD00000096,CUST00009182,2024-08-04 20:03:36,Completed,Online,,146.96,0.0,0.0,11.76,158.72,Debit Card,Express,,,,,,PARTNERSHIP,0,0,0
97,ORD00000097,CUST00005786,2023-05-19 15:34:10,Completed,Online,,118.13,0.0,1.01,9.45,128.59,Debit Card,Express,,,,,,,0,0,0
98,ORD00000098,CUST00038500,2023-02-06 20:06:55,Completed,Online,,103.61,0.0,3.49,8.29,115.38999999999999,Credit Card,Standard,,,,,,,0,0,0
99,ORD00000099,CUST00003012,2023-11-22 11:07:39,  completed,Online,,168.77,0.0,12.13,13.5,194.4,Credit Card,Standard,,,,,,,0,0,0
100,ORD00000100,CUST00029341,2025-01-12 17:43:59,Completed,Online,,145.79,0.0,12.66,11.66,170.10999999999999,Debit Card,Express,,,,,,,0,0,0
101,ORD00000101,CUST00010410,2023-10-10 19:47:52,Completed,Online,,101.53,0.0,1.19,8.12,110.84,Debit Card,Standard,,,,,,,0,0,0
102,ORD00000102,CUST00022115,2024-05-22 14:07:19,Completed,Online,,168.89,0.0,10.63,13.51,193.02999999999997,PayPal,Express,,,,,,,0,0,0
103,ORD00000103,CUST00004657,2024-02-18 08:12:48,Completed,Online,,179.39,0.0,14.42,14.35,208.15999999999997,Credit Card,Express,,,,,,,0,0,0
104,ORD00000104,CUST00003755,2024-01-23 21:41:04,Completed,Online,,111.01,0.0,13.41,8.88,133.3,Credit Card,Express,,,,,,,0,0,0
105,ORD00000105,CUST00047292,2024-04-08 17:48:37,Completed,Online,,95.77,0.0,14.62,7.66,118.05,Paypal,Express,,,,,,,0,0,0
106,ORD00000106,CUST00027596,2023-08-24 12:33:48,  Completed,Online,,179.33,0.0,11.63,14.35,205.31,PayPal,Express,,,,,,,0,0,1
107,ORD00000107,CUST00021992,2024-04-17 21:05:53,Completed,Online,,199.77,0.0,9.33,15.98,225.08,Debit Card  ,Express,,,,,,,0,0,0
108,ORD00000108,CUST00045631,2024-05-06 17:57:12,Completed,Online,,194.72,0.0,0.13,15.58,210.43,PayPal,Standard  ,,,,,,,0,0,0
109,ORD00000109,CUST00047353,2024-05-05 07:59:02,  Completed,Online,,69.43,0.0,12.55,5.55,87.53,PayPal,Express  ,,,,,,,0,0,0
110,ORD00000110,CUST00039323,2024-11-27 16:23:03,Completed,Online  ,,119.57,0.0,0.52,9.57,129.66,PayPal,Express,,,,,,,0,0,0
111,ORD00000111,CUST00022785,2022-04-24 00:23:23,  Completed,Online,,64.02,0.0,3.09,5.12,72.23,PayPal,Express,,,,,,,0,0,0
112,ORD00000112,CUST00038706,2022-12-12 20:46:13,Completed,Online,,50.15,0.0,5.39,4.01,59.55,Credit Card,Standard,,,,,,,0,0,0
113,ORD00000113,CUST00029648,2024-06-18 14:52:09,Completed,Online,,196.05,0.0,10.49,15.68,222.22000000000003,PayPal,Standard,,,,,,,0,0,0
114,ORD00000114,CUST00005038,2025-01-08 23:54:19,COMPLETED,Online,,93.15,0.0,0.76,7.45,101.36000000000001,PayPal,Standard,,,,,,,0,0,0
115,ORD00000115,CUST00034896,2024-06-01 00:23:31,  completed,Online,,47.89,7.18,8.81,3.26,52.78,Debit Card,Express,,,,,,PARTNER15,15,0,0
116,ORD00000116,CUST00011912,2024-04-15 01:30:50,Completed  ,Online,,106.3,0.0,11.96,8.5,126.75999999999999,PayPal,Standard,,,,,,,0,0,0
117,ORD00000117,CUST00042844,2024-07-15 03:45:29,Completed,Online,,170.46,0.0,5.19,13.64,189.29000000000002,PayPal,Standard,,,,,,,0,0,0
118,ORD00000118,CUST00001815,2024-04-01 04:22:27,Completed,Online,,168.69,0.0,0.0,13.5,182.19,PayPal  ,Standard,,,,,,HOLIDAYSHIP  ,0,0,0
119,ORD00000119,CUST00032721,2022-12-31 03:57:41,Completed  ,Online,,41.16,0.0,13.24,3.29,57.69,PayPal,Express,,,,,,,0,0,1
120,ORD00000120,CUST00011779,2025-01-13 03:35:13,Completed,Online,,173.43,0.0,7.57,13.87,194.87,CREDIT CARD,Express,,,,,,,0,0,0
121,ORD00000121,CUST00008194,2022-08-26 19:09:04,Completed,online,,83.82,0.0,0.0,6.71,90.52999999999999,Credit Card,Standard  ,,,,,,BOOKFLUENCERSHIP,0,0,0
122,ORD00000122,CUST00031476,2024-05-08 15:11:19,Completed,Online,,171.81,0.0,7.85,13.74,193.4,PayPal,Express  ,,,,,,,0,0,0
123,ORD00000123,CUST00036366,2024-12-08 04:18:34,Completed,Online,,110.09,0.0,3.49,8.81,122.39,Credit Card,Express  ,,,,,,,0,0,0
124,ORD00000124,CUST00026632,2022-09-13 00:19:47,Completed,ONLINE,,34.51,0.0,4.48,2.76,41.74999999999999,PayPal,express,,,,,,,0,0,0
125,ORD00000125,CUST00029485,2024-09-27 11:30:10,COMPLETED,Online,,174.45,0.0,13.65,13.96,202.06,Debit Card,Express,,,,,,,0,0,0
126,ORD00000126,CUST00021411,2024-04-30 19:50:18,Completed,Online,,182.18,0.0,7.74,14.57,204.49,Debit Card,STANDARD,,,,,,,0,0,0
127,ORD00000127,CUST00013063,2022-02-23 05:33:23,Completed,Online,,191.39,0.0,0.0,15.31,206.7,PayPal,express,,,,,,BOOKFLUENCERSHIP,0,0,1
128,ORD00000128,CUST00006056,2023-12-18 08:40:53,Completed,Online,,38.8,0.0,8.8,3.1,50.699999999999996,PayPal,Standard,,,,,,,0,0,0
129,ORD00000129,CUST00033786,2024-10-14 22:18:04,Completed,Online,,73.46,0.0,7.02,5.88,86.35999999999999,Debit Card,Standard,,,,,,,0,0,0
130,ORD00000130,CUST00037190,2024-09-11 20:43:42,Completed,Online,,25.17,0.0,10.59,2.01,37.77,PayPal,Standard,,,,,,,0,0,0
131,ORD00000131,CUST00045380,2024-05-25 08:05:00,Completed  ,Online,,119.09,0.0,6.89,9.53,135.51,PayPal,Standard,,,,,,,0,0,0
132,ORD00000132,CUST00034610,2023-03-11 22:06:44,completed,Online,,149.7,0.0,0.41,11.98,162.08999999999997,Debit Card,STANDARD,,,,,,,0,0,0
133,ORD00000133,CUST00004427,2023-04-18 21:43:07,Completed,Online,,43.78,0.0,1.41,3.5,48.69,Credit Card,Express,,,,,,,0,0,0
134,ORD00000134,CUST00048198,2024-03-11 14:45:02,Completed,Online,,47.61,0.0,5.41,3.81,56.83,Credit Card,standard,,,,,,,0,0,0
135,ORD00000135,CUST00043748,2023-07-26 21:23:08,Completed,Online,,22.7,0.0,4.5,1.82,29.02,Credit Card,Standard,,,,,,,0,0,0
136,ORD00000136,CUST00035427,2024-04-17 16:38:57,Completed,Online,,169.97,0.0,13.61,13.6,197.17999999999998,Credit Card,Express,,,,,,,0,0,0
137,ORD00000137,CUST00032446,2024-11-11 17:45:15,Completed,Online,,92.56,0.0,0.0,7.4,99.96000000000001,Debit Card,Express,,,,,,SCHOOLSHIP,0,0,0
138,ORD00000138,CUST00005754,2022-03-23 10:06:29,Completed,ONLINE,,93.62,0.0,13.61,7.49,114.72,Paypal,Express,,,,,,,0,0,0
139,ORD00000139,CUST00036315,2023-08-17 11:30:22,Completed,ONLINE,,28.25,0.0,7.79,2.26,38.3,Credit Card,Express,,,,,,,0,0,0
140,ORD00000140,CUST00031823,2024-09-12 00:26:12,Completed,Online,,132.14,0.0,0.47,10.57,143.17999999999998,Credit Card,Standard,,,,,,,0,0,0
141,ORD00000141,CUST00026595,2024-07-11 01:31:51,Completed,Online,,60.13,0.0,8.24,4.81,73.18,PayPal,  Express,,,,,,,0,0,0
142,ORD00000142,CUST00047965,2023-12-15 17:33:39,Completed,Online,,145.1,0.0,7.74,11.61,164.45,PayPal,Standard,,,,,,,0,0,0
143,ORD00000143,CUST00028775,2023-10-31 17:46:01,COMPLETED,Online,,182.74,27.41,3.68,12.43,171.44000000000003,Credit Card,express,,,,,,SAVE15,15,0,0
144,ORD00000144,CUST00033511,2024-01-23 16:03:20,Completed,Online,,74.68,7.47,1.88,5.38,74.47,Credit Card,Standard  ,,,,,,GIFT10,10,0,1
145,ORD00000145,CUST00016180,2024-10-15 14:14:10,Completed,Online,,118.2,0.0,3.05,9.46,130.71,Credit Card,Express,,,,,,,0,0,0
146,ORD00000146,CUST00004219,2024-05-04 08:36:25,Completed,Online,,141.23,0.0,0.87,11.3,153.4,PayPal,Express,,,,,,,0,0,0
147,ORD00000147,CUST00023836,2023-02-28 06:16:47,Completed,Online,,171.01,17.1,2.73,12.31,168.95,Debit Card,Express,,,,,,NEWYEAR10,10,0,0
148,ORD00000148,CUST00003156,2023-07-09 13:40:15,Completed,Online,,58.58,0.0,0.0,4.69,63.269999999999996,paypal,Express,,,,,,BOOKFLUENCERSHIP,0,0,0
149,ORD00000149,CUST00009423,2024-05-04 18:29:57,COMPLETED,  Online,,69.08,0.0,10.34,5.53,84.95,Debit Card,Standard,,,,,,,0,0,0
150,ORD00000150,CUST00028708,2022-10-16 22:36:41,Completed,Online,,55.15,0.0,3.93,4.41,63.489999999999995,Debit Card,Standard,,,,,,,0,0,0
151,ORD00000151,CUST00018018,2024-12-08 05:19:37,COMPLETED,  Online,,186.76,0.0,12.02,14.94,213.72,Credit Card,Express,,,,,,,0,0,0
152,ORD00000152,CUST00034196,2024-05-27 04:08:17,  Completed,Online,,168.24,25.24,6.5,11.44,160.94,PayPal,Standard,,,,,,PARTNER15,15,0,0
153,ORD00000153,CUST00029831,2022-07-18 23:34:20,Completed,Online,,194.54,0.0,6.48,15.56,216.57999999999998,Debit Card,Standard,,,,,,,0,0,0
154,ORD00000154,CUST00037988,2024-11-29 16:53:25,Completed,Online,,174.38,26.16,14.79,11.86,174.87,PayPal,Standard,,,,,,PARTNER15,15,0,0
155,ORD00000155,CUST00032131,2024-10-11 21:29:45,Completed,ONLINE,,85.68,0.0,13.88,6.85,106.41,Credit Card,Standard,,,,,,BOOKFLUENCER20,0,0,0
156,ORD00000156,CUST00018300,2021-11-28 09:14:01,Completed  ,Online,,37.5,0.0,11.74,3.0,52.24,Credit Card,Express,,,,,,,0,0,0
157,ORD00000157,CUST00011601,2023-03-20 04:25:58,Completed,Online,,198.11,0.0,9.8,15.85,223.76000000000002,Debit Card,Express,,,,,,,0,0,0
158,ORD00000158,CUST00038419,2022-08-31 20:07:23,  Completed,ONLINE,,22.77,0.0,4.83,1.82,29.42,Debit Card,Express,,,,,,,0,0,0
159,ORD00000159,CUST00034102,2023-12-13 20:11:15,Completed,Online,,79.31,0.0,4.19,6.34,89.84,Credit Card,express,,,,,,,0,0,0
160,ORD00000160,CUST00027471,2022-11-06 17:52:32,Completed,Online,,119.45,0.0,0.0,9.56,129.01,Debit Card,Express,,,,,,PARTNERSHIP,0,0,0
161,ORD00000161,CUST00011944,2022-08-01 03:09:57,Completed,Online  ,,45.73,0.0,1.61,3.66,51.0,PayPal,Express,,,,,,,0,0,0
162,ORD00000162,CUST00018768,2025-01-07 06:26:42,Completed,Online,,90.28,0.0,3.42,7.22,100.92,Paypal,Standard,,,,,,,0,0,0
163,ORD00000163,CUST00005980,2024-12-07 19:59:30,Completed,Online,,112.03,0.0,4.53,8.96,125.52000000000001,Debit Card,Express,,,,,,,0,0,0
164,ORD00000164,CUST00048401,2023-07-26 15:57:00,Completed,Online  ,,73.78,0.0,14.73,5.9,94.41000000000001,PayPal,Standard,,,,,,,0,0,0
165,ORD00000165,CUST00022583,2024-02-07 04:48:38,  Completed,Online,,96.92,0.0,8.69,7.75,113.36,Credit Card,Express,,,,,,,0,0,0
166,ORD00000166,CUST00005906,2024-10-02 11:09:30,Completed,Online,,176.73,0.0,12.99,14.14,203.86,PayPal,EXPRESS,,,,,,,0,0,0
167,ORD00000167,CUST00024703,2024-08-01 17:00:57,Completed  ,Online,,64.43,0.0,12.87,5.15,82.45000000000002,Debit Card,Express,,,,,,,0,0,0
168,ORD00000168,CUST00043097,2021-06-07 15:00:10,Completed,Online,,93.18,0.0,0.0,7.45,100.63000000000001,Credit Card,Express,,,,,,BOOKFLUENCERSHIP  ,0,0,0
169,ORD00000169,CUST00010745,2024-07-14 22:42:44,Completed,Online,,44.57,0.0,14.44,3.57,62.58,Debit Card,Express,,,,,,,0,0,0
170,ORD00000170,CUST00003014,2023-09-29 02:09:23,Completed,Online,,168.49,0.0,4.36,13.48,186.33,PayPal,Express,,,,,,,0,0,0
171,ORD00000171,CUST00046177,2024-06-29 18:18:37,Completed,Online,,126.24,0.0,5.61,10.1,141.95,paypal,Standard,,,,,,,0,0,0
172,ORD00000172,CUST00012748,2022-05-15 07:50:41,Completed,Online,,199.02,0.0,8.34,15.92,223.28,Credit Card,Standard,,,,,,,0,0,0
173,ORD00000173,CUST00013545,2023-08-28 07:08:08,Completed,online,,77.63,0.0,7.45,6.21,91.28999999999999,PayPal,Express,,,,,,,0,0,0
174,ORD00000174,CUST00040806,2023-09-29 06:24:06,Completed,Online,,24.24,0.0,6.31,1.94,32.489999999999995,Debit Card,Express,,,,,,,0,0,0
175,ORD00000175,CUST00009500,2024-03-06 10:36:57,Completed,Online,,145.07,21.76,3.79,9.86,136.95999999999998,Credit Card,Standard,,,,,,HOLIDAY15,15,0,1
176,ORD00000176,CUST00013172,2024-05-10 07:29:37,Completed,Online,,32.39,0.0,4.38,2.59,39.36,Debit Card,Express,,,,,,,0,0,0
177,ORD00000177,CUST00008831,2023-04-27 00:37:01,Completed,Online,,157.28,0.0,10.84,12.58,180.70000000000002,Credit Card,Express,,,,,,,0,0,0
178,ORD00000178,CUST00035933,2024-08-10 06:00:59,Completed,Online,,123.63,0.0,11.01,9.89,144.52999999999997,Credit Card,standard,,,,,,,0,0,0
179,ORD00000179,CUST00047689,2024-12-02 05:35:27,  Completed,Online,,153.67,23.05,8.69,10.45,149.75999999999996,PayPal,Express,,,,,,partner15,15,0,0
180,ORD00000180,CUST00006645,2023-04-13 19:35:17,Completed,Online,,182.71,0.0,11.29,14.62,208.62,PayPal,Express,,,,,,,0,0,0
181,ORD00000181,CUST00021435,2023-08-12 22:01:35,Completed,Online  ,,61.72,0.0,7.57,4.94,74.22999999999999,Credit Card,Standard,,,,,,,0,0,0
182,ORD00000182,CUST00002384,2023-12-14 05:04:51,Completed,Online,,43.43,0.0,11.96,3.47,58.86,Debit Card,Standard,,,,,,,0,0,0
183,ORD00000183,CUST00041913,2024-09-06 16:05:00,completed,Online,,24.08,0.0,0.0,1.93,26.009999999999998,PayPal,Standard,,,,,,PARTNERSHIP,0,0,1
184,ORD00000184,CUST00042410,2024-06-08 20:19:42,Completed,Online  ,,74.55,0.0,7.38,5.96,87.88999999999999,Debit Card,Express,,,,,,,0,0,0
185,ORD00000185,CUST00004561,2024-09-29 15:58:59,Completed,Online,,109.03,0.0,1.88,8.72,119.63,PayPal,Standard,,,,,,,0,0,0
186,ORD00000186,CUST00048678,2024-07-14 02:25:09,Completed,Online,,190.82,0.0,2.46,15.27,208.55,PayPal,Express,,,,,,,0,0,0
187,ORD00000187,CUST00006476,2024-04-04 19:32:31,Completed,Online,,178.18,0.0,13.77,14.25,206.20000000000002,Credit Card,Standard,,,,,,,0,0,0
188,ORD00000188,CUST00034458,2021-12-09 11:41:39,Completed,Online  ,,150.39,0.0,1.26,12.03,163.67999999999998,PayPal,Standard,,,,,,,0,0,0
189,ORD00000189,CUST00008881,2023-03-26 02:06:48,Completed,Online,,133.88,0.0,4.97,10.71,149.56,Credit Card,standard,,,,,,,0,0,0
190,ORD00000190,CUST00046619,2024-07-02 00:19:54,Completed,Online,,57.34,0.0,13.5,4.59,75.43,Credit Card,Express,,,,,,,0,0,0
191,ORD00000191,CUST00047116,2024-08-14 16:57:17,Completed,  Online,,187.94,0.0,9.74,15.04,212.72,CREDIT CARD,Standard  ,,,,,,,0,0,0
192,ORD00000192,CUST00031948,2024-06-24 09:13:28,Completed,Online,,29.57,0.0,11.35,2.37,43.29,Debit Card,Express,,,,,,,0,0,0
193,ORD00000193,CUST00008442,2022-05-14 01:14:36,Completed,Online,,110.17,0.0,6.96,8.81,125.94,Credit Card,Express,,,,,,,0,0,1
194,ORD00000194,CUST00004745,2024-09-11 17:43:15,Completed,Online,,155.38,0.0,10.21,12.43,178.02,Credit Card,Express,,,,,,,0,0,0
195,ORD00000195,CUST00009544,2024-08-28 09:16:33,  Completed,  Online,,124.45,0.0,0.48,9.96,134.89000000000001,PayPal,Standard,,,,,,,0,0,0
196,ORD00000196,CUST00016027,2024-03-14 23:45:57,Completed,Online,,46.11,0.0,14.11,3.69,63.91,PayPal,Standard,,,,,,,0,0,0
197,ORD00000197,CUST00038049,2024-09-03 07:31:20,Completed,Online,,168.18,0.0,1.36,13.45,182.99,PayPal,Express,,,,,,,0,0,0
198,ORD00000198,CUST00006845,2023-05-11 00:07:15,Completed,Online,,195.27,0.0,0.06,15.62,210.95000000000002,Debit Card,Standard,,,,,,,0,0,0
199,ORD00000199,CUST00031997,2021-05-29 17:29:26,Completed,Online,,147.17,0.0,10.82,11.77,169.76,Credit Card,Express,,,,,,,0,0,0
200,ORD00000200,CUST00034786,2024-10-16 09:39:25,Completed,Online,,81.57,0.0,5.2,6.53,93.3,PayPal,Standard,,,,,,,0,0,1
201,ORD00000201,CUST00026657,2023-03-17 19:08:26,Completed,Online,,63.67,0.0,6.78,5.09,75.54,Debit Card,Express,,,,,,,0,0,0
202,ORD00000202,CUST00013717,2023-09-12 03:57:37,Completed,Online,,84.88,0.0,13.33,6.79,105.0,PayPal,Standard,,,,,,,0,0,1
203,ORD00000203,CUST00018603,2024-12-10 01:16:15,Completed,Online,,81.3,0.0,10.8,6.5,98.6,Debit Card,Express,,,,,,,0,0,0
204,ORD00000204,CUST00035089,2024-07-12 05:07:13,Completed,online,,163.07,0.0,10.6,13.05,186.72,Debit Card,Express,,,,,,,0,0,0
205,ORD00000205,CUST00006973,2024-09-06 16:34:28,  Completed,Online,,173.01,0.0,1.42,13.84,188.26999999999998,PAYPAL,Express,,,,,,,0,0,1
206,ORD00000206,CUST00028043,2024-08-27 06:13:58,Completed,Online,,123.4,0.0,6.88,9.87,140.15,Credit Card,Standard,,,,,,,0,0,0
207,ORD00000207,CUST00004640,2024-03-03 14:13:59,Completed,Online,,177.9,0.0,10.23,14.23,202.35999999999999,Debit Card,express,,,,,,,0,0,0
208,ORD00000208,CUST00020758,2024-02-11 00:34:32,Completed,Online,,66.06,0.0,0.0,5.28,71.34,  PayPal,Standard,,,,,,  HOLIDAYSHIP,0,0,1
209,ORD00000209,CUST00004976,2022-06-03 00:39:49,Completed,Online,,105.46,0.0,7.3,8.44,121.19999999999999,Credit Card  ,Standard,,,,,,,0,0,1
210,ORD00000210,CUST00026944,2024-02-12 20:23:42,Completed,Online,,43.14,0.0,0.0,3.45,46.59,Credit Card,Express,,,,,,PARTNERSHIP,0,0,0
211,ORD00000211,CUST00029903,2024-11-21 03:55:54,Completed,Online,,127.01,0.0,6.07,10.16,143.24,CREDIT CARD,Express,,,,,,,0,0,0
212,ORD00000212,CUST00031665,2024-09-16 06:35:00,Completed,Online,,170.27,0.0,4.89,13.62,188.78,Credit Card,Standard  ,,,,,,,0,0,0
213,ORD00000213,CUST00001991,2022-09-23 23:19:01,Completed,Online,,115.35,0.0,2.32,9.23,126.89999999999999,Debit Card,Express,,,,,,,0,0,0
214,ORD00000214,CUST00007818,2024-03-12 16:00:22,Completed,Online,,60.9,0.0,3.82,4.87,69.59,Debit Card,Express,,,,,,,0,0,0
215,ORD00000215,CUST00020139,2022-12-01 19:57:52,Completed,Online,,79.54,0.0,8.76,6.36,94.66000000000001,PayPal,Standard,,,,,,,0,0,0
216,ORD00000216,CUST00001922,2023-03-02 19:23:49,Completed,Online,,73.17,0.0,4.54,5.85,83.56,PayPal,  Standard,,,,,,,0,0,0
217,ORD00000217,CUST00018753,2024-08-31 11:38:13,Completed,Online,,191.45,0.0,3.23,15.32,209.99999999999997,Debit Card,Standard,,,,,,,0,0,0
218,ORD00000218,CUST00002635,2022-05-21 21:14:09,Completed,Online,,91.76,0.0,3.02,7.34,102.12,Credit Card,Express,,,,,,,0,0,0
219,ORD00000219,CUST00003362,2023-01-31 21:48:53,Completed,Online,,114.38,0.0,13.15,9.15,136.68,Debit Card,Standard,,,,,,,0,0,0
220,ORD00000220,CUST00037721,2024-10-24 14:29:14,Completed,Online,,69.33,0.0,11.72,5.55,86.6,Credit Card,Standard  ,,,,,,,0,0,0
221,ORD00000221,CUST00008861,2024-02-06 20:17:59,Completed  ,Online,,65.64,0.0,2.78,5.25,73.67,Credit Card,Standard,,,,,,,0,0,0
222,ORD00000222,CUST00044971,2021-12-25 05:49:00,Completed,Online,,151.3,0.0,0.0,12.1,163.4,Credit Card,Express,,,,,,BOOKFLUENCERSHIP,0,0,0
223,ORD00000223,CUST00030006,2023-05-29 16:29:08,Completed,Online,,104.93,0.0,6.03,8.39,119.35000000000001,PayPal,Express,,,,,,,0,0,0
224,ORD00000224,CUST00019247,2024-01-27 01:24:03,completed,Online,,116.96,0.0,10.43,9.36,136.75,Credit Card,Express,,,,,,,0,0,0
225,ORD00000225,CUST00017671,2024-12-05 00:35:50,Completed,Online,,35.8,0.0,13.12,2.86,51.779999999999994,Debit Card,Standard,,,,,,,0,0,0
226,ORD00000226,CUST00016856,2024-07-13 07:59:55,Completed,  Online,,186.11,0.0,8.25,14.89,209.25,CREDIT CARD,Express,,,,,,,0,0,0
227,ORD00000227,CUST00010870,2024-07-28 02:58:33,  Completed,Online,,100.66,0.0,0.0,8.05,108.71,PayPal,Standard  ,,,,,,PARTNERSHIP,0,0,0
228,ORD00000228,CUST00008131,2024-12-26 07:50:49,Completed,Online,,180.63,0.0,8.23,14.45,203.30999999999997,Debit Card,Express,,,,,,,0,0,0
229,ORD00000229,CUST00009937,2024-06-17 18:52:50,Completed,Online,,184.48,27.67,13.92,12.54,183.26999999999998,paypal,Standard,,,,,,partner15,15,0,0
230,ORD00000230,CUST00040382,2024-03-23 03:54:46,Completed,Online,,104.57,0.0,0.83,8.37,113.77,Debit Card  ,Standard,,,,,,,0,0,1
231,ORD00000231,CUST00034932,2024-09-28 05:51:29,Completed,Online,,161.32,0.0,3.88,12.91,178.10999999999999,Debit Card,Express,,,,,,,0,0,0
232,ORD00000232,CUST00015030,2023-10-27 10:21:39,Completed,Online,,101.79,0.0,4.31,8.14,114.24000000000001,Debit Card,Express,,,,,,,0,0,0
233,ORD00000233,CUST00007163,2022-12-25 11:18:41,  Completed,Online,,87.86,0.0,2.85,7.03,97.74,Credit Card,Express,,,,,,,0,0,0
234,ORD00000234,CUST00036250,2024-11-04 08:27:17,Completed  ,Online,,82.64,0.0,10.76,6.61,100.01,paypal,Express,,,,,,,0,0,1
235,ORD00000235,CUST00009735,2022-12-28 18:33:48,Completed,ONLINE,,73.78,0.0,6.66,5.9,86.34,PayPal,Standard,,,,,,,0,0,0
236,ORD00000236,CUST00023884,2022-06-25 13:02:06,Completed,Online,,78.27,0.0,11.09,6.26,95.62,PayPal,Standard,,,,,,,0,0,1
237,ORD00000237,CUST00000832,2023-12-28 09:38:24,Completed,Online  ,,56.68,8.5,4.02,3.85,56.050000000000004,PayPal,Express  ,,,,,,BOOKFLUENCER15,15,0,0
238,ORD00000238,CUST00027852,2024-01-16 13:02:31,Completed,online,,124.46,0.0,14.38,9.96,148.8,Debit Card,Standard,,,,,,,0,0,0
239,ORD00000239,CUST00035292,2025-01-06 06:05:47,Completed,Online,,80.44,0.0,6.8,6.44,93.67999999999999,PayPal,standard,,,,,,,0,0,0
240,ORD00000240,CUST00026984,2023-11-01 12:03:57,Completed,Online,,162.71,0.0,3.53,13.02,179.26000000000002,PayPal,Express,,,,,,,0,0,0
241,ORD00000241,CUST00020267,2023-08-24 04:35:56,Completed,Online,,191.02,0.0,1.3,15.28,207.60000000000002,Credit Card,Standard,,,,,,,0,0,0
242,ORD00000242,CUST00010964,2024-09-06 23:00:35,Completed,Online,,135.68,0.0,13.26,10.85,159.79,Credit Card,Standard,,,,,,,0,0,1
243,ORD00000243,CUST00045110,2025-01-05 18:38:16,Completed,Online,,160.18,0.0,3.33,12.81,176.32000000000002,  Paypal,Standard,,,,,,,0,0,0
244,ORD00000244,CUST00019694,2022-11-27 14:24:41,Completed  ,Online,,31.45,0.0,0.0,2.52,33.97,PayPal,Standard,,,,,,PARTNERSHIP,0,0,0
245,ORD00000245,CUST00045665,2022-10-03 13:35:02,Completed,Online,,50.29,0.0,0.0,4.02,54.31,Debit Card,Express,,,,,,BOOKFLUENCERSHIP,0,0,0
246,ORD00000246,CUST00032383,2024-04-03 22:27:41,Completed,Online,,65.63,0.0,3.27,5.25,74.14999999999999,PayPal,Express,,,,,,,0,0,0
247,ORD00000247,CUST00027925,2025-01-03 03:54:19,Completed,Online,,141.61,0.0,7.64,11.33,160.58,Credit Card  ,Standard,,,,,,,0,0,0
248,ORD00000248,CUST00000707,2023-09-19 04:22:09,  Completed,Online,,69.92,0.0,10.58,5.59,86.09,PayPal,Standard,,,,,,,0,0,0
249,ORD00000249,CUST00010794,2024-08-24 17:59:38,Completed,Online  ,,183.91,0.0,5.51,14.71,204.13,Credit Card,Express,,,,,,,0,0,0
250,ORD00000250,CUST00024515,2024-10-08 01:32:39,Completed,Online,,187.86,0.0,3.55,15.03,206.44000000000003,Debit Card,Express,,,,,,,0,0,0
251,ORD00000251,CUST00025831,2024-05-05 08:41:05,Completed,Online,,95.66,0.0,8.34,7.65,111.65,Credit Card,Standard,,,,,,,0,0,0
252,ORD00000252,CUST00014310,2024-08-30 04:10:53,Completed,Online,,77.31,0.0,14.69,6.18,98.18,PayPal,Standard,,,,,,,0,0,0
253,ORD00000253,CUST00019130,2024-05-26 19:33:13,COMPLETED,Online,,160.47,0.0,11.79,12.84,185.1,Debit Card,Standard,,,,,,,0,0,0
254,ORD00000254,CUST00045419,2022-08-29 12:30:06,Completed,Online,,29.81,0.0,0.0,2.38,32.19,Debit Card,Standard,,,,,,BOOKFLUENCERSHIP,0,0,0
255,ORD00000255,CUST00013976,2024-12-06 15:53:42,Completed,online,,137.2,0.0,5.07,10.98,153.24999999999997,  DEBIT CARD,Express,,,,,,,0,0,0
256,ORD00000256,CUST00030218,2023-10-02 03:34:56,Completed,Online,,175.36,0.0,9.74,14.03,199.13000000000002,Debit Card,Standard,,,,,,,0,0,0
257,ORD00000257,CUST00009790,2024-08-18 00:35:24,Completed,Online,,122.87,0.0,8.21,9.83,140.91000000000003,Debit Card,Standard,,,,,,,0,0,0
258,ORD00000258,CUST00000502,2024-08-06 00:53:10,Completed,Online,,43.18,0.0,13.81,3.45,60.440000000000005,Debit Card,Express,,,,,,,0,0,0
259,ORD00000259,CUST00046019,2021-08-15 07:18:04,Completed,Online  ,,186.01,0.0,12.9,14.88,213.79,Credit Card  ,Express,,,,,,,0,0,0
260,ORD00000260,CUST00022328,2023-04-08 18:14:31,Completed,Online,,153.94,0.0,10.25,12.32,176.51,  PayPal,Express,,,,,,,0,0,0
261,ORD00000261,CUST00008267,2022-12-25 23:11:05,Completed,Online,,89.24,0.0,6.65,7.14,103.03,Credit Card,Standard,,,,,,,0,0,0
262,ORD00000262,CUST00028749,2024-07-10 20:37:21,Completed,Online,,23.38,0.0,6.96,1.87,32.21,PayPal,Express  ,,,,,,,0,0,0
263,ORD00000263,CUST00031076,2023-02-02 15:10:56,Completed,Online,,29.3,0.0,2.06,2.34,33.7,Debit Card,Standard,,,,,,,0,0,0
264,ORD00000264,CUST00013247,2021-11-22 11:59:27,Completed,Online,,72.78,0.0,2.31,5.82,80.91,Credit Card,Express,,,,,,,0,0,0
265,ORD00000265,CUST00045599,2023-02-16 18:32:25,Completed,ONLINE,,42.33,0.0,9.7,3.39,55.42,Debit Card,Express,,,,,,,0,0,0
266,ORD00000266,CUST00028100,2022-08-14 05:39:11,Completed,Online,,94.54,0.0,12.11,7.56,114.21000000000001,PayPal,Express,,,,,,,0,0,0
267,ORD00000267,CUST00014351,2024-10-21 18:31:37,Completed,Online,,20.5,0.0,6.37,1.64,28.51,PayPal,Standard  ,,,,,,,0,0,0
268,ORD00000268,CUST00012696,2024-11-13 04:16:38,Completed,Online,,190.48,0.0,11.93,15.24,217.65,PayPal,Standard,,,,,,,0,0,0
269,ORD00000269,CUST00026543,2024-09-06 12:20:55,completed,Online,,62.92,0.0,12.45,5.03,80.4,PayPal,Standard,,,,,,,0,0,0
270,ORD00000270,CUST00042143,2022-08-30 08:29:45,Completed,Online,,177.57,0.0,0.0,14.21,191.78,paypal,Express  ,,,,,,BOOKFLUENCERSHIP,0,0,0
271,ORD00000271,CUST00001254,2024-05-21 21:57:21,Completed,Online,,54.03,0.0,9.93,4.32,68.28,Credit Card,Standard,,,,,,,0,0,0
272,ORD00000272,CUST00029272,2024-12-21 22:14:19,COMPLETED,Online,,155.37,0.0,10.17,12.43,177.97,Debit Card,Express,,,,,,,0,0,0
273,ORD00000273,CUST00000551,2025-01-02 04:11:53,Completed,Online,,175.56,0.0,14.42,14.04,204.01999999999998,Credit Card,Express,,,,,,,0,0,0
274,ORD00000274,CUST00024129,2024-06-21 17:05:43,Completed,Online,,184.63,0.0,1.94,14.77,201.34,debit card,Standard,,,,,,,0,0,0
275,ORD00000275,CUST00033998,2022-06-04 03:33:02,Completed,Online  ,,92.47,0.0,14.42,7.4,114.29,Credit Card,Express,,,,,,,0,0,0
276,ORD00000276,CUST00024960,2022-10-25 11:25:44,Completed,Online,,73.41,0.0,0.0,5.87,79.28,Debit Card,Express,,,,,,BOOKFLUENCERSHIP,0,0,0
277,ORD00000277,CUST00012692,2024-11-26 15:28:55,Completed,ONLINE,,58.44,0.0,12.39,4.68,75.50999999999999,Credit Card,Express,,,,,,,0,0,0
278,ORD00000278,CUST00048103,2023-04-10 03:27:20,Completed,Online,,72.86,0.0,10.89,5.83,89.58,Debit Card,Express,,,,,,,0,0,1
279,ORD00000279,CUST00016880,2024-12-22 03:38:25,Completed,Online,,32.26,4.84,6.67,2.19,36.279999999999994,PayPal,Standard,,,,,,PARTNER15,15,0,0
280,ORD00000280,CUST00006700,2024-05-11 15:10:07,Completed,Online,,152.07,0.0,14.47,12.17,178.70999999999998,Credit Card,Standard,,,,,,,0,0,0
281,ORD00000281,CUST00010428,2024-08-28 12:01:00,Completed,Online,,150.34,0.0,2.83,12.03,165.20000000000002,PayPal,Express,,,,,,,0,0,0
282,ORD00000282,CUST00043087,2023-11-25 18:16:12,Completed,Online,,86.16,0.0,7.47,6.89,100.52,PayPal,EXPRESS,,,,,,,0,0,0
283,ORD00000283,CUST00023168,2024-09-16 20:43:22,Completed,Online,,84.53,0.0,2.6,6.76,93.89,Credit Card,EXPRESS,,,,,,,0,0,0
284,ORD00000284,CUST00036768,2024-10-30 07:12:12,Completed,Online,,109.6,0.0,5.59,8.77,123.96,Debit Card,Standard,,,,,,,0,0,0
285,ORD00000285,CUST00014156,2024-04-14 10:26:53,Completed,Online,,173.22,0.0,13.95,13.86,201.02999999999997,Credit Card,Standard,,,,,,,0,0,0
286,ORD00000286,CUST00003606,2022-06-01 06:17:49,Completed,Online,,32.96,0.0,1.45,2.64,37.050000000000004,PayPal,Standard,,,,,,,0,0,0
287,ORD00000287,CUST00024725,2022-11-25 07:42:21,Completed,Online,,132.94,0.0,12.31,10.64,155.89,PayPal,EXPRESS,,,,,,,0,0,0
288,ORD00000288,CUST00001737,2022-10-31 11:33:12,Completed,Online  ,,24.73,0.0,7.87,1.98,34.58,Debit Card,Express,,,,,,,0,0,0
289,ORD00000289,CUST00040226,2024-11-07 11:23:07,Completed,Online,,49.55,0.0,7.83,3.96,61.339999999999996,Debit Card,Standard,,,,,,,0,0,0
290,ORD00000290,CUST00005131,2022-12-02 23:07:43,Completed,Online,,92.28,0.0,12.14,7.38,111.8,PayPal,Express,,,,,,,0,0,0
291,ORD00000291,CUST00007818,2024-05-01 00:09:15,Completed,Online,,59.92,0.0,8.82,4.79,73.53000000000002,PayPal,Express,,,,,,,0,0,0
292,ORD00000292,CUST00034610,2023-09-18 00:39:09,Completed,Online,,79.22,0.0,8.62,6.34,94.18,PayPal,Express,,,,,,,0,0,0
293,ORD00000293,CUST00007093,2022-04-03 01:33:26,Completed,Online,,118.61,0.0,12.74,9.49,140.84,  Credit Card,Express,,,,,,,0,0,0
294,ORD00000294,CUST00002891,2025-01-01 16:41:26,Completed,Online,,116.6,0.0,11.97,9.33,137.9,Debit Card,Standard,,,,,,,0,0,0
295,ORD00000295,CUST00006460,2025-01-14 02:00:12,Completed  ,Online,,91.28,0.0,9.97,7.3,108.55,Debit Card,Express,,,,,,,0,0,0
296,ORD00000296,CUST00036810,2023-05-27 00:19:31,Completed,Online,,89.53,0.0,1.74,7.16,98.42999999999999,Debit Card,Standard,,,,,,,0,0,0
297,ORD00000297,CUST00006311,2022-04-22 21:06:43,Completed,Online,,124.34,0.0,14.94,9.95,149.23,Credit Card,Standard,,,,,,,0,0,0
298,ORD00000298,CUST00005002,2024-12-30 01:25:27,Completed,Online,,158.75,0.0,11.32,12.7,182.76999999999998,Credit Card,Standard,,,,,,,0,0,0
299,ORD00000299,CUST00024314,2024-06-22 01:35:12,Completed,Online,,24.58,0.0,2.99,1.97,29.54,PayPal,Standard,,,,,,,0,0,0
300,ORD00000300,CUST00014515,2024-10-18 16:34:37,Completed,ONLINE,,139.04,0.0,10.56,11.12,160.72,PayPal,Standard,,,,,,,0,0,0
301,ORD00000301,CUST00019350,2023-11-18 21:37:42,Completed,Online,,81.4,0.0,2.14,6.51,90.05000000000001,Debit Card,Express,,,,,,,0,0,0
302,ORD00000302,CUST00038316,2023-03-15 08:08:12,Completed,Online,,178.57,0.0,14.85,14.29,207.70999999999998,Debit Card,Express,,,,,,,0,0,0
303,ORD00000303,CUST00022231,2023-06-01 17:44:12,COMPLETED,Online,,164.94,0.0,10.07,13.2,188.20999999999998,Credit Card,express,,,,,,,0,0,0
304,ORD00000304,CUST00012035,2024-07-11 10:50:42,  Completed,Online,,169.09,0.0,8.94,13.53,191.56,PayPal,Express,,,,,,,0,0,0
305,ORD00000305,CUST00015204,2024-06-18 03:03:39,Completed,Online,,104.11,0.0,10.74,8.33,123.17999999999999,Debit Card,EXPRESS,,,,,,,0,0,0
306,ORD00000306,CUST00019537,2023-03-30 22:19:33,  Completed,Online,,178.49,0.0,14.82,14.28,207.59,Credit Card,EXPRESS,,,,,,,0,0,0
307,ORD00000307,CUST00010937,2023-06-07 07:52:49,Completed,Online,,192.13,19.21,8.98,13.83,195.73,Debit Card,Express,,,,,,SAVE10,10,0,0
308,ORD00000308,CUST00046577,2024-07-16 12:55:12,Completed,Online,,170.56,0.0,7.58,13.64,191.78000000000003,PayPal,Express,,,,,,PARTNER20,0,0,0
309,ORD00000309,CUST00016305,2024-06-15 14:19:56,Completed,Online,,50.7,0.0,1.06,4.06,55.82000000000001,Debit Card,Standard,,,,,,,0,0,0
310,ORD00000310,CUST00045198,2024-02-17 05:01:30,Completed,Online,,28.76,0.0,6.78,2.3,37.839999999999996,Debit Card,Standard,,,,,,,0,0,0
311,ORD00000311,CUST00019606,2024-07-16 19:06:41,completed,Online,,62.14,0.0,7.51,4.97,74.62,PayPal,Standard,,,,,,PARTNER20,0,0,0
312,ORD00000312,CUST00005449,2023-08-19 12:02:32,Completed,Online,,73.76,0.0,6.88,5.9,86.54,Debit Card,Express,,,,,,,0,0,0
313,ORD00000313,CUST00024454,2024-06-27 14:11:40,Completed,Online,,137.61,0.0,13.22,11.01,161.84,Credit Card,Express,,,,,,  PARTNER20,0,0,0
314,ORD00000314,CUST00037944,2024-01-31 19:02:04,Completed,Online,,97.26,0.0,4.57,7.78,109.61000000000001,Debit Card,Standard,,,,,,,0,0,0
315,ORD00000315,CUST00042289,2024-08-31 00:03:24,Completed,Online,,169.4,0.0,10.27,13.55,193.22000000000003,Debit Card,Express,,,,,,,0,0,0
316,ORD00000316,CUST00036777,2024-01-02 02:43:59,Completed,Online,,88.38,0.0,1.96,7.07,97.41,PayPal,Standard,,,,,,,0,0,0
317,ORD00000317,CUST00016488,2023-05-09 03:20:07,Completed,online,,174.54,0.0,13.51,13.96,202.01,Debit Card,Standard,,,,,,,0,0,0
318,ORD00000318,CUST00025296,2024-06-13 15:05:15,Completed,Online,,53.16,0.0,12.05,4.25,69.46,credit card,Express,,,,,,,0,0,1
319,ORD00000319,CUST00023837,2023-06-15 07:50:35,Completed,Online  ,,66.9,0.0,8.78,5.35,81.03,PayPal,Express,,,,,,,0,0,0
320,ORD00000320,CUST00006414,2024-02-08 03:08:36,Completed,Online,,101.61,0.0,12.06,8.13,121.8,Debit Card,Express,,,,,,,0,0,0
321,ORD00000321,CUST00033291,2024-12-11 02:07:27,Completed,Online,,164.74,0.0,13.49,13.18,191.41000000000003,Credit Card,  Standard,,,,,,,0,0,0
322,ORD00000322,CUST00016862,2024-09-06 07:18:44,Completed,Online,,148.59,0.0,11.81,11.89,172.29000000000002,Debit Card,Standard,,,,,,,0,0,0
323,ORD00000323,CUST00012178,2023-06-13 00:55:55,Completed,Online,,59.22,0.0,10.97,4.74,74.92999999999999,Debit Card  ,Standard,,,,,,,0,0,0
324,ORD00000324,CUST00006838,2024-01-10 23:13:14,Completed,ONLINE,,156.57,0.0,14.73,12.53,183.82999999999998,PayPal,Standard,,,,,,,0,0,0
325,ORD00000325,CUST00015070,2023-08-23 17:16:52,Completed,Online,,102.11,0.0,7.31,8.17,117.59,Credit Card,Standard  ,,,,,,,0,0,0
326,ORD00000326,CUST00046901,2023-12-09 21:54:45,Completed,Online,,121.12,0.0,2.8,9.69,133.61,Credit Card,Standard,,,,,,,0,0,0
327,ORD00000327,CUST00043121,2023-10-26 03:20:20,Completed,Online,,155.39,23.31,14.38,10.57,157.02999999999997,Debit Card,Express,,,,,,SAVE15,15,0,0
328,ORD00000328,CUST00035830,2024-05-03 22:45:44,Completed,Online,,38.48,0.0,3.45,3.08,45.01,PayPal,Express,,,,,,,0,0,0
329,ORD00000329,CUST00008185,2023-11-17 15:11:12,Completed,Online,,64.45,0.0,10.67,5.16,80.28,  Debit Card,standard,,,,,,,0,0,1
330,ORD00000330,CUST00045473,2022-05-11 19:11:13,Completed,Online,,161.43,0.0,9.74,12.91,184.08,  Debit Card,Express,,,,,,,0,0,0
331,ORD00000331,CUST00008842,2022-08-30 02:08:53,Completed,  Online,,44.72,0.0,0.0,3.58,48.3,Credit Card,Express,,,,,,BOOKFLUENCERSHIP,0,0,0
332,ORD00000332,CUST00037190,2022-12-18 15:29:32,completed,Online,,98.67,0.0,13.27,7.89,119.83,Debit Card,Standard,,,,,,,0,0,0
333,ORD00000333,CUST00037748,2024-10-26 15:01:22,Completed,Online,,145.13,0.0,9.88,11.61,166.62,Debit Card,Standard,,,,,,,0,0,0
334,ORD00000334,CUST00000362,2022-11-25 09:02:16,Completed,Online,,186.14,0.0,4.26,14.89,205.28999999999996,PayPal,Standard,,,,,,,0,0,0
335,ORD00000335,CUST00029141,2023-11-22 20:25:23,Completed,online,,162.71,0.0,11.91,13.02,187.64000000000001,DEBIT CARD,Standard,,,,,,,0,0,0
336,ORD00000336,CUST00008670,2024-12-30 01:38:41,Completed,Online,,132.93,0.0,13.38,10.63,156.94,  Debit Card,STANDARD,,,,,,,0,0,0
337,ORD00000337,CUST00000873,2023-07-25 02:43:31,Completed,Online,,118.6,0.0,0.33,9.49,128.42,PayPal,Express,,,,,,,0,0,0
338,ORD00000338,CUST00031735,2023-11-29 20:50:10,Completed,ONLINE,,37.38,5.61,11.49,2.54,45.800000000000004,Credit Card,Standard,,,,,,BOOKFLUENCER15,15,0,0
339,ORD00000339,CUST00031479,2024-05-07 23:35:18,Completed,Online,,167.64,0.0,9.99,13.41,191.04,  PayPal,Standard,,,,,,,0,0,0
340,ORD00000340,CUST00037705,2022-06-05 04:05:38,Completed,Online,,120.71,0.0,0.29,9.66,130.66,Credit Card,Express,,,,,,,0,0,0
341,ORD00000341,CUST00001901,2022-08-19 20:57:32,Completed,Online,,178.01,0.0,8.78,14.24,201.03,Debit Card,Standard,,,,,,,0,0,0
342,ORD00000342,CUST00007294,2024-04-04 10:34:20,Completed,Online,,152.39,0.0,5.1,12.19,169.67999999999998,Debit Card,Express,,,,,,,0,0,0
343,ORD00000343,CUST00007320,2022-06-10 10:18:40,Completed,Online,,190.9,0.0,0.11,15.27,206.28000000000003,Credit Card,  Standard,,,,,,,0,0,0
344,ORD00000344,CUST00008192,2024-07-31 09:58:28,Completed,Online,,192.77,0.0,11.55,15.42,219.74,Debit Card,Standard,,,,,,,0,0,0
345,ORD00000345,CUST00015383,2024-05-13 09:17:25,Completed,Online,,81.03,0.0,14.59,6.48,102.10000000000001,PayPal  ,Express,,,,,,,0,0,0
346,ORD00000346,CUST00000242,2024-05-13 06:52:29,Completed,Online,,193.04,0.0,7.8,15.44,216.28,Debit Card,Standard,,,,,,,0,0,0
347,ORD00000347,CUST00042870,2024-07-20 00:32:36,Completed,Online,,47.85,0.0,1.8,3.83,53.48,PayPal,Standard,,,,,,,0,0,0
348,ORD00000348,CUST00039329,2023-10-26 14:44:59,Completed,Online,,196.98,29.55,12.65,13.39,193.46999999999997,PayPal,STANDARD,,,,,,SAVE15,15,0,0
349,ORD00000349,CUST00014350,2023-12-21 07:42:32,Completed,online,,104.5,15.67,4.48,7.11,100.42,Credit Card,express,,,,,,  BOOKFLUENCER15,15,0,0
350,ORD00000350,CUST00000769,2023-04-05 06:47:19,completed,Online,,154.17,0.0,12.23,12.33,178.73,Credit Card,Standard,,,,,,,0,0,0
351,ORD00000351,CUST00029663,2024-12-04 05:30:36,Completed,Online,,192.12,0.0,2.8,15.37,210.29000000000002,PayPal,Express,,,,,,,0,0,0
352,ORD00000352,CUST00046353,2024-09-04 02:44:33,Completed,Online,,162.01,0.0,5.24,12.96,180.21,CREDIT CARD,Standard,,,,,,,0,0,0
353,ORD00000353,CUST00000748,2024-10-05 05:54:37,Completed,Online,,176.96,0.0,3.44,14.16,194.56,PayPal,Express,,,,,,,0,0,0
354,ORD00000354,CUST00048400,2024-06-12 13:31:19,Completed,Online,,124.24,0.0,2.59,9.94,136.77,Debit Card,Standard,,,,,,,0,0,0
355,ORD00000355,CUST00034141,2022-05-03 11:56:38,Completed,Online,,70.39,0.0,8.17,5.63,84.19,PayPal,Express,,,,,,,0,0,0
356,ORD00000356,CUST00021823,2024-08-29 17:31:09,Completed,Online,,53.41,0.0,0.0,4.27,57.67999999999999,PayPal,Express,,,,,,Partnership,0,0,0
357,ORD00000357,CUST00000263,2022-11-29 06:20:55,Completed,ONLINE,,172.75,0.0,12.52,13.82,199.09,Debit Card,STANDARD,,,,,,,0,0,0
358,ORD00000358,CUST00004868,2022-06-25 19:36:57,Completed,Online,,56.7,0.0,13.19,4.54,74.43,Credit Card,Express,,,,,,,0,0,0
359,ORD00000359,CUST00033430,2023-11-05 17:45:46,completed,Online,,27.09,0.0,2.54,2.17,31.799999999999997,Debit Card,Express,,,,,,,0,0,0
360,ORD00000360,CUST00008301,2024-01-12 16:47:19,Completed,Online,,151.5,0.0,4.04,12.12,167.66,Credit Card,Standard,,,,,,,0,0,0
361,ORD00000361,CUST00003499,2024-07-01 21:43:31,  Completed,Online,,93.99,0.0,13.55,7.52,115.05999999999999,Debit Card,Standard,,,,,,,0,0,0
362,ORD00000362,CUST00022343,2022-05-24 04:39:08,Completed,Online,,38.34,0.0,11.48,3.07,52.89000000000001,Debit Card,Express  ,,,,,,,0,0,1
363,ORD00000363,CUST00028625,2023-03-15 18:25:42,Completed,online,,28.39,0.0,7.04,2.27,37.7,PayPal,Express,,,,,,,0,0,0
364,ORD00000364,CUST00019064,2024-06-08 22:07:16,Completed,Online,,84.96,0.0,10.28,6.8,102.03999999999999,Debit Card,Express,,,,,,,0,0,0
365,ORD00000365,CUST00007486,2024-10-13 11:42:00,Completed,Online,,74.29,0.0,2.59,5.94,82.82000000000001,Debit Card,Standard  ,,,,,,BOOKFLUENCER20,0,0,0
366,ORD00000366,CUST00049897,2023-09-02 14:03:23,Completed,Online,,148.59,0.0,12.99,11.89,173.47000000000003,Credit Card,Express,,,,,,,0,0,0
367,ORD00000367,CUST00023060,2024-03-09 13:49:49,Completed,Online,,113.74,0.0,9.98,9.1,132.82,Debit Card,Express,,,,,,,0,0,0
368,ORD00000368,CUST00004294,2024-10-03 04:18:18,Completed,Online,,116.29,0.0,13.03,9.3,138.62,PAYPAL,Standard,,,,,,,0,0,0
369,ORD00000369,CUST00038506,2023-02-26 03:03:10,COMPLETED,Online,,171.14,0.0,2.21,13.69,187.04,Debit Card,Express,,,,,,,0,0,0
370,ORD00000370,CUST00037365,2023-06-30 11:28:53,Completed  ,Online,,92.26,0.0,6.21,7.38,105.85,PayPal,EXPRESS,,,,,,,0,0,0
371,ORD00000371,CUST00042295,2024-09-08 10:46:13,Completed,Online,,119.02,0.0,8.14,9.52,136.68,Credit Card,Express,,,,,,,0,0,0
372,ORD00000372,CUST00030352,2023-09-14 14:54:02,Completed,Online,,139.47,0.0,12.47,11.16,163.1,debit card,Standard,,,,,,,0,0,0
373,ORD00000373,CUST00027319,2022-12-02 09:50:06,Completed,Online,,42.04,0.0,12.64,3.36,58.04,Debit Card,Standard,,,,,,,0,0,0
374,ORD00000374,CUST00012527,2022-09-21 17:42:21,COMPLETED,Online,,96.33,0.0,13.35,7.71,117.38999999999999,PayPal,STANDARD,,,,,,,0,0,0
375,ORD00000375,CUST00037340,2023-07-28 08:22:49,Completed,Online,,23.16,0.0,12.81,1.85,37.82,Credit Card,Standard,,,,,,,0,0,0
376,ORD00000376,CUST00007182,2024-01-13 13:25:35,Completed,ONLINE,,36.04,0.0,6.54,2.88,45.46,Debit Card,Standard,,,,,,,0,0,0
377,ORD00000377,CUST00038292,2024-05-25 18:27:46,completed,Online,,176.07,0.0,14.33,14.09,204.49,Credit Card,Standard,,,,,,,0,0,0
378,ORD00000378,CUST00016943,2024-12-27 07:41:34,Completed,Online,,144.52,0.0,7.02,11.56,163.10000000000002,PayPal,EXPRESS,,,,,,,0,0,0
379,ORD00000379,CUST00022794,2024-05-27 14:39:22,Completed,Online,,135.17,0.0,2.26,10.81,148.23999999999998,Credit Card,Standard,,,,,,,0,0,0
380,ORD00000380,CUST00023901,2023-03-15 12:25:20,Completed,Online,,194.07,0.0,0.0,15.53,209.6,PayPal  ,Express,,,,,,SPRINGSHIP,0,0,0
381,ORD00000381,CUST00038729,2024-07-18 16:20:43,Completed,Online,,31.49,0.0,7.45,2.52,41.46,Debit Card,Standard,,,,,,,0,0,0
382,ORD00000382,CUST00015987,2024-09-16 11:01:45,Completed,Online,,70.72,0.0,14.39,5.66,90.77,Credit Card,Standard,,,,,,,0,0,0
383,ORD00000383,CUST00048879,2023-12-01 18:12:55,Completed,Online,,23.02,0.0,8.97,1.84,33.830000000000005,Debit Card,Standard,,,,,,,0,0,0
384,ORD00000384,CUST00015552,2024-02-19 12:51:57,Completed,Online,,67.05,0.0,0.24,5.36,72.64999999999999,Paypal,Express  ,,,,,,,0,0,0
385,ORD00000385,CUST00015030,2025-01-04 17:42:58,Completed,Online,,34.79,0.0,6.96,2.78,44.53,PayPal,Standard,,,,,,,0,0,0
386,ORD00000386,CUST00004008,2023-11-07 10:54:01,Completed,Online,,71.25,10.69,4.52,4.84,69.92,Debit Card,Standard,,,,,,SAVE15,15,0,0
387,ORD00000387,CUST00027371,2024-03-05 10:55:59,Completed,Online,,107.42,0.0,6.58,8.59,122.59,PayPal,Express,,,,,,,0,0,0
388,ORD00000388,CUST00026989,2022-06-12 23:24:19,Completed  ,Online,,182.26,0.0,3.06,14.58,199.9,Debit Card,Express,,,,,,,0,0,0
389,ORD00000389,CUST00041237,2023-11-25 16:12:39,Completed,  Online,,171.66,25.75,13.61,11.67,171.18999999999997,Debit Card,Express,,,,,,BOOKFLUENCER15,15,0,0
390,ORD00000390,CUST00006660,2025-01-08 17:46:36,Completed,ONLINE,,59.56,8.93,13.45,4.05,68.13,Debit Card,Standard,,,,,,PARTNER15,15,0,0
391,ORD00000391,CUST00037533,2024-11-04 06:48:59,Completed,Online,,36.29,0.0,0.0,2.9,39.19,  PayPal,Express,,,,,,PARTNERSHIP,0,0,0
392,ORD00000392,CUST00025133,2024-09-04 17:02:07,Completed,Online,,62.0,0.0,12.4,4.96,79.36,PayPal,Standard,,,,,,,0,0,0
393,ORD00000393,CUST00010503,2024-07-29 14:09:51,Completed,online,,47.66,0.0,2.53,3.81,54.0,Credit Card,  Standard,,,,,,,0,0,0
394,ORD00000394,CUST00038235,2022-03-11 19:51:26,Completed,Online,,192.35,0.0,0.0,15.39,207.74,Credit Card,  Express,,,,,,BOOKFLUENCERSHIP,0,0,0
395,ORD00000395,CUST00049021,2024-06-25 21:51:52,Completed,Online,,114.45,0.0,2.47,9.16,126.08,Credit Card,Express,,,,,,,0,0,0
396,ORD00000396,CUST00006367,2024-03-23 02:43:21,Completed,Online,,187.69,0.0,0.0,15.02,202.71,Credit Card,Express,,,,,,HOLIDAYSHIP,0,0,0
397,ORD00000397,CUST00015590,2024-08-26 03:07:03,Completed,ONLINE,,157.19,0.0,6.57,12.58,176.34,Debit Card  ,Express,,,,,,,0,0,0
398,ORD00000398,CUST00047019,2023-03-30 10:29:50,Completed,Online,,111.87,0.0,4.15,8.95,124.97000000000001,Debit Card,Express,,,,,,,0,0,0
399,ORD00000399,CUST00004620,2023-06-08 23:08:37,Completed,Online,,106.47,0.0,0.22,8.52,115.21,Credit Card,Express,,,,,,,0,0,0
400,ORD00000400,CUST00001806,2023-06-16 20:42:47,Completed,  Online,,181.01,0.0,14.22,14.48,209.70999999999998,PayPal,Express,,,,,,,0,0,1
401,ORD00000401,CUST00019970,2024-09-15 10:37:53,Completed,Online,,29.29,0.0,6.67,2.34,38.3,PayPal,Standard,,,,,,,0,0,0
402,ORD00000402,CUST00016873,2025-01-11 18:20:10,completed,Online,,52.24,0.0,8.57,4.18,64.99000000000001,PayPal,STANDARD,,,,,,,0,0,0
403,ORD00000403,CUST00049816,2024-01-06 02:40:24,Completed,Online,,129.58,0.0,6.25,10.37,146.20000000000002,Credit Card,Standard,,,,,,,0,0,0
404,ORD00000404,CUST00012826,2024-05-03 09:39:06,Completed,Online,,70.15,0.0,11.59,5.61,87.35000000000001,PayPal  ,Express,,,,,,,0,0,0
405,ORD00000405,CUST00005858,2024-07-22 20:04:04,Completed,Online,,94.96,0.0,11.15,7.6,113.71,Debit Card,Express,,,,,,,0,0,0
406,ORD00000406,CUST00024224,2024-08-13 11:47:26,Completed,ONLINE,,49.02,0.0,0.0,3.92,52.940000000000005,Debit Card,Express,,,,,,PARTNERSHIP,0,0,0
407,ORD00000407,CUST00038315,2023-06-28 02:45:27,Completed,Online,,76.95,0.0,1.33,6.16,84.44,PayPal,Standard,,,,,,,0,0,1
408,ORD00000408,CUST00021914,2024-11-14 07:43:40,Completed,Online,,35.87,0.0,12.23,2.87,50.96999999999999,Credit Card,express,,,,,,,0,0,0
409,ORD00000409,CUST00017671,2024-05-11 07:21:24,Completed,Online,,55.3,0.0,4.93,4.42,64.64999999999999,Credit Card,express,,,,,,,0,0,0
410,ORD00000410,CUST00008823,2024-03-28 20:23:58,Completed,Online,,92.11,0.0,0.0,7.37,99.48,Debit Card,STANDARD,,,,,,HOLIDAYSHIP,0,0,0
411,ORD00000411,CUST00012024,2025-01-06 22:28:03,Completed,Online  ,,179.63,0.0,6.8,14.37,200.8,PayPal,Express,,,,,,,0,0,0
412,ORD00000412,CUST00041847,2024-09-04 02:15:04,Completed,Online,,173.31,0.0,11.1,13.86,198.26999999999998,  Debit Card,Express,,,,,,,0,0,0
413,ORD00000413,CUST00001529,2023-12-10 10:31:04,Completed,Online,,96.72,0.0,13.58,7.74,118.03999999999999,Credit Card,Standard  ,,,,,,,0,0,0
414,ORD00000414,CUST00002194,2024-10-08 05:59:54,Completed,Online,,155.44,0.0,9.54,12.44,177.42,Debit Card,Standard,,,,,,,0,0,0
415,ORD00000415,CUST00026215,2024-10-14 12:34:56,Completed,Online,,20.07,0.0,11.87,1.61,33.55,Debit Card,Express,,,,,,,0,0,0
416,ORD00000416,CUST00017919,2024-05-30 05:12:39,Completed,Online,,92.67,0.0,5.46,7.41,105.53999999999999,Debit Card  ,Express,,,,,,,0,0,0
417,ORD00000417,CUST00018025,2023-08-03 21:05:20,Completed,Online,,190.98,0.0,10.66,15.28,216.92,Credit Card,Standard,,,,,,,0,0,0
418,ORD00000418,CUST00035242,2024-02-05 00:56:55,Completed,Online,,61.46,0.0,7.88,4.92,74.26,  PayPal,Standard,,,,,,,0,0,0
419,ORD00000419,CUST00010981,2024-04-05 20:17:25,Completed,Online,,67.63,0.0,2.96,5.41,75.99999999999999,Credit Card,Express,,,,,,,0,0,0
420,ORD00000420,CUST00048579,2022-12-22 08:34:47,Completed,online,,150.47,0.0,10.51,12.04,173.01999999999998,Credit Card,Express,,,,,,,0,0,0
421,ORD00000421,CUST00001357,2023-11-27 14:21:41,Completed,Online,,55.92,0.0,8.32,4.47,68.71000000000001,PayPal,Standard,,,,,,,0,0,0
422,ORD00000422,CUST00019279,2024-06-13 13:23:35,Completed,  Online,,78.62,0.0,7.66,6.29,92.57000000000001,Credit Card,Standard,,,,,,,0,0,0
423,ORD00000423,CUST00003947,2023-02-02 20:39:58,Completed,Online,,75.54,0.0,11.31,6.04,92.89000000000001,PayPal,Standard,,,,,,BOOKFLUENCER20  ,0,0,0
424,ORD00000424,CUST00031423,2024-11-21 07:32:44,Completed,Online,,33.62,0.0,11.51,2.69,47.81999999999999,PayPal,  Standard,,,,,,,0,0,0
425,ORD00000425,CUST00018983,2023-10-18 17:49:47,COMPLETED,Online,,43.9,0.0,2.71,3.51,50.12,Credit Card,Standard,,,,,,,0,0,0
426,ORD00000426,CUST00043058,2023-11-09 23:41:32,Completed,Online,,35.42,0.0,14.98,2.83,53.230000000000004,Paypal,Express,,,,,,,0,0,0
427,ORD00000427,CUST00014404,2021-12-25 12:47:04,Completed,Online,,21.98,0.0,0.0,1.76,23.740000000000002,paypal,  Express,,,,,,SAVESHIP,0,0,0
428,ORD00000428,CUST00048351,2024-05-25 23:47:45,Completed,Online,,161.5,24.22,12.89,10.98,161.15,Credit Card,EXPRESS,,,,,,PARTNER15,15,0,0
429,ORD00000429,CUST00031698,2023-05-24 07:00:24,Completed,Online,,97.43,9.74,11.91,7.02,106.62,PayPal,Express,,,,,,SAVE10,10,0,0
430,ORD00000430,CUST00039737,2023-09-16 15:37:18,Completed,Online,,37.53,0.0,5.47,3.0,46.0,Debit Card,Express,,,,,,,0,0,0
431,ORD00000431,CUST00026869,2024-05-04 06:51:03,Completed,Online,,60.06,0.0,14.33,4.8,79.19,PayPal,  Standard,,,,,,,0,0,1
432,ORD00000432,CUST00034239,2023-08-01 02:39:05,Completed,Online,,48.38,0.0,14.35,3.87,66.60000000000001,Credit Card,Standard,,,,,,,0,0,0
433,ORD00000433,CUST00036667,2025-01-14 13:36:03,Completed,Online,,191.27,0.0,0.28,15.3,206.85000000000002,Credit Card,Express,,,,,,,0,0,0
434,ORD00000434,CUST00006922,2024-09-22 13:15:47,Completed,Online,,29.29,0.0,11.47,2.34,43.099999999999994,Debit Card,Express,,,,,,,0,0,0
435,ORD00000435,CUST00020579,2023-04-15 20:42:00,Completed,Online,,96.71,0.0,0.0,7.74,104.44999999999999,paypal,Standard,,,,,,BOOKFLUENCERSHIP,0,0,1
436,ORD00000436,CUST00003936,2024-01-17 06:52:45,  Completed,  Online,,78.97,0.0,0.0,6.32,85.28999999999999,Debit Card,Standard,,,,,,PARTNERSHIP,0,0,0
437,ORD00000437,CUST00012968,2024-06-28 09:45:23,Completed,Online,,103.7,0.0,4.65,8.3,116.65,PayPal,Standard,,,,,,,0,0,0
438,ORD00000438,CUST00040166,2022-03-25 01:04:44,Completed,Online,,77.31,0.0,3.11,6.18,86.6,Debit Card,Standard,,,,,,,0,0,0
439,ORD00000439,CUST00022905,2023-08-23 19:44:31,Completed,Online,,183.94,0.0,8.69,14.72,207.35,Debit Card,Express,,,,,,,0,0,0
440,ORD00000440,CUST00039563,2024-05-09 14:51:26,Completed,Online,,68.53,0.0,6.88,5.48,80.89,PayPal,Standard,,,,,,,0,0,0
441,ORD00000441,CUST00012288,2023-10-06 11:17:18,Completed,Online,,22.13,0.0,8.13,1.77,32.03,  Credit Card,Express,,,,,,,0,0,0
442,ORD00000442,CUST00048683,2024-06-11 15:46:02,Completed,Online,,33.91,0.0,5.79,2.71,42.41,Debit Card,Standard,,,,,,Partner20,0,0,1
443,ORD00000443,CUST00026388,2021-09-05 07:18:53,completed,Online,,143.34,0.0,6.04,11.47,160.85,Credit Card,Express,,,,,,,0,0,0
444,ORD00000444,CUST00035856,2024-04-15 18:38:39,Completed,Online,,159.12,0.0,4.21,12.73,176.06,PayPal,Standard,,,,,,,0,0,0
445,ORD00000445,CUST00015458,2024-04-05 08:33:39,Completed,Online,,52.53,0.0,7.67,4.2,64.4,Credit Card,Express,,,,,,,0,0,0
446,ORD00000446,CUST00035664,2024-08-23 22:56:44,Completed,Online,,198.04,0.0,6.52,15.84,220.4,Debit Card,Standard,,,,,,Partner20  ,0,0,0
447,ORD00000447,CUST00039481,2024-05-29 10:08:15,Completed,  Online,,69.16,0.0,14.33,5.53,89.02,Debit Card,Express,,,,,,,0,0,0
448,ORD00000448,CUST00013239,2022-06-12 00:58:42,  Completed,Online,,29.03,0.0,9.19,2.32,40.54,Debit Card,Express,,,,,,,0,0,0
449,ORD00000449,CUST00043888,2023-11-01 02:18:19,Completed,  Online,,141.67,0.0,13.52,11.33,166.52,PayPal,Express,,,,,,,0,0,0
450,ORD00000450,CUST00013553,2024-12-03 16:48:26,Completed,Online,,169.33,0.0,10.96,13.55,193.84000000000003,PayPal,Standard,,,,,,,0,0,0
451,ORD00000451,CUST00037264,2023-07-19 00:01:54,COMPLETED,Online,,190.17,0.0,6.52,15.21,211.9,debit card,Express,,,,,,,0,0,0
452,ORD00000452,CUST00034474,2024-08-25 14:41:02,Completed,ONLINE,,62.57,0.0,2.07,5.01,69.65,Credit Card,Express,,,,,,,0,0,0
453,ORD00000453,CUST00044807,2023-04-08 09:29:42,Completed,Online,,50.02,0.0,14.42,4.0,68.44,Paypal,Standard  ,,,,,,,0,0,0
454,ORD00000454,CUST00020746,2024-07-24 16:26:19,Completed,Online,,120.13,0.0,10.03,9.61,139.76999999999998,Debit Card,Standard,,,,,,,0,0,0
455,ORD00000455,CUST00034418,2022-05-05 19:17:40,Completed,Online,,90.76,0.0,9.74,7.26,107.76,Credit Card,Express,,,,,,,0,0,0
456,ORD00000456,CUST00011742,2024-05-15 16:07:22,  Completed,Online,,99.69,0.0,11.47,7.98,119.14,Debit Card,Standard,,,,,,,0,0,0
457,ORD00000457,CUST00029434,2024-08-27 03:31:24,Completed,Online,,159.74,0.0,13.88,12.78,186.4,PayPal,  Standard,,,,,,,0,0,0
458,ORD00000458,CUST00012592,2024-11-30 12:56:55,Completed,Online,,43.09,0.0,3.46,3.45,50.00000000000001,Debit Card,Express,,,,,,,0,0,0
459,ORD00000459,CUST00044441,2023-01-30 06:07:24,Completed,Online,,54.57,5.46,10.85,3.93,63.89,PayPal,Standard,,,,,,NEWYEAR10,10,0,0
460,ORD00000460,CUST00004797,2023-07-17 08:02:15,Completed,Online,,192.02,19.2,7.72,13.83,194.37000000000003,Debit Card,Express,,,,,,SAVE10,10,0,0
461,ORD00000461,CUST00008482,2024-12-02 06:20:28,Completed,Online,,53.79,0.0,5.69,4.3,63.779999999999994,Credit Card,Standard,,,,,,,0,0,0
462,ORD00000462,CUST00033283,2023-07-25 23:30:41,completed,Online,,111.11,0.0,8.99,8.89,128.99,Credit Card,Standard,,,,,,,0,0,0
463,ORD00000463,CUST00006606,2024-05-10 23:48:34,Completed,  Online,,81.88,0.0,12.62,6.55,101.05,PayPal,Standard,,,,,,,0,0,0
464,ORD00000464,CUST00025315,2024-04-28 14:29:27,Completed,Online  ,,128.38,0.0,3.55,10.27,142.20000000000002,Debit Card,Express,,,,,,,0,0,0
465,ORD00000465,CUST00018689,2023-11-25 00:58:13,Completed,Online,,71.99,0.0,8.2,5.76,85.95,Debit Card,standard,,,,,,,0,0,0
466,ORD00000466,CUST00019595,2022-12-01 08:03:42,Completed,Online,,184.81,0.0,3.51,14.78,203.1,Debit Card,Express,,,,,,,0,0,0
467,ORD00000467,CUST00041004,2022-08-24 15:33:41,Completed,ONLINE,,88.77,0.0,0.0,7.1,95.86999999999999,PayPal,Express,,,,,,BOOKFLUENCERSHIP,0,0,0
468,ORD00000468,CUST00013572,2023-10-13 18:44:00,Completed,Online,,72.52,0.0,6.33,5.8,84.64999999999999,PayPal  ,standard,,,,,,,0,0,0
469,ORD00000469,CUST00046223,2022-08-08 21:08:10,Completed,Online,,149.53,0.0,12.56,11.96,174.05,Credit Card,Standard,,,,,,,0,0,0
470,ORD00000470,CUST00038543,2023-12-16 19:07:31,Completed,Online,,131.55,0.0,11.08,10.52,153.15000000000003,PayPal,Express,,,,,,,0,0,0
471,ORD00000471,CUST00002560,2024-05-10 22:20:55,Completed,Online,,31.41,0.0,6.69,2.51,40.61,Credit Card,Express,,,,,,,0,0,0
472,ORD00000472,CUST00006336,2024-04-18 16:30:12,Completed,Online,,152.88,0.0,10.89,12.23,175.99999999999997,Debit Card,  Standard,,,,,,,0,0,0
473,ORD00000473,CUST00016840,2023-09-08 21:17:34,Completed,Online,,191.73,0.0,7.98,15.34,215.04999999999998,PayPal  ,Standard,,,,,,,0,0,0
474,ORD00000474,CUST00044611,2023-09-27 07:03:13,Completed,Online,,70.36,0.0,12.81,5.63,88.8,Credit Card,Standard,,,,,,,0,0,0
475,ORD00000475,CUST00016367,2023-07-08 15:09:58,Completed,Online,,40.55,0.0,0.0,3.24,43.79,CREDIT CARD,Standard,,,,,,Bookfluencership,0,0,0
476,ORD00000476,CUST00041793,2023-12-29 01:50:52,Completed,Online,,66.7,0.0,4.42,5.34,76.46000000000001,PayPal,Express,,,,,,,0,0,0
477,ORD00000477,CUST00024772,2021-11-18 13:30:28,Completed,Online  ,,195.33,0.0,10.38,15.63,221.34,Debit Card,Standard,,,,,,,0,0,0
478,ORD00000478,CUST00015979,2022-05-20 11:51:30,Completed,Online,,172.92,0.0,0.0,13.83,186.75,PayPal,Standard,,,,,,PARTNERSHIP  ,0,0,1
479,ORD00000479,CUST00002412,2024-01-30 12:12:50,  Completed,Online,,149.2,0.0,7.63,11.94,168.76999999999998,Credit Card,Express,,,,,,,0,0,0
480,ORD00000480,CUST00002888,2023-12-08 20:49:02,Completed,Online,,147.16,0.0,6.37,11.77,165.3,Credit Card,Express,,,,,,,0,0,0
481,ORD00000481,CUST00029316,2022-11-28 07:00:10,Completed,Online,,105.88,0.0,6.95,8.47,121.3,PayPal,Standard,,,,,,,0,0,0
482,ORD00000482,CUST00026046,2025-01-02 00:12:30,Completed,Online,,84.35,0.0,13.33,6.75,104.42999999999999,Debit Card,Express,,,,,,,0,0,0
483,ORD00000483,CUST00032210,2024-06-07 11:48:04,Completed,Online,,87.25,0.0,4.67,6.98,98.9,PayPal,Express,,,,,,,0,0,0
484,ORD00000484,CUST00048515,2024-03-07 03:53:23,Completed,Online,,153.83,0.0,5.14,12.31,171.28,Paypal,Standard,,,,,,,0,0,0
485,ORD00000485,CUST00033286,2023-04-05 15:52:17,Completed,Online,,40.01,0.0,13.9,3.2,57.11,Credit Card,Express,,,,,,,0,0,0
486,ORD00000486,CUST00046651,2024-12-29 05:30:45,Completed  ,Online,,157.6,0.0,4.65,12.61,174.86,  PayPal,STANDARD,,,,,,,0,0,0
487,ORD00000487,CUST00022764,2022-08-26 06:24:44,Completed,Online,,30.93,0.0,14.43,2.47,47.83,Credit Card  ,Express,,,,,,,0,0,0
488,ORD00000488,CUST00036669,2024-05-12 17:48:56,Completed,Online,,199.13,0.0,8.94,15.93,224.0,Debit Card,Express,,,,,,,0,0,0
489,ORD00000489,CUST00015688,2022-08-12 00:05:21,Completed,Online,,185.0,0.0,0.0,14.8,199.8,Credit Card,Express,,,,,,BOOKFLUENCERSHIP,0,0,0
490,ORD00000490,CUST00028194,2024-03-09 11:48:40,Completed,Online,,170.37,0.0,10.84,13.63,194.84,Credit Card  ,Standard,,,,,,,0,0,0
491,ORD00000491,CUST00015514,2023-01-31 20:05:42,Completed,Online,,166.75,0.0,11.39,13.34,191.48,Credit Card,Express,,,,,,,0,0,0
492,ORD00000492,CUST00032574,2024-06-30 03:28:02,Completed,Online,,177.94,0.0,6.91,14.24,199.09,Credit Card,express,,,,,,,0,0,0
493,ORD00000493,CUST00022482,2023-08-07 05:24:02,Completed,Online,,48.28,0.0,12.41,3.86,64.55,PayPal,Standard,,,,,,,0,0,0
494,ORD00000494,CUST00011562,2024-12-05 18:54:28,Completed,  online,,83.25,0.0,10.96,6.66,100.87,PayPal,Express,,,,,,,0,0,0
495,ORD00000495,CUST00005023,2023-01-21 12:55:53,Completed,Online  ,,56.33,0.0,2.89,4.51,63.73,Debit Card,Express,,,,,,,0,0,0
496,ORD00000496,CUST00037835,2023-09-12 01:13:16,Completed,Online,,32.46,0.0,6.78,2.6,41.84,Credit Card,Standard,,,,,,,0,0,0
497,ORD00000497,CUST00001384,2023-10-06 13:46:02,Completed,Online,,89.13,0.0,13.78,7.13,110.03999999999999,Debit Card,Express,,,,,,,0,0,0
498,ORD00000498,CUST00006584,2022-12-29 16:51:17,Completed  ,Online,,152.04,0.0,2.98,12.16,167.17999999999998,Debit Card,Express,,,,,,,0,0,0
499,ORD00000499,CUST00000031,2023-05-12 00:56:34,Completed,Online,,32.58,0.0,12.89,2.61,48.08,  Credit Card,Standard,,,,,,,0,0,0
500,ORD00000500,CUST00037335,2022-01-03 12:37:34,Completed,Online,,86.75,0.0,0.0,6.94,93.69,Debit Card,Express  ,,,,,,PARTNERSHIP,0,0,0
501,ORD00000501,CUST00017159,2023-03-25 20:22:02,COMPLETED,Online  ,,25.3,0.0,4.73,2.02,32.050000000000004,Credit Card,Express,,,,,,,0,0,0
502,ORD00000502,CUST00014572,2024-11-28 12:31:17,  Completed,ONLINE,,125.09,18.76,7.29,8.51,122.13000000000001,PayPal,Express,,,,,,PARTNER15,15,0,0
503,ORD00000503,CUST00004036,2023-05-14 04:35:38,Completed,Online,,102.95,0.0,6.11,8.24,117.3,Debit Card  ,  Standard,,,,,,,0,0,0
504,ORD00000504,CUST00039029,2024-01-06 16:15:48,Completed,ONLINE,,54.42,0.0,2.91,4.35,61.68,Debit Card,Express,,,,,,,0,0,0
505,ORD00000505,CUST00049904,2022-08-13 16:47:16,Completed,Online,,133.75,0.0,0.0,10.7,144.45,debit card,Standard,,,,,,BOOKFLUENCERSHIP,0,0,0
506,ORD00000506,CUST00041306,2023-02-17 05:09:12,Completed,Online,,155.43,0.0,4.97,12.43,172.83,Credit Card,express,,,,,,,0,0,0
507,ORD00000507,CUST00002339,2024-07-10 07:53:12,Completed,Online,,93.54,0.0,4.03,7.48,105.05000000000001,Debit Card,Express,,,,,,,0,0,0
508,ORD00000508,CUST00048575,2024-12-26 13:09:35,Completed,Online,,63.18,9.48,4.08,4.3,62.08,Credit Card,Standard,,,,,,PARTNER15,15,0,0
509,ORD00000509,CUST00039491,2024-09-28 02:07:32,Completed,Online,,155.15,0.0,0.16,12.41,167.72,debit card,Express,,,,,,,0,0,0
510,ORD00000510,CUST00019291,2024-03-29 09:20:48,Completed,Online,,163.38,0.0,0.0,13.07,176.45,Credit Card,Express,,,,,,HOLIDAYSHIP,0,0,0
511,ORD00000511,CUST00018688,2025-01-11 03:56:03,Completed,Online,,88.52,0.0,6.01,7.08,101.61,Credit Card  ,Express,,,,,,,0,0,0
512,ORD00000512,CUST00008703,2024-05-14 10:47:40,Completed,Online,,173.22,0.0,5.91,13.86,192.99,PayPal,Express,,,,,,,0,0,0
513,ORD00000513,CUST00019886,2024-03-23 22:33:01,Completed,Online,,142.06,0.0,2.16,11.36,155.57999999999998,PayPal  ,standard,,,,,,,0,0,0
514,ORD00000514,CUST00037855,2024-07-26 18:53:59,Completed,Online,,93.42,0.0,8.1,7.47,108.99,PayPal,Standard,,,,,,,0,0,0
515,ORD00000515,CUST00046346,2024-02-23 01:29:10,Completed,Online,,60.61,0.0,7.99,4.85,73.44999999999999,Debit Card,Standard,,,,,,,0,0,1
516,ORD00000516,CUST00013976,2024-07-25 17:40:50,Completed,Online,,137.14,0.0,14.64,10.97,162.74999999999997,Credit Card,Express,,,,,,,0,0,0
517,ORD00000517,CUST00013927,2023-11-15 17:04:57,Completed,Online,,152.69,0.0,13.15,12.22,178.06,Credit Card,Express,,,,,,,0,0,0
518,ORD00000518,CUST00007239,2022-08-07 04:42:49,Completed,Online,,61.68,0.0,3.18,4.93,69.78999999999999,credit card,Standard,,,,,,,0,0,0
519,ORD00000519,CUST00044693,2024-09-03 06:50:00,completed,Online,,96.19,0.0,13.45,7.7,117.34,Debit Card,Express,,,,,,,0,0,0
520,ORD00000520,CUST00007167,2023-05-28 01:01:56,Completed,Online,,129.91,12.99,2.91,9.35,129.18,Debit Card,Express,,,,,,SAVE10,10,0,0
521,ORD00000521,CUST00006176,2023-08-13 11:50:35,Completed,Online,,95.71,0.0,4.46,7.66,107.82999999999998,Debit Card,Standard,,,,,,,0,0,0
522,ORD00000522,CUST00018440,2024-10-31 05:45:05,Completed,Online,,170.99,0.0,10.6,13.68,195.27,debit card  ,Express,,,,,,,0,0,1
523,ORD00000523,CUST00000681,2023-06-16 01:42:16,Completed,Online,,196.02,19.6,8.25,14.11,198.78000000000003,Debit Card,Standard,,,,,,SAVE10,10,0,0
524,ORD00000524,CUST00048171,2021-07-27 11:41:24,Completed,Online,,81.22,0.0,0.0,6.5,87.72,PayPal,Standard,,,,,,bookfluencership,0,0,1
525,ORD00000525,CUST00010387,2022-06-15 21:11:09,Completed  ,Online,,172.09,0.0,9.91,13.77,195.77,Debit Card  ,Express,,,,,,,0,0,0
526,ORD00000526,CUST00015187,2024-05-11 18:26:21,  Completed,Online,,26.62,0.0,10.63,2.13,39.38,Credit Card,Standard,,,,,,,0,0,0
527,ORD00000527,CUST00044198,2023-11-17 13:33:25,Completed,Online,,175.34,0.0,3.79,14.03,193.16,Debit Card,Express,,,,,,,0,0,0
528,ORD00000528,CUST00029689,2024-09-13 12:31:00,Completed,ONLINE,,148.86,0.0,2.9,11.91,163.67000000000002,Credit Card,Standard,,,,,,,0,0,0
529,ORD00000529,CUST00037856,2022-09-09 14:55:07,Completed,Online,,127.67,0.0,0.0,10.21,137.88,Credit Card,Standard,,,,,,BOOKFLUENCERSHIP,0,0,0
530,ORD00000530,CUST00000655,2024-02-10 07:00:58,Completed,Online,,152.14,0.0,4.36,12.17,168.67,Credit Card  ,Standard,,,,,,,0,0,0
531,ORD00000531,CUST00042220,2024-10-21 05:58:24,Completed,Online,,189.4,0.0,7.11,15.15,211.66000000000003,DEBIT CARD,Standard  ,,,,,,,0,0,0
532,ORD00000532,CUST00038466,2024-07-17 11:06:28,Completed,Online,,119.32,0.0,1.2,9.55,130.07,Debit Card,Express,,,,,,,0,0,0
533,ORD00000533,CUST00023824,2021-07-21 11:31:49,COMPLETED,Online,,65.57,0.0,0.0,5.25,70.82,Debit Card,STANDARD,,,,,,BOOKFLUENCERSHIP,0,0,0
534,ORD00000534,CUST00018305,2022-09-10 01:14:25,Completed,Online,,106.87,0.0,0.0,8.55,115.42,credit card,Express,,,,,,Bookfluencership,0,0,0
535,ORD00000535,CUST00002833,2024-09-30 10:00:28,Completed,Online,,198.24,0.0,1.99,15.86,216.09000000000003,Debit Card,Standard,,,,,,,0,0,0
536,ORD00000536,CUST00007803,2021-07-21 16:18:49,Completed,online,,49.96,0.0,0.0,4.0,53.96,Debit Card,Express,,,,,,BOOKFLUENCERSHIP,0,0,0
537,ORD00000537,CUST00010945,2024-12-02 02:08:07,Completed,Online,,151.99,0.0,2.46,12.16,166.61,PayPal,Standard,,,,,,,0,0,0
538,ORD00000538,CUST00032275,2023-09-22 21:32:26,completed,Online,,111.47,0.0,5.45,8.92,125.84,Debit Card,Standard,,,,,,,0,0,0
539,ORD00000539,CUST00043066,2024-11-04 21:29:57,  Completed,Online,,40.93,0.0,14.07,3.27,58.27,Debit Card,Express,,,,,,,0,0,0
540,ORD00000540,CUST00002219,2023-08-20 02:12:45,Completed,Online,,77.64,0.0,13.14,6.21,96.99,Credit Card,Express,,,,,,,0,0,0
541,ORD00000541,CUST00021006,2024-05-14 12:24:13,  Completed,Online,,158.91,0.0,7.89,12.71,179.51,Credit Card,Standard,,,,,,,0,0,0
542,ORD00000542,CUST00022815,2023-08-27 09:03:58,Completed,Online,,152.66,0.0,5.85,12.21,170.72,PayPal,Standard,,,,,,,0,0,0
543,ORD00000543,CUST00042551,2023-06-11 11:07:16,Completed,Online,,190.31,0.0,7.99,15.22,213.52,PayPal,Standard,,,,,,,0,0,0
544,ORD00000544,CUST00015703,2024-02-05 23:09:00,Completed,Online,,137.64,0.0,0.0,11.01,148.64999999999998,Credit Card,Standard,,,,,,PARTNERSHIP,0,0,0
545,ORD00000545,CUST00008274,2024-09-27 13:33:36,completed,  Online,,97.28,0.0,5.56,7.78,110.62,Debit Card,Express,,,,,,,0,0,0
546,ORD00000546,CUST00039899,2024-12-06 06:50:28,Completed,Online,,138.34,0.0,6.77,11.07,156.18,Debit Card,Standard,,,,,,,0,0,0
547,ORD00000547,CUST00019907,2024-12-06 05:25:58,Completed,Online,,66.86,10.03,11.79,4.55,73.17,Debit Card,express,,,,,,Bookfluencer15,15,0,0
548,ORD00000548,CUST00009285,2024-08-12 08:40:43,Completed,Online,,105.61,0.0,5.41,8.45,119.47,PayPal,Standard  ,,,,,,,0,0,0
549,ORD00000549,CUST00012758,2024-12-06 01:57:01,Completed,Online,,123.68,0.0,7.49,9.89,141.06,PayPal,Express,,,,,,,0,0,0
550,ORD00000550,CUST00043117,2024-11-06 05:00:08,Completed,Online,,110.82,0.0,3.35,8.87,123.03999999999999,Credit Card,Express  ,,,,,,,0,0,0
551,ORD00000551,CUST00015207,2023-11-15 22:41:31,Completed,Online,,52.83,0.0,0.94,4.23,58.0,Credit Card,  Standard,,,,,,,0,0,0
552,ORD00000552,CUST00015771,2025-01-04 02:59:40,Completed,Online,,78.78,0.0,11.7,6.3,96.78,  PayPal,Express,,,,,,,0,0,0
553,ORD00000553,CUST00004611,2024-05-03 20:30:21,Completed,Online,,163.91,0.0,4.71,13.11,181.73000000000002,Credit Card,Express  ,,,,,,,0,0,0
554,ORD00000554,CUST00032649,2024-06-26 21:29:42,Completed,Online,,75.96,0.0,3.85,6.08,85.88999999999999,PayPal,Express,,,,,,,0,0,0
555,ORD00000555,CUST00018643,2024-12-22 13:30:04,Completed,Online,,61.07,0.0,3.2,4.89,69.16,Credit Card,Standard,,,,,,,0,0,0
556,ORD00000556,CUST00002289,2024-07-08 06:05:40,Completed,Online,,182.73,0.0,8.48,14.62,205.82999999999998,Credit Card,Express,,,,,,,0,0,0
557,ORD00000557,CUST00046814,2022-04-08 16:36:38,Completed,Online  ,,55.85,0.0,12.66,4.47,72.98,Debit Card,Express,,,,,,,0,0,0
558,ORD00000558,CUST00040554,2023-08-16 16:00:03,Completed,Online,,63.49,0.0,9.16,5.08,77.73,PayPal,Standard,,,,,,,0,0,0
559,ORD00000559,CUST00005636,2024-06-04 00:20:44,Completed,Online,,72.86,0.0,9.9,5.83,88.59,PayPal,Express,,,,,,,0,0,0
560,ORD00000560,CUST00008574,2024-10-16 23:16:06,Completed,Online,,143.21,0.0,8.56,11.46,163.23000000000002,Credit Card,Express,,,,,,,0,0,0
561,ORD00000561,CUST00003618,2024-09-19 01:44:04,Completed,Online,,174.82,0.0,10.71,13.99,199.52,Credit Card,Express,,,,,,,0,0,0
562,ORD00000562,CUST00049689,2023-12-29 06:08:58,Completed,Online,,166.85,0.0,8.92,13.35,189.11999999999998,Credit Card,Standard,,,,,,,0,0,0
563,ORD00000563,CUST00005085,2024-12-21 22:41:36,Completed,Online,,156.26,0.0,8.0,12.5,176.76,Credit Card,Express,,,,,,,0,0,0
564,ORD00000564,CUST00043734,2024-10-17 01:40:02,Completed,Online,,67.36,0.0,2.64,5.39,75.39,PayPal,Standard,,,,,,,0,0,0
565,ORD00000565,CUST00018659,2024-09-04 11:43:02,Completed,Online,,171.9,0.0,3.69,13.75,189.34,Debit Card,Express,,,,,,,0,0,0
566,ORD00000566,CUST00028168,2024-12-15 23:47:58,Completed,Online,,183.15,0.0,12.21,14.65,210.01000000000002,PayPal  ,Standard,,,,,,,0,0,0
567,ORD00000567,CUST00000586,2022-11-02 23:24:09,Completed,Online,,132.25,0.0,1.23,10.58,144.06,Credit Card,Standard,,,,,,,0,0,0
568,ORD00000568,CUST00013293,2024-10-03 19:26:26,Completed,  Online,,81.43,0.0,14.7,6.51,102.64000000000001,PayPal,  Standard,,,,,,BOOKFLUENCER20,0,0,0
569,ORD00000569,CUST00011850,2024-06-23 19:45:00,Completed,Online,,146.37,0.0,12.83,11.71,170.91000000000003,Debit Card,Standard,,,,,,,0,0,0
570,ORD00000570,CUST00043995,2024-01-19 14:54:11,Completed,Online,,103.99,0.0,3.41,8.32,115.72,Credit Card,Standard,,,,,,,0,0,0
571,ORD00000571,CUST00040313,2023-04-05 18:35:30,Completed,Online,,192.52,0.0,14.81,15.4,222.73000000000002,PayPal,Express,,,,,,,0,0,0
572,ORD00000572,CUST00018068,2023-03-04 04:55:40,Completed,Online,,128.28,0.0,5.37,10.26,143.91,Debit Card,Standard,,,,,,,0,0,0
573,ORD00000573,CUST00029442,2024-12-02 03:43:01,Completed,Online,,36.6,0.0,14.8,2.93,54.330000000000005,PayPal,Express,,,,,,,0,0,0
574,ORD00000574,CUST00041108,2023-06-25 23:58:36,Completed,Online,,125.38,0.0,7.73,10.03,143.14,Debit Card,Express,,,,,,,0,0,0
575,ORD00000575,CUST00020427,2024-08-11 21:32:26,Completed,Online,,32.85,0.0,9.71,2.63,45.190000000000005,Debit Card,Standard,,,,,,,0,0,0
576,ORD00000576,CUST00038336,2023-12-27 11:36:46,Completed,Online,,54.66,0.0,9.54,4.37,68.57,Credit Card,Express,,,,,,,0,0,0
577,ORD00000577,CUST00005254,2025-01-04 07:48:03,Completed,Online,,155.26,0.0,14.53,12.42,182.20999999999998,PayPal,Standard,,,,,,,0,0,0
578,ORD00000578,CUST00030172,2024-07-29 23:27:54,Completed,Online,,97.11,0.0,14.3,7.77,119.17999999999999,PayPal,Standard,,,,,,,0,0,0
579,ORD00000579,CUST00026937,2023-02-21 03:22:11,Completed,Online,,129.0,12.9,7.54,9.29,132.93,Credit Card,Standard,,,,,,NEWYEAR10,10,0,0
580,ORD00000580,CUST00026355,2024-08-10 16:12:48,Completed,Online,,199.45,0.0,11.98,15.96,227.39,Credit Card,Express,,,,,,,0,0,0
581,ORD00000581,CUST00008440,2023-01-22 04:48:10,Completed,Online,,65.4,0.0,9.91,5.23,80.54,Paypal,Standard,,,,,,,0,0,0
582,ORD00000582,CUST00019042,2023-12-05 05:15:12,completed,Online,,65.1,0.0,8.57,5.21,78.87999999999998,DEBIT CARD,Express,,,,,,,0,0,0
583,ORD00000583,CUST00016770,2024-04-03 14:26:29,Completed,Online,,78.39,0.0,5.72,6.27,90.38,PayPal,Standard,,,,,,,0,0,0
584,ORD00000584,CUST00003639,2024-04-22 09:36:11,Completed,Online,,34.4,0.0,7.07,2.75,44.22,  Debit Card,Express,,,,,,,0,0,0
585,ORD00000585,CUST00012920,2024-08-01 08:11:42,Completed,Online,,133.14,0.0,10.34,10.65,154.13,Credit Card,Express,,,,,,,0,0,0
586,ORD00000586,CUST00038443,2024-07-24 18:16:02,Completed,Online,,106.8,0.0,8.46,8.54,123.79999999999998,Debit Card,Standard,,,,,,,0,0,0
587,ORD00000587,CUST00025463,2022-04-10 21:40:48,Completed,Online,,67.58,0.0,13.17,5.41,86.16,PayPal,Standard,,,,,,,0,0,0
588,ORD00000588,CUST00000934,2023-06-28 21:20:07,Completed,Online,,163.8,0.0,3.76,13.1,180.66,Debit Card,Express,,,,,,,0,0,0
589,ORD00000589,CUST00032395,2023-09-01 19:24:17,Completed,Online,,26.07,0.0,14.04,2.09,42.2,PayPal,Standard,,,,,,,0,0,0
590,ORD00000590,CUST00029177,2023-04-30 02:39:14,completed,Online,,181.75,0.0,12.27,14.54,208.56,Debit Card,Standard,,,,,,,0,0,0
591,ORD00000591,CUST00013569,2024-06-25 20:50:26,Completed,Online,,192.64,0.0,2.57,15.41,210.61999999999998,Credit Card,Express,,,,,,,0,0,0
592,ORD00000592,CUST00009485,2021-12-02 18:01:06,COMPLETED,Online,,190.6,28.59,12.3,12.96,187.27,Debit Card,Express,,,,,,BFRIDAY15,15,0,0
593,ORD00000593,CUST00000944,2024-09-24 21:37:47,Completed,Online,,190.22,0.0,0.0,15.22,205.44,CREDIT CARD,Express,,,,,,BOOKFLUENCERSHIP,0,0,0
594,ORD00000594,CUST00022837,2024-03-21 06:00:52,  Completed,Online,,161.13,0.0,9.54,12.89,183.56,Credit Card,Standard,,,,,,,0,0,0
595,ORD00000595,CUST00035943,2022-04-14 09:46:57,Completed,online,,90.9,0.0,10.59,7.27,108.76,Debit Card,Standard,,,,,,,0,0,0
596,ORD00000596,CUST00031551,2023-07-22 07:34:31,Completed,Online,,56.22,0.0,7.95,4.5,68.67,Credit Card,Standard,,,,,,,0,0,0
597,ORD00000597,CUST00029248,2023-08-22 04:26:00,Completed,Online,,62.66,0.0,6.07,5.01,73.74,PayPal,Express,,,,,,,0,0,0
598,ORD00000598,CUST00020186,2024-11-07 22:27:50,Completed,Online,,30.19,0.0,8.15,2.42,40.760000000000005,Debit Card,Standard,,,,,,,0,0,0
599,ORD00000599,CUST00003410,2022-09-17 19:36:05,Completed,Online,,177.36,0.0,0.0,14.19,191.55,Debit Card,Express  ,,,,,,BOOKFLUENCERSHIP,0,0,0
600,ORD00000600,CUST00042430,2024-07-26 22:56:50,Completed,Online,,187.55,0.0,12.1,15.0,214.65,PayPal,Express,,,,,,,0,0,0
601,ORD00000601,CUST00017706,2023-04-22 11:13:42,  Completed,ONLINE,,173.99,0.0,10.57,13.92,198.48,Debit Card,Standard,,,,,,,0,0,0
602,ORD00000602,CUST00030929,2022-05-16 06:31:07,Completed,Online,,82.62,0.0,0.56,6.61,89.79,PayPal,Express,,,,,,,0,0,0
603,ORD00000603,CUST00032705,2023-03-02 02:20:01,Completed  ,Online,,52.2,0.0,2.97,4.18,59.35,PAYPAL,Express,,,,,,,0,0,0
604,ORD00000604,CUST00035263,2023-08-15 12:02:18,Completed,Online,,56.33,0.0,12.94,4.51,73.78,Debit Card,  Standard,,,,,,,0,0,0
605,ORD00000605,CUST00048906,2024-05-23 22:35:23,Completed,Online  ,,163.57,0.0,5.55,13.09,182.21,Credit Card,Standard,,,,,,,0,0,0
606,ORD00000606,CUST00000644,2022-09-06 11:24:59,Completed,Online,,57.84,0.0,5.11,4.63,67.58,PayPal,Express,,,,,,,0,0,0
607,ORD00000607,CUST00029206,2024-02-08 04:55:08,COMPLETED,Online,,193.85,0.0,0.0,15.51,209.35999999999999,PayPal,Express,,,,,,PARTNERSHIP,0,0,0
608,ORD00000608,CUST00045069,2021-03-11 06:38:46,Completed,Online,,162.36,0.0,14.48,12.99,189.83,PayPal,Express  ,,,,,,,0,0,0
609,ORD00000609,CUST00046169,2022-08-05 01:46:27,Completed,online,,44.38,0.0,2.7,3.55,50.63,Credit Card,  Standard,,,,,,,0,0,0
610,ORD00000610,CUST00038288,2023-12-15 20:25:42,Completed,Online,,145.57,0.0,3.64,11.65,160.85999999999999,PayPal,Standard,,,,,,,0,0,0
611,ORD00000611,CUST00040928,2024-05-29 05:16:17,Completed,Online,,195.15,0.0,3.28,15.61,214.04000000000002,PayPal,Express,,,,,,,0,0,0
612,ORD00000612,CUST00005547,2024-10-07 13:56:00,Completed,Online,,108.16,0.0,9.39,8.65,126.2,PayPal,Express,,,,,,,0,0,0
613,ORD00000613,CUST00001795,2024-01-22 08:36:26,Completed,Online,,47.8,4.78,13.82,3.44,60.279999999999994,Credit Card,Express,,,,,,GIFT10,10,0,0
614,ORD00000614,CUST00013229,2023-01-13 03:57:07,Completed  ,Online,,61.25,0.0,4.55,4.9,70.7,Credit Card,Standard,,,,,,,0,0,1
615,ORD00000615,CUST00037071,2021-12-24 14:34:00,Completed  ,Online,,82.74,0.0,0.45,6.62,89.81,PayPal,Express,,,,,,,0,0,0
616,ORD00000616,CUST00042654,2024-09-20 04:06:38,Completed,Online,,79.25,0.0,5.85,6.34,91.44,DEBIT CARD,STANDARD,,,,,,BOOKFLUENCER20,0,0,0
617,ORD00000617,CUST00037238,2023-07-07 10:24:57,COMPLETED,  Online,,192.86,0.0,0.41,15.43,208.70000000000002,Debit Card,Standard,,,,,,,0,0,0
618,ORD00000618,CUST00010537,2024-10-04 18:57:14,Completed,Online,,65.76,0.0,2.6,5.26,73.62,Debit Card,Standard,,,,,,,0,0,0
619,ORD00000619,CUST00022552,2024-09-20 05:42:48,Completed,Online,,39.84,0.0,8.25,3.19,51.28,Debit Card,Express,,,,,,,0,0,0
620,ORD00000620,CUST00042198,2023-05-13 08:19:01,Completed,Online,,52.06,0.0,14.51,4.16,70.73,Debit Card,  Express,,,,,,,0,0,0
621,ORD00000621,CUST00034643,2021-07-13 08:33:34,Completed,Online,,147.35,0.0,0.0,11.79,159.14,Credit Card,Express,,,,,,BOOKFLUENCERSHIP,0,0,0
622,ORD00000622,CUST00026097,2023-02-10 19:06:32,  Completed,Online,,116.93,0.0,7.3,9.35,133.58,Credit Card,  Standard,,,,,,,0,0,0
623,ORD00000623,CUST00013418,2023-06-16 13:09:42,Completed,  Online,,189.57,0.0,8.41,15.17,213.14999999999998,PayPal,Standard,,,,,,,0,0,0
624,ORD00000624,CUST00030262,2024-02-22 05:32:32,Completed,Online,,27.74,0.0,8.93,2.22,38.89,Debit Card,Express,,,,,,,0,0,0
625,ORD00000625,CUST00043683,2022-05-09 09:18:07,COMPLETED,Online,,164.13,0.0,10.12,13.13,187.38,Debit Card,Express,,,,,,,0,0,0
626,ORD00000626,CUST00037263,2024-09-15 00:09:13,Completed,Online,,136.71,0.0,5.24,10.94,152.89000000000001,Credit Card,Express,,,,,,,0,0,0
627,ORD00000627,CUST00039663,2023-12-25 19:35:56,Completed,Online,,149.74,0.0,8.26,11.98,169.98,PayPal,Express,,,,,,,0,0,0
628,ORD00000628,CUST00003483,2023-03-30 02:14:11,Completed,Online,,158.62,0.0,14.81,12.69,186.12,credit card,Express,,,,,,,0,0,0
629,ORD00000629,CUST00043668,2023-11-19 01:38:59,Completed,Online,,152.3,0.0,7.7,12.18,172.18,Debit Card,Express,,,,,,,0,0,0
630,ORD00000630,CUST00014086,2024-04-15 10:18:33,  Completed,Online,,151.88,0.0,12.87,12.15,176.9,Debit Card,Express,,,,,,,0,0,0
631,ORD00000631,CUST00014686,2022-02-28 08:56:46,Completed,Online,,48.64,0.0,0.0,3.89,52.53,PayPal,Standard,,,,,,  BOOKFLUENCERSHIP,0,0,0
632,ORD00000632,CUST00025924,2022-08-26 03:00:36,Completed,Online,,95.41,0.0,7.59,7.63,110.63,CREDIT CARD,Express,,,,,,,0,0,0
633,ORD00000633,CUST00023028,2024-09-22 01:37:52,Completed,Online,,146.89,0.0,13.1,11.75,171.73999999999998,PayPal,Express,,,,,,,0,0,0
634,ORD00000634,CUST00016438,2022-08-15 05:26:29,  Completed,Online,,162.07,0.0,0.0,12.97,175.04,PayPal,Standard,,,,,,BOOKFLUENCERSHIP,0,0,0
635,ORD00000635,CUST00023378,2024-08-25 05:46:39,Completed,Online,,175.11,0.0,6.11,14.01,195.23000000000002,  PayPal,Standard,,,,,,,0,0,0
636,ORD00000636,CUST00038653,2024-11-20 07:04:43,Completed,Online,,69.74,0.0,5.52,5.58,80.83999999999999,Debit Card,Standard,,,,,,,0,0,0
637,ORD00000637,CUST00042759,2024-05-24 17:58:12,Completed,Online  ,,90.95,0.0,13.79,7.28,112.02000000000001,Credit Card,express,,,,,,,0,0,0
638,ORD00000638,CUST00014105,2024-09-26 13:15:05,Completed,Online,,128.44,0.0,1.39,10.28,140.10999999999999,Debit Card,Express,,,,,,,0,0,0
639,ORD00000639,CUST00047134,2022-03-23 08:54:42,Completed,Online,,153.27,0.0,0.86,12.26,166.39000000000001,PayPal,Express,,,,,,,0,0,0
640,ORD00000640,CUST00013578,2024-07-07 16:12:07,Completed,Online,,100.45,0.0,13.34,8.04,121.83000000000001,PayPal,Express,,,,,,PARTNER20,0,0,0
641,ORD00000641,CUST00018012,2022-08-02 16:29:26,Completed,Online,,133.86,0.0,5.34,10.71,149.91000000000003,DEBIT CARD,Standard,,,,,,,0,0,0
642,ORD00000642,CUST00013870,2023-01-10 23:04:18,Completed,Online,,101.71,0.0,0.29,8.14,110.14,Credit Card,Standard  ,,,,,,,0,0,0
643,ORD00000643,CUST00017903,2023-12-10 18:25:32,Completed,Online,,106.48,0.0,1.94,8.52,116.94,Credit Card,Express,,,,,,,0,0,0
644,ORD00000644,CUST00012030,2024-12-29 09:26:32,Completed,Online,,77.55,0.0,6.99,6.2,90.74,Credit Card,Standard,,,,,,,0,0,0
645,ORD00000645,CUST00017544,2024-10-28 19:33:44,Completed,Online,,41.57,0.0,0.0,3.33,44.9,Debit Card,Standard,,,,,,PARTNERSHIP,0,0,0
646,ORD00000646,CUST00008489,2022-10-16 00:01:06,Completed,Online,,198.18,0.0,4.55,15.85,218.58,Debit Card,Standard,,,,,,,0,0,0
647,ORD00000647,CUST00016515,2023-07-13 11:33:54,Completed,Online,,35.82,0.0,11.19,2.87,49.879999999999995,Credit Card,Standard,,,,,,,0,0,0
648,ORD00000648,CUST00046892,2023-06-30 12:36:35,Completed,Online,,183.28,0.0,11.38,14.66,209.32,PayPal,EXPRESS,,,,,,,0,0,0
649,ORD00000649,CUST00004632,2024-12-20 11:13:58,Completed,Online,,130.02,0.0,6.68,10.4,147.10000000000002,PayPal  ,Standard,,,,,,,0,0,0
650,ORD00000650,CUST00032457,2022-11-10 00:39:31,Completed,Online,,87.14,0.0,12.35,6.97,106.46,credit card,express,,,,,,,0,0,0
651,ORD00000651,CUST00049914,2024-01-04 23:03:55,Completed,Online,,198.66,0.0,9.59,15.89,224.14,Credit Card,Express,,,,,,,0,0,0
652,ORD00000652,CUST00046465,2023-02-28 23:22:19,Completed,Online,,88.04,0.0,0.04,7.04,95.12000000000002,PayPal,Standard,,,,,,,0,0,0
653,ORD00000653,CUST00000666,2024-12-30 03:27:39,Completed,Online,,90.12,0.0,12.84,7.21,110.17,Credit Card,Express,,,,,,,0,0,0
654,ORD00000654,CUST00035536,2024-08-01 14:47:35,completed,Online,,190.16,0.0,12.49,15.21,217.86,Credit Card,Standard,,,,,,,0,0,0
655,ORD00000655,CUST00044195,2025-01-07 22:08:04,Completed,Online,,189.68,0.0,10.07,15.17,214.92,Credit Card,Express,,,,,,Partner20,0,0,0
656,ORD00000656,CUST00016923,2022-08-05 08:41:27,Completed,Online,,188.61,0.0,8.67,15.09,212.37,PayPal,Standard,,,,,,,0,0,0
657,ORD00000657,CUST00012256,2023-07-18 21:51:16,Completed,Online,,128.35,0.0,2.89,10.27,141.51,PayPal,Express,,,,,,,0,0,0
658,ORD00000658,CUST00028509,2025-01-12 08:16:28,Completed,Online,,42.49,0.0,5.49,3.4,51.38,Credit Card,Express,,,,,,,0,0,0
659,ORD00000659,CUST00008415,2023-07-27 17:06:37,Completed,Online,,126.23,0.0,11.78,10.1,148.10999999999999,PayPal  ,Standard,,,,,,,0,0,0
660,ORD00000660,CUST00040917,2022-11-01 09:43:39,Completed,Online,,152.06,0.0,13.9,12.16,178.12,Debit Card,EXPRESS,,,,,,,0,0,0
661,ORD00000661,CUST00009669,2024-01-20 18:39:27,Completed,Online,,116.48,0.0,10.03,9.32,135.83,PayPal,Standard  ,,,,,,,0,0,0
662,ORD00000662,CUST00049832,2024-10-28 07:49:57,completed,Online,,125.2,0.0,11.91,10.02,147.13000000000002,Credit Card,Standard,,,,,,,0,0,0
663,ORD00000663,CUST00005669,2022-10-21 11:50:58,Completed,online,,51.36,0.0,0.0,4.11,55.47,PayPal,Express,,,,,,BOOKFLUENCERSHIP,0,0,0
664,ORD00000664,CUST00031209,2024-07-24 18:56:41,Completed  ,Online,,80.52,0.0,8.05,6.44,95.00999999999999,Credit Card  ,Express,,,,,,,0,0,0
665,ORD00000665,CUST00005548,2023-01-18 17:51:39,Completed,Online,,172.11,0.0,10.62,13.77,196.50000000000003,Debit Card,Express,,,,,,BOOKFLUENCER20,0,0,0
666,ORD00000666,CUST00015086,2023-09-13 05:27:04,Completed,Online,,36.04,0.0,7.96,2.88,46.88,Credit Card,Express,,,,,,,0,0,1
667,ORD00000667,CUST00039911,2024-07-21 05:24:14,Completed  ,Online,,168.96,0.0,6.97,13.52,189.45000000000002,Debit Card,Express,,,,,,,0,0,0
668,ORD00000668,CUST00026351,2024-04-06 22:52:09,Completed,Online,,130.81,0.0,3.41,10.46,144.68,  Debit Card,Express,,,,,,,0,0,0
669,ORD00000669,CUST00015644,2022-06-28 01:19:00,Completed,Online,,178.23,0.0,10.35,14.26,202.83999999999997,Credit Card,Express,,,,,,,0,0,0
670,ORD00000670,CUST00032209,2021-11-16 06:11:27,Completed,Online,,151.8,22.77,6.61,10.32,145.96,Credit Card,Express,,,,,,BOOKFLUENCER15,15,0,0
671,ORD00000671,CUST00034691,2023-11-29 21:16:45,completed,Online,,147.28,0.0,11.94,11.78,171.0,Credit Card,Standard,,,,,,,0,0,0
672,ORD00000672,CUST00017783,2024-10-15 19:54:58,Completed,Online,,143.43,0.0,11.78,11.47,166.68,PayPal,Standard,,,,,,,0,0,0
673,ORD00000673,CUST00034497,2023-06-06 12:48:11,Completed,Online,,127.99,0.0,4.11,10.24,142.34,Credit Card,Standard,,,,,,,0,0,0
674,ORD00000674,CUST00014277,2023-07-19 09:23:30,Completed,Online,,77.0,0.0,11.62,6.16,94.78,PayPal,Standard,,,,,,,0,0,1
675,ORD00000675,CUST00042840,2022-09-04 03:48:20,Completed,Online,,44.71,0.0,14.22,3.58,62.51,Debit Card,Standard,,,,,,,0,0,0
676,ORD00000676,CUST00021023,2025-01-11 19:18:20,Completed,Online,,47.83,0.0,12.72,3.83,64.38,DEBIT CARD,Standard,,,,,,,0,0,0
677,ORD00000677,CUST00029064,2023-08-02 15:05:32,Completed,Online,,96.05,0.0,12.78,7.68,116.50999999999999,PayPal,Express,,,,,,,0,0,0
678,ORD00000678,CUST00034091,2022-10-02 09:25:57,Completed,Online,,125.3,0.0,0.0,10.02,135.32,PayPal,Express,,,,,,BOOKFLUENCERSHIP,0,0,0
679,ORD00000679,CUST00012235,2024-07-27 16:06:01,completed,Online,,37.75,0.0,14.7,3.02,55.470000000000006,Credit Card,Standard,,,,,,,0,0,0
680,ORD00000680,CUST00017198,2024-12-12 00:00:50,Completed,Online,,168.33,0.0,13.15,13.47,194.95000000000002,PayPal,Express,,,,,,,0,0,0
681,ORD00000681,CUST00023123,2022-10-02 11:15:23,Completed,Online,,45.44,0.0,0.0,3.64,49.08,debit card,Express,,,,,,BOOKFLUENCERSHIP,0,0,0
682,ORD00000682,CUST00003926,2022-12-19 16:53:17,Completed,Online,,109.5,0.0,3.18,8.76,121.44000000000001,PayPal,Express,,,,,,,0,0,0
683,ORD00000683,CUST00014309,2022-02-02 05:39:17,Completed,Online,,45.1,0.0,0.0,3.61,48.71,PayPal,Express,,,,,,BOOKFLUENCERSHIP,0,0,0
684,ORD00000684,CUST00031180,2023-08-25 10:33:05,Completed,ONLINE,,39.52,0.0,3.77,3.16,46.45,Credit Card,Standard  ,,,,,,,0,0,0
685,ORD00000685,CUST00019655,2024-10-13 14:43:56,completed,Online,,128.09,0.0,0.0,10.25,138.34,Debit Card,standard,,,,,,Schoolship,0,0,0
686,ORD00000686,CUST00021370,2023-02-19 01:03:37,Completed,Online,,105.82,10.58,1.19,7.62,104.05,debit card,Standard,,,,,,NEWYEAR10,10,0,0
687,ORD00000687,CUST00020586,2024-08-12 13:24:06,Completed,Online,,31.88,3.19,1.73,2.3,32.72,PayPal,Standard,,,,,,SAVE10,10,0,0
688,ORD00000688,CUST00018907,2023-10-29 04:53:02,completed,Online  ,,86.97,0.0,13.43,6.96,107.36,Credit Card,Standard,,,,,,,0,0,0
689,ORD00000689,CUST00044552,2021-07-09 03:58:00,Completed,Online,,92.5,0.0,1.64,7.4,101.54,PayPal,Express,,,,,,,0,0,0
690,ORD00000690,CUST00043856,2024-05-21 23:24:39,Completed,Online,,149.46,0.0,0.67,11.96,162.09,  debit card,Standard,,,,,,,0,0,0
691,ORD00000691,CUST00030823,2024-12-12 02:25:38,Completed,Online,,181.48,0.0,4.0,14.52,200.0,Debit Card,Standard,,,,,,PARTNER20,0,0,0
692,ORD00000692,CUST00003855,2024-12-26 00:47:38,Completed,Online,,36.93,0.0,13.05,2.95,52.93000000000001,Debit Card,Standard,,,,,,,0,0,0
693,ORD00000693,CUST00041630,2022-08-29 18:23:16,Completed  ,Online,,63.7,0.0,0.0,5.1,68.8,Debit Card,Standard,,,,,,BOOKFLUENCERSHIP,0,0,0
694,ORD00000694,CUST00009564,2023-12-09 21:26:39,Completed,Online,,95.36,0.0,5.42,7.63,108.41,  debit card,Express,,,,,,,0,0,0
695,ORD00000695,CUST00003565,2024-12-21 20:21:28,  Completed,online,,25.75,0.0,4.18,2.06,31.99,Credit Card,Standard,,,,,,,0,0,0
696,ORD00000696,CUST00026019,2024-02-18 13:41:54,Completed,Online,,23.47,0.0,1.74,1.88,27.089999999999996,Credit Card,Express  ,,,,,,,0,0,0
697,ORD00000697,CUST00042273,2022-11-03 10:26:05,Completed,ONLINE,,181.31,0.0,0.97,14.5,196.78,PayPal,Standard,,,,,,,0,0,1
698,ORD00000698,CUST00034196,2024-03-12 12:08:42,Completed,online,,194.91,0.0,8.73,15.59,219.23,Debit Card,Standard,,,,,,,0,0,0
699,ORD00000699,CUST00032667,2023-12-28 04:16:38,Completed,Online,,177.07,0.0,12.56,14.17,203.79999999999998,Paypal,Express,,,,,,,0,0,0
700,ORD00000700,CUST00035398,2022-07-09 21:18:51,  Completed,Online,,127.88,0.0,8.51,10.23,146.61999999999998,Credit Card,express  ,,,,,,,0,0,1
701,ORD00000701,CUST00027172,2021-09-14 02:47:17,completed,Online,,75.7,0.0,2.36,6.06,84.12,Debit Card,Express,,,,,,,0,0,0
702,ORD00000702,CUST00020021,2022-11-29 18:07:24,Completed,Online,,191.42,0.0,7.73,15.31,214.45999999999998,Debit Card,Express  ,,,,,,,0,0,0
703,ORD00000703,CUST00021456,2022-10-25 21:07:05,Completed,Online,,168.03,0.0,0.0,13.44,181.47,PayPal,Standard,,,,,,BOOKFLUENCERSHIP,0,0,0
704,ORD00000704,CUST00027085,2025-01-14 13:02:19,Completed,Online,,160.89,0.0,4.98,12.87,178.73999999999998,Debit Card,Express,,,,,,,0,0,0
705,ORD00000705,CUST00001501,2024-05-01 07:33:47,Completed,ONLINE,,109.95,0.0,13.86,8.8,132.61,Debit Card,Standard,,,,,,,0,0,0
706,ORD00000706,CUST00031330,2024-06-30 10:35:09,Completed,Online,,175.97,0.0,5.26,14.08,195.31,Debit Card,Standard,,,,,,,0,0,0
707,ORD00000707,CUST00032170,2024-11-23 19:05:33,Completed,Online,,82.08,0.0,4.12,6.57,92.77000000000001,Debit Card,Standard,,,,,,,0,0,0
708,ORD00000708,CUST00007829,2024-05-25 00:14:45,Completed,Online,,148.13,22.22,11.59,10.07,147.57,Credit Card,express,,,,,,PARTNER15,15,0,0
709,ORD00000709,CUST00037133,2022-08-10 16:24:16,Completed,  Online,,180.91,0.0,0.0,14.47,195.38,Debit Card,Express,,,,,,BOOKFLUENCERSHIP,0,0,0
710,ORD00000710,CUST00044886,2023-06-10 01:41:09,Completed,Online,,78.77,7.88,5.77,5.67,82.33,Credit Card,Standard  ,,,,,,SAVE10,10,0,0
711,ORD00000711,CUST00017732,2022-08-07 06:55:46,Completed,Online,,162.73,0.0,1.7,13.02,177.45,PayPal,  Express,,,,,,,0,0,0
712,ORD00000712,CUST00012238,2024-02-15 00:02:06,Completed,Online,,125.65,0.0,11.26,10.05,146.96,PAYPAL,Express,,,,,,,0,0,0
713,ORD00000713,CUST00043816,2023-08-05 21:26:34,completed,  Online,,185.92,0.0,7.36,14.87,208.15,Debit Card,Express,,,,,,,0,0,0
714,ORD00000714,CUST00028994,2023-10-17 13:17:51,Completed,Online,,28.34,0.0,5.26,2.27,35.870000000000005,PayPal,Standard,,,,,,,0,0,0
715,ORD00000715,CUST00047168,2024-11-16 11:10:56,Completed,online,,177.54,0.0,8.68,14.2,200.42,Credit Card,  Express,,,,,,,0,0,0
716,ORD00000716,CUST00006867,2022-11-20 16:16:50,completed,Online,,175.36,0.0,6.91,14.03,196.3,PayPal,EXPRESS,,,,,,,0,0,0
717,ORD00000717,CUST00033021,2024-08-29 14:24:33,Completed,Online,,162.45,0.0,13.37,13.0,188.82,PAYPAL,Standard,,,,,,PARTNER20,0,0,0
718,ORD00000718,CUST00036612,2024-03-13 15:23:02,Completed,ONLINE,,181.72,0.0,0.0,14.54,196.26,Credit Card,Express,,,,,,HOLIDAYSHIP,0,0,0
719,ORD00000719,CUST00012108,2022-12-03 10:22:21,Completed,online,,44.16,0.0,6.14,3.53,53.83,Debit Card,Express,,,,,,,0,0,0
720,ORD00000720,CUST00028974,2024-08-06 02:23:51,Completed,Online,,89.88,0.0,9.12,7.19,106.19,PayPal,express,,,,,,,0,0,0
721,ORD00000721,CUST00015334,2023-09-19 05:24:00,  Completed,Online,,156.7,0.0,11.52,12.54,180.76,PayPal,Express,,,,,,,0,0,0
722,ORD00000722,CUST00045052,2023-06-03 17:54:59,Completed,Online,,98.13,9.81,7.13,7.07,102.51999999999998,credit card,Express,,,,,,SAVE10,10,0,0
723,ORD00000723,CUST00025623,2023-09-09 11:25:57,Completed,Online,,49.1,0.0,4.49,3.93,57.52,Credit Card  ,EXPRESS,,,,,,,0,0,0
724,ORD00000724,CUST00041184,2023-12-21 05:39:48,Completed,Online,,123.81,0.0,4.52,9.9,138.23000000000002,PAYPAL,Standard,,,,,,,0,0,0
725,ORD00000725,CUST00007825,2024-11-13 17:39:27,completed,Online,,25.37,3.81,0.66,1.72,23.94,Debit Card,Standard,,,,,,BOOKFLUENCER15,15,0,0
726,ORD00000726,CUST00029993,2024-11-22 02:47:40,Completed,Online,,114.44,0.0,8.32,9.16,131.92,Debit Card,  Standard,,,,,,,0,0,0
727,ORD00000727,CUST00040799,2024-07-22 18:15:44,Completed,Online,,76.78,0.0,1.46,6.14,84.38,Debit Card,Express,,,,,,,0,0,0
728,ORD00000728,CUST00015112,2023-02-25 21:53:28,Completed,Online,,115.78,11.58,5.76,8.34,118.30000000000001,Debit Card,Standard,,,,,,NEWYEAR10,10,0,0
729,ORD00000729,CUST00028300,2024-04-15 20:29:35,Completed,Online,,47.44,0.0,8.0,3.8,59.239999999999995,Credit Card,Express,,,,,,,0,0,0
730,ORD00000730,CUST00005689,2021-08-03 12:18:03,Completed,Online,,169.25,0.0,0.0,13.54,182.79,PayPal,Standard,,,,,,BOOKFLUENCERSHIP,0,0,0
731,ORD00000731,CUST00036423,2023-12-07 04:19:03,Completed,Online,,46.97,0.0,13.35,3.76,64.08,Debit Card,  Express,,,,,,,0,0,0
732,ORD00000732,CUST00021804,2024-04-07 16:14:11,Completed,Online,,111.05,0.0,3.89,8.88,123.82,PayPal,Standard,,,,,,,0,0,0
733,ORD00000733,CUST00000074,2023-09-26 18:57:34,COMPLETED,online,,46.25,0.0,4.19,3.7,54.14,Credit Card  ,Express  ,,,,,,,0,0,0
734,ORD00000734,CUST00033994,2024-12-13 01:43:27,Completed,Online,,28.11,0.0,0.0,2.25,30.36,Credit Card,Standard,,,,,,SCHOOLSHIP,0,0,0
735,ORD00000735,CUST00047390,2022-11-12 06:46:21,Completed,Online,,134.82,0.0,0.0,10.79,145.60999999999999,PayPal,Standard,,,,,,PARTNERSHIP,0,0,0
736,ORD00000736,CUST00037192,2023-04-16 02:52:55,Completed,online,,122.04,0.0,6.73,9.76,138.53,Debit Card,Express,,,,,,,0,0,0
737,ORD00000737,CUST00028862,2024-06-22 03:13:25,Completed,Online,,152.93,0.0,9.96,12.23,175.12,PayPal,Express,,,,,,,0,0,0
738,ORD00000738,CUST00008737,2024-12-15 21:30:26,Completed,Online,,149.21,0.0,7.21,11.94,168.36,Credit Card,Express,,,,,,,0,0,0
739,ORD00000739,CUST00020307,2024-06-08 21:19:52,Completed,Online,,108.35,16.25,0.52,7.37,99.99,Credit Card,Express,,,,,,PARTNER15,15,0,0
740,ORD00000740,CUST00013078,2022-10-09 22:09:00,Completed,Online,,183.39,0.0,13.45,14.67,211.50999999999996,Credit Card,STANDARD,,,,,,,0,0,0
741,ORD00000741,CUST00032036,2023-08-31 09:46:31,Completed,Online,,162.38,0.0,1.65,12.99,177.02,Debit Card,Standard,,,,,,,0,0,0
742,ORD00000742,CUST00025007,2024-09-08 23:23:25,Completed,Online,,59.38,0.0,9.57,4.75,73.7,PayPal  ,Express,,,,,,,0,0,0
743,ORD00000743,CUST00006300,2024-09-13 02:52:59,Completed,Online,,114.24,0.0,0.0,9.14,123.38,PayPal,Standard,,,,,,BOOKFLUENCERSHIP,0,0,0
744,ORD00000744,CUST00025450,2024-04-29 15:08:38,Completed,Online,,129.38,0.0,8.51,10.35,148.23999999999998,Debit Card  ,Standard,,,,,,,0,0,0
745,ORD00000745,CUST00008007,2024-03-15 12:19:15,Completed,Online,,26.72,0.0,0.57,2.14,29.43,PayPal,Standard,,,,,,,0,0,0
746,ORD00000746,CUST00035060,2023-11-04 09:16:13,Completed,Online,,73.42,11.01,2.33,4.99,69.73,PayPal,Standard,,,,,,  SAVE15,15,0,0
747,ORD00000747,CUST00010915,2024-09-19 15:11:05,  Completed,Online,,191.6,0.0,13.31,15.33,220.24,PayPal,Express,,,,,,,0,0,0
748,ORD00000748,CUST00031591,2023-10-17 00:42:01,Completed,ONLINE,,83.82,12.57,3.7,5.7,80.65,Credit Card,Express,,,,,,SAVE15,15,0,0
749,ORD00000749,CUST00018338,2024-06-23 15:12:38,Completed,Online,,133.36,0.0,7.71,10.67,151.74,PayPal,Standard,,,,,,,0,0,1
750,ORD00000750,CUST00025900,2024-01-09 01:38:07,Completed,Online,,72.03,0.0,14.46,5.76,92.25000000000001,PayPal,Express,,,,,,,0,0,0
751,ORD00000751,CUST00019208,2024-07-29 19:11:13,Completed,Online,,163.0,0.0,3.53,13.04,179.57,PayPal,Standard,,,,,,,0,0,0
752,ORD00000752,CUST00010613,2024-01-14 06:35:27,Completed,Online,,22.77,0.0,0.96,1.82,25.55,Credit Card,Standard,,,,,,,0,0,0
753,ORD00000753,CUST00003707,2022-10-16 10:43:16,Completed,Online,,116.61,0.0,12.47,9.33,138.41000000000003,Debit Card,  Express,,,,,,,0,0,0
754,ORD00000754,CUST00022476,2023-07-24 16:22:44,Completed,Online,,110.15,0.0,9.19,8.81,128.15,Debit Card,Standard,,,,,,,0,0,0
755,ORD00000755,CUST00017095,2023-08-25 00:43:51,Completed,Online,,54.73,0.0,13.54,4.38,72.64999999999999,Credit Card,Express,,,,,,,0,0,0
756,ORD00000756,CUST00002426,2024-07-09 22:50:00,completed,Online,,47.14,0.0,1.51,3.77,52.42,Debit Card,Express,,,,,,,0,0,0
757,ORD00000757,CUST00005604,2022-09-01 01:18:38,Completed,Online,,114.26,0.0,0.0,9.14,123.4,Debit Card,Standard,,,,,,BOOKFLUENCERSHIP  ,0,0,0
758,ORD00000758,CUST00017868,2023-01-09 09:31:11,completed,Online,,191.99,0.0,8.67,15.36,216.01999999999998,Credit Card,Express,,,,,,,0,0,0
759,ORD00000759,CUST00001869,2025-01-06 19:31:02,Completed,Online,,91.55,0.0,0.25,7.32,99.12,PayPal,Express,,,,,,,0,0,0
760,ORD00000760,CUST00011251,2022-06-05 22:48:21,Completed,Online,,80.74,0.0,14.5,6.46,101.69999999999999,Credit Card,  Express,,,,,,,0,0,0
761,ORD00000761,CUST00002321,2022-11-19 10:03:37,Completed,Online,,61.28,0.0,13.43,4.9,79.61000000000001,Debit Card,Express,,,,,,,0,0,0
762,ORD00000762,CUST00006912,2021-12-18 00:06:33,Completed,Online,,108.16,0.0,3.16,8.65,119.97,PayPal,EXPRESS,,,,,,,0,0,0
763,ORD00000763,CUST00013289,2023-01-04 08:27:29,Completed,Online,,63.74,0.0,10.69,5.1,79.53,PayPal,Express,,,,,,,0,0,0
764,ORD00000764,CUST00047973,2024-06-05 16:08:02,  Completed,Online,,189.77,28.47,10.13,12.9,184.33,Debit Card,Standard,,,,,,PARTNER15,15,0,1
765,ORD00000765,CUST00031520,2023-10-07 10:04:17,Completed,Online,,158.78,0.0,2.74,12.7,174.22,Debit Card,Express,,,,,,,0,0,0
766,ORD00000766,CUST00048066,2024-01-19 00:50:55,Completed,Online,,47.14,0.0,4.39,3.77,55.300000000000004,  Debit Card,Express  ,,,,,,,0,0,0
767,ORD00000767,CUST00018559,2022-12-16 01:53:28,Completed,Online,,98.19,0.0,2.47,7.86,108.52,PayPal,Express,,,,,,,0,0,0
768,ORD00000768,CUST00005239,2022-03-06 13:53:17,Completed,Online,,175.23,0.0,0.0,14.02,189.25,PayPal,STANDARD,,,,,,BOOKFLUENCERSHIP,0,0,0
769,ORD00000769,CUST00027985,2024-06-24 15:59:17,Completed  ,Online,,133.36,0.0,7.01,10.67,151.04,Debit Card,Express,,,,,,,0,0,0
770,ORD00000770,CUST00013517,2024-07-12 19:34:26,Completed,online,,108.22,0.0,11.81,8.66,128.69,CREDIT CARD,Standard,,,,,,PARTNER20,0,0,0
771,ORD00000771,CUST00001189,2023-11-23 20:54:58,Completed,Online,,160.38,0.0,8.77,12.83,181.98000000000002,Debit Card,Standard,,,,,,,0,0,0
772,ORD00000772,CUST00042390,2023-12-13 17:02:25,Completed,Online,,164.89,0.0,5.42,13.19,183.49999999999997,PayPal,Express,,,,,,,0,0,0
773,ORD00000773,CUST00022269,2024-11-25 10:59:50,Completed,Online,,51.3,0.0,1.71,4.1,57.11,Debit Card,Standard,,,,,,,0,0,0
774,ORD00000774,CUST00041662,2024-07-30 01:08:34,Completed,  Online,,140.11,0.0,1.7,11.21,153.02,Debit Card,Express,,,,,,,0,0,0
775,ORD00000775,CUST00029048,2022-08-28 04:12:55,Completed,Online,,89.28,0.0,12.89,7.14,109.31,  PayPal,Standard,,,,,,,0,0,0
776,ORD00000776,CUST00015641,2022-03-26 20:39:04,  Completed,Online,,123.62,0.0,0.65,9.89,134.16000000000003,Credit Card,Standard,,,,,,,0,0,0
777,ORD00000777,CUST00046944,2023-04-25 02:39:28,Completed,Online,,35.32,0.0,11.09,2.83,49.239999999999995,PayPal,Standard,,,,,,,0,0,0
778,ORD00000778,CUST00002500,2024-09-05 19:30:35,Completed,Online,,68.95,0.0,0.0,5.52,74.47,PayPal,Standard,,,,,,PARTNERSHIP,0,0,0
779,ORD00000779,CUST00033232,2023-09-23 08:59:19,completed,Online,,66.39,0.0,0.14,5.31,71.84,PayPal  ,  Express,,,,,,,0,0,0
780,ORD00000780,CUST00028055,2023-07-10 15:49:57,Completed  ,Online,,118.83,0.0,4.08,9.51,132.42,Credit Card,Express,,,,,,,0,0,0
781,ORD00000781,CUST00029139,2023-11-21 20:42:03,Completed,Online,,103.16,0.0,0.62,8.25,112.03,Credit Card,Express,,,,,,,0,0,0
782,ORD00000782,CUST00004951,2022-10-02 19:59:58,Completed,Online,,155.83,0.0,10.01,12.47,178.31,PayPal,Standard,,,,,,,0,0,0
783,ORD00000783,CUST00010176,2024-08-01 17:42:41,Completed,Online,,41.79,0.0,11.58,3.34,56.709999999999994,Debit Card,Standard,,,,,,,0,0,0
784,ORD00000784,CUST00046828,2024-09-25 21:18:46,Completed,Online,,51.07,0.0,6.11,4.09,61.269999999999996,Credit Card,Standard,,,,,,,0,0,0
785,ORD00000785,CUST00021373,2023-03-21 17:16:46,  Completed,Online,,161.06,0.0,1.5,12.88,175.44,PayPal,Standard,,,,,,,0,0,0
786,ORD00000786,CUST00027652,2024-02-07 08:20:33,Completed,Online,,153.99,0.0,5.58,12.32,171.89000000000001,Debit Card,  Standard,,,,,,,0,0,0
787,ORD00000787,CUST00007905,2024-02-03 21:39:17,COMPLETED,Online,,62.06,0.0,14.69,4.96,81.71,PayPal  ,Standard,,,,,,,0,0,0
788,ORD00000788,CUST00032167,2023-10-25 06:21:13,Completed,Online,,192.08,0.0,5.22,15.37,212.67000000000002,Credit Card,Express,,,,,,,0,0,1
789,ORD00000789,CUST00013642,2024-02-07 07:31:35,Completed,online,,149.27,0.0,9.95,11.94,171.16,Credit Card  ,standard,,,,,,,0,0,0
790,ORD00000790,CUST00045905,2022-12-12 14:38:23,Completed  ,Online,,189.45,0.0,0.1,15.16,204.70999999999998,Credit Card,Standard,,,,,,,0,0,0
791,ORD00000791,CUST00044932,2023-12-17 07:03:27,Completed,Online,,127.64,19.15,3.3,8.68,120.47,Credit Card,express,,,,,,BOOKFLUENCER15,15,0,0
792,ORD00000792,CUST00010447,2021-10-20 07:05:26,  Completed,Online,,112.25,0.0,4.9,8.98,126.13000000000001,Credit Card,  EXPRESS,,,,,,,0,0,0
793,ORD00000793,CUST00006507,2024-11-11 10:50:04,Completed,Online,,20.55,0.0,0.0,1.64,22.19,credit card,Standard,,,,,,BFRIDAYSHIP,0,0,0
794,ORD00000794,CUST00002000,2024-06-26 10:45:34,completed,Online,,170.75,0.0,14.39,13.66,198.79999999999998,Credit Card,Express,,,,,,,0,0,0
795,ORD00000795,CUST00022869,2024-10-03 10:17:47,Completed,Online  ,,114.49,0.0,7.71,9.16,131.35999999999999,PayPal,Standard,,,,,,,0,0,0
796,ORD00000796,CUST00006856,2024-03-09 18:03:48,Completed,Online,,174.4,0.0,0.0,13.95,188.35,PayPal,Express,,,,,,holidayship,0,0,0
797,ORD00000797,CUST00000858,2024-04-09 08:29:28,  Completed,  Online,,191.97,0.0,9.44,15.36,216.76999999999998,Credit Card,Standard,,,,,,,0,0,0
798,ORD00000798,CUST00011342,2023-11-14 14:49:53,Completed,Online,,198.08,29.71,5.96,13.47,187.8,Credit Card,Express,,,,,,BOOKFLUENCER15,15,0,0
799,ORD00000799,CUST00030253,2023-12-27 15:45:17,Completed,online,,118.73,0.0,14.71,9.5,142.94,PayPal,Standard,,,,,,,0,0,0
800,ORD00000800,CUST00015347,2023-05-13 20:53:22,Completed,Online,,45.21,0.0,10.02,3.62,58.85,Credit Card,Express,,,,,,,0,0,1
801,ORD00000801,CUST00010273,2024-11-26 16:54:35,Completed,Online,,45.97,0.0,8.7,3.68,58.35,Debit Card,Standard,,,,,,,0,0,0
802,ORD00000802,CUST00038579,2024-08-26 05:51:03,Completed  ,Online,,86.18,0.0,9.33,6.89,102.4,Debit Card,Express,,,,,,,0,0,0
803,ORD00000803,CUST00026294,2023-07-27 11:50:25,Completed,Online,,123.59,0.0,1.96,9.89,135.44,Credit Card,Express,,,,,,,0,0,0
804,ORD00000804,CUST00023273,2024-02-02 01:34:45,Completed,Online  ,,70.53,0.0,2.38,5.64,78.55,PayPal,Express,,,,,,,0,0,0
805,ORD00000805,CUST00020814,2024-12-16 17:02:55,Completed,Online,,32.5,0.0,4.43,2.6,39.53,Credit Card,Express,,,,,,,0,0,0
806,ORD00000806,CUST00003220,2022-01-18 02:11:56,Completed,Online,,133.78,20.07,6.14,9.1,128.95000000000002,PayPal  ,Express,,,,,,PARTNER15,15,0,0
807,ORD00000807,CUST00008235,2023-04-22 12:46:02,Completed,Online,,148.78,0.0,14.24,11.9,174.92000000000002,Debit Card,Express,,,,,,,0,0,0
808,ORD00000808,CUST00006137,2025-01-10 04:37:11,Completed,Online,,59.77,0.0,14.45,4.78,79.0,PayPal,Express,,,,,,,0,0,0
809,ORD00000809,CUST00014312,2024-06-25 10:58:39,Completed,Online,,175.07,0.0,3.45,14.01,192.52999999999997,Debit Card,Express,,,,,,,0,0,0
810,ORD00000810,CUST00021748,2024-02-03 21:40:44,Completed,Online,,199.47,0.0,13.89,15.96,229.32000000000002,Credit Card,Standard,,,,,,,0,0,0
811,ORD00000811,CUST00026363,2025-01-02 22:46:38,Completed,Online,,64.3,0.0,10.92,5.14,80.36,Debit Card,Standard,,,,,,,0,0,0
812,ORD00000812,CUST00006516,2022-12-01 08:20:08,Completed,Online,,190.87,0.0,2.75,15.27,208.89000000000001,Credit Card,Express,,,,,,,0,0,1
813,ORD00000813,CUST00016863,2025-01-12 06:54:08,Completed,Online,,166.31,0.0,10.97,13.3,190.58,Debit Card,Standard,,,,,,,0,0,0
814,ORD00000814,CUST00019451,2024-11-14 20:26:53,Completed,Online,,94.79,0.0,5.76,7.58,108.13000000000001,Debit Card,Standard,,,,,,,0,0,0
815,ORD00000815,CUST00035269,2024-07-22 23:34:37,Completed,Online,,25.99,0.0,3.65,2.08,31.72,Debit Card,Express,,,,,,,0,0,0
816,ORD00000816,CUST00040115,2023-03-18 06:58:34,Completed,Online,,192.24,0.0,1.38,15.38,209.0,Debit Card,Express,,,,,,,0,0,0
817,ORD00000817,CUST00009474,2022-10-21 05:12:40,Completed,Online,,29.08,0.0,1.2,2.33,32.61,Credit Card  ,Express,,,,,,,0,0,0
818,ORD00000818,CUST00023318,2023-04-05 13:47:34,Completed,Online,,133.09,0.0,1.34,10.65,145.08,Debit Card  ,Standard,,,,,,,0,0,0
819,ORD00000819,CUST00041301,2024-04-30 13:24:22,Completed,ONLINE,,32.31,0.0,7.94,2.58,42.83,PayPal,Express,,,,,,,0,0,0
820,ORD00000820,CUST00016441,2022-08-13 06:10:59,Completed,  Online,,144.03,0.0,2.41,11.52,157.96,Credit Card  ,Standard,,,,,,,0,0,0
821,ORD00000821,CUST00028210,2024-04-01 04:50:18,Completed,Online,,97.3,0.0,11.23,7.78,116.31,Debit Card,Standard,,,,,,,0,0,0
822,ORD00000822,CUST00003943,2024-11-30 17:09:27,completed,Online,,96.81,0.0,2.22,7.74,106.77,Credit Card,Standard,,,,,,,0,0,0
823,ORD00000823,CUST00019224,2024-12-29 01:30:27,Completed,Online,,194.63,0.0,5.95,15.57,216.14999999999998,CREDIT CARD,Standard,,,,,,,0,0,0
824,ORD00000824,CUST00002379,2024-08-24 22:38:40,Completed,Online,,140.65,0.0,7.88,11.25,159.78,Debit Card,Standard,,,,,,,0,0,0
825,ORD00000825,CUST00002573,2024-08-12 15:43:02,Completed,Online,,165.54,0.0,2.17,13.24,180.95,Debit Card,Standard,,,,,,,0,0,0
826,ORD00000826,CUST00016986,2022-11-23 17:18:09,Completed,Online,,51.22,0.0,0.0,4.1,55.32,PayPal,Express,,,,,,PARTNERSHIP,0,0,0
827,ORD00000827,CUST00046451,2024-03-06 01:34:22,Completed,Online,,129.88,0.0,3.04,10.39,143.31,PayPal,Standard,,,,,,,0,0,0
828,ORD00000828,CUST00043980,2022-11-21 13:50:00,Completed,Online,,177.01,0.0,10.2,14.16,201.36999999999998,Credit Card,express  ,,,,,,,0,0,0
829,ORD00000829,CUST00012907,2024-03-09 12:50:56,Completed,Online,,34.75,0.0,10.95,2.78,48.480000000000004,PayPal,standard,,,,,,,0,0,0
830,ORD00000830,CUST00026186,2024-06-16 23:16:17,Completed,Online,,71.7,0.0,13.42,5.74,90.86,PAYPAL,Standard,,,,,,,0,0,0
831,ORD00000831,CUST00001833,2024-07-30 23:54:16,Completed,Online,,60.91,0.0,6.74,4.87,72.52,Debit Card,Standard,,,,,,PARTNER20,0,0,0
832,ORD00000832,CUST00016366,2023-06-12 22:07:37,  COMPLETED,Online,,40.86,0.0,1.59,3.27,45.720000000000006,PayPal,  STANDARD,,,,,,,0,0,0
833,ORD00000833,CUST00042115,2024-01-09 03:04:30,Completed,Online,,108.37,0.0,14.15,8.67,131.19,PayPal,Standard,,,,,,,0,0,0
834,ORD00000834,CUST00018385,2024-12-01 05:19:16,Completed,Online,,33.38,0.0,6.7,2.67,42.75000000000001,Debit Card,Express,,,,,,,0,0,0
835,ORD00000835,CUST00040645,2024-06-10 21:37:58,Completed,Online,,33.68,0.0,2.81,2.69,39.18,paypal,Express,,,,,,PARTNER20,0,0,1
836,ORD00000836,CUST00046371,2024-08-12 02:20:46,  Completed,Online,,185.62,0.0,6.51,14.85,206.98,Credit Card,Express,,,,,,,0,0,0
837,ORD00000837,CUST00002367,2024-11-30 23:04:39,Completed,Online,,159.79,0.0,8.37,12.78,180.94,Debit Card,Express,,,,,,,0,0,0
838,ORD00000838,CUST00039180,2024-05-02 01:10:33,Completed,Online,,175.16,0.0,10.58,14.01,199.75,PayPal,Express,,,,,,,0,0,0
839,ORD00000839,CUST00023271,2024-07-24 01:15:50,  Completed,Online,,39.29,0.0,1.33,3.14,43.76,Credit Card,Standard,,,,,,,0,0,0
840,ORD00000840,CUST00014547,2024-02-05 21:29:57,Completed,Online,,107.21,0.0,14.37,8.58,130.16,Debit Card,Standard,,,,,,,0,0,0
841,ORD00000841,CUST00011363,2024-07-08 04:13:18,Completed,Online,,24.79,0.0,7.75,1.98,34.519999999999996,PayPal,Standard,,,,,,,0,0,0
842,ORD00000842,CUST00002218,2024-12-24 12:03:07,COMPLETED,Online,,151.9,0.0,11.0,12.15,175.05,Debit Card,Express,,,,,,,0,0,0
843,ORD00000843,CUST00042959,2024-11-23 06:49:44,Completed,Online,,189.71,0.0,11.94,15.18,216.83,PayPal,Standard,,,,,,,0,0,0
844,ORD00000844,CUST00006332,2024-10-01 06:37:32,Completed,Online,,23.41,0.0,11.65,1.87,36.93,Debit Card,Express,,,,,,,0,0,0
845,ORD00000845,CUST00004834,2023-12-31 01:09:49,Completed,Online,,187.79,0.0,3.08,15.02,205.89000000000001,PayPal,Standard  ,,,,,,,0,0,0
846,ORD00000846,CUST00023583,2025-01-08 09:38:04,Completed,Online,,140.61,0.0,5.67,11.25,157.53,credit card,Express,,,,,,,0,0,0
847,ORD00000847,CUST00036349,2023-05-25 08:26:29,Completed,Online,,119.96,0.0,0.22,9.6,129.78,PayPal,Express  ,,,,,,,0,0,0
848,ORD00000848,CUST00025871,2024-08-09 05:13:19,Completed,Online,,158.74,0.0,10.69,12.7,182.13,Debit Card,Express,,,,,,,0,0,0
849,ORD00000849,CUST00036099,2024-01-04 19:20:20,Completed,Online,,133.35,0.0,9.01,10.67,153.02999999999997,PayPal,Standard,,,,,,,0,0,0
850,ORD00000850,CUST00045113,2024-09-10 18:26:08,Completed,  Online,,90.44,0.0,10.5,7.24,108.17999999999999,Debit Card,Standard,,,,,,,0,0,0
851,ORD00000851,CUST00034409,2024-12-20 10:00:58,Completed,Online,,52.2,0.0,11.52,4.18,67.9,Credit Card,standard,,,,,,  PARTNER20,0,0,0
852,ORD00000852,CUST00040711,2024-08-19 02:51:15,Completed,ONLINE,,75.27,0.0,6.7,6.02,87.99,Debit Card,Standard,,,,,,PARTNER20,0,0,1
853,ORD00000853,CUST00034460,2023-10-17 12:00:14,Completed,Online,,165.84,0.0,8.4,13.27,187.51000000000002,Debit Card,Express,,,,,,PARTNER20,0,0,0
854,ORD00000854,CUST00023063,2024-12-16 14:33:23,Completed,Online,,35.22,0.0,3.0,2.82,41.04,Debit Card,Standard,,,,,,,0,0,0
855,ORD00000855,CUST00020040,2023-05-24 19:11:39,Completed,Online,,115.17,0.0,8.69,9.21,133.07,PayPal,Standard,,,,,,,0,0,0
856,ORD00000856,CUST00030642,2024-10-07 02:53:10,Completed,Online,,167.58,0.0,14.71,13.41,195.70000000000002,DEBIT CARD,Express,,,,,,,0,0,0
857,ORD00000857,CUST00041611,2022-12-19 00:58:39,Completed,Online,,146.21,0.0,5.36,11.7,163.27,PayPal,Standard,,,,,,,0,0,0
858,ORD00000858,CUST00028638,2023-04-15 10:49:35,Completed,Online,,155.8,0.0,9.14,12.46,177.4,Credit Card,Standard,,,,,,,0,0,0
859,ORD00000859,CUST00010452,2023-02-12 06:11:16,  Completed,Online,,54.69,0.0,7.27,4.38,66.33999999999999,PayPal,Standard,,,,,,,0,0,0
860,ORD00000860,CUST00045044,2022-04-14 09:17:31,Completed,Online,,37.08,0.0,0.2,2.97,40.25,  Debit Card,Express,,,,,,,0,0,0
861,ORD00000861,CUST00025634,2021-10-01 00:35:02,completed,Online,,99.32,0.0,12.95,7.95,120.22,Credit Card,Standard,,,,,,,0,0,0
862,ORD00000862,CUST00034884,2024-02-07 05:58:54,Completed,Online,,134.57,0.0,1.13,10.77,146.47,PayPal,Express,,,,,,,0,0,0
863,ORD00000863,CUST00048935,2024-04-06 18:12:05,Completed,Online,,197.08,0.0,13.55,15.77,226.40000000000003,Credit Card,Standard,,,,,,,0,0,0
864,ORD00000864,CUST00001467,2022-10-26 16:09:19,Completed,Online,,70.49,0.0,4.02,5.64,80.14999999999999,Debit Card,Standard,,,,,,,0,0,0
865,ORD00000865,CUST00041007,2023-08-13 15:43:39,  Completed,Online,,43.2,0.0,13.94,3.46,60.6,Credit Card,Standard,,,,,,,0,0,0
866,ORD00000866,CUST00027169,2022-08-24 01:53:42,Completed,Online,,175.39,0.0,0.97,14.03,190.39,Credit Card,Standard,,,,,,,0,0,0
867,ORD00000867,CUST00018611,2024-10-16 07:07:09,Completed,Online,,120.8,0.0,0.0,9.66,130.46,Credit Card,EXPRESS,,,,,,PARTNERSHIP,0,0,0
868,ORD00000868,CUST00024659,2024-08-11 15:30:51,Completed,Online,,143.3,0.0,7.4,11.46,162.16000000000003,PayPal,Express,,,,,,,0,0,0
869,ORD00000869,CUST00047102,2024-11-09 09:16:37,Completed,Online,,65.16,0.0,13.33,5.21,83.69999999999999,Credit Card,Standard,,,,,,,0,0,0
870,ORD00000870,CUST00031563,2024-12-10 20:12:30,Completed,Online,,191.37,0.0,9.24,15.31,215.92000000000002,Debit Card,Standard,,,,,,,0,0,0
871,ORD00000871,CUST00046472,2024-10-01 08:37:10,Completed,Online,,140.47,0.0,6.0,11.24,157.71,PayPal,Standard,,,,,,,0,0,0
872,ORD00000872,CUST00032335,2024-07-15 00:31:23,Completed,Online,,34.77,0.0,14.92,2.78,52.470000000000006,Debit Card,Express,,,,,,,0,0,0
873,ORD00000873,CUST00000108,2022-06-12 02:36:02,Completed,Online,,194.66,0.0,2.5,15.57,212.73,Credit Card,Standard,,,,,,,0,0,0
874,ORD00000874,CUST00027876,2024-08-21 13:35:55,Completed,ONLINE,,36.73,0.0,3.86,2.94,43.529999999999994,Credit Card,Express,,,,,,,0,0,0
875,ORD00000875,CUST00024912,2024-12-03 02:34:05,Completed,online,,118.88,0.0,6.6,9.51,134.98999999999998,PayPal,Express,,,,,,,0,0,0
876,ORD00000876,CUST00034366,2024-04-07 15:17:07,completed,online,,191.98,0.0,2.52,15.36,209.86,Debit Card,Standard,,,,,,,0,0,0
877,ORD00000877,CUST00006895,2023-03-22 01:55:09,Completed,Online,,66.56,0.0,0.0,5.32,71.88,Debit Card,Standard,,,,,,SPRINGSHIP,0,0,0
878,ORD00000878,CUST00022233,2024-04-23 00:30:01,Completed,Online,,127.88,0.0,10.53,10.23,148.64,PayPal,Express,,,,,,,0,0,0
879,ORD00000879,CUST00029369,2022-12-15 10:04:35,Completed,ONLINE,,98.66,0.0,5.64,7.89,112.19,PayPal,Express,,,,,,,0,0,0
880,ORD00000880,CUST00033559,2022-11-15 00:50:04,Completed,Online,,90.43,0.0,11.69,7.23,109.35000000000001,PAYPAL,Express,,,,,,,0,0,0
881,ORD00000881,CUST00018787,2023-08-11 09:19:28,Completed,Online,,86.51,0.0,14.44,6.92,107.87,Paypal,Express,,,,,,,0,0,0
882,ORD00000882,CUST00021673,2022-03-28 06:21:15,Completed,Online,,110.71,0.0,4.36,8.86,123.92999999999999,Debit Card,Standard,,,,,,,0,0,0
883,ORD00000883,CUST00009236,2024-12-08 08:53:04,  Completed,Online,,142.02,0.0,11.87,11.36,165.25,PayPal,Express,,,,,,,0,0,1
884,ORD00000884,CUST00013584,2023-02-13 02:37:29,Completed,Online,,122.74,0.0,5.02,9.82,137.57999999999998,Debit Card,Express,,,,,,,0,0,0
885,ORD00000885,CUST00000145,2024-08-25 03:37:07,Completed,Online,,46.21,0.0,1.39,3.7,51.300000000000004,Paypal,Standard,,,,,,,0,0,0
886,ORD00000886,CUST00034691,2023-11-06 05:21:32,Completed,Online,,22.03,3.3,8.28,1.5,28.509999999999998,Debit Card,Standard,,,,,,BOOKFLUENCER15,15,0,0
887,ORD00000887,CUST00018345,2024-06-23 09:11:50,Completed,Online,,165.59,0.0,9.28,13.25,188.12,Credit Card,Standard,,,,,,,0,0,0
888,ORD00000888,CUST00045806,2025-01-14 07:57:31,Completed,Online,,79.97,0.0,14.34,6.4,100.71000000000001,PayPal,Standard,,,,,,,0,0,0
889,ORD00000889,CUST00034784,2023-07-23 05:26:47,Completed,Online,,121.65,0.0,2.95,9.73,134.33,CREDIT CARD,Standard,,,,,,,0,0,0
890,ORD00000890,CUST00012498,2022-11-22 19:34:32,Completed,Online  ,,139.28,0.0,0.0,11.14,150.42000000000002,Debit Card,EXPRESS,,,,,,PARTNERSHIP,0,0,0
891,ORD00000891,CUST00048581,2023-10-29 11:50:28,Completed,Online,,145.8,21.87,0.44,9.91,134.28,PayPal,Standard,,,,,,SAVE15,15,0,0
892,ORD00000892,CUST00004239,2024-02-23 15:13:54,completed,Online,,102.36,0.0,9.23,8.19,119.78,Credit Card,Standard,,,,,,,0,0,0
893,ORD00000893,CUST00043098,2024-02-02 12:08:53,Completed,Online,,157.25,0.0,6.58,12.58,176.41000000000003,PayPal,STANDARD,,,,,,,0,0,0
894,ORD00000894,CUST00030506,2023-12-25 03:29:09,Completed,Online,,84.33,0.0,3.1,6.75,94.17999999999999,PayPal,Standard,,,,,,,0,0,0
895,ORD00000895,CUST00016872,2024-01-05 17:14:51,Completed,Online,,88.69,0.0,7.99,7.1,103.77999999999999,Credit Card,Express,,,,,,,0,0,0
896,ORD00000896,CUST00015691,2023-12-26 00:10:38,Completed,Online,,81.73,0.0,0.84,6.54,89.11000000000001,  Debit Card,Standard,,,,,,,0,0,0
897,ORD00000897,CUST00018876,2023-08-13 11:49:59,Completed,Online,,70.21,0.0,4.19,5.62,80.02,Credit Card,Express,,,,,,,0,0,0
898,ORD00000898,CUST00032947,2022-02-16 10:37:13,Completed,  Online,,194.78,0.0,2.02,15.58,212.38000000000002,Credit Card,Standard,,,,,,,0,0,0
899,ORD00000899,CUST00031096,2024-10-28 13:21:53,Completed,Online,,158.1,0.0,6.0,12.65,176.75,Credit Card,Standard,,,,,,,0,0,0
900,ORD00000900,CUST00014319,2023-11-30 03:27:19,Completed,Online,,145.87,0.0,3.78,11.67,161.32,Credit Card,Standard,,,,,,,0,0,0
901,ORD00000901,CUST00026374,2022-09-30 05:40:27,Completed,Online,,142.75,0.0,0.0,11.42,154.17,CREDIT CARD,Express,,,,,,BOOKFLUENCERSHIP,0,0,0
902,ORD00000902,CUST00005671,2024-07-24 20:08:32,Completed,Online,,29.84,0.0,3.26,2.39,35.49,  PayPal,Express,,,,,,,0,0,0
903,ORD00000903,CUST00005923,2024-12-13 22:12:39,Completed,Online,,116.12,0.0,7.73,9.29,133.14000000000001,Debit Card,Standard,,,,,,,0,0,0
904,ORD00000904,CUST00041474,2023-09-15 04:03:37,Completed,Online,,37.4,0.0,7.46,2.99,47.85,PayPal,EXPRESS,,,,,,,0,0,0
905,ORD00000905,CUST00005444,2023-07-09 12:20:07,Completed,Online,,156.05,0.0,7.73,12.48,176.26,PayPal  ,Express,,,,,,,0,0,0
906,ORD00000906,CUST00043260,2024-07-09 18:30:08,Completed,Online,,132.03,0.0,7.63,10.56,150.22,DEBIT CARD,Express,,,,,,,0,0,0
907,ORD00000907,CUST00048999,2023-09-19 05:09:25,Completed,Online,,126.75,0.0,1.24,10.14,138.13,PayPal,Express,,,,,,,0,0,0
908,ORD00000908,CUST00012351,2021-09-10 07:10:22,Completed,Online,,172.3,0.0,5.64,13.78,191.72,Debit Card,Express,,,,,,,0,0,0
909,ORD00000909,CUST00038187,2023-04-03 00:57:57,Completed,Online,,61.29,0.0,6.05,4.9,72.24000000000001,PayPal,Express,,,,,,,0,0,0
910,ORD00000910,CUST00008272,2024-09-30 16:24:47,Completed,  Online,,89.0,0.0,5.76,7.12,101.88000000000001,DEBIT CARD,Standard,,,,,,,0,0,0
911,ORD00000911,CUST00002042,2023-03-24 00:48:27,Completed,Online,,167.27,0.0,14.25,13.38,194.9,PayPal,Express,,,,,,,0,0,1
912,ORD00000912,CUST00011186,2024-12-19 18:46:58,Completed,Online  ,,40.93,0.0,2.11,3.27,46.31,  DEBIT CARD,Express  ,,,,,,,0,0,0
913,ORD00000913,CUST00039343,2024-04-04 23:45:42,Completed,Online,,46.34,0.0,5.41,3.71,55.46,  PayPal,Express,,,,,,,0,0,0
914,ORD00000914,CUST00033171,2024-02-04 03:39:25,Completed,Online,,181.93,0.0,14.81,14.55,211.29000000000002,Debit Card,Express,,,,,,,0,0,0
915,ORD00000915,CUST00045858,2024-04-27 06:27:00,Completed,Online,,163.29,0.0,8.83,13.06,185.18,PayPal,Express,,,,,,,0,0,0
916,ORD00000916,CUST00001739,2024-10-18 14:29:59,Completed,online,,88.18,0.0,11.29,7.05,106.52,Credit Card  ,Standard,,,,,,,0,0,0
917,ORD00000917,CUST00028598,2024-10-24 06:42:36,Completed,Online  ,,37.57,0.0,11.11,3.01,51.69,Debit Card,  Express,,,,,,,0,0,0
918,ORD00000918,CUST00015656,2024-08-31 10:31:28,Completed,Online,,165.58,0.0,1.98,13.25,180.81,PayPal,Express,,,,,,,0,0,0
919,ORD00000919,CUST00038387,2023-10-17 20:54:27,Completed,Online,,61.89,0.0,8.41,4.95,75.25,Debit Card,Express,,,,,,,0,0,0
920,ORD00000920,CUST00026937,2021-11-02 04:42:59,Completed,Online,,75.14,0.0,0.02,6.01,81.17,Credit Card,Express,,,,,,,0,0,0
921,ORD00000921,CUST00004413,2023-10-11 19:24:53,Completed  ,Online,,141.49,0.0,13.17,11.32,165.98,Credit Card,Express,,,,,,,0,0,0
922,ORD00000922,CUST00002018,2022-03-27 20:43:46,Completed,Online,,140.03,0.0,9.37,11.2,160.6,Credit Card,Express,,,,,,,0,0,0
923,ORD00000923,CUST00032074,2022-10-19 04:14:31,Completed,Online,,180.84,0.0,0.0,14.47,195.31,Credit Card,Express,,,,,,PARTNERSHIP,0,0,0
924,ORD00000924,CUST00027757,2023-12-20 19:04:50,Completed,Online,,128.63,0.0,13.42,10.29,152.33999999999997,Debit Card,Express,,,,,,,0,0,0
925,ORD00000925,CUST00040991,2022-12-20 16:20:17,Completed,online,,95.75,0.0,11.58,7.66,114.99,DEBIT CARD,Standard,,,,,,,0,0,0
926,ORD00000926,CUST00028695,2024-06-17 13:23:14,Completed,Online,,64.74,0.0,6.77,5.18,76.69,debit card,Express,,,,,,,0,0,0
927,ORD00000927,CUST00016963,2021-12-20 06:18:40,Completed,Online,,24.5,0.0,0.0,1.96,26.46,Debit Card,Standard,,,,,,SAVESHIP,0,0,0
928,ORD00000928,CUST00029645,2023-03-18 15:08:16,Completed,Online,,64.79,6.48,2.01,4.66,64.98,Credit Card,Express,,,,,,NEWYEAR10,10,0,0
929,ORD00000929,CUST00030239,2023-03-05 21:38:23,Completed,Online,,170.8,0.0,9.45,13.66,193.91,Credit Card,Express,,,,,,,0,0,0
930,ORD00000930,CUST00001449,2022-12-07 04:49:35,Completed  ,Online,,96.36,0.0,5.74,7.71,109.80999999999999,Credit Card,Express,,,,,,,0,0,0
931,ORD00000931,CUST00010124,2022-06-17 04:12:03,Completed,Online,,90.17,0.0,13.6,7.21,110.97999999999999,Debit Card,Standard,,,,,,,0,0,0
932,ORD00000932,CUST00032377,2023-11-29 18:37:10,Completed,Online,,184.47,0.0,8.01,14.76,207.23999999999998,Credit Card,Express,,,,,,,0,0,0
933,ORD00000933,CUST00041762,2023-12-12 10:16:53,COMPLETED,Online,,83.82,0.0,7.48,6.71,98.00999999999999,Debit Card,Standard,,,,,,,0,0,0
934,ORD00000934,CUST00029956,2022-12-14 07:22:45,Completed,Online,,122.58,0.0,12.47,9.81,144.86,Credit Card,Standard,,,,,,,0,0,0
935,ORD00000935,CUST00011419,2024-01-14 11:29:54,Completed,Online,,175.02,0.0,0.05,14.0,189.07000000000002,Credit Card,Standard,,,,,,,0,0,0
936,ORD00000936,CUST00013036,2024-06-04 19:38:15,Completed,Online,,138.88,0.0,12.7,11.11,162.69,Credit Card,Standard,,,,,,,0,0,1
937,ORD00000937,CUST00010469,2023-11-13 06:43:36,Completed,Online,,170.53,0.0,1.91,13.64,186.07999999999998,PayPal,Standard,,,,,,,0,0,0
938,ORD00000938,CUST00009258,2024-11-21 04:00:48,Completed,Online,,67.7,0.0,0.69,5.42,73.81,  PayPal,Standard,,,,,,,0,0,0
939,ORD00000939,CUST00039860,2024-10-11 12:03:10,Completed,Online,,85.69,0.0,5.06,6.86,97.61,PayPal,Standard,,,,,,,0,0,0
940,ORD00000940,CUST00020313,2024-08-31 22:35:58,Completed,Online,,107.52,0.0,10.95,8.6,127.07,Credit Card,Standard,,,,,,,0,0,0
941,ORD00000941,CUST00029349,2024-05-07 20:38:49,Completed,Online,,147.49,0.0,12.67,11.8,171.96,PayPal,Standard,,,,,,,0,0,1
942,ORD00000942,CUST00011182,2024-12-04 20:03:48,Completed,Online,,75.01,0.0,4.51,6.0,85.52000000000001,Debit Card,Standard,,,,,,,0,0,0
943,ORD00000943,CUST00015312,2022-09-29 01:10:45,Completed,ONLINE,,100.1,0.0,10.13,8.01,118.24,PayPal,Express,,,,,,,0,0,0
944,ORD00000944,CUST00032143,2024-12-30 09:09:22,Completed,Online,,37.41,5.61,10.03,2.54,44.37,Debit Card,Standard,,,,,,BOOKFLUENCER15,15,0,0
945,ORD00000945,CUST00029360,2022-05-24 19:38:07,Completed,online,,159.27,0.0,7.96,12.74,179.97000000000003,Credit Card,Standard,,,,,,,0,0,0
946,ORD00000946,CUST00020891,2022-11-08 05:43:35,Completed,Online,,137.98,0.0,0.0,11.04,149.01999999999998,PAYPAL,Standard,,,,,,PARTNERSHIP,0,0,0
947,ORD00000947,CUST00020806,2023-10-17 09:38:57,Completed,Online,,38.48,0.0,4.3,3.08,45.85999999999999,Debit Card,Standard,,,,,,,0,0,0
948,ORD00000948,CUST00020646,2023-04-20 20:23:38,Completed,Online,,96.89,0.0,0.0,7.75,104.64,Credit Card,  Express,,,,,,BOOKFLUENCERSHIP,0,0,0
949,ORD00000949,CUST00022124,2024-10-27 09:07:01,Completed,ONLINE,,149.82,0.0,12.98,11.99,174.79,Credit Card,Express,,,,,,,0,0,0
950,ORD00000950,CUST00027355,2024-08-24 07:15:27,Completed,Online,,193.03,0.0,13.87,15.44,222.34,PayPal,Standard,,,,,,,0,0,0
951,ORD00000951,CUST00029680,2024-10-22 09:20:08,Completed,Online  ,,138.94,0.0,6.79,11.12,156.85,DEBIT CARD,Standard,,,,,,,0,0,0
952,ORD00000952,CUST00026655,2024-06-24 12:28:39,Completed,Online,,178.42,0.0,9.56,14.27,202.25,PayPal,Express,,,,,,,0,0,0
953,ORD00000953,CUST00014683,2025-01-06 10:27:54,Completed,Online,,182.32,0.0,12.79,14.59,209.7,Debit Card,Express,,,,,,,0,0,0
954,ORD00000954,CUST00021105,2024-07-20 15:44:18,Completed,Online,,107.87,10.79,7.36,7.77,112.21000000000001,PayPal,standard,,,,,,SAVE10,10,0,0
955,ORD00000955,CUST00012340,2024-09-02 03:54:56,Completed,Online,,102.55,0.0,8.45,8.2,119.2,PayPal,EXPRESS,,,,,,,0,0,0
956,ORD00000956,CUST00046284,2024-12-15 19:19:40,COMPLETED,Online,,52.09,0.0,8.27,4.17,64.53,paypal,  Express,,,,,,,0,0,0
957,ORD00000957,CUST00015077,2024-10-18 11:28:50,Completed,Online,,84.48,0.0,12.02,6.76,103.26,Debit Card,Standard,,,,,,,0,0,0
958,ORD00000958,CUST00048531,2024-08-23 06:33:53,Completed,Online  ,,183.46,0.0,0.0,14.68,198.14000000000001,PayPal,Express,,,,,,PARTNERSHIP,0,0,0
959,ORD00000959,CUST00034264,2024-10-22 04:01:52,Completed,Online,,81.21,0.0,1.21,6.5,88.91999999999999,PayPal,Express,,,,,,,0,0,0
960,ORD00000960,CUST00023816,2023-08-29 14:01:42,Completed,Online,,191.66,0.0,3.66,15.33,210.65,Credit Card,Express,,,,,,,0,0,0
961,ORD00000961,CUST00041959,2022-07-03 05:18:40,Completed,Online,,140.51,0.0,3.86,11.24,155.61,Credit Card,Express,,,,,,,0,0,0
962,ORD00000962,CUST00005653,2024-10-20 09:43:51,Completed,Online,,137.52,0.0,0.0,11.0,148.52,PayPal,Standard,,,,,,SCHOOLSHIP,0,0,0
963,ORD00000963,CUST00005263,2022-06-05 14:04:53,Completed,Online,,126.74,0.0,5.49,10.14,142.37,PayPal,Standard,,,,,,,0,0,0
964,ORD00000964,CUST00012362,2023-02-27 16:19:05,Completed,online,,61.08,0.0,8.96,4.89,74.92999999999999,  Credit Card,Standard,,,,,,,0,0,0
965,ORD00000965,CUST00029853,2022-12-19 02:52:42,Completed,Online,,109.88,0.0,9.1,8.79,127.76999999999998,Credit Card,STANDARD,,,,,,,0,0,0
966,ORD00000966,CUST00048529,2024-05-05 22:39:06,Completed,online,,100.81,0.0,10.55,8.06,119.42,Debit Card,Express,,,,,,,0,0,0
967,ORD00000967,CUST00029164,2025-01-04 19:43:32,Completed,Online,,108.18,0.0,10.77,8.65,127.60000000000001,PayPal,Standard,,,,,,,0,0,0
968,ORD00000968,CUST00020423,2024-04-28 06:50:42,Completed,Online,,71.5,0.0,13.16,5.72,90.38,Debit Card,Express,,,,,,,0,0,0
969,ORD00000969,CUST00032957,2023-08-13 19:54:54,Completed,Online,,198.29,0.0,13.23,15.86,227.38,CREDIT CARD,Standard,,,,,,,0,0,0
970,ORD00000970,CUST00015420,2024-10-28 22:33:06,Completed,Online,,44.25,0.0,0.0,3.54,47.79,Debit Card,Standard,,,,,,SCHOOLSHIP,0,0,0
971,ORD00000971,CUST00012860,2024-05-08 10:32:39,Completed,Online,,87.29,0.0,0.97,6.98,95.24000000000001,Credit Card,Standard,,,,,,,0,0,0
972,ORD00000972,CUST00020938,2024-06-26 16:24:25,Completed,Online,,127.53,0.0,14.25,10.2,151.98,Credit Card,  Express,,,,,,,0,0,0
973,ORD00000973,CUST00016087,2024-11-11 18:46:06,Completed,Online,,100.44,0.0,8.55,8.04,117.03,Debit Card,Express,,,,,,,0,0,0
974,ORD00000974,CUST00019660,2024-12-02 10:07:19,Completed,Online,,151.7,0.0,9.1,12.14,172.94,PayPal,Express,,,,,,,0,0,0
975,ORD00000975,CUST00020773,2024-02-25 05:43:34,Completed,Online,,140.66,0.0,2.65,11.25,154.56,Debit Card,Standard,,,,,,,0,0,0
976,ORD00000976,CUST00037260,2023-01-01 11:48:41,Completed,Online,,116.83,0.0,14.25,9.35,140.42999999999998,Debit Card,Standard,,,,,,,0,0,0
977,ORD00000977,CUST00023884,2024-05-29 13:31:37,Completed,Online,,174.15,0.0,8.55,13.93,196.63000000000002,Debit Card,Standard,,,,,,,0,0,0
978,ORD00000978,CUST00035308,2024-12-29 22:08:56,Completed,Online,,154.06,0.0,9.96,12.32,176.34,Debit Card,STANDARD,,,,,,,0,0,0
979,ORD00000979,CUST00023347,2024-01-06 17:36:51,Completed,Online,,28.7,0.0,9.92,2.3,40.919999999999995,Credit Card,Express,,,,,,,0,0,0
980,ORD00000980,CUST00047067,2022-08-04 11:19:33,Completed,Online,,180.0,0.0,1.07,14.4,195.47,PayPal,Express,,,,,,,0,0,0
981,ORD00000981,CUST00012401,2022-09-06 05:15:38,Completed,  Online,,174.6,0.0,0.0,13.97,188.57,PayPal,Express,,,,,,BOOKFLUENCERSHIP,0,0,0
982,ORD00000982,CUST00037009,2023-02-10 06:27:38,Completed,Online,,72.96,0.0,7.76,5.84,86.56,Debit Card,Standard,,,,,,,0,0,0
983,ORD00000983,CUST00034630,2024-10-26 18:09:14,Completed,Online,,158.72,0.0,2.5,12.7,173.92,PayPal,Standard,,,,,,,0,0,0
984,ORD00000984,CUST00034596,2022-12-09 23:47:25,Completed,Online,,64.43,0.0,11.11,5.15,80.69000000000001,Debit Card,Express,,,,,,,0,0,0
985,ORD00000985,CUST00007518,2024-05-23 01:59:09,Completed,Online  ,,164.56,0.0,7.08,13.16,184.8,PayPal,Express,,,,,,,0,0,0
986,ORD00000986,CUST00028779,2021-11-12 22:05:58,Completed,Online,,28.12,4.22,8.14,1.91,33.95,Credit Card,Express,,,,,,BOOKFLUENCER15,15,0,0
987,ORD00000987,CUST00046806,2024-11-09 18:34:01,Completed,Online,,69.97,0.0,4.96,5.6,80.52999999999999,PayPal,Express,,,,,,,0,0,1
988,ORD00000988,CUST00029888,2024-12-04 00:15:06,Completed,Online,,146.71,0.0,2.63,11.74,161.08,Credit Card,Express,,,,,,,0,0,0
989,ORD00000989,CUST00007391,2023-05-15 11:55:44,Completed,Online,,95.67,0.0,12.81,7.65,116.13000000000001,paypal,Express,,,,,,,0,0,0
990,ORD00000990,CUST00032989,2024-12-30 22:59:37,  Completed,Online,,102.91,0.0,4.43,8.23,115.57000000000001,PayPal,Express,,,,,,PARTNER20,0,0,0
991,ORD00000991,CUST00048877,2024-12-04 11:23:02,COMPLETED,Online,,95.97,0.0,5.43,7.68,109.08000000000001,PayPal,  Express,,,,,,,0,0,0
992,ORD00000992,CUST00048355,2024-12-12 16:29:38,Completed,  Online,,39.56,0.0,7.68,3.16,50.400000000000006,Credit Card,Standard,,,,,,,0,0,0
993,ORD00000993,CUST00043689,2023-08-27 10:43:22,Completed,Online,,98.77,0.0,5.17,7.9,111.84,Credit Card,Express,,,,,,,0,0,0
994,ORD00000994,CUST00041330,2022-04-02 15:02:23,Completed,Online,,76.89,0.0,2.57,6.15,85.61,Credit Card,  Express,,,,,,,0,0,0
995,ORD00000995,CUST00003587,2023-12-06 11:03:18,Completed,Online,,147.41,0.0,5.2,11.79,164.39999999999998,PayPal,Standard,,,,,,,0,0,0
996,ORD00000996,CUST00003772,2024-12-26 07:42:11,Completed,Online,,111.71,0.0,2.28,8.94,122.92999999999999,PayPal,Express,,,,,,,0,0,0
997,ORD00000997,CUST00003087,2022-02-05 22:56:33,Completed,Online,,88.52,0.0,1.99,7.08,97.58999999999999,PayPal,Standard,,,,,,,0,0,0
998,ORD00000998,CUST00022791,2024-08-09 06:20:12,completed,Online,,40.52,0.0,14.48,3.24,58.24,Credit Card,Express,,,,,,,0,0,0
999,ORD00000999,CUST00044566,2023-03-23 14:38:57,Completed,Online,,195.03,0.0,2.46,15.6,213.09,  Debit Card,Standard,,,,,,,0,0,0
1000,ORD00001000,CUST00020584,2024-08-10 14:36:02,Completed,Online  ,,162.49,0.0,0.0,13.0,175.49,PayPal,Standard,,,,,,PARTNERSHIP,0,0,0
1001,ORD00001001,CUST00047886,2022-06-17 15:54:17,Completed,Online,,82.4,0.0,0.89,6.59,89.88000000000001,Debit Card,Standard,,,,,,,0,0,1
1002,ORD00001002,CUST00009532,2023-05-25 12:47:30,Completed,Online  ,,157.98,0.0,13.34,12.64,183.95999999999998,Debit Card,Standard,,,,,,,0,0,0
1003,ORD00001003,CUST00003920,2024-05-03 23:40:20,Completed,Online  ,,198.28,0.0,5.55,15.86,219.69,PayPal,Express,,,,,,,0,0,0
1004,ORD00001004,CUST00040980,2023-02-27 02:59:36,Completed,Online,,33.3,0.0,9.4,2.66,45.36,Debit Card,Standard,,,,,,,0,0,1
1005,ORD00001005,CUST00002432,2023-01-29 07:11:46,  Completed,Online,,156.89,0.0,5.18,12.55,174.62,PayPal,Express,,,,,,,0,0,0
1006,ORD00001006,CUST00019068,2022-12-01 11:48:02,Completed  ,Online,,120.41,0.0,3.84,9.63,133.88,Credit Card,Standard,,,,,,,0,0,0
1007,ORD00001007,CUST00014596,2024-06-17 21:18:50,Completed,Online  ,,175.37,0.0,7.03,14.03,196.43,Credit Card,Standard,,,,,,,0,0,0
1008,ORD00001008,CUST00001677,2023-02-25 07:10:19,Completed,Online,,53.26,0.0,14.43,4.26,71.95,Credit Card,Express,,,,,,,0,0,0
1009,ORD00001009,CUST00031455,2022-10-14 17:04:33,Completed,Online,,171.19,0.0,0.0,13.7,184.89,PayPal,Express,,,,,,BOOKFLUENCERSHIP,0,0,0
1010,ORD00001010,CUST00032195,2022-03-28 10:34:49,Completed,Online,,66.66,0.0,7.2,5.33,79.19,  Debit Card,Standard,,,,,,,0,0,0
1011,ORD00001011,CUST00038446,2023-09-25 12:38:49,Completed,Online,,66.88,0.0,13.77,5.35,85.99999999999999,Credit Card,Express,,,,,,,0,0,0
1012,ORD00001012,CUST00049377,2024-01-15 13:19:03,Completed,Online,,194.6,0.0,10.71,15.57,220.88,Debit Card,Express,,,,,,,0,0,0
1013,ORD00001013,CUST00047478,2024-10-21 07:31:51,Completed,  Online,,28.62,0.0,3.02,2.29,33.93,PayPal,EXPRESS,,,,,,,0,0,0
1014,ORD00001014,CUST00019030,2023-07-30 00:49:09,Completed,online,,147.73,0.0,3.34,11.82,162.89,Debit Card,Standard,,,,,,,0,0,0
1015,ORD00001015,CUST00003729,2024-10-23 12:21:13,Completed,online,,37.86,0.0,2.33,3.03,43.22,Debit Card,Standard,,,,,,,0,0,0
1016,ORD00001016,CUST00040509,2024-08-28 03:11:00,Completed,Online,,60.04,0.0,2.15,4.8,66.99,PayPal,Express,,,,,,,0,0,0
1017,ORD00001017,CUST00014828,2024-07-20 14:21:32,Completed,Online,,154.01,0.0,12.35,12.32,178.67999999999998,Debit Card,Express,,,,,,,0,0,1
1018,ORD00001018,CUST00025689,2024-12-02 06:07:37,Completed,ONLINE,,45.43,0.0,13.84,3.63,62.9,Credit Card,Standard,,,,,,,0,0,0
1019,ORD00001019,CUST00032690,2024-06-11 09:40:00,Completed,Online  ,,167.89,25.18,8.23,11.42,162.35999999999996,Credit Card,Standard,,,,,,PARTNER15,15,0,0
1020,ORD00001020,CUST00021070,2023-09-29 23:14:44,Completed,Online,,128.73,0.0,8.43,10.3,147.46,Credit Card,STANDARD,,,,,,,0,0,0
1021,ORD00001021,CUST00046778,2023-03-06 10:40:23,Completed,Online,,84.35,0.0,0.35,6.75,91.44999999999999,PayPal  ,Standard,,,,,,,0,0,0
1022,ORD00001022,CUST00030330,2025-01-07 01:08:13,Completed,ONLINE,,105.61,15.84,0.55,7.18,97.5,Debit Card,Express,,,,,,PARTNER15,15,0,0
1023,ORD00001023,CUST00010554,2023-12-22 14:33:41,Completed,Online  ,,168.0,0.0,10.22,13.44,191.66,PayPal,Express,,,,,,,0,0,0
1024,ORD00001024,CUST00030505,2024-10-20 21:16:33,Completed,Online  ,,170.74,0.0,2.26,13.66,186.66,Debit Card,Standard  ,,,,,,,0,0,0
1025,ORD00001025,CUST00016570,2024-07-15 22:47:37,Completed,  Online,,101.12,0.0,13.71,8.09,122.92000000000002,PayPal,Standard,,,,,,,0,0,0
1026,ORD00001026,CUST00048900,2024-03-03 12:51:03,Completed,Online,,185.09,0.0,13.92,14.81,213.82,Credit Card,  Standard,,,,,,,0,0,0
1027,ORD00001027,CUST00043271,2022-10-22 21:24:43,completed,Online,,176.24,0.0,0.0,14.1,190.34,Debit Card,Standard,,,,,,PARTNERSHIP,0,0,0
1028,ORD00001028,CUST00012349,2024-05-06 09:59:00,Completed,Online,,48.95,0.0,11.44,3.92,64.31,PAYPAL,Standard,,,,,,,0,0,0
1029,ORD00001029,CUST00046689,2023-06-17 09:34:50,Completed,Online,,32.85,0.0,14.23,2.63,49.71,Debit Card,Standard,,,,,,,0,0,0
1030,ORD00001030,CUST00046826,2024-05-03 04:47:09,Completed,Online,,179.4,0.0,3.44,14.35,197.19,  Debit Card,Standard,,,,,,,0,0,0
1031,ORD00001031,CUST00031341,2024-11-04 09:05:35,Completed,Online,,90.01,0.0,0.0,7.2,97.21000000000001,DEBIT CARD,Express,,,,,,PARTNERSHIP,0,0,0
1032,ORD00001032,CUST00028546,2024-10-29 10:44:45,Completed,Online,,90.83,13.62,4.65,6.18,88.03999999999999,Debit Card,Standard,,,,,,BOOKFLUENCER15,15,0,0
1033,ORD00001033,CUST00017074,2023-04-26 22:27:59,Completed,online,,60.39,0.0,0.0,4.83,65.22,PayPal,Standard,,,,,,BOOKFLUENCERSHIP,0,0,0
1034,ORD00001034,CUST00038418,2024-08-06 10:31:12,Completed,Online,,158.73,0.0,4.62,12.7,176.04999999999998,Credit Card,  Standard,,,,,,partner20,0,0,0
1035,ORD00001035,CUST00027251,2024-12-17 11:54:10,Completed,Online,,121.66,0.0,13.98,9.73,145.36999999999998,Credit Card,Standard,,,,,,,0,0,0
1036,ORD00001036,CUST00017960,2024-09-21 18:11:45,Completed,Online,,139.85,0.0,7.15,11.19,158.19,Debit Card,Express,,,,,,,0,0,0
1037,ORD00001037,CUST00025971,2024-10-07 20:21:36,COMPLETED,Online,,179.24,0.0,2.83,14.34,196.41000000000003,PayPal,Standard,,,,,,,0,0,0
1038,ORD00001038,CUST00026125,2023-08-14 02:16:39,Completed,Online,,52.6,0.0,8.04,4.21,64.85,Credit Card,Standard,,,,,,,0,0,0
1039,ORD00001039,CUST00041842,2024-04-28 23:56:16,Completed,Online,,111.27,0.0,7.68,8.9,127.85,Debit Card,Standard,,,,,,,0,0,0
1040,ORD00001040,CUST00001530,2024-12-03 11:36:32,Completed,Online,,76.41,0.0,0.99,6.11,83.50999999999999,PayPal,Standard,,,,,,PARTNER20,0,0,0
1041,ORD00001041,CUST00028142,2024-02-23 17:47:58,COMPLETED,Online,,87.1,0.0,0.0,6.97,94.07,PayPal,Standard,,,,,,PARTNERSHIP,0,0,1
1042,ORD00001042,CUST00049035,2022-10-31 22:27:39,Completed,Online,,138.32,0.0,4.03,11.07,153.42,DEBIT CARD,Express,,,,,,,0,0,0
1043,ORD00001043,CUST00016522,2024-08-25 00:08:04,Completed,Online,,135.11,0.0,1.5,10.81,147.42000000000002,Debit Card,Express,,,,,,,0,0,0
1044,ORD00001044,CUST00020551,2024-08-01 07:05:34,Completed,Online,,171.84,0.0,1.73,13.75,187.32,Debit Card,Express,,,,,,,0,0,0
1045,ORD00001045,CUST00006849,2022-12-28 13:13:10,Completed,Online,,196.92,0.0,1.22,15.75,213.89,Debit Card,Standard,,,,,,,0,0,0
1046,ORD00001046,CUST00040058,2023-12-14 20:22:11,Completed,Online,,28.22,0.0,4.14,2.26,34.62,Debit Card,Standard,,,,,,,0,0,0
1047,ORD00001047,CUST00032940,2024-11-01 14:58:11,  Completed,ONLINE,,30.81,0.0,0.88,2.46,34.15,Debit Card,Express,,,,,,,0,0,0
1048,ORD00001048,CUST00010077,2024-08-26 05:29:12,completed,Online,,87.94,0.0,0.0,7.04,94.98,Debit Card,Express,,,,,,PARTNERSHIP,0,0,0
1049,ORD00001049,CUST00015992,2023-11-23 11:31:39,Completed,Online,,155.14,0.0,2.5,12.41,170.04999999999998,CREDIT CARD,Standard,,,,,,,0,0,0
1050,ORD00001050,CUST00006628,2024-05-05 02:56:16,Completed  ,Online,,50.6,0.0,3.08,4.05,57.73,Credit Card,Express,,,,,,,0,0,0
1051,ORD00001051,CUST00013610,2022-07-12 16:57:47,Completed,Online,,187.22,0.0,11.18,14.98,213.38,PayPal,Express,,,,,,,0,0,0
1052,ORD00001052,CUST00034965,2024-05-05 14:20:24,Completed,online,,176.34,0.0,4.24,14.11,194.69,Debit Card,Express,,,,,,,0,0,0
1053,ORD00001053,CUST00024615,2023-08-21 17:18:26,  Completed,  Online,,127.95,0.0,11.08,10.24,149.27,Debit Card,  Express,,,,,,,0,0,1
1054,ORD00001054,CUST00014833,2023-11-15 06:01:29,Completed,  Online,,153.24,0.0,14.37,12.26,179.87,Debit Card,Express,,,,,,,0,0,0
1055,ORD00001055,CUST00005861,2023-11-01 13:37:15,Completed,Online,,198.91,0.0,3.72,15.91,218.54,Debit Card,Standard,,,,,,,0,0,0
1056,ORD00001056,CUST00007997,2024-12-26 06:12:10,Completed,ONLINE,,90.63,0.0,6.9,7.25,104.78,PayPal,Express,,,,,,,0,0,0
1057,ORD00001057,CUST00040077,2024-04-22 23:36:48,Completed,  Online,,31.53,0.0,11.52,2.52,45.57,Debit Card  ,Express,,,,,,,0,0,0
1058,ORD00001058,CUST00047037,2021-12-02 00:59:39,Completed,Online,,154.37,0.0,9.13,12.35,175.85,Debit Card,Standard,,,,,,,0,0,0
1059,ORD00001059,CUST00028232,2023-10-18 20:12:30,Completed,Online,,22.61,0.0,13.53,1.81,37.95,Debit Card,Express,,,,,,,0,0,0
1060,ORD00001060,CUST00041733,2024-06-24 13:03:47,Completed,ONLINE,,129.56,0.0,14.09,10.36,154.01,Credit Card,  Standard,,,,,,PARTNER20,0,0,0
1061,ORD00001061,CUST00049716,2024-11-23 18:11:29,Completed,Online,,143.62,0.0,0.61,11.49,155.72000000000003,CREDIT CARD,Express,,,,,,,0,0,0
1062,ORD00001062,CUST00036387,2022-10-14 05:13:30,Completed,Online,,62.99,0.0,0.0,5.04,68.03,Debit Card,Standard,,,,,,partnership,0,0,0
1063,ORD00001063,CUST00025393,2022-08-19 06:51:37,Completed,Online,,134.43,0.0,6.77,10.75,151.95000000000002,Debit Card,express,,,,,,,0,0,0
1064,ORD00001064,CUST00019727,2024-10-31 01:40:52,Completed,Online,,78.88,0.0,8.03,6.31,93.22,Debit Card,Standard,,,,,,,0,0,0
1065,ORD00001065,CUST00044232,2024-01-17 13:11:07,Completed,Online,,114.3,11.43,4.12,8.23,115.22000000000001,Credit Card,Standard,,,,,,GIFT10,10,0,0
1066,ORD00001066,CUST00019366,2023-10-07 19:41:15,Completed,Online,,132.96,0.0,11.41,10.64,155.01,Debit Card,Standard,,,,,,,0,0,0
1067,ORD00001067,CUST00027567,2022-07-19 02:16:02,completed,Online,,38.95,0.0,13.2,3.12,55.27,Debit Card,Express,,,,,,,0,0,0
1068,ORD00001068,CUST00036042,2022-03-02 10:49:57,Completed,Online,,171.18,0.0,5.31,13.69,190.18,Credit Card,Standard,,,,,,,0,0,0
1069,ORD00001069,CUST00032528,2023-01-30 23:57:16,Completed,Online,,65.39,0.0,11.02,5.23,81.64,Credit Card,Express,,,,,,,0,0,0
1070,ORD00001070,CUST00020866,2022-02-02 19:55:25,Completed,Online,,130.71,19.61,11.82,8.89,131.81,Credit Card,Express,,,,,,PARTNER15,15,0,0
1071,ORD00001071,CUST00031568,2024-12-30 05:13:37,COMPLETED,Online,,83.0,0.0,11.98,6.64,101.62,Debit Card,Standard,,,,,,,0,0,0
1072,ORD00001072,CUST00014703,2022-09-24 07:08:22,Completed,Online,,146.6,0.0,2.61,11.73,160.94,Credit Card,Express,,,,,,,0,0,0
1073,ORD00001073,CUST00015161,2022-09-27 20:11:52,Completed,Online  ,,94.35,0.0,0.0,7.55,101.89999999999999,  Debit Card,Standard,,,,,,BOOKFLUENCERSHIP,0,0,0
1074,ORD00001074,CUST00049462,2024-12-13 00:48:22,  Completed,Online,,163.95,0.0,13.91,13.12,190.98,Debit Card,Express,,,,,,,0,0,0
1075,ORD00001075,CUST00044420,2024-02-29 17:37:18,Completed,Online,,164.81,0.0,2.37,13.18,180.36,credit card,Express,,,,,,,0,0,0
1076,ORD00001076,CUST00006065,2024-02-09 16:14:09,Completed,Online,,74.79,0.0,1.85,5.98,82.62,Credit Card,standard,,,,,,,0,0,0
1077,ORD00001077,CUST00005468,2024-12-18 23:51:24,Completed,  Online,,30.7,0.0,11.15,2.46,44.31,PAYPAL,  Standard,,,,,,,0,0,0
1078,ORD00001078,CUST00007440,2024-07-16 02:42:58,Completed,Online,,29.96,0.0,9.06,2.4,41.42,Credit Card,Express,,,,,,partner20,0,0,0
1079,ORD00001079,CUST00039513,2021-06-05 20:26:05,Completed,Online,,117.44,0.0,0.0,9.4,126.84,Debit Card,STANDARD,,,,,,BOOKFLUENCERSHIP,0,0,0
1080,ORD00001080,CUST00048650,2024-10-08 22:01:58,Completed,online,,37.21,0.0,7.21,2.98,47.4,PayPal,Express,,,,,,,0,0,0
1081,ORD00001081,CUST00011050,2024-08-21 07:17:29,Completed,Online,,132.14,0.0,8.74,10.57,151.45,Credit Card,Express,,,,,,,0,0,0
1082,ORD00001082,CUST00049959,2024-12-10 08:17:57,Completed,ONLINE,,189.42,0.0,0.0,15.15,204.57,Debit Card,Express,,,,,,SCHOOLSHIP,0,0,0
1083,ORD00001083,CUST00028339,2024-09-09 16:18:18,Completed,Online,,96.22,0.0,4.36,7.7,108.28,Debit Card  ,Standard,,,,,,,0,0,0
1084,ORD00001084,CUST00013708,2023-10-17 14:37:42,Completed,Online,,178.75,0.0,1.96,14.3,195.01000000000002,Debit Card,EXPRESS,,,,,,,0,0,0
1085,ORD00001085,CUST00026043,2022-05-10 22:45:09,Completed,ONLINE,,182.15,0.0,2.87,14.57,199.59,Debit Card,  Standard,,,,,,,0,0,0
1086,ORD00001086,CUST00022635,2022-12-01 02:04:27,Completed,Online,,134.67,0.0,14.78,10.77,160.22,PayPal,  Express,,,,,,,0,0,0
1087,ORD00001087,CUST00048274,2024-03-30 11:25:59,Completed,Online,,127.65,0.0,12.65,10.21,150.51000000000002,Credit Card,Standard,,,,,,,0,0,0
1088,ORD00001088,CUST00044856,2024-02-06 09:36:45,Completed,Online,,55.28,0.0,9.91,4.42,69.61,PayPal,Express,,,,,,,0,0,0
1089,ORD00001089,CUST00039170,2024-09-27 04:27:41,Completed  ,Online,,84.36,0.0,14.66,6.75,105.77,Debit Card,Standard,,,,,,,0,0,0
1090,ORD00001090,CUST00002607,2024-06-01 19:33:08,Completed,Online,,144.4,0.0,6.22,11.55,162.17000000000002,Credit Card,Express,,,,,,,0,0,0
1091,ORD00001091,CUST00040060,2023-07-26 21:38:59,Completed,Online,,169.32,0.0,11.94,13.55,194.81,Credit Card,Standard,,,,,,,0,0,0
1092,ORD00001092,CUST00016749,2023-07-03 11:42:14,Completed,Online,,37.8,0.0,10.97,3.02,51.79,Credit Card  ,Standard,,,,,,,0,0,0
1093,ORD00001093,CUST00031232,2024-11-04 19:37:20,Completed,Online,,183.33,0.0,10.55,14.67,208.55,PayPal,Express,,,,,,,0,0,0
1094,ORD00001094,CUST00000735,2023-04-04 13:03:58,Completed,Online,,139.85,0.0,3.72,11.19,154.76,Credit Card,Express,,,,,,,0,0,0
1095,ORD00001095,CUST00049806,2022-08-02 16:37:14,Completed,Online,,166.1,0.0,11.44,13.29,190.82999999999998,Credit Card,Express,,,,,,,0,0,0
1096,ORD00001096,CUST00035835,2024-12-15 21:54:46,Completed,Online,,196.7,0.0,14.04,15.74,226.48,Debit Card  ,Express,,,,,,,0,0,0
1097,ORD00001097,CUST00034625,2023-06-03 16:20:06,Completed,Online,,149.85,0.0,4.62,11.99,166.46,Credit Card,Express,,,,,,,0,0,0
1098,ORD00001098,CUST00049175,2022-05-20 10:44:15,completed,Online,,196.37,0.0,0.23,15.71,212.31,Credit Card,Express,,,,,,,0,0,0
1099,ORD00001099,CUST00027567,2022-07-14 06:43:28,Completed,Online,,40.1,0.0,14.49,3.21,57.800000000000004,PayPal,Standard,,,,,,,0,0,0
1100,ORD00001100,CUST00007584,2023-06-17 17:22:39,COMPLETED,Online,,72.96,0.0,1.66,5.84,80.46,PayPal,Express,,,,,,,0,0,0
1101,ORD00001101,CUST00014999,2022-07-17 23:02:20,COMPLETED,Online,,120.27,0.0,0.25,9.62,130.14,PayPal,Express,,,,,,,0,0,0
1102,ORD00001102,CUST00003588,2024-11-27 16:34:36,Completed,Online,,122.31,0.0,2.07,9.78,134.16,Credit Card,Express,,,,,,,0,0,0
1103,ORD00001103,CUST00015251,2024-09-22 07:05:58,Completed,Online,,87.58,13.14,12.96,5.96,93.36,Credit Card,Standard,,,,,,PARTNER15,15,0,0
1104,ORD00001104,CUST00005324,2024-12-11 04:44:28,Completed,Online,,47.6,0.0,7.78,3.81,59.190000000000005,Debit Card,Express,,,,,,,0,0,0
1105,ORD00001105,CUST00034315,2024-04-05 02:05:18,Completed,Online,,180.68,0.0,1.46,14.45,196.59,Credit Card,Standard,,,,,,,0,0,0
1106,ORD00001106,CUST00022477,2024-07-21 17:37:45,Completed,Online,,69.63,0.0,3.09,5.57,78.28999999999999,Credit Card,Express,,,,,,,0,0,0
1107,ORD00001107,CUST00046995,2024-06-11 21:58:21,Completed,Online,,120.49,0.0,11.23,9.64,141.36,Credit Card,Standard,,,,,,,0,0,0
1108,ORD00001108,CUST00023178,2023-07-12 13:58:11,Completed,Online,,77.35,0.0,7.58,6.19,91.11999999999999,Debit Card,Express,,,,,,,0,0,0
1109,ORD00001109,CUST00049265,2024-04-29 20:04:56,Completed,ONLINE,,154.11,0.0,11.26,12.33,177.70000000000002,PayPal,Standard,,,,,,,0,0,0
1110,ORD00001110,CUST00001507,2024-09-09 22:19:08,completed,Online,,174.07,0.0,14.54,13.93,202.54,PayPal,Standard,,,,,,,0,0,0
1111,ORD00001111,CUST00028517,2023-02-22 16:48:12,Completed,Online,,124.07,0.0,1.45,9.93,135.45,debit card,Standard,,,,,,,0,0,0
1112,ORD00001112,CUST00024490,2023-07-06 21:17:20,Completed,Online,,185.67,0.0,10.57,14.85,211.08999999999997,PayPal,Standard,,,,,,,0,0,0
1113,ORD00001113,CUST00025769,2024-12-20 12:43:07,Completed,Online,,133.79,0.0,8.44,10.7,152.92999999999998,Debit Card,Standard,,,,,,,0,0,0
1114,ORD00001114,CUST00022473,2022-09-22 12:51:31,Completed,Online,,71.77,0.0,0.0,5.74,77.50999999999999,PayPal,Express,,,,,,BOOKFLUENCERSHIP,0,0,0
1115,ORD00001115,CUST00038358,2021-10-08 02:31:47,Completed,Online,,64.58,0.0,3.71,5.17,73.46,Debit Card,Standard,,,,,,,0,0,0
1116,ORD00001116,CUST00001465,2023-12-01 09:01:16,Completed,Online,,145.11,21.77,3.79,9.87,137.00000000000003,Debit Card,Express,,,,,,BOOKFLUENCER15,15,0,0
1117,ORD00001117,CUST00022658,2023-04-15 08:09:45,Completed,Online,,27.33,0.0,14.09,2.19,43.61,Credit Card,Standard,,,,,,,0,0,0
1118,ORD00001118,CUST00001715,2024-10-15 03:24:38,Completed,  Online,,95.01,0.0,4.12,7.6,106.73,Credit Card,Express,,,,,,,0,0,0
1119,ORD00001119,CUST00041752,2024-02-11 14:10:56,Completed,Online,,44.22,0.0,1.67,3.54,49.43,Credit Card,Standard,,,,,,,0,0,0
1120,ORD00001120,CUST00026194,2023-10-25 10:42:18,Completed,Online,,111.45,0.0,5.58,8.92,125.95,  Debit Card,Standard,,,,,,,0,0,0
1121,ORD00001121,CUST00005888,2022-12-23 21:27:12,Completed,Online,,91.45,0.0,4.69,7.32,103.46000000000001,Debit Card,Express,,,,,,,0,0,0
1122,ORD00001122,CUST00017149,2024-09-13 03:01:23,Completed,Online,,174.41,0.0,14.71,13.95,203.07,Debit Card,Express,,,,,,,0,0,0
1123,ORD00001123,CUST00035083,2024-01-25 11:49:41,Completed,Online,,124.44,0.0,0.0,9.96,134.4,Debit Card,Express,,,,,,PARTNERSHIP  ,0,0,0
1124,ORD00001124,CUST00016124,2024-07-26 03:41:29,Completed,Online,,117.25,0.0,11.36,9.38,137.99,Credit Card,Express,,,,,,PARTNER20,0,0,0
1125,ORD00001125,CUST00012544,2021-09-20 17:57:24,Completed  ,Online,,155.92,0.0,10.48,12.47,178.86999999999998,Credit Card,Express,,,,,,,0,0,0
1126,ORD00001126,CUST00007535,2023-06-05 18:20:51,  Completed,Online,,117.98,0.0,5.53,9.44,132.95000000000002,Credit Card,Express,,,,,,,0,0,0
1127,ORD00001127,CUST00018287,2023-11-19 20:58:11,Completed,Online,,62.76,0.0,1.04,5.02,68.82,Credit Card,Express,,,,,,,0,0,0
1128,ORD00001128,CUST00030069,2023-12-18 01:41:39,Completed,Online,,161.21,0.0,0.0,12.9,174.11,PayPal,express,,,,,,PARTNERSHIP,0,0,0
1129,ORD00001129,CUST00026104,2024-12-31 12:05:57,Completed,Online,,58.23,0.0,12.21,4.66,75.1,Debit Card,Standard,,,,,,,0,0,0
1130,ORD00001130,CUST00024864,2023-11-19 06:53:18,Completed,Online,,125.41,0.0,11.44,10.03,146.88,Credit Card,Standard,,,,,,,0,0,0
1131,ORD00001131,CUST00039708,2023-11-26 15:26:00,Completed,Online,,90.92,13.64,11.72,6.18,95.18,paypal,Standard,,,,,,BOOKFLUENCER15,15,0,0
1132,ORD00001132,CUST00011672,2024-11-16 08:29:36,Completed,Online,,160.74,0.0,4.55,12.86,178.15000000000003,Credit Card,Express,,,,,,,0,0,0
1133,ORD00001133,CUST00015463,2023-12-20 19:49:29,Completed,Online,,142.64,0.0,0.51,11.41,154.55999999999997,PayPal,Express,,,,,,,0,0,0
1134,ORD00001134,CUST00000588,2024-06-26 12:12:37,Completed  ,Online,,98.02,9.8,14.5,7.06,109.78,debit card,Express,,,,,,SAVE10,10,0,0
1135,ORD00001135,CUST00017192,2022-07-08 00:02:09,Completed,  Online,,78.18,0.0,10.44,6.25,94.87,  Credit Card,Standard,,,,,,,0,0,0
1136,ORD00001136,CUST00045265,2022-04-08 20:32:55,Completed,Online,,63.61,0.0,11.83,5.09,80.53,Credit Card,Standard,,,,,,,0,0,0
1137,ORD00001137,CUST00034220,2024-10-22 14:25:39,Completed,Online,,196.93,0.0,14.06,15.75,226.74,Debit Card,Express,,,,,,,0,0,0
1138,ORD00001138,CUST00043087,2023-09-28 08:52:31,Completed,Online,,48.84,0.0,6.1,3.91,58.85000000000001,PayPal,  Standard,,,,,,,0,0,0
1139,ORD00001139,CUST00006038,2022-11-07 23:03:22,Completed,Online,,85.89,0.0,0.0,6.87,92.76,PayPal,Standard,,,,,,PARTNERSHIP,0,0,0
1140,ORD00001140,CUST00035927,2023-07-09 05:35:09,Completed,Online,,35.47,0.0,9.8,2.84,48.11,Debit Card,Standard,,,,,,,0,0,0
1141,ORD00001141,CUST00010662,2023-01-26 14:41:06,Completed,Online,,102.22,0.0,7.04,8.18,117.44,PayPal,Standard,,,,,,,0,0,0
1142,ORD00001142,CUST00003825,2024-07-06 04:15:00,Completed,Online,,43.6,0.0,2.15,3.49,49.24,Credit Card,Standard,,,,,,,0,0,0
1143,ORD00001143,CUST00004591,2025-01-03 13:39:54,Completed,Online,,86.15,0.0,1.05,6.89,94.09,Credit Card  ,Standard,,,,,,,0,0,0
1144,ORD00001144,CUST00025502,2024-08-20 12:40:38,Completed,Online,,134.04,0.0,9.58,10.72,154.34,Debit Card,  Standard,,,,,,,0,0,0
1145,ORD00001145,CUST00046261,2023-09-17 05:13:31,Completed,Online,,42.06,0.0,7.1,3.36,52.52,PayPal,Express,,,,,,,0,0,0
1146,ORD00001146,CUST00006574,2023-10-20 13:40:30,Completed,Online,,122.49,0.0,7.01,9.8,139.3,Debit Card,Standard,,,,,,,0,0,0
1147,ORD00001147,CUST00048739,2024-11-02 21:13:30,Completed,Online,,174.3,0.0,11.4,13.94,199.64000000000001,PayPal,  Express,,,,,,,0,0,0
1148,ORD00001148,CUST00001263,2024-05-29 04:52:06,Completed,Online,,181.11,0.0,11.28,14.49,206.88000000000002,PayPal  ,standard,,,,,,,0,0,0
1149,ORD00001149,CUST00021825,2022-11-01 02:19:57,Completed,Online,,138.97,0.0,0.0,11.12,150.09,Credit Card,Express,,,,,,PARTNERSHIP,0,0,0
1150,ORD00001150,CUST00023498,2023-08-17 10:25:00,  Completed,Online,,160.35,0.0,13.26,12.83,186.44,Debit Card,Express,,,,,,,0,0,0
1151,ORD00001151,CUST00048769,2024-10-25 02:10:22,Completed,ONLINE,,57.06,0.0,9.33,4.56,70.95,Credit Card,Express,,,,,,,0,0,0
1152,ORD00001152,CUST00037736,2023-07-13 14:02:23,Completed,Online,,82.8,0.0,14.98,6.62,104.4,Debit Card,  Express,,,,,,,0,0,0
1153,ORD00001153,CUST00027279,2024-11-30 15:10:25,Completed,Online,,168.68,0.0,8.52,13.49,190.69000000000003,Credit Card,Standard,,,,,,,0,0,0
1154,ORD00001154,CUST00025981,2022-06-15 08:16:14,Completed,Online,,131.96,0.0,0.65,10.56,143.17000000000002,PayPal,Standard,,,,,,,0,0,0
1155,ORD00001155,CUST00001020,2024-05-23 15:49:43,  Completed,Online,,75.49,0.0,11.61,6.04,93.14,Debit Card  ,EXPRESS,,,,,,,0,0,0
1156,ORD00001156,CUST00011552,2023-09-16 16:03:15,Completed,Online,,156.12,0.0,10.41,12.49,179.02,PayPal,Standard,,,,,,,0,0,0
1157,ORD00001157,CUST00003217,2024-05-02 06:09:37,Completed,Online,,78.59,0.0,2.34,6.29,87.22000000000001,debit card,Express,,,,,,,0,0,0
1158,ORD00001158,CUST00018071,2024-12-15 13:16:54,Completed,Online,,146.66,0.0,12.72,11.73,171.10999999999999,Credit Card,Express,,,,,,,0,0,0
1159,ORD00001159,CUST00016471,2023-09-25 10:41:49,Completed,Online,,117.93,0.0,2.62,9.43,129.98000000000002,Debit Card  ,EXPRESS,,,,,,,0,0,0
1160,ORD00001160,CUST00011284,2022-10-27 02:53:41,Completed,Online,,153.52,0.0,13.66,12.28,179.46,PayPal,Standard,,,,,,,0,0,0
1161,ORD00001161,CUST00025586,2023-10-03 14:42:54,Completed,Online,,61.94,0.0,7.34,4.96,74.24,Credit Card,Standard,,,,,,,0,0,0
1162,ORD00001162,CUST00028604,2024-03-05 06:00:42,Completed,Online,,122.8,0.0,2.92,9.82,135.54,Debit Card,Express,,,,,,,0,0,0
1163,ORD00001163,CUST00028125,2024-06-12 22:16:53,Completed,Online,,102.54,0.0,2.76,8.2,113.50000000000001,Credit Card  ,Express,,,,,,,0,0,0
1164,ORD00001164,CUST00003834,2023-11-19 12:03:40,Completed,Online,,148.49,0.0,10.95,11.88,171.32,Debit Card,Express,,,,,,,0,0,0
1165,ORD00001165,CUST00031048,2025-01-12 21:37:15,Completed,Online  ,,97.66,0.0,13.4,7.81,118.87,Debit Card,Standard,,,,,,,0,0,0
1166,ORD00001166,CUST00002491,2024-12-22 03:54:54,Completed,Online,,105.97,0.0,10.15,8.48,124.60000000000001,Debit Card,Express  ,,,,,,,0,0,0
1167,ORD00001167,CUST00012321,2025-01-13 08:44:08,Completed,Online,,135.4,0.0,3.17,10.83,149.4,PayPal,Standard,,,,,,,0,0,0
1168,ORD00001168,CUST00004363,2024-02-21 20:49:58,Completed,Online  ,,138.34,0.0,0.0,11.07,149.41,Credit Card,Standard,,,,,,PARTNERSHIP,0,0,0
1169,ORD00001169,CUST00021528,2024-09-29 03:37:39,Completed,Online,,96.06,0.0,13.13,7.68,116.87,Debit Card,Standard,,,,,,,0,0,0
1170,ORD00001170,CUST00015538,2024-06-08 13:26:18,Completed,Online,,123.15,0.0,4.64,9.85,137.64000000000001,  Debit Card,Express,,,,,,,0,0,0
1171,ORD00001171,CUST00031291,2023-07-09 06:27:07,Completed,Online,,69.41,0.0,9.9,5.55,84.86,PayPal,Standard,,,,,,,0,0,1
1172,ORD00001172,CUST00024356,2023-07-15 17:43:16,Completed,Online,,60.91,0.0,10.31,4.87,76.09,PayPal,Standard,,,,,,,0,0,0
1173,ORD00001173,CUST00029732,2022-10-12 15:17:06,Completed,Online,,121.81,0.0,0.0,9.74,131.55,PayPal,Express  ,,,,,,  BOOKFLUENCERSHIP,0,0,0
1174,ORD00001174,CUST00019461,2024-11-20 09:06:31,COMPLETED,Online,,96.29,0.0,2.5,7.7,106.49000000000001,Debit Card,Standard,,,,,,,0,0,0
1175,ORD00001175,CUST00003154,2024-05-11 19:49:13,Completed,  Online,,38.84,0.0,14.4,3.11,56.35,Debit Card,Standard,,,,,,,0,0,0
1176,ORD00001176,CUST00038286,2021-02-16 05:26:14,Completed,  Online,,99.02,14.85,0.63,6.73,91.53,Debit Card,Express,,,,,,GIFT15,15,0,0
1177,ORD00001177,CUST00007387,2023-05-21 22:04:30,Completed,Online,,176.18,0.0,11.43,14.09,201.70000000000002,Paypal,Express,,,,,,,0,0,0
1178,ORD00001178,CUST00032567,2023-10-12 01:36:04,Completed  ,Online,,34.82,0.0,12.48,2.79,50.089999999999996,PayPal,Express,,,,,,,0,0,0
1179,ORD00001179,CUST00049549,2024-05-21 19:17:10,Completed,Online,,185.98,0.0,1.09,14.88,201.95,Credit Card,Express,,,,,,,0,0,0
1180,ORD00001180,CUST00036909,2023-09-15 15:47:13,Completed,Online,,140.51,0.0,11.23,11.24,162.98,Debit Card,Standard,,,,,,,0,0,0
1181,ORD00001181,CUST00027538,2024-12-12 14:22:33,Completed,Online,,102.21,0.0,12.6,8.18,122.98999999999998,Debit Card,Express,,,,,,,0,0,0
1182,ORD00001182,CUST00036162,2024-04-02 23:46:08,Completed,Online,,130.08,0.0,1.28,10.41,141.77,PayPal,Standard,,,,,,,0,0,0
1183,ORD00001183,CUST00003093,2024-07-31 12:08:52,Completed,Online,,93.5,0.0,5.7,7.48,106.68,Credit Card,Express,,,,,,,0,0,0
1184,ORD00001184,CUST00024772,2022-04-16 19:48:32,Completed,Online,,43.89,0.0,9.83,3.51,57.23,Debit Card,Express,,,,,,,0,0,0
1185,ORD00001185,CUST00015225,2024-10-26 15:40:06,Completed,Online,,121.1,0.0,0.0,9.69,130.79,Debit Card,Express,,,,,,SCHOOLSHIP,0,0,0
1186,ORD00001186,CUST00012956,2023-05-07 10:09:23,Completed,Online,,55.1,0.0,5.77,4.41,65.28,Credit Card,Express,,,,,,,0,0,0
1187,ORD00001187,CUST00035850,2023-04-26 08:06:26,Completed,online  ,,46.1,0.0,11.42,3.69,61.21,Credit Card,  Express,,,,,,,0,0,0
1188,ORD00001188,CUST00035198,2022-04-11 21:43:26,Completed,Online,,81.71,0.0,2.18,6.54,90.43,Debit Card,Express,,,,,,,0,0,0
1189,ORD00001189,CUST00018295,2024-12-28 16:51:59,Completed,Online,,188.06,0.0,0.64,15.04,203.73999999999998,Debit Card,Express,,,,,,,0,0,0
1190,ORD00001190,CUST00014371,2023-10-22 19:44:53,Completed,Online,,127.02,0.0,3.59,10.16,140.76999999999998,Debit Card,Express,,,,,,,0,0,0
1191,ORD00001191,CUST00011818,2024-05-03 10:55:19,  Completed,Online,,188.14,0.0,1.95,15.05,205.14,Debit Card,  Express,,,,,,,0,0,0
1192,ORD00001192,CUST00038167,2022-09-15 17:14:00,Completed,Online,,38.54,0.0,9.85,3.08,51.47,credit card,Standard,,,,,,,0,0,0
1193,ORD00001193,CUST00007334,2022-11-17 14:38:37,Completed,Online,,122.05,0.0,0.0,9.76,131.81,Debit Card,Standard,,,,,,PARTNERSHIP,0,0,0
1194,ORD00001194,CUST00009280,2022-12-13 04:06:21,Completed,Online,,139.73,0.0,7.22,11.18,158.13,Credit Card,Standard,,,,,,,0,0,0
1195,ORD00001195,CUST00005924,2024-07-29 20:56:32,Completed,Online,,120.27,0.0,1.79,9.62,131.68,Debit Card,Express,,,,,,,0,0,0
1196,ORD00001196,CUST00024829,2024-08-30 07:06:07,Completed,Online,,36.63,0.0,6.45,2.93,46.010000000000005,Credit Card,Express  ,,,,,,,0,0,0
1197,ORD00001197,CUST00021067,2023-02-01 05:44:56,Completed,Online,,183.29,0.0,11.61,14.66,209.55999999999997,Debit Card,  Express,,,,,,,0,0,0
1198,ORD00001198,CUST00003899,2024-07-08 21:14:05,Completed,Online,,89.37,0.0,7.62,7.15,104.14000000000001,Debit Card,Standard,,,,,,,0,0,0
1199,ORD00001199,CUST00027686,2023-03-24 04:18:55,Completed,Online,,134.72,0.0,2.64,10.78,148.14,Debit Card,STANDARD,,,,,,,0,0,0
1200,ORD00001200,CUST00049737,2023-09-19 04:38:33,completed,Online  ,,119.19,0.0,6.47,9.54,135.2,Debit Card,Express,,,,,,,0,0,0
1201,ORD00001201,CUST00046965,2024-03-28 22:37:28,Completed,Online,,118.14,0.0,5.82,9.45,133.41,Credit Card,Standard,,,,,,,0,0,0
1202,ORD00001202,CUST00047659,2024-12-12 09:19:47,Completed,online,,181.05,0.0,1.17,14.48,196.7,PayPal,Standard,,,,,,,0,0,0
1203,ORD00001203,CUST00011577,2023-08-12 11:01:43,Completed,Online,,102.64,0.0,11.21,8.21,122.06,  PayPal,Standard,,,,,,,0,0,0
1204,ORD00001204,CUST00022242,2025-01-12 15:01:41,Completed,Online,,29.6,0.0,7.04,2.37,39.01,Debit Card,Standard,,,,,,,0,0,0
1205,ORD00001205,CUST00035710,2023-05-07 14:23:53,completed,Online,,47.2,0.0,10.02,3.78,61.0,Debit Card,Express,,,,,,,0,0,0
1206,ORD00001206,CUST00024025,2024-10-14 03:06:40,Completed,Online,,99.65,0.0,5.49,7.97,113.11,DEBIT CARD,Express,,,,,,,0,0,0
1207,ORD00001207,CUST00022111,2024-10-12 07:51:20,Completed,Online,,123.12,0.0,7.92,9.85,140.89,Credit Card,Standard,,,,,,,0,0,0
1208,ORD00001208,CUST00018191,2022-10-09 15:00:18,  Completed,Online,,187.83,0.0,0.0,15.03,202.86,Credit Card,Standard,,,,,,BOOKFLUENCERSHIP,0,0,0
1209,ORD00001209,CUST00002656,2024-02-17 11:03:04,Completed,ONLINE,,73.71,0.0,4.21,5.9,83.82,Debit Card,Express,,,,,,,0,0,0
1210,ORD00001210,CUST00030491,2024-08-22 01:26:52,Completed,Online,,187.68,0.0,12.97,15.01,215.66,Credit Card,Standard,,,,,,,0,0,0
1211,ORD00001211,CUST00016953,2024-03-09 20:53:50,Completed,Online,,119.3,0.0,12.07,9.54,140.91,Debit Card,Standard,,,,,,,0,0,0
1212,ORD00001212,CUST00004662,2023-05-22 15:51:01,Completed,Online,,199.87,0.0,11.63,15.99,227.49,Credit Card,Express,,,,,,,0,0,0
1213,ORD00001213,CUST00040653,2025-01-14 23:47:32,Completed,Online,,76.48,0.0,5.0,6.12,87.60000000000001,Debit Card,Express,,,,,,,0,0,0
1214,ORD00001214,CUST00004923,2024-02-11 22:39:12,  COMPLETED,online,,199.01,19.9,11.78,14.33,205.22,PayPal  ,Express,,,,,,  SAVE10,10,0,0
1215,ORD00001215,CUST00002540,2024-11-20 20:28:59,Completed,  Online,,173.59,0.0,2.34,13.89,189.82,Debit Card,Standard,,,,,,,0,0,0
1216,ORD00001216,CUST00042254,2024-06-19 19:34:56,Completed,Online,,121.92,0.0,1.42,9.75,133.09,PayPal,Express,,,,,,,0,0,0
1217,ORD00001217,CUST00022278,2023-11-13 23:02:37,Completed,Online,,139.39,0.0,2.06,11.15,152.6,Credit Card,Standard,,,,,,,0,0,0
1218,ORD00001218,CUST00035107,2024-06-06 22:13:53,Completed,Online,,173.41,0.0,0.41,13.87,187.69,PayPal,Standard,,,,,,,0,0,0
1219,ORD00001219,CUST00028656,2024-05-04 12:47:39,  Completed,Online,,158.06,0.0,10.87,12.64,181.57,Debit Card,Express,,,,,,,0,0,0
1220,ORD00001220,CUST00008521,2023-09-08 06:29:53,Completed,Online,,176.1,0.0,5.19,14.09,195.38,Debit Card,Standard,,,,,,,0,0,0
1221,ORD00001221,CUST00021059,2023-07-27 07:50:12,Completed,Online,,62.44,0.0,4.48,5.0,71.92,Credit Card,Standard,,,,,,,0,0,0
1222,ORD00001222,CUST00021302,2024-09-17 14:13:38,Completed,  Online,,76.55,0.0,6.5,6.12,89.17,Debit Card,Express,,,,,,,0,0,0
1223,ORD00001223,CUST00004452,2022-11-12 07:15:07,  Completed,Online,,45.25,0.0,0.0,3.62,48.87,credit card,Express,,,,,,PARTNERSHIP,0,0,0
1224,ORD00001224,CUST00018931,2025-01-05 21:17:06,Completed,Online,,159.38,0.0,1.81,12.75,173.94,PayPal,Express,,,,,,,0,0,0
1225,ORD00001225,CUST00043164,2022-11-05 10:17:21,COMPLETED,Online,,196.85,0.0,8.71,15.75,221.31,Debit Card,Express  ,,,,,,,0,0,0
1226,ORD00001226,CUST00039193,2024-09-01 03:50:12,Completed,Online,,159.85,0.0,8.75,12.79,181.39,debit card,Express,,,,,,,0,0,0
1227,ORD00001227,CUST00028703,2023-04-29 17:18:55,Completed,Online,,85.87,0.0,2.08,6.87,94.82000000000001,Credit Card,Standard,,,,,,,0,0,0
1228,ORD00001228,CUST00048342,2023-11-26 18:07:52,Completed  ,Online,,41.65,0.0,11.79,3.33,56.769999999999996,PayPal,Express,,,,,,,0,0,0
1229,ORD00001229,CUST00006307,2023-10-27 23:47:44,completed,Online,,68.51,0.0,12.12,5.48,86.11000000000001,Debit Card,Standard,,,,,,,0,0,0
1230,ORD00001230,CUST00039297,2023-10-21 21:31:48,Completed,Online,,23.09,0.0,12.44,1.85,37.38,PayPal,express,,,,,,,0,0,0
1231,ORD00001231,CUST00019296,2023-07-03 04:37:39,Completed,Online,,196.5,0.0,4.57,15.72,216.79,PayPal,Standard,,,,,,,0,0,0
1232,ORD00001232,CUST00040540,2024-12-12 03:27:31,Completed,Online,,61.04,0.0,10.48,4.88,76.39999999999999,Credit Card,Express,,,,,,,0,0,0
1233,ORD00001233,CUST00013467,2024-03-20 16:40:46,Completed,Online,,33.07,0.0,11.36,2.65,47.08,Credit Card,  Standard,,,,,,,0,0,0
1234,ORD00001234,CUST00049092,2024-11-26 01:59:47,Completed,Online,,95.61,0.0,12.03,7.65,115.29,PayPal,Standard,,,,,,,0,0,0
1235,ORD00001235,CUST00017655,2022-09-13 08:23:30,Completed,Online,,165.27,0.0,0.0,13.22,178.49,Debit Card,Express,,,,,,bookfluencership,0,0,0
1236,ORD00001236,CUST00011716,2024-12-08 21:44:41,Completed,Online,,176.1,0.0,0.15,14.09,190.34,Credit Card,Express,,,,,,,0,0,0
1237,ORD00001237,CUST00016474,2023-03-20 00:48:56,Completed,Online,,26.93,0.0,12.3,2.15,41.38,  Paypal,Express,,,,,,,0,0,0
1238,ORD00001238,CUST00040845,2024-02-11 22:46:00,Completed,Online,,143.32,0.0,13.83,11.47,168.62,Debit Card,EXPRESS,,,,,,,0,0,1
1239,ORD00001239,CUST00040286,2024-07-27 14:18:22,Completed,Online,,108.04,0.0,4.47,8.64,121.15,Debit Card,Standard,,,,,,,0,0,0
1240,ORD00001240,CUST00043435,2024-04-25 01:11:31,Completed,ONLINE,,27.57,0.0,14.24,2.21,44.02,PayPal,Standard,,,,,,,0,0,0
1241,ORD00001241,CUST00035491,2022-05-27 00:22:30,Completed,Online,,184.88,0.0,12.29,14.79,211.95999999999998,Credit Card,STANDARD,,,,,,,0,0,0
1242,ORD00001242,CUST00042584,2021-10-24 13:27:48,Completed,Online,,31.47,4.72,8.62,2.14,37.51,Debit Card,Standard,,,,,,BOOKFLUENCER15,15,0,0
1243,ORD00001243,CUST00029245,2023-08-13 10:12:19,Completed,Online,,110.82,0.0,2.06,8.87,121.75,PayPal,Standard,,,,,,,0,0,0
1244,ORD00001244,CUST00022757,2022-09-01 06:45:22,Completed,  Online,,104.37,0.0,0.0,8.35,112.72,  Debit Card,Standard,,,,,,  BOOKFLUENCERSHIP,0,0,0
1245,ORD00001245,CUST00045109,2023-10-25 19:38:47,Completed,Online,,80.75,12.11,6.94,5.49,81.07,paypal,Express,,,,,,SAVE15,15,0,0
1246,ORD00001246,CUST00016874,2024-11-05 04:41:05,Completed,Online,,78.32,0.0,6.22,6.27,90.80999999999999,PayPal,Standard,,,,,,,0,0,0
1247,ORD00001247,CUST00030997,2023-09-04 01:10:03,Completed,Online,,55.28,0.0,12.71,4.42,72.41000000000001,PayPal,Express,,,,,,,0,0,0
1248,ORD00001248,CUST00025348,2023-09-19 18:04:08,  Completed,Online,,64.39,0.0,2.61,5.15,72.15,PayPal,Standard,,,,,,,0,0,0
1249,ORD00001249,CUST00035414,2023-05-05 10:21:54,Completed,Online  ,,102.72,0.0,0.0,8.22,110.94,PayPal,STANDARD,,,,,,BOOKFLUENCERSHIP,0,0,0
1250,ORD00001250,CUST00018926,2024-12-21 04:32:46,Completed,Online,,186.21,0.0,4.89,14.9,206.0,Debit Card,Standard,,,,,,,0,0,0
1251,ORD00001251,CUST00046147,2023-06-18 03:24:09,Completed,Online,,106.79,0.0,1.12,8.54,116.45000000000002,PayPal,Express,,,,,,,0,0,0
1252,ORD00001252,CUST00009961,2024-06-22 14:38:12,Completed,Online,,148.61,0.0,10.09,11.89,170.59000000000003,Debit Card,Standard,,,,,,,0,0,0
1253,ORD00001253,CUST00044280,2024-11-01 03:12:37,  Completed,Online,,27.71,0.0,0.0,2.22,29.93,Debit Card,Express,,,,,,SCHOOLSHIP,0,0,0
1254,ORD00001254,CUST00015000,2025-01-01 19:43:43,Completed,Online  ,,144.92,21.74,6.48,9.85,139.51,Debit Card  ,Express,,,,,,PARTNER15,15,0,0
1255,ORD00001255,CUST00020061,2023-05-18 20:10:33,Completed,Online,,151.68,0.0,1.8,12.13,165.61,PayPal,Standard,,,,,,,0,0,0
1256,ORD00001256,CUST00000277,2023-06-20 06:14:07,Completed  ,Online,,91.48,0.0,13.2,7.32,112.0,Credit Card,express,,,,,,,0,0,0
1257,ORD00001257,CUST00007919,2023-08-20 18:04:20,Completed,Online,,149.31,0.0,5.75,11.94,167.0,  PayPal,Standard,,,,,,,0,0,0
1258,ORD00001258,CUST00042467,2024-07-12 23:47:17,  Completed,Online,,33.79,0.0,12.76,2.7,49.25,PayPal,Standard,,,,,,,0,0,0
1259,ORD00001259,CUST00046706,2025-01-03 13:29:13,Completed,Online,,155.27,0.0,2.81,12.42,170.5,Credit Card,Express,,,,,,,0,0,0
1260,ORD00001260,CUST00048156,2021-12-12 13:58:26,Completed,Online,,112.03,0.0,2.38,8.96,123.37,Debit Card,Standard  ,,,,,,,0,0,0
1261,ORD00001261,CUST00029088,2021-08-26 19:53:10,Completed,Online,,51.15,0.0,11.94,4.09,67.17999999999999,debit card,Express,,,,,,,0,0,0
1262,ORD00001262,CUST00018591,2024-01-22 16:52:30,Completed,Online,,144.14,14.41,2.41,10.38,142.51999999999998,Credit Card,Standard  ,,,,,,GIFT10,10,0,0
1263,ORD00001263,CUST00019322,2024-10-28 20:07:20,Completed,Online,,97.84,0.0,2.01,7.83,107.68,  PayPal,STANDARD,,,,,,,0,0,0
1264,ORD00001264,CUST00037491,2021-10-16 21:49:47,Completed,Online,,133.69,0.0,3.06,10.7,147.45,Credit Card,Standard,,,,,,,0,0,0
1265,ORD00001265,CUST00024298,2022-03-26 17:32:25,completed,Online,,59.08,0.0,7.24,4.73,71.05,Debit Card,Standard,,,,,,,0,0,0
1266,ORD00001266,CUST00004765,2024-04-10 17:12:05,Completed,Online,,195.17,0.0,2.57,15.61,213.34999999999997,PayPal,Express,,,,,,,0,0,0
1267,ORD00001267,CUST00020466,2023-08-05 12:37:44,Completed,Online,,194.72,0.0,5.04,15.58,215.34,PayPal,Express,,,,,,,0,0,0
1268,ORD00001268,CUST00006229,2025-01-03 19:25:02,Completed,Online,,123.34,0.0,13.44,9.87,146.65,Debit Card,Standard,,,,,,,0,0,0
1269,ORD00001269,CUST00033881,2023-07-27 01:44:36,Completed,Online,,173.58,0.0,0.04,13.89,187.51,Debit Card  ,Standard,,,,,,,0,0,0
1270,ORD00001270,CUST00047200,2024-10-31 02:28:04,Completed,Online,,34.47,0.0,0.0,2.76,37.23,Debit Card,Express,,,,,,SCHOOLSHIP,0,0,0
1271,ORD00001271,CUST00040519,2021-12-27 10:40:10,Completed,Online,,160.23,24.03,8.19,10.9,155.29,Credit Card,Express,,,,,,BFRIDAY15,15,0,1
1272,ORD00001272,CUST00018508,2021-10-01 14:47:21,Completed,Online,,146.28,0.0,5.66,11.7,163.64,Debit Card,Standard,,,,,,,0,0,0
1273,ORD00001273,CUST00042434,2024-06-21 07:49:27,COMPLETED,Online,,185.81,0.0,10.68,14.86,211.35000000000002,Debit Card,Standard,,,,,,,0,0,0
1274,ORD00001274,CUST00019922,2024-09-23 10:40:14,Completed,Online,,79.23,0.0,10.63,6.34,96.2,Debit Card,Express,,,,,,,0,0,0
1275,ORD00001275,CUST00013975,2024-11-23 23:49:19,COMPLETED,Online,,174.92,0.0,4.87,13.99,193.78,Debit Card  ,Express,,,,,,,0,0,0
1276,ORD00001276,CUST00019441,2022-11-11 18:35:40,Completed,Online,,161.93,0.0,12.6,12.95,187.48,Credit Card,Express,,,,,,,0,0,0
1277,ORD00001277,CUST00009074,2022-12-10 13:50:05,Completed,Online,,29.3,0.0,6.81,2.34,38.45,PayPal,Standard,,,,,,,0,0,0
1278,ORD00001278,CUST00018438,2024-08-09 00:45:08,completed,Online,,115.21,0.0,6.68,9.22,131.10999999999999,  PayPal,Standard,,,,,,,0,0,0
1279,ORD00001279,CUST00010153,2024-02-20 18:30:14,Completed,Online,,26.0,0.0,10.56,2.08,38.64,PayPal,Express,,,,,,,0,0,0
1280,ORD00001280,CUST00002553,2025-01-09 05:43:38,Completed,Online,,32.99,0.0,8.41,2.64,44.040000000000006,Credit Card,Standard,,,,,,,0,0,0
1281,ORD00001281,CUST00016202,2024-02-15 00:09:27,Completed,Online,,136.52,0.0,0.79,10.92,148.23,paypal,Express,,,,,,,0,0,0
1282,ORD00001282,CUST00000298,2024-04-08 18:32:53,Completed,Online,,75.39,0.0,12.34,6.03,93.76,PayPal,Standard,,,,,,,0,0,0
1283,ORD00001283,CUST00005531,2024-12-10 02:07:23,Completed,online,,59.19,0.0,10.18,4.74,74.11,Credit Card,Express,,,,,,,0,0,0
1284,ORD00001284,CUST00029378,2024-05-02 08:40:38,Completed,Online,,179.65,0.0,8.99,14.37,203.01000000000002,Debit Card,Standard,,,,,,,0,0,0
1285,ORD00001285,CUST00048297,2024-12-11 15:01:38,Completed,Online,,141.96,0.0,0.0,11.36,153.32,Debit Card,Express,,,,,,SCHOOLSHIP,0,0,0
1286,ORD00001286,CUST00018871,2024-08-09 14:38:03,Completed,Online,,35.32,0.0,4.74,2.83,42.89,PayPal,Express,,,,,,,0,0,0
1287,ORD00001287,CUST00002705,2023-09-11 23:39:44,Completed,Online,,91.91,0.0,7.58,7.35,106.83999999999999,Debit Card,Standard,,,,,,,0,0,0
1288,ORD00001288,CUST00017046,2024-08-31 21:47:06,  Completed,Online,,42.1,0.0,11.05,3.37,56.52,Debit Card,Express,,,,,,,0,0,0
1289,ORD00001289,CUST00026372,2024-04-06 12:00:17,Completed,Online,,50.72,0.0,13.71,4.06,68.49000000000001,Credit Card,Standard,,,,,,,0,0,0
1290,ORD00001290,CUST00038080,2022-12-16 20:05:45,  Completed,Online,,191.27,0.0,5.61,15.3,212.18000000000004,Debit Card,Standard,,,,,,,0,0,0
1291,ORD00001291,CUST00022816,2024-12-05 03:02:51,Completed,online,,190.04,0.0,5.88,15.2,211.11999999999998,PayPal,Express,,,,,,,0,0,0
1292,ORD00001292,CUST00027102,2022-11-21 00:51:34,Completed,Online,,50.25,0.0,0.0,4.02,54.269999999999996,Credit Card,Standard,,,,,,PARTNERSHIP,0,0,0
1293,ORD00001293,CUST00018288,2022-09-01 06:10:38,Completed,Online,,38.87,0.0,10.91,3.11,52.89,PayPal,Standard,,,,,,,0,0,0
1294,ORD00001294,CUST00019309,2023-04-02 04:53:16,Completed,Online,,47.58,0.0,5.57,3.81,56.96,PayPal,Standard,,,,,,,0,0,0
1295,ORD00001295,CUST00035760,2021-10-05 17:36:51,Completed,Online,,146.61,0.0,9.58,11.73,167.92000000000002,Debit Card,Standard,,,,,,,0,0,0
1296,ORD00001296,CUST00005090,2024-09-18 01:39:05,Completed,online,,147.38,0.0,7.05,11.79,166.22,Debit Card,STANDARD,,,,,,,0,0,0
1297,ORD00001297,CUST00010812,2024-03-18 20:35:03,Completed,Online,,164.36,0.0,3.8,13.15,181.31000000000003,Credit Card,Standard,,,,,,,0,0,0
1298,ORD00001298,CUST00024668,2022-11-11 21:04:33,Completed,Online,,82.9,0.0,12.07,6.63,101.6,Debit Card,Standard,,,,,,,0,0,0
1299,ORD00001299,CUST00020208,2024-06-05 02:32:16,Completed,Online,,42.8,0.0,12.63,3.42,58.85,Debit Card,Standard,,,,,,,0,0,0
1300,ORD00001300,CUST00000289,2024-11-17 19:31:57,Completed,  Online,,148.24,0.0,1.84,11.86,161.94,PayPal,Express,,,,,,,0,0,0
1301,ORD00001301,CUST00032248,2024-07-11 06:12:23,Completed,Online,,190.89,0.0,1.79,15.27,207.95,PayPal,standard,,,,,,,0,0,0
1302,ORD00001302,CUST00036509,2022-12-14 17:26:38,  Completed,Online,,64.03,0.0,3.46,5.12,72.61,debit card,Standard,,,,,,,0,0,1
1303,ORD00001303,CUST00016395,2024-06-23 23:01:56,Completed,Online,,167.04,0.0,12.31,13.36,192.70999999999998,Debit Card,standard,,,,,,,0,0,0
1304,ORD00001304,CUST00031129,2025-01-12 01:44:25,Completed,Online,,155.1,0.0,12.0,12.41,179.51,PayPal,  Express,,,,,,,0,0,0
1305,ORD00001305,CUST00039315,2023-08-26 10:06:14,Completed,Online,,180.31,0.0,11.59,14.42,206.32,Debit Card,Standard,,,,,,,0,0,0
1306,ORD00001306,CUST00014184,2024-07-03 10:01:54,Completed,ONLINE,,145.39,0.0,12.72,11.63,169.73999999999998,PayPal,Standard,,,,,,,0,0,0
1307,ORD00001307,CUST00034564,2024-12-26 04:17:55,Completed,Online,,146.13,0.0,0.44,11.69,158.26,PayPal,Express,,,,,,,0,0,0
1308,ORD00001308,CUST00015260,2023-10-23 00:06:29,Completed,ONLINE,,167.23,0.0,5.89,13.38,186.49999999999997,Debit Card,Express,,,,,,,0,0,0
1309,ORD00001309,CUST00020454,2024-04-20 10:04:12,Completed,Online,,112.91,0.0,13.22,9.03,135.16,PayPal,express  ,,,,,,,0,0,0
1310,ORD00001310,CUST00036660,2022-10-24 17:23:55,Completed,Online,,166.37,0.0,11.67,13.31,191.35,PayPal,Standard,,,,,,,0,0,0
1311,ORD00001311,CUST00042201,2024-03-12 13:50:44,completed,Online,,56.75,0.0,6.68,4.54,67.97,Debit Card,Express,,,,,,,0,0,0
1312,ORD00001312,CUST00009744,2024-07-05 11:50:09,Completed,Online,,196.69,0.0,4.69,15.74,217.12,Debit Card,Standard,,,,,,,0,0,0
1313,ORD00001313,CUST00007376,2024-02-14 14:18:34,Completed,Online,,25.7,0.0,8.5,2.06,36.260000000000005,PayPal,Standard,,,,,,,0,0,0
1314,ORD00001314,CUST00036914,2024-11-10 13:15:56,Completed,Online,,71.74,0.0,2.88,5.74,80.35999999999999,Credit Card,Standard,,,,,,,0,0,0
1315,ORD00001315,CUST00017995,2024-12-07 13:12:03,Completed,Online,,49.29,0.0,6.72,3.94,59.949999999999996,Credit Card  ,Express,,,,,,,0,0,0
1316,ORD00001316,CUST00048180,2024-09-17 00:14:14,Completed,  online,,119.79,0.0,7.3,9.58,136.67000000000002,PayPal,Express,,,,,,,0,0,0
1317,ORD00001317,CUST00044103,2024-04-30 06:41:28,Completed,Online,,50.88,0.0,9.66,4.07,64.61000000000001,PayPal,Standard,,,,,,,0,0,0
1318,ORD00001318,CUST00024727,2024-04-24 09:13:27,Completed,Online,,91.7,0.0,6.89,7.34,105.93,PayPal,Standard,,,,,,,0,0,0
1319,ORD00001319,CUST00049432,2024-03-18 16:22:13,Completed,Online,,165.88,0.0,14.14,13.27,193.29,Debit Card,Express,,,,,,,0,0,0
1320,ORD00001320,CUST00037176,2024-07-25 22:50:42,Completed,Online,,198.82,0.0,14.08,15.91,228.81,Debit Card,Express,,,,,,,0,0,0
1321,ORD00001321,CUST00011462,2024-05-21 16:47:37,Completed,Online,,74.71,0.0,8.55,5.98,89.24,Debit Card,Express,,,,,,,0,0,0
1322,ORD00001322,CUST00028208,2023-12-18 01:07:15,Completed,Online,,59.98,9.0,2.8,4.08,57.85999999999999,PayPal  ,Express,,,,,,BOOKFLUENCER15,15,0,0
1323,ORD00001323,CUST00016817,2024-05-14 07:59:59,Completed,Online,,130.5,0.0,0.05,10.44,140.99,PayPal,Standard,,,,,,,0,0,0
1324,ORD00001324,CUST00033850,2024-10-03 00:13:24,  Completed,Online,,91.95,0.0,14.48,7.36,113.79,Credit Card,Standard,,,,,,,0,0,0
1325,ORD00001325,CUST00016207,2023-09-17 21:30:42,Completed  ,Online,,98.13,0.0,9.81,7.85,115.78999999999999,Debit Card,Express,,,,,,,0,0,0
1326,ORD00001326,CUST00044838,2024-09-15 15:44:15,Completed,Online,,21.56,0.0,9.21,1.72,32.49,PayPal,Standard,,,,,,,0,0,0
1327,ORD00001327,CUST00007749,2024-10-14 06:08:19,Completed,Online,,31.89,0.0,3.34,2.55,37.78,PayPal,Standard,,,,,,,0,0,0
1328,ORD00001328,CUST00014228,2023-07-29 19:20:06,Completed,Online,,192.44,0.0,9.92,15.4,217.76,Paypal,Express,,,,,,,0,0,0
1329,ORD00001329,CUST00022061,2023-09-05 00:03:13,Completed,Online,,31.22,0.0,11.37,2.5,45.089999999999996,Credit Card,Standard,,,,,,,0,0,0
1330,ORD00001330,CUST00000088,2023-01-14 14:53:38,Completed,Online,,161.62,0.0,10.31,12.93,184.86,PayPal,Standard,,,,,,,0,0,0
1331,ORD00001331,CUST00039185,2023-10-02 13:08:53,Completed,Online,,98.97,0.0,14.63,7.92,121.52,Debit Card,Standard,,,,,,,0,0,0
1332,ORD00001332,CUST00035007,2023-05-21 00:21:38,Completed,Online,,32.45,0.0,8.04,2.6,43.09,Credit Card,Express,,,,,,,0,0,0
1333,ORD00001333,CUST00024495,2022-11-15 15:08:24,Completed,Online,,175.14,0.0,2.08,14.01,191.23,PayPal,Express,,,,,,,0,0,0
1334,ORD00001334,CUST00043715,2024-06-14 16:14:39,Completed  ,Online,,191.52,0.0,13.65,15.32,220.49,Debit Card,Standard,,,,,,,0,0,0
1335,ORD00001335,CUST00042395,2023-09-21 09:30:10,completed,Online,,85.6,0.0,11.95,6.85,104.39999999999999,Credit Card,Standard,,,,,,,0,0,0
1336,ORD00001336,CUST00049168,2024-09-30 04:47:18,Completed,Online,,190.79,0.0,6.68,15.26,212.73,Debit Card  ,Express,,,,,,,0,0,0
1337,ORD00001337,CUST00028219,2023-05-08 09:30:09,Completed,Online,,55.41,0.0,7.3,4.43,67.13999999999999,Debit Card,Standard,,,,,,,0,0,0
1338,ORD00001338,CUST00048107,2022-02-08 23:08:20,Completed,Online,,20.91,0.0,6.29,1.67,28.869999999999997,PayPal,Standard,,,,,,,0,0,0
1339,ORD00001339,CUST00040578,2021-11-16 09:58:05,Completed,Online,,154.4,23.16,13.64,10.5,155.38,Debit Card,Standard,,,,,,BOOKFLUENCER15,15,0,0
1340,ORD00001340,CUST00018553,2024-12-11 05:21:39,Completed,Online,,101.0,0.0,7.32,8.08,116.39999999999999,PayPal,Standard,,,,,,,0,0,0
1341,ORD00001341,CUST00010166,2024-03-18 03:41:24,Completed,Online,,41.79,0.0,8.71,3.34,53.84,Debit Card,Express,,,,,,,0,0,0
1342,ORD00001342,CUST00025078,2024-02-12 23:41:23,COMPLETED,Online,,199.68,0.0,7.35,15.97,223.0,Credit Card,Express,,,,,,,0,0,0
1343,ORD00001343,CUST00002356,2021-03-15 08:16:48,Completed,Online,,125.43,18.81,11.96,8.53,127.11000000000001,Debit Card  ,Standard,,,,,,PARTNER15,15,0,0
1344,ORD00001344,CUST00048641,2023-12-30 02:19:44,Completed,Online,,105.68,0.0,0.0,8.45,114.13000000000001,Credit Card,Express,,,,,,  PARTNERSHIP,0,0,0
1345,ORD00001345,CUST00035102,2024-08-26 11:26:15,Completed,Online,,144.26,0.0,11.15,11.54,166.95,Credit Card,Express,,,,,,,0,0,0
1346,ORD00001346,CUST00013166,2022-08-14 23:48:31,Completed,Online,,189.54,0.0,0.0,15.16,204.7,PayPal  ,Express,,,,,,BOOKFLUENCERSHIP,0,0,0
1347,ORD00001347,CUST00047221,2024-10-02 09:22:56,Completed,Online,,112.67,0.0,4.04,9.01,125.72000000000001,Credit Card,Express,,,,,,BOOKFLUENCER20,0,0,0
1348,ORD00001348,CUST00015690,2024-04-26 21:50:05,Completed,Online,,143.88,0.0,7.13,11.51,162.51999999999998,Credit Card,Standard  ,,,,,,,0,0,0
1349,ORD00001349,CUST00033737,2023-12-28 12:52:45,Completed,Online,,92.64,0.0,4.53,7.41,104.58,Credit Card,Standard,,,,,,,0,0,0
1350,ORD00001350,CUST00016396,2023-11-06 22:10:10,Completed,Online,,194.06,0.0,10.89,15.52,220.47,Credit Card,Express,,,,,,,0,0,0
1351,ORD00001351,CUST00016305,2023-03-01 13:27:12,Completed,Online,,97.21,0.0,5.55,7.78,110.53999999999999,Debit Card,Express,,,,,,,0,0,0
1352,ORD00001352,CUST00010307,2024-11-08 19:24:54,Completed,Online,,140.97,0.0,12.61,11.28,164.85999999999999,PayPal,  Standard,,,,,,,0,0,0
1353,ORD00001353,CUST00013113,2023-10-23 20:18:14,Completed,Online,,76.13,0.0,4.89,6.09,87.11,Debit Card,Express,,,,,,,0,0,0
1354,ORD00001354,CUST00024851,2024-05-25 23:08:19,Completed,online,,115.5,0.0,9.93,9.24,134.67000000000002,PayPal,Express,,,,,,,0,0,0
1355,ORD00001355,CUST00019950,2024-08-12 17:43:08,Completed,Online,,72.43,0.0,8.41,5.79,86.63000000000001,Credit Card,Standard,,,,,,,0,0,0
1356,ORD00001356,CUST00006616,2025-01-01 14:34:22,  Completed,Online,,166.37,0.0,11.76,13.31,191.44,PayPal,Standard,,,,,,,0,0,0
1357,ORD00001357,CUST00010487,2023-07-05 16:15:26,Completed,Online,,99.17,0.0,13.23,7.93,120.33000000000001,Debit Card,  Standard,,,,,,,0,0,0
1358,ORD00001358,CUST00019610,2023-10-19 12:43:25,Completed,Online,,98.92,0.0,12.4,7.91,119.23,Credit Card,Express,,,,,,,0,0,0
1359,ORD00001359,CUST00005859,2024-11-02 03:28:21,Completed,Online,,140.57,0.0,0.71,11.25,152.53,paypal,Standard,,,,,,,0,0,0
1360,ORD00001360,CUST00008316,2024-09-27 15:05:26,Completed,Online,,158.6,0.0,12.95,12.69,184.23999999999998,Credit Card,Standard,,,,,,,0,0,0
1361,ORD00001361,CUST00048333,2023-01-20 22:42:27,Completed,Online,,56.53,5.65,3.77,4.07,58.720000000000006,Credit Card,Standard,,,,,,Newyear10,10,0,0
1362,ORD00001362,CUST00007205,2022-10-02 20:21:00,Completed  ,Online,,124.21,0.0,0.0,9.94,134.15,PayPal,Express,,,,,,BOOKFLUENCERSHIP,0,0,0
1363,ORD00001363,CUST00038885,2024-10-17 12:34:34,Completed,Online,,172.85,0.0,13.74,13.83,200.42000000000002,Debit Card,Express,,,,,,,0,0,0
1364,ORD00001364,CUST00006241,2023-07-31 17:25:48,Completed,Online  ,,193.81,0.0,10.91,15.5,220.22,PayPal,Standard,,,,,,,0,0,0
1365,ORD00001365,CUST00018783,2024-09-18 13:35:42,Completed,Online,,158.18,0.0,8.56,12.65,179.39000000000001,Debit Card,Express,,,,,,,0,0,0
1366,ORD00001366,CUST00003107,2022-04-16 11:38:35,Completed,Online,,168.75,0.0,5.46,13.5,187.71,Debit Card,Express,,,,,,,0,0,0
1367,ORD00001367,CUST00046039,2024-12-17 01:00:51,Completed,Online,,95.52,0.0,0.02,7.64,103.17999999999999,Debit Card,Standard,,,,,,,0,0,0
1368,ORD00001368,CUST00021232,2024-05-06 09:43:17,Completed,Online,,30.29,0.0,5.35,2.42,38.06,Credit Card,Standard,,,,,,,0,0,0
1369,ORD00001369,CUST00000435,2024-11-07 14:44:34,Completed,Online,,31.36,0.0,10.51,2.51,44.379999999999995,Debit Card,Standard,,,,,,,0,0,0
1370,ORD00001370,CUST00045891,2024-10-25 16:21:00,Completed,online,,37.96,0.0,14.28,3.04,55.28,  Credit Card,Standard,,,,,,,0,0,0
1371,ORD00001371,CUST00042285,2024-07-20 00:51:46,Completed  ,Online,,172.48,0.0,4.51,13.8,190.79,PayPal,  Express,,,,,,,0,0,0
1372,ORD00001372,CUST00038029,2024-09-29 18:38:09,Completed,Online,,166.26,0.0,10.29,13.3,189.85,Credit Card,Standard,,,,,,,0,0,0
1373,ORD00001373,CUST00005947,2024-05-18 05:32:52,Completed,Online,,190.02,0.0,1.09,15.2,206.31,Credit Card  ,Standard,,,,,,,0,0,0
1374,ORD00001374,CUST00049035,2022-11-19 06:10:53,Completed,Online  ,,186.85,0.0,12.53,14.95,214.32999999999998,Debit Card,Express,,,,,,,0,0,0
1375,ORD00001375,CUST00034468,2024-03-06 15:52:46,completed,Online,,118.02,0.0,1.01,9.44,128.47,Credit Card,Express,,,,,,,0,0,0
1376,ORD00001376,CUST00023955,2023-05-19 23:41:04,Completed,Online,,133.17,0.0,7.46,10.65,151.28,  Credit Card,Standard,,,,,,,0,0,0
1377,ORD00001377,CUST00016498,2024-01-22 03:10:36,Completed,Online,,153.31,0.0,8.06,12.26,173.63,Debit Card  ,  Standard,,,,,,,0,0,0
1378,ORD00001378,CUST00037020,2024-12-22 07:47:29,Completed,Online,,108.62,0.0,4.1,8.69,121.41,PayPal,Express,,,,,,,0,0,0
1379,ORD00001379,CUST00037317,2021-05-06 13:33:50,Completed,Online,,81.45,0.0,4.96,6.52,92.92999999999999,Credit Card  ,Standard,,,,,,,0,0,0
1380,ORD00001380,CUST00042760,2023-09-15 03:35:56,Completed,Online,,49.56,0.0,8.81,3.96,62.330000000000005,PayPal  ,Express,,,,,,,0,0,1
1381,ORD00001381,CUST00047504,2024-04-06 11:51:06,Completed,Online,,156.79,0.0,0.76,12.54,170.08999999999997,Debit Card,Express,,,,,,,0,0,0
1382,ORD00001382,CUST00017098,2023-08-13 01:41:31,Completed,Online,,54.99,0.0,12.34,4.4,71.73,Debit Card,Express,,,,,,,0,0,0
1383,ORD00001383,CUST00012559,2024-12-24 17:49:14,Completed,Online,,88.83,0.0,0.16,7.11,96.1,Debit Card,Standard,,,,,,,0,0,0
1384,ORD00001384,CUST00000961,2024-05-29 22:26:07,Completed,Online,,113.63,0.0,4.32,9.09,127.03999999999999,Debit Card,Express,,,,,,,0,0,0
1385,ORD00001385,CUST00020544,2022-08-13 19:35:41,Completed,Online,,134.19,0.0,4.58,10.74,149.51000000000002,Debit Card,Standard,,,,,,,0,0,0
1386,ORD00001386,CUST00014604,2023-06-16 19:20:07,Completed,Online,,184.64,18.46,13.95,13.29,193.41999999999996,Credit Card,Express,,,,,,SAVE10,10,0,0
1387,ORD00001387,CUST00001578,2024-03-30 07:56:30,Completed,Online,,52.9,0.0,13.03,4.23,70.16,Debit Card,Express,,,,,,,0,0,0
1388,ORD00001388,CUST00018817,2022-12-25 05:20:51,Completed,Online,,172.95,0.0,2.28,13.84,189.07,PayPal,Express,,,,,,,0,0,0
1389,ORD00001389,CUST00024262,2024-07-14 06:05:30,COMPLETED,Online,,79.6,0.0,6.73,6.37,92.7,Credit Card,Standard,,,,,,,0,0,0
1390,ORD00001390,CUST00038393,2023-11-26 03:00:04,Completed,Online,,156.06,0.0,6.92,12.48,175.45999999999998,Debit Card,Express,,,,,,,0,0,0
1391,ORD00001391,CUST00004668,2024-11-27 18:43:53,Completed,Online,,114.59,0.0,7.19,9.17,130.95,credit card  ,EXPRESS,,,,,,,0,0,0
1392,ORD00001392,CUST00036005,2023-11-12 21:56:22,Completed,Online,,102.15,0.0,13.71,8.17,124.03000000000002,PayPal,Express,,,,,,,0,0,0
1393,ORD00001393,CUST00002643,2023-12-13 02:50:47,Completed,Online,,121.76,0.0,4.87,9.74,136.37,Credit Card,Standard,,,,,,,0,0,0
1394,ORD00001394,CUST00001314,2024-09-19 14:11:52,Completed,Online,,153.02,0.0,12.85,12.24,178.11,paypal,Standard,,,,,,,0,0,0
1395,ORD00001395,CUST00012107,2024-11-25 06:49:41,completed,Online,,78.27,0.0,8.33,6.26,92.86,Credit Card,Standard,,,,,,,0,0,0
1396,ORD00001396,CUST00025976,2024-06-09 17:40:55,COMPLETED,Online,,66.18,0.0,9.7,5.29,81.17000000000002,PayPal  ,Express,,,,,,,0,0,0
1397,ORD00001397,CUST00042181,2023-07-27 08:32:58,Completed,Online,,166.82,16.68,9.82,12.01,171.96999999999997,Debit Card,Standard,,,,,,SAVE10,10,0,0
1398,ORD00001398,CUST00008289,2023-12-07 10:58:43,Completed,Online,,193.66,0.0,1.84,15.49,210.99,Debit Card,Standard,,,,,,,0,0,0
1399,ORD00001399,CUST00008351,2023-04-21 21:50:55,Completed,Online,,163.64,0.0,9.96,13.09,186.69,Credit Card,express,,,,,,,0,0,0
1400,ORD00001400,CUST00034157,2024-09-14 05:06:57,Completed,Online,,36.72,0.0,0.0,2.94,39.66,Credit Card,Express,,,,,,BOOKFLUENCERSHIP,0,0,0
1401,ORD00001401,CUST00043457,2022-08-09 09:18:28,Completed,  Online,,56.17,0.0,0.19,4.49,60.85,Debit Card,Standard,,,,,,,0,0,0
1402,ORD00001402,CUST00045507,2022-07-04 21:27:00,Completed,Online,,172.79,0.0,7.3,13.82,193.91,Debit Card,express,,,,,,,0,0,0
1403,ORD00001403,CUST00035431,2023-10-08 10:02:30,Completed,Online,,156.77,0.0,14.67,12.54,183.98,Debit Card,Standard,,,,,,,0,0,0
1404,ORD00001404,CUST00048478,2024-03-05 09:32:49,Completed,Online,,47.6,0.0,9.43,3.81,60.84,Debit Card,Standard,,,,,,,0,0,0
1405,ORD00001405,CUST00036923,2024-06-22 12:44:40,Completed,Online,,158.06,0.0,9.55,12.64,180.25,Debit Card,Express,,,,,,,0,0,0
1406,ORD00001406,CUST00015007,2024-06-10 17:15:08,Completed,Online,,131.6,0.0,0.62,10.53,142.75,Debit Card,Express,,,,,,,0,0,0
1407,ORD00001407,CUST00005186,2022-07-20 10:30:08,Completed,  Online,,138.95,0.0,1.13,11.12,151.2,  CREDIT CARD,  Standard,,,,,,,0,0,0
1408,ORD00001408,CUST00005256,2023-08-06 06:45:43,COMPLETED,Online,,64.92,0.0,3.21,5.19,73.32,Credit Card,Express,,,,,,,0,0,1
1409,ORD00001409,CUST00001060,2024-07-01 02:38:13,Completed  ,Online,,137.68,0.0,9.62,11.01,158.31,Debit Card,Standard,,,,,,,0,0,0
1410,ORD00001410,CUST00008649,2024-10-24 00:15:26,Completed,Online,,169.72,0.0,8.97,13.58,192.27,Debit Card,Express,,,,,,,0,0,0
1411,ORD00001411,CUST00046440,2023-02-26 22:27:39,Completed  ,  Online,,107.79,0.0,13.01,8.62,129.42000000000002,Credit Card,Standard,,,,,,,0,0,0
1412,ORD00001412,CUST00020218,2022-11-12 00:41:20,Completed,Online,,74.25,0.0,0.0,5.94,80.19,PayPal,Express,,,,,,PARTNERSHIP,0,0,0
1413,ORD00001413,CUST00046723,2023-05-16 04:48:58,Completed,Online,,102.69,0.0,2.18,8.22,113.09,PayPal,Standard,,,,,,,0,0,0
1414,ORD00001414,CUST00001359,2023-12-07 07:35:05,Completed,Online,,36.71,0.0,7.23,2.94,46.879999999999995,debit card  ,Express,,,,,,,0,0,0
1415,ORD00001415,CUST00039545,2024-07-20 08:53:21,Completed,Online,,199.02,0.0,1.47,15.92,216.41,Credit Card,Standard,,,,,,,0,0,0
1416,ORD00001416,CUST00034667,2023-10-11 20:27:10,Completed,Online,,66.13,9.92,0.86,4.5,61.56999999999999,Debit Card,express,,,,,,SAVE15,15,0,0
1417,ORD00001417,CUST00001250,2022-09-13 15:32:28,Completed,Online,,182.86,0.0,3.14,14.63,200.63,Credit Card,Express,,,,,,,0,0,0
1418,ORD00001418,CUST00026187,2024-11-16 13:15:40,Completed,Online,,181.77,0.0,5.57,14.54,201.88,PayPal,Express,,,,,,,0,0,0
1419,ORD00001419,CUST00049225,2023-09-11 20:51:22,Completed,Online,,151.78,0.0,12.06,12.14,175.98000000000002,Debit Card,Express,,,,,,,0,0,0
1420,ORD00001420,CUST00015742,2024-01-29 06:48:14,Completed,Online,,80.66,0.0,11.01,6.45,98.12,PayPal,Standard,,,,,,,0,0,0
1421,ORD00001421,CUST00025046,2024-12-27 09:15:21,Completed,  Online,,190.32,0.0,6.64,15.23,212.18999999999997,Credit Card,Express,,,,,,,0,0,1
1422,ORD00001422,CUST00011640,2023-09-01 11:19:49,COMPLETED,Online,,146.98,0.0,4.35,11.76,163.08999999999997,Debit Card,Express,,,,,,,0,0,0
1423,ORD00001423,CUST00041280,2022-03-29 06:28:30,Completed,Online,,78.42,0.0,11.11,6.27,95.8,Debit Card,Express  ,,,,,,,0,0,0
1424,ORD00001424,CUST00012837,2022-06-19 23:28:37,Completed,Online,,77.69,0.0,5.18,6.22,89.09,PayPal  ,Express,,,,,,,0,0,0
1425,ORD00001425,CUST00041476,2024-09-06 22:18:52,Completed,Online,,101.8,0.0,5.73,8.14,115.67,Credit Card,Express,,,,,,,0,0,0
1426,ORD00001426,CUST00014308,2022-01-18 15:57:58,Completed,Online  ,,122.86,0.0,3.77,9.83,136.46,Credit Card,Express,,,,,,,0,0,0
1427,ORD00001427,CUST00009137,2023-12-15 04:27:51,Completed,Online,,151.85,0.0,0.9,12.15,164.9,credit card,Express,,,,,,,0,0,0
1428,ORD00001428,CUST00008357,2024-12-13 23:16:53,Completed,Online,,124.46,0.0,12.18,9.96,146.6,Credit Card,Standard  ,,,,,,,0,0,0
1429,ORD00001429,CUST00038982,2023-11-07 15:25:36,Completed,Online,,65.37,0.0,9.74,5.23,80.34,Credit Card,Express,,,,,,,0,0,0
1430,ORD00001430,CUST00006065,2024-01-10 11:58:27,Completed,Online,,61.26,0.0,2.32,4.9,68.48,PayPal,Express,,,,,,,0,0,0
1431,ORD00001431,CUST00047184,2024-12-30 05:56:42,Completed,Online,,97.3,0.0,3.02,7.78,108.1,PayPal,Express,,,,,,,0,0,0
1432,ORD00001432,CUST00032272,2022-10-11 05:08:54,Completed,Online,,167.92,0.0,10.76,13.43,192.10999999999999,PayPal,Express  ,,,,,,,0,0,0
1433,ORD00001433,CUST00035730,2022-06-01 21:48:03,Completed,Online,,99.12,0.0,10.78,7.93,117.83000000000001,PayPal,Express,,,,,,,0,0,0
1434,ORD00001434,CUST00010264,2024-05-19 02:48:17,completed,Online,,77.56,0.0,8.39,6.2,92.15,PayPal,Standard,,,,,,,0,0,0
1435,ORD00001435,CUST00031079,2024-04-02 14:23:09,Completed,Online,,93.92,0.0,1.42,7.51,102.85000000000001,PayPal,Express,,,,,,,0,0,0
1436,ORD00001436,CUST00030794,2024-09-07 12:51:41,COMPLETED,Online,,25.67,0.0,7.6,2.05,35.32,PayPal,Standard,,,,,,,0,0,0
1437,ORD00001437,CUST00033868,2023-09-26 13:45:38,Completed,Online,,170.78,0.0,8.15,13.66,192.59,PayPal,Standard,,,,,,,0,0,0
1438,ORD00001438,CUST00012118,2023-11-28 11:38:28,COMPLETED,Online,,97.96,14.69,0.74,6.66,90.66999999999999,PayPal,Standard,,,,,,BOOKFLUENCER15  ,15,0,0
1439,ORD00001439,CUST00013741,2024-10-12 02:29:50,Completed,Online,,123.08,0.0,5.39,9.85,138.32,Debit Card,Express,,,,,,,0,0,0
1440,ORD00001440,CUST00009172,2023-03-23 12:41:17,Completed,Online,,114.29,0.0,13.16,9.14,136.59,Debit Card,Express,,,,,,,0,0,0
1441,ORD00001441,CUST00041127,2024-06-17 18:12:03,Completed,Online,,113.75,0.0,12.1,9.1,134.95,Debit Card,Express,,,,,,,0,0,0
1442,ORD00001442,CUST00020873,2024-10-10 13:43:12,Completed,Online,,109.78,0.0,11.73,8.78,130.29,Debit Card  ,Standard,,,,,,,0,0,0
1443,ORD00001443,CUST00046689,2024-03-03 20:57:37,Completed,  Online,,128.93,12.89,7.5,9.28,132.82,Credit Card,Express  ,,,,,,GIFT10,10,0,0
1444,ORD00001444,CUST00012237,2022-04-25 10:46:43,Completed,Online,,194.4,0.0,14.89,15.55,224.84000000000003,Credit Card,Standard,,,,,,,0,0,0
1445,ORD00001445,CUST00028440,2024-02-26 13:38:52,Completed,Online,,44.94,0.0,0.64,3.6,49.18,Credit Card,Standard,,,,,,,0,0,0
1446,ORD00001446,CUST00026418,2023-05-11 14:35:30,Completed,Online,,159.25,0.0,3.79,12.74,175.78,Credit Card,Express,,,,,,,0,0,0
1447,ORD00001447,CUST00026319,2024-04-17 23:53:42,Completed,Online,,174.08,0.0,3.62,13.93,191.63000000000002,Paypal,Express,,,,,,,0,0,0
1448,ORD00001448,CUST00039189,2024-10-03 13:32:27,Completed,Online,,188.56,0.0,0.0,15.08,203.64000000000001,CREDIT CARD,Express,,,,,,PARTNERSHIP,0,0,0
1449,ORD00001449,CUST00027329,2024-03-30 23:32:22,Completed,Online,,68.98,0.0,5.13,5.52,79.63,  Debit Card,Express,,,,,,,0,0,0
1450,ORD00001450,CUST00034589,2024-08-12 14:14:30,  Completed,Online,,94.22,0.0,7.88,7.54,109.64,Debit Card,  Express,,,,,,,0,0,0
1451,ORD00001451,CUST00029002,2023-09-10 03:42:54,Completed,Online,,64.08,0.0,7.55,5.13,76.75999999999999,Credit Card,Standard,,,,,,,0,0,1
1452,ORD00001452,CUST00021046,2023-08-13 10:08:46,Completed,Online,,144.36,0.0,3.24,11.55,159.15000000000003,Credit Card,EXPRESS,,,,,,,0,0,0
1453,ORD00001453,CUST00033110,2024-10-28 22:03:22,Completed,Online,,83.98,0.0,6.3,6.72,97.0,Credit Card,Standard,,,,,,,0,0,0
1454,ORD00001454,CUST00020704,2024-04-16 21:32:33,Completed,Online,,130.73,0.0,11.03,10.46,152.22,Debit Card,Standard  ,,,,,,,0,0,0
1455,ORD00001455,CUST00027985,2024-01-04 10:19:17,Completed,Online,,40.76,0.0,8.45,3.26,52.46999999999999,PayPal,Standard,,,,,,,0,0,0
1456,ORD00001456,CUST00020811,2025-01-03 04:24:19,Completed,Online,,100.28,0.0,13.52,8.02,121.82,Debit Card,Standard,,,,,,,0,0,1
1457,ORD00001457,CUST00005778,2024-02-29 08:59:35,Completed,Online,,23.29,0.0,9.63,1.86,34.78,Debit Card,Express,,,,,,,0,0,0
1458,ORD00001458,CUST00005300,2023-12-28 04:12:06,Completed,  Online,,129.46,0.0,7.77,10.36,147.59000000000003,PayPal,STANDARD,,,,,,,0,0,0
1459,ORD00001459,CUST00045410,2022-02-22 04:13:36,Completed,Online,,49.95,0.0,0.0,4.0,53.95,Credit Card,Standard,,,,,,BOOKFLUENCERSHIP,0,0,0
1460,ORD00001460,CUST00025393,2023-10-12 23:30:15,Completed,Online,,171.19,25.68,1.81,11.64,158.95999999999998,Debit Card,Express,,,,,,SAVE15,15,0,0
1461,ORD00001461,CUST00033192,2021-08-19 04:27:59,Completed,Online,,85.82,0.0,9.52,6.87,102.21,PayPal,Standard,,,,,,,0,0,0
1462,ORD00001462,CUST00040432,2023-10-25 20:32:44,Completed,Online,,192.68,0.0,8.54,15.41,216.63,Credit Card,Standard,,,,,,,0,0,0
1463,ORD00001463,CUST00040991,2024-01-02 20:39:35,Completed,Online,,158.89,0.0,12.58,12.71,184.18,Credit Card,Express,,,,,,,0,0,0
1464,ORD00001464,CUST00034955,2024-04-30 20:56:23,Completed,Online,,61.49,0.0,13.73,4.92,80.14,Credit Card,Standard,,,,,,,0,0,0
1465,ORD00001465,CUST00009561,2023-05-07 11:52:13,Completed,Online,,63.85,0.0,5.02,5.11,73.98,Credit Card,Express,,,,,,,0,0,0
1466,ORD00001466,CUST00028948,2024-11-24 18:04:07,Completed,  Online,,120.28,0.0,9.64,9.62,139.54000000000002,Credit Card  ,Standard,,,,,,,0,0,0
1467,ORD00001467,CUST00006008,2024-11-17 09:16:36,Completed,Online,,124.63,0.0,5.76,9.97,140.35999999999999,Credit Card,Express,,,,,,,0,0,1
1468,ORD00001468,CUST00009773,2022-04-29 10:24:13,Completed,Online,,156.58,0.0,7.56,12.53,176.67000000000002,Debit Card,Standard,,,,,,,0,0,0
1469,ORD00001469,CUST00040180,2024-01-15 05:13:26,Completed,  Online,,120.41,0.0,3.22,9.63,133.26,Credit Card,Express,,,,,,,0,0,0
1470,ORD00001470,CUST00035001,2023-07-15 04:54:36,Completed,Online,,150.02,15.0,2.83,10.8,148.65000000000003,Credit Card,Standard,,,,,,SAVE10,10,0,0
1471,ORD00001471,CUST00037331,2023-07-15 09:13:04,Completed,Online,,187.0,0.0,0.0,14.96,201.96,PayPal,Express,,,,,,BOOKFLUENCERSHIP,0,0,0
1472,ORD00001472,CUST00004415,2023-08-03 14:17:51,Completed,Online,,169.02,0.0,1.21,13.52,183.75000000000003,paypal,  Express,,,,,,,0,0,0
1473,ORD00001473,CUST00018950,2023-06-28 06:28:27,  Completed,Online,,157.91,15.79,6.58,11.37,160.07000000000002,PayPal,Standard,,,,,,SAVE10,10,0,0
1474,ORD00001474,CUST00014286,2024-11-10 23:55:51,Completed  ,Online,,82.83,0.0,6.6,6.63,96.05999999999999,Debit Card,Express,,,,,,,0,0,0
1475,ORD00001475,CUST00027039,2021-10-23 07:31:17,Completed,Online,,48.97,0.0,1.53,3.92,54.42,Debit Card,Express,,,,,,,0,0,0
1476,ORD00001476,CUST00017549,2024-12-03 02:53:02,Completed,  Online,,99.0,0.0,12.21,7.92,119.13000000000001,Debit Card,Standard,,,,,,,0,0,0
1477,ORD00001477,CUST00017743,2024-08-22 00:20:09,Completed,Online,,97.1,0.0,6.56,7.77,111.42999999999999,  Credit Card,Standard,,,,,,,0,0,0
1478,ORD00001478,CUST00037357,2024-08-05 03:44:31,Completed,Online,,84.07,0.0,9.34,6.73,100.14,Debit Card,Express,,,,,,Partner20,0,0,0
1479,ORD00001479,CUST00017585,2024-06-09 04:11:52,Completed,Online,,69.75,0.0,11.19,5.58,86.52,Credit Card,Express,,,,,,,0,0,0
1480,ORD00001480,CUST00037515,2022-05-30 15:03:11,Completed,Online,,93.66,0.0,0.95,7.49,102.1,PayPal,STANDARD,,,,,,,0,0,0
1481,ORD00001481,CUST00002410,2022-09-25 04:42:47,Completed,Online,,21.72,0.0,0.0,1.74,23.459999999999997,Debit Card,Express,,,,,,BOOKFLUENCERSHIP,0,0,0
1482,ORD00001482,CUST00037515,2021-07-14 00:31:08,Completed,Online,,131.61,0.0,4.32,10.53,146.46,Credit Card,Standard  ,,,,,,,0,0,0
1483,ORD00001483,CUST00000190,2024-09-26 08:08:22,COMPLETED,Online,,35.88,0.0,0.17,2.87,38.92,paypal,Standard,,,,,,,0,0,0
1484,ORD00001484,CUST00008726,2025-01-09 14:39:55,Completed,Online,,100.1,0.0,2.84,8.01,110.95,Debit Card,Express,,,,,,,0,0,0
1485,ORD00001485,CUST00020970,2023-04-04 02:39:30,Completed,online,,55.99,0.0,9.58,4.48,70.05000000000001,Debit Card,Express,,,,,,,0,0,0
1486,ORD00001486,CUST00046012,2024-11-11 05:15:17,Completed,  Online,,179.39,0.0,6.42,14.35,200.15999999999997,PayPal,Standard,,,,,,,0,0,0
1487,ORD00001487,CUST00024629,2022-06-11 19:32:17,Completed,Online,,62.86,0.0,5.76,5.03,73.65,Credit Card,Standard,,,,,,,0,0,0
1488,ORD00001488,CUST00015972,2024-06-12 15:50:11,Completed,online,,189.0,0.0,7.22,15.12,211.34,PayPal,Standard,,,,,,,0,0,0
1489,ORD00001489,CUST00045931,2023-08-11 10:32:01,Completed,Online,,183.78,0.0,10.45,14.7,208.92999999999998,PayPal,Express,,,,,,,0,0,0
1490,ORD00001490,CUST00043407,2024-10-30 09:44:02,Completed,Online,,123.72,0.0,0.0,9.9,133.62,Credit Card,Standard,,,,,,PARTNERSHIP,0,0,0
1491,ORD00001491,CUST00011088,2024-08-14 14:04:49,Completed,Online,,174.4,0.0,14.91,13.95,203.26,Debit Card,Express,,,,,,,0,0,0
1492,ORD00001492,CUST00019531,2024-10-09 06:57:55,Completed,Online,,89.84,0.0,11.71,7.19,108.74000000000001,PayPal,STANDARD,,,,,,,0,0,0
1493,ORD00001493,CUST00040471,2023-09-16 01:47:47,completed,Online,,71.5,0.0,11.54,5.72,88.75999999999999,PayPal,Express,,,,,,,0,0,0
1494,ORD00001494,CUST00017090,2024-06-18 19:46:00,Completed,Online,,96.79,14.52,6.43,6.58,95.28000000000002,Credit Card,Express,,,,,,PARTNER15,15,0,0
1495,ORD00001495,CUST00004055,2023-01-15 09:43:01,Completed,Online,,31.43,0.0,7.44,2.51,41.379999999999995,Debit Card,Express,,,,,,,0,0,1
1496,ORD00001496,CUST00041042,2024-12-17 08:25:19,Completed,Online  ,,142.27,0.0,10.01,11.38,163.66,Credit Card,EXPRESS,,,,,,,0,0,0
1497,ORD00001497,CUST00049981,2024-03-22 07:38:55,Completed,Online,,138.88,0.0,14.35,11.11,164.33999999999997,Debit Card,EXPRESS,,,,,,,0,0,0
1498,ORD00001498,CUST00018645,2023-05-01 12:55:18,Completed,Online,,83.92,0.0,11.69,6.71,102.32,Credit Card,Express,,,,,,,0,0,0
1499,ORD00001499,CUST00010305,2022-10-13 15:48:28,  Completed,Online,,97.57,0.0,0.0,7.81,105.38,PayPal,Standard,,,,,,PARTNERSHIP,0,0,0
1500,ORD00001500,CUST00020568,2021-12-07 12:54:01,Completed,Online,,134.79,0.0,6.95,10.78,152.51999999999998,PayPal,Express,,,,,,,0,0,0
1501,ORD00001501,CUST00044680,2024-12-02 06:09:38,Completed,Online  ,,42.7,0.0,6.58,3.42,52.7,Credit Card,Express,,,,,,,0,0,0
1502,ORD00001502,CUST00018734,2024-03-30 01:55:01,Completed,Online,,151.59,0.0,1.85,12.13,165.57,Debit Card,Express,,,,,,,0,0,1
1503,ORD00001503,CUST00024995,2023-08-30 11:30:34,Completed,Online,,25.67,0.0,8.95,2.05,36.67,PayPal,Express,,,,,,,0,0,0
1504,ORD00001504,CUST00049541,2024-01-18 04:40:51,Completed,Online,,85.43,0.0,11.84,6.83,104.10000000000001,Debit Card,Standard,,,,,,,0,0,0
1505,ORD00001505,CUST00038640,2022-09-04 21:28:05,Completed,Online,,74.09,0.0,7.9,5.93,87.92000000000002,PayPal,Standard  ,,,,,,,0,0,0
1506,ORD00001506,CUST00002475,2023-11-06 13:59:08,Completed,Online,,46.52,0.0,0.18,3.72,50.42,Credit Card,Standard,,,,,,,0,0,0
1507,ORD00001507,CUST00001265,2024-11-26 09:04:18,Completed,Online,,95.85,0.0,7.55,7.67,111.07,Debit Card,Standard,,,,,,,0,0,0
1508,ORD00001508,CUST00031984,2024-03-19 08:31:30,COMPLETED,Online,,25.73,0.0,2.13,2.06,29.919999999999998,Paypal,Standard,,,,,,,0,0,0
1509,ORD00001509,CUST00034129,2023-07-16 10:05:03,Completed,Online,,123.4,0.0,8.08,9.87,141.35000000000002,Debit Card,Standard,,,,,,,0,0,0
1510,ORD00001510,CUST00006924,2024-10-27 09:38:37,Completed,Online,,55.9,0.0,4.5,4.47,64.87,PayPal,Express,,,,,,,0,0,0
1511,ORD00001511,CUST00025313,2024-05-19 00:58:16,Completed,Online,,91.45,0.0,1.62,7.32,100.39000000000001,Debit Card,Express,,,,,,,0,0,0
1512,ORD00001512,CUST00028630,2024-04-09 17:26:59,Completed,Online,,199.52,0.0,8.91,15.96,224.39000000000001,Credit Card,Express,,,,,,,0,0,0
1513,ORD00001513,CUST00032122,2023-10-26 20:41:01,Completed,Online,,137.28,0.0,3.51,10.98,151.76999999999998,Credit Card,Express,,,,,,,0,0,0
1514,ORD00001514,CUST00004984,2023-07-31 08:43:00,Completed,Online,,75.04,0.0,8.59,6.0,89.63000000000001,debit card,Standard,,,,,,,0,0,0
1515,ORD00001515,CUST00038180,2025-01-01 09:19:34,Completed,Online,,70.84,0.0,2.55,5.67,79.06,PayPal,Standard  ,,,,,,,0,0,0
1516,ORD00001516,CUST00014817,2023-04-12 22:09:47,completed,Online,,130.89,0.0,13.23,10.47,154.58999999999997,Credit Card,Standard,,,,,,,0,0,0
1517,ORD00001517,CUST00003120,2022-11-17 14:38:34,Completed,Online,,118.78,0.0,7.05,9.5,135.32999999999998,PayPal,EXPRESS,,,,,,,0,0,1
1518,ORD00001518,CUST00018499,2022-12-10 23:57:10,Completed,Online,,80.6,0.0,13.38,6.45,100.42999999999999,Credit Card,Standard,,,,,,,0,0,0
1519,ORD00001519,CUST00003500,2024-07-02 17:28:04,Completed,Online,,119.35,0.0,3.09,9.55,131.99,Credit Card,Standard,,,,,,,0,0,0
1520,ORD00001520,CUST00043441,2024-01-11 12:04:37,Completed  ,Online,,114.66,0.0,14.12,9.17,137.95,Credit Card,Express,,,,,,,0,0,0
1521,ORD00001521,CUST00018122,2023-09-21 09:04:11,Completed,Online,,110.63,0.0,14.81,8.85,134.29,PayPal,Standard,,,,,,,0,0,0
1522,ORD00001522,CUST00021641,2024-04-05 11:34:34,Completed,Online,,88.28,0.0,9.3,7.06,104.64,PayPal,Express,,,,,,,0,0,0
1523,ORD00001523,CUST00001298,2023-08-07 03:01:47,Completed,Online,,102.63,0.0,11.45,8.21,122.28999999999999,Debit Card,Express,,,,,,,0,0,0
1524,ORD00001524,CUST00046158,2024-05-15 14:19:41,Completed,ONLINE,,80.85,0.0,14.31,6.47,101.63,Credit Card,Express  ,,,,,,,0,0,0
1525,ORD00001525,CUST00040127,2023-11-15 09:18:12,Completed,Online,,191.66,28.75,12.52,13.03,188.46,PayPal,Express,,,,,,SAVE15,15,0,0
1526,ORD00001526,CUST00037056,2024-12-25 22:11:18,Completed,Online,,80.12,0.0,11.39,6.41,97.92,Debit Card,Standard,,,,,,,0,0,0
1527,ORD00001527,CUST00003120,2023-08-22 12:34:28,Completed,ONLINE,,188.87,0.0,10.25,15.11,214.23000000000002,PayPal,Standard,,,,,,,0,0,0
1528,ORD00001528,CUST00010349,2024-11-06 03:34:51,Completed,Online,,150.53,0.0,1.78,12.04,164.35,Credit Card,Standard,,,,,,,0,0,0
1529,ORD00001529,CUST00004927,2024-04-10 16:03:00,Completed,Online,,74.6,0.0,12.48,5.97,93.05,Debit Card,Standard,,,,,,,0,0,0
1530,ORD00001530,CUST00036519,2024-03-24 20:14:59,COMPLETED,Online,,46.61,0.0,1.49,3.73,51.83,Debit Card,Standard,,,,,,,0,0,0
1531,ORD00001531,CUST00026519,2025-01-13 09:28:59,Completed,Online,,184.66,0.0,5.13,14.77,204.56,Credit Card,Standard,,,,,,,0,0,0
1532,ORD00001532,CUST00018142,2023-12-27 07:18:20,Completed,  Online,,109.15,0.0,8.85,8.73,126.73,PayPal,Express,,,,,,,0,0,1
1533,ORD00001533,CUST00037373,2024-07-09 07:28:16,Completed,Online,,188.24,0.0,2.54,15.06,205.84,Debit Card,Express,,,,,,,0,0,0
1534,ORD00001534,CUST00002001,2023-10-22 14:49:56,Completed,Online,,196.56,0.0,5.21,15.72,217.49,  PayPal,Standard,,,,,,,0,0,0
1535,ORD00001535,CUST00039034,2023-06-22 06:36:56,Completed,Online,,79.54,0.0,2.22,6.36,88.12,Debit Card,  Standard,,,,,,,0,0,0
1536,ORD00001536,CUST00024779,2023-12-22 14:46:34,Completed,Online,,99.87,0.0,7.18,7.99,115.04,PayPal,Express,,,,,,,0,0,0
1537,ORD00001537,CUST00027977,2024-07-06 12:34:06,Completed,Online,,148.86,0.0,8.92,11.91,169.69,PayPal,Standard,,,,,,,0,0,0
1538,ORD00001538,CUST00027470,2023-12-21 04:18:53,Completed,Online,,89.65,0.0,3.75,7.17,100.57000000000001,PayPal,Express  ,,,,,,,0,0,0
1539,ORD00001539,CUST00009751,2024-08-03 09:42:33,Completed,Online,,115.26,0.0,4.6,9.22,129.08,PayPal,Standard,,,,,,,0,0,0
1540,ORD00001540,CUST00041476,2022-08-15 16:49:19,Completed,Online,,114.23,0.0,0.0,9.14,123.37,Debit Card  ,Express,,,,,,BOOKFLUENCERSHIP,0,0,0
1541,ORD00001541,CUST00036657,2021-09-01 15:25:00,Completed,Online,,85.95,0.0,0.04,6.88,92.87,Credit Card,Express,,,,,,,0,0,1
1542,ORD00001542,CUST00015999,2021-05-03 10:26:41,Completed,Online,,137.99,0.0,4.77,11.04,153.8,PayPal,Express,,,,,,,0,0,0
1543,ORD00001543,CUST00030430,2024-05-05 14:10:11,Completed,Online,,67.74,0.0,11.7,5.42,84.86,DEBIT CARD,Express,,,,,,,0,0,0
1544,ORD00001544,CUST00010665,2024-02-09 10:46:01,Completed,Online,,25.01,0.0,12.39,2.0,39.400000000000006,Debit Card,Standard,,,,,,,0,0,0
1545,ORD00001545,CUST00025570,2024-11-12 08:43:40,Completed,Online  ,,191.52,0.0,2.91,15.32,209.75,Debit Card,Standard,,,,,,,0,0,0
1546,ORD00001546,CUST00017830,2022-07-25 08:02:12,Completed,Online,,68.2,0.0,13.83,5.46,87.49,Debit Card,Standard,,,,,,,0,0,0
1547,ORD00001547,CUST00041865,2024-10-03 02:56:04,Completed,Online,,174.88,0.0,1.35,13.99,190.22,Credit Card,standard,,,,,,,0,0,0
1548,ORD00001548,CUST00027716,2022-11-02 07:14:47,Completed  ,Online,,79.4,0.0,0.0,6.35,85.75,PayPal,  Standard,,,,,,PARTNERSHIP,0,0,1
1549,ORD00001549,CUST00043024,2023-07-11 09:18:20,Completed,online  ,,177.41,0.0,8.08,14.19,199.68,Credit Card  ,Express,,,,,,,0,0,0
1550,ORD00001550,CUST00030721,2024-02-06 16:55:50,completed,Online,,151.5,0.0,0.33,12.12,163.95000000000002,Credit Card,Standard,,,,,,,0,0,0
1551,ORD00001551,CUST00037685,2022-03-02 15:55:56,Completed,Online,,123.1,0.0,9.27,9.85,142.22,Credit Card,STANDARD,,,,,,,0,0,0
1552,ORD00001552,CUST00021874,2024-04-26 20:14:11,Completed,Online,,99.02,0.0,6.5,7.92,113.44,paypal,Standard,,,,,,,0,0,0
1553,ORD00001553,CUST00038252,2022-09-20 00:15:34,Completed,Online,,30.41,0.0,0.0,2.43,32.84,PayPal,standard,,,,,,BOOKFLUENCERSHIP,0,0,0
1554,ORD00001554,CUST00001696,2023-11-23 21:24:11,Completed,Online,,183.31,0.0,11.8,14.66,209.77,Credit Card,Standard,,,,,,,0,0,0
1555,ORD00001555,CUST00034519,2023-07-28 09:54:49,Completed,Online,,106.74,10.67,5.68,7.69,109.44,Debit Card,Express,,,,,,SAVE10,10,0,0
1556,ORD00001556,CUST00021728,2023-05-07 14:38:19,Completed,Online,,84.3,0.0,0.0,6.74,91.03999999999999,Debit Card,Standard,,,,,,BOOKFLUENCERSHIP,0,0,0
1557,ORD00001557,CUST00007319,2023-11-30 15:53:04,Completed,online,,140.31,0.0,13.35,11.22,164.88,Credit Card,Standard,,,,,,,0,0,0
1558,ORD00001558,CUST00025393,2024-11-08 09:53:39,Completed,Online,,158.79,0.0,8.1,12.7,179.58999999999997,Debit Card,Standard,,,,,,,0,0,0
1559,ORD00001559,CUST00013078,2022-06-03 14:01:45,Completed,Online,,67.14,0.0,14.13,5.37,86.64,Debit Card,Standard,,,,,,,0,0,0
1560,ORD00001560,CUST00042153,2022-09-10 19:22:56,Completed,Online,,49.47,0.0,0.0,3.96,53.43,Credit Card,Express,,,,,,BOOKFLUENCERSHIP,0,0,0
1561,ORD00001561,CUST00046016,2023-11-19 18:51:01,Completed,Online,,198.69,0.0,5.82,15.9,220.41,Paypal,Standard,,,,,,,0,0,0
1562,ORD00001562,CUST00017849,2024-10-01 20:15:20,Completed,Online,,51.29,0.0,0.0,4.1,55.39,Credit Card,Standard,,,,,,BOOKFLUENCERSHIP,0,0,0
1563,ORD00001563,CUST00007175,2024-04-24 18:31:12,  Completed,Online  ,,198.46,0.0,10.05,15.88,224.39000000000001,Credit Card,Express,,,,,,,0,0,0
1564,ORD00001564,CUST00042705,2023-09-03 23:30:12,Completed,Online,,71.08,0.0,7.36,5.69,84.13,Credit Card,Express,,,,,,,0,0,0
1565,ORD00001565,CUST00010869,2024-01-31 23:22:28,Completed,Online,,152.83,0.0,3.07,12.23,168.13,PayPal,Standard,,,,,,,0,0,0
1566,ORD00001566,CUST00011620,2022-06-11 03:19:32,Completed,Online,,78.13,0.0,4.24,6.25,88.61999999999999,PayPal,Standard,,,,,,,0,0,0
1567,ORD00001567,CUST00037967,2024-10-17 06:16:25,Completed,online,,89.03,0.0,3.59,7.12,99.74000000000001,PayPal,Express,,,,,,,0,0,0
1568,ORD00001568,CUST00001519,2023-02-05 07:53:49,Completed,Online,,154.56,0.0,6.91,12.36,173.82999999999998,Debit Card,Standard,,,,,,,0,0,0
1569,ORD00001569,CUST00035955,2022-06-19 08:08:39,Completed,Online  ,,175.69,0.0,6.82,14.06,196.57,PayPal,Express,,,,,,,0,0,0
1570,ORD00001570,CUST00040285,2024-08-02 10:38:37,Completed,Online,,78.5,0.0,5.94,6.28,90.72,Debit Card,Standard,,,,,,,0,0,0
1571,ORD00001571,CUST00005111,2024-12-31 18:44:32,completed,ONLINE,,65.96,0.0,11.26,5.28,82.5,Credit Card,Standard,,,,,,PARTNER20,0,0,0
1572,ORD00001572,CUST00029291,2023-12-02 20:02:05,COMPLETED,Online,,46.42,0.0,3.88,3.71,54.010000000000005,Debit Card,Standard,,,,,,,0,0,0
1573,ORD00001573,CUST00044099,2024-03-18 04:46:49,Completed  ,Online,,110.79,0.0,2.42,8.86,122.07000000000001,Credit Card,Express,,,,,,,0,0,0
1574,ORD00001574,CUST00037798,2022-12-27 17:14:38,Completed,Online,,29.67,0.0,1.36,2.37,33.4,Credit Card,Standard,,,,,,,0,0,0
1575,ORD00001575,CUST00010135,2023-10-25 13:47:37,Completed,Online,,76.45,0.0,3.11,6.12,85.68,PayPal,Standard  ,,,,,,,0,0,0
1576,ORD00001576,CUST00007337,2022-06-04 14:35:07,Completed,Online,,96.08,0.0,3.91,7.69,107.67999999999999,Debit Card,Standard,,,,,,,0,0,0
1577,ORD00001577,CUST00024017,2023-08-19 07:08:57,Completed,Online,,167.79,0.0,12.15,13.42,193.35999999999999,Debit Card,Express,,,,,,,0,0,0
1578,ORD00001578,CUST00043118,2024-03-11 16:16:35,Completed,Online,,179.6,0.0,5.41,14.37,199.38,PayPal,Standard,,,,,,,0,0,0
1579,ORD00001579,CUST00003878,2024-10-11 18:22:24,Completed,ONLINE,,137.69,0.0,8.59,11.02,157.3,PayPal,Standard,,,,,,,0,0,0
1580,ORD00001580,CUST00035248,2023-09-21 02:25:55,Completed,Online,,188.77,0.0,1.49,15.1,205.36,Debit Card,Express,,,,,,,0,0,0
1581,ORD00001581,CUST00047979,2024-12-04 12:53:50,Completed,ONLINE,,116.45,17.47,13.48,7.92,120.38000000000001,Debit Card,Express,,,,,,BOOKFLUENCER15,15,0,0
1582,ORD00001582,CUST00012134,2023-03-01 01:33:14,Completed,Online,,172.86,0.0,0.02,13.83,186.71000000000004,Debit Card,Standard,,,,,,,0,0,0
1583,ORD00001583,CUST00010138,2024-02-29 02:17:14,Completed,ONLINE,,108.33,0.0,2.12,8.67,119.12,Debit Card,express,,,,,,,0,0,0
1584,ORD00001584,CUST00004722,2024-10-08 15:32:26,Completed,Online,,95.78,0.0,2.77,7.66,106.21,Credit Card,Standard,,,,,,,0,0,0
1585,ORD00001585,CUST00004313,2024-06-20 13:10:01,Completed,Online,,173.65,0.0,3.4,13.89,190.94,Credit Card,Express,,,,,,,0,0,0
1586,ORD00001586,CUST00003268,2024-08-24 08:30:34,Completed,Online,,187.55,0.0,3.68,15.0,206.23000000000002,Debit Card,Express,,,,,,,0,0,0
1587,ORD00001587,CUST00009289,2022-11-24 09:41:55,completed,Online,,55.43,0.0,8.56,4.43,68.42,Credit Card,Express,,,,,,,0,0,0
1588,ORD00001588,CUST00024195,2024-01-14 06:16:23,  Completed,Online,,125.32,0.0,6.82,10.03,142.17,PayPal,Express,,,,,,,0,0,0
1589,ORD00001589,CUST00022129,2023-12-01 16:56:47,Completed,Online,,26.37,0.0,2.85,2.11,31.330000000000002,Debit Card,Express,,,,,,,0,0,0
1590,ORD00001590,CUST00013126,2023-05-01 08:16:29,Completed,Online,,57.33,0.0,10.42,4.59,72.34,Credit Card,standard,,,,,,,0,0,0
1591,ORD00001591,CUST00048412,2022-05-08 01:56:44,Completed,Online,,155.92,0.0,8.01,12.47,176.39999999999998,PayPal,Express,,,,,,,0,0,0
1592,ORD00001592,CUST00005253,2024-12-13 01:51:07,Completed,Online,,124.09,18.61,12.6,8.44,126.52,CREDIT CARD,  express,,,,,,PARTNER15,15,0,0
1593,ORD00001593,CUST00012712,2024-04-19 13:42:41,Completed,Online,,115.85,0.0,10.47,9.27,135.59,PAYPAL,EXPRESS,,,,,,,0,0,0
1594,ORD00001594,CUST00044815,2024-04-22 10:38:00,COMPLETED,Online,,160.73,0.0,8.66,12.86,182.25,  PayPal,Express,,,,,,,0,0,1
1595,ORD00001595,CUST00000237,2024-10-16 08:48:18,Completed,Online,,110.53,0.0,8.61,8.84,127.98,Debit Card,Express,,,,,,,0,0,0
1596,ORD00001596,CUST00030465,2024-09-21 17:00:18,Completed,Online,,81.1,0.0,4.34,6.49,91.92999999999999,debit card,Express,,,,,,,0,0,0
1597,ORD00001597,CUST00009569,2022-10-31 04:49:52,Completed,Online,,158.27,0.0,5.24,12.66,176.17000000000002,PayPal,Express,,,,,,,0,0,0
1598,ORD00001598,CUST00034413,2024-10-05 02:08:11,Completed,Online,,22.29,0.0,6.11,1.78,30.18,PayPal,Standard,,,,,,,0,0,0
1599,ORD00001599,CUST00044340,2023-07-29 05:21:04,Completed,Online,,166.77,0.0,11.6,13.34,191.71,Credit Card,Standard,,,,,,,0,0,0
1600,ORD00001600,CUST00037192,2022-09-15 01:24:59,Completed,Online,,63.1,0.0,0.0,5.05,68.15,Debit Card,  Standard,,,,,,Bookfluencership,0,0,0
1601,ORD00001601,CUST00047617,2024-01-05 14:12:24,Completed,Online,,104.8,0.0,13.4,8.38,126.58,Credit Card,Express,,,,,,,0,0,0
1602,ORD00001602,CUST00001186,2024-04-04 00:38:48,  completed,Online,,156.9,0.0,2.21,12.55,171.66000000000003,Debit Card,  Express,,,,,,,0,0,0
1603,ORD00001603,CUST00034154,2024-09-01 21:04:03,Completed,Online,,181.91,0.0,13.05,14.55,209.51000000000002,Debit Card,Express,,,,,,,0,0,0
1604,ORD00001604,CUST00019767,2023-09-01 16:07:19,Completed,Online  ,,79.2,0.0,14.42,6.34,99.96000000000001,PayPal,Express,,,,,,,0,0,0
1605,ORD00001605,CUST00023158,2024-06-09 19:15:34,Completed,Online,,76.17,0.0,8.69,6.09,90.95,  Debit Card,Express,,,,,,PARTNER20,0,0,0
1606,ORD00001606,CUST00031894,2022-12-12 20:47:12,COMPLETED,Online,,154.53,0.0,13.89,12.36,180.78000000000003,PayPal,Standard,,,,,,,0,0,0
1607,ORD00001607,CUST00033330,2024-01-13 19:41:07,Completed,  Online,,193.07,0.0,14.54,15.45,223.05999999999997,Credit Card,Standard,,,,,,,0,0,0
1608,ORD00001608,CUST00001294,2022-08-26 14:55:19,Completed,Online  ,,64.13,0.0,0.0,5.13,69.25999999999999,DEBIT CARD,  Express,,,,,,Bookfluencership,0,0,0
1609,ORD00001609,CUST00017313,2023-05-16 03:28:34,Completed,Online,,34.79,0.0,11.97,2.78,49.54,Credit Card,Express,,,,,,,0,0,0
1610,ORD00001610,CUST00005910,2024-09-18 05:32:37,Completed,Online,,114.22,0.0,4.18,9.14,127.54,Credit Card  ,Express  ,,,,,,,0,0,0
1611,ORD00001611,CUST00043714,2025-01-06 03:43:58,Completed,Online,,135.05,0.0,12.19,10.8,158.04000000000002,Debit Card  ,Express,,,,,,,0,0,0
1612,ORD00001612,CUST00009167,2024-04-30 04:30:43,Completed,Online,,188.43,0.0,5.25,15.07,208.75,Debit Card,Express,,,,,,,0,0,0
1613,ORD00001613,CUST00026233,2024-06-27 22:59:19,Completed,Online,,128.47,0.0,1.6,10.28,140.35,Credit Card,Standard,,,,,,,0,0,0
1614,ORD00001614,CUST00032116,2024-06-25 15:59:45,Completed,Online,,95.1,0.0,7.76,7.61,110.47,PayPal,Standard,,,,,,PARTNER20,0,0,0
1615,ORD00001615,CUST00030035,2023-11-03 05:56:37,Completed,Online,,188.98,0.0,11.17,15.12,215.26999999999998,Credit Card,Standard,,,,,,,0,0,0
1616,ORD00001616,CUST00010025,2023-11-11 07:51:19,  Completed,Online,,194.07,29.11,8.28,13.2,186.43999999999997,  debit card,Standard,,,,,,SAVE15,15,0,0
1617,ORD00001617,CUST00039719,2024-01-14 00:55:54,Completed,Online,,91.71,0.0,5.27,7.34,104.32,  Credit Card,Standard,,,,,,,0,0,0
1618,ORD00001618,CUST00012104,2024-09-27 12:49:01,COMPLETED,Online,,198.11,0.0,4.9,15.85,218.86,PayPal,Standard,,,,,,,0,0,0
1619,ORD00001619,CUST00044464,2022-12-06 09:35:54,Completed,ONLINE,,179.71,0.0,13.46,14.38,207.55,PayPal,  Standard,,,,,,,0,0,0
1620,ORD00001620,CUST00009123,2025-01-14 03:37:22,Completed,Online,,166.69,0.0,13.89,13.34,193.92,Credit Card,Express,,,,,,,0,0,0
1621,ORD00001621,CUST00018453,2023-06-01 03:56:49,Completed,Online,,53.16,0.0,6.69,4.25,64.1,Debit Card,Standard,,,,,,,0,0,0
1622,ORD00001622,CUST00016072,2024-09-06 01:56:33,Completed,Online,,172.84,0.0,9.52,13.83,196.19000000000003,PayPal,Express,,,,,,,0,0,0
1623,ORD00001623,CUST00007486,2024-06-16 01:55:57,  Completed,Online,,71.47,0.0,11.87,5.72,89.06,Debit Card,standard,,,,,,,0,0,0
1624,ORD00001624,CUST00030955,2021-12-14 08:56:16,Completed,Online,,106.49,0.0,2.12,8.52,117.13,Debit Card,standard,,,,,,,0,0,0
1625,ORD00001625,CUST00026903,2024-09-17 09:30:20,  Completed,Online,,172.77,0.0,11.7,13.82,198.29,Debit Card,STANDARD,,,,,,,0,0,0
1626,ORD00001626,CUST00043386,2024-07-16 14:18:18,Completed,Online  ,,102.07,0.0,9.93,8.17,120.17,PayPal,Express,,,,,,,0,0,0
1627,ORD00001627,CUST00004496,2024-05-29 09:46:50,completed,Online,,142.01,0.0,4.73,11.36,158.09999999999997,PayPal,Standard,,,,,,,0,0,0
1628,ORD00001628,CUST00018040,2024-03-30 04:48:07,Completed  ,Online,,123.44,0.0,0.0,9.88,133.32,Credit Card,Express,,,,,,holidayship,0,0,0
1629,ORD00001629,CUST00002319,2023-07-05 15:39:58,Completed,Online,,143.79,0.0,0.26,11.5,155.54999999999998,debit card  ,Standard,,,,,,,0,0,0
1630,ORD00001630,CUST00000466,2023-05-21 19:51:49,Completed,Online,,141.13,0.0,13.25,11.29,165.67,Credit Card,Express,,,,,,,0,0,0
1631,ORD00001631,CUST00038828,2024-11-18 03:21:48,Completed,online,,139.71,20.96,9.55,9.5,137.8,debit card,Standard,,,,,,BOOKFLUENCER15,15,0,0
1632,ORD00001632,CUST00026274,2023-05-19 19:39:15,Completed,Online,,43.7,0.0,1.32,3.5,48.52,DEBIT CARD,Standard,,,,,,,0,0,0
1633,ORD00001633,CUST00049982,2023-08-21 16:40:37,Completed,Online,,125.36,0.0,5.52,10.03,140.91,Debit Card,Standard,,,,,,,0,0,0
1634,ORD00001634,CUST00023021,2021-11-27 11:49:36,Completed,Online,,194.24,0.0,10.94,15.54,220.72,PayPal,Standard,,,,,,,0,0,0
1635,ORD00001635,CUST00033957,2022-07-05 09:58:52,Completed,Online,,43.53,0.0,5.6,3.48,52.61,Credit Card,  Express,,,,,,,0,0,0
1636,ORD00001636,CUST00007574,2024-07-06 20:29:06,Completed,online,,42.17,0.0,3.88,3.37,49.42,PayPal,Express,,,,,,,0,0,0
1637,ORD00001637,CUST00041280,2023-01-08 19:58:40,Completed,Online,,31.46,0.0,2.53,2.52,36.510000000000005,debit card,Express,,,,,,,0,0,0
1638,ORD00001638,CUST00042217,2023-09-18 07:14:18,Completed,Online,,123.79,0.0,6.68,9.9,140.37,Debit Card,Express,,,,,,,0,0,0
1639,ORD00001639,CUST00034697,2024-09-18 13:42:45,Completed,Online,,139.39,0.0,7.03,11.15,157.57,Credit Card,EXPRESS,,,,,,,0,0,0
1640,ORD00001640,CUST00002489,2024-09-08 17:02:40,Completed,Online,,189.57,0.0,4.07,15.17,208.80999999999997,Credit Card,Express,,,,,,,0,0,0
1641,ORD00001641,CUST00028457,2024-10-26 06:51:18,Completed,Online,,74.4,0.0,12.94,5.95,93.29,PayPal,Express,,,,,,,0,0,0
1642,ORD00001642,CUST00004461,2023-03-12 04:07:17,Completed,  Online,,81.32,0.0,8.85,6.51,96.67999999999999,Debit Card,Express,,,,,,,0,0,0
1643,ORD00001643,CUST00044101,2024-10-05 08:16:43,Completed,Online,,160.84,0.0,13.63,12.87,187.34,Credit Card,Standard,,,,,,,0,0,0
1644,ORD00001644,CUST00028728,2024-12-18 23:23:14,Completed,Online,,189.83,0.0,2.21,15.19,207.23000000000002,Debit Card,Standard,,,,,,,0,0,0
1645,ORD00001645,CUST00025178,2024-03-17 21:31:04,Completed,Online,,78.63,0.0,4.15,6.29,89.07000000000001,PayPal,Standard  ,,,,,,,0,0,0
1646,ORD00001646,CUST00040100,2024-12-05 22:03:10,Completed,Online,,153.78,0.0,0.95,12.3,167.03,  Credit Card,Express,,,,,,,0,0,0
1647,ORD00001647,CUST00020990,2022-08-28 18:26:28,Completed  ,Online,,188.87,0.0,0.0,15.11,203.98000000000002,Credit Card  ,standard,,,,,,BOOKFLUENCERSHIP,0,0,0
1648,ORD00001648,CUST00008610,2023-11-12 00:18:06,Completed,Online,,50.0,0.0,10.01,4.0,64.00999999999999,Paypal,Express,,,,,,,0,0,0
1649,ORD00001649,CUST00023261,2024-12-17 09:57:42,Completed,Online,,130.67,0.0,8.75,10.45,149.86999999999998,Debit Card,Express,,,,,,,0,0,0
1650,ORD00001650,CUST00006799,2024-08-28 07:18:26,Completed,Online,,144.48,0.0,11.4,11.56,167.44,Debit Card,Express,,,,,,,0,0,0
1651,ORD00001651,CUST00004661,2023-03-21 02:28:20,Completed,Online,,94.59,0.0,11.37,7.57,113.53,debit card,Express,,,,,,,0,0,0
1652,ORD00001652,CUST00012453,2024-12-13 11:03:56,Completed,Online,,113.03,0.0,7.89,9.04,129.96,Debit Card,Express,,,,,,,0,0,0
1653,ORD00001653,CUST00003207,2024-03-15 04:41:55,Completed,Online,,72.87,0.0,6.67,5.83,85.37,Debit Card,Standard,,,,,,,0,0,0
1654,ORD00001654,CUST00014938,2023-08-07 14:58:25,Completed,Online,,163.99,0.0,4.08,13.12,181.19000000000003,paypal,Standard,,,,,,,0,0,0
1655,ORD00001655,CUST00042723,2022-12-23 00:10:37,Completed,Online,,128.08,0.0,8.4,10.25,146.73000000000002,Credit Card,STANDARD,,,,,,,0,0,0
1656,ORD00001656,CUST00040866,2025-01-06 17:45:26,Completed,Online,,196.93,0.0,2.62,15.75,215.3,Credit Card,Express,,,,,,,0,0,0
1657,ORD00001657,CUST00031231,2023-04-30 14:38:54,Completed,Online,,144.38,0.0,4.87,11.55,160.8,Debit Card,Express,,,,,,,0,0,0
1658,ORD00001658,CUST00015461,2023-12-17 21:51:51,Completed,Online,,135.23,0.0,1.65,10.82,147.7,PayPal,Standard,,,,,,,0,0,0
1659,ORD00001659,CUST00015668,2024-10-05 05:45:11,Completed  ,Online,,104.63,0.0,9.35,8.37,122.35,  Credit Card,Express,,,,,,,0,0,0
1660,ORD00001660,CUST00011924,2022-11-26 13:44:35,Completed,Online,,181.24,0.0,7.54,14.5,203.28,PayPal,Standard,,,,,,,0,0,1
1661,ORD00001661,CUST00035174,2024-02-24 12:35:23,Completed,online,,192.44,19.24,4.75,13.86,191.81,Credit Card,Standard,,,,,,GIFT10,10,0,0
1662,ORD00001662,CUST00004118,2023-10-02 14:35:51,Completed,Online,,127.92,19.19,0.81,8.7,118.24000000000001,paypal,Standard,,,,,,SAVE15,15,0,0
1663,ORD00001663,CUST00037005,2024-10-11 16:39:22,Completed,Online,,50.22,0.0,13.89,4.02,68.13,Credit Card,Standard,,,,,,,0,0,0
1664,ORD00001664,CUST00001939,2024-03-03 03:44:31,  Completed,ONLINE,,106.96,0.0,0.49,8.56,116.00999999999999,PayPal,express,,,,,,,0,0,0
1665,ORD00001665,CUST00021846,2023-12-20 10:54:51,Completed,Online,,167.48,0.0,13.42,13.4,194.29999999999998,PayPal,Express,,,,,,,0,0,0
1666,ORD00001666,CUST00033460,2024-08-22 23:45:30,Completed,Online,,117.23,0.0,13.15,9.38,139.76,Credit Card,  Express,,,,,,,0,0,0
1667,ORD00001667,CUST00030424,2023-08-22 03:09:24,Completed,Online  ,,192.0,0.0,12.18,15.36,219.54000000000002,Debit Card,Standard,,,,,,,0,0,0
1668,ORD00001668,CUST00021790,2024-08-30 21:12:05,  Completed,Online,,179.57,0.0,8.06,14.37,202.0,Credit Card,Standard,,,,,,,0,0,0
1669,ORD00001669,CUST00016862,2022-09-21 23:32:49,completed,Online,,22.35,0.0,0.0,1.79,24.14,Debit Card,Express,,,,,,BOOKFLUENCERSHIP,0,0,0
1670,ORD00001670,CUST00042762,2024-11-17 15:33:33,Completed,Online,,102.67,0.0,4.82,8.21,115.70000000000002,Credit Card,  Standard,,,,,,,0,0,0
1671,ORD00001671,CUST00005219,2023-03-01 15:21:15,Completed,Online,,77.14,0.0,7.23,6.17,90.54,PayPal,Standard,,,,,,,0,0,0
1672,ORD00001672,CUST00014311,2022-12-21 08:31:10,Completed,Online,,70.72,0.0,1.8,5.66,78.17999999999999,Debit Card,Standard,,,,,,,0,0,0
1673,ORD00001673,CUST00026966,2022-10-28 09:03:48,  Completed,Online,,150.65,0.0,1.32,12.05,164.02,Credit Card,express,,,,,,,0,0,0
1674,ORD00001674,CUST00037631,2024-10-24 13:27:02,Completed  ,Online,,115.04,0.0,8.4,9.2,132.64000000000001,Credit Card,Standard,,,,,,,0,0,0
1675,ORD00001675,CUST00037841,2024-10-22 06:04:59,Completed,Online,,193.97,0.0,10.17,15.52,219.66,PayPal,Express,,,,,,,0,0,0
1676,ORD00001676,CUST00010192,2025-01-07 00:40:38,Completed  ,Online,,164.77,0.0,1.72,13.18,179.67000000000002,Credit Card,Standard,,,,,,,0,0,0
1677,ORD00001677,CUST00031883,2024-05-20 13:39:06,Completed,Online,,82.83,0.0,3.26,6.63,92.72,Credit Card,Standard,,,,,,,0,0,0
1678,ORD00001678,CUST00004788,2023-07-22 07:21:16,Completed,Online,,67.14,0.0,0.81,5.37,73.32000000000001,Credit Card,STANDARD,,,,,,,0,0,0
1679,ORD00001679,CUST00037252,2024-04-27 04:52:56,Completed,Online,,173.19,0.0,3.63,13.86,190.68,Credit Card,Express,,,,,,,0,0,0
1680,ORD00001680,CUST00026597,2022-12-05 14:41:43,Completed,Online,,128.55,0.0,11.68,10.28,150.51000000000002,Credit Card,Standard,,,,,,,0,0,0
1681,ORD00001681,CUST00005267,2024-01-05 15:34:18,Completed,Online,,78.88,0.0,8.0,6.31,93.19,Credit Card,Standard,,,,,,,0,0,0
1682,ORD00001682,CUST00012870,2024-11-14 16:46:28,Completed,Online,,42.54,0.0,6.2,3.4,52.14,Debit Card,Express,,,,,,,0,0,0
1683,ORD00001683,CUST00046844,2024-12-23 07:30:52,Completed,Online,,68.07,10.21,0.74,4.63,63.23,Credit Card,Express,,,,,,BOOKFLUENCER15  ,15,0,0
1684,ORD00001684,CUST00022843,2024-09-26 05:19:18,Completed,Online,,78.32,0.0,5.67,6.27,90.25999999999999,  PayPal,Standard  ,,,,,,,0,0,0
1685,ORD00001685,CUST00021785,2023-03-26 10:47:57,Completed,Online,,190.55,0.0,0.0,15.24,205.79000000000002,PayPal,  Standard,,,,,,SPRINGSHIP,0,0,0
1686,ORD00001686,CUST00043982,2024-08-29 06:18:28,Completed,ONLINE,,55.72,0.0,13.0,4.46,73.17999999999999,Credit Card,Standard,,,,,,,0,0,0
1687,ORD00001687,CUST00013269,2024-04-08 21:55:42,Completed,online,,181.67,0.0,0.39,14.53,196.58999999999997,Credit Card,Standard,,,,,,,0,0,0
1688,ORD00001688,CUST00020223,2023-05-14 17:07:31,Completed,Online,,76.12,0.0,11.71,6.09,93.92000000000002,Credit Card,Express,,,,,,,0,0,0
1689,ORD00001689,CUST00015150,2025-01-08 08:16:04,Completed,Online,,87.33,0.0,0.05,6.99,94.36999999999999,PayPal,Express,,,,,,,0,0,0
1690,ORD00001690,CUST00025525,2024-07-14 08:10:35,Completed,Online,,167.66,0.0,3.51,13.41,184.57999999999998,PayPal,express,,,,,,,0,0,1
1691,ORD00001691,CUST00010506,2022-09-22 11:39:47,Completed,Online,,79.55,0.0,11.07,6.36,96.98,Credit Card,  Express,,,,,,,0,0,0
1692,ORD00001692,CUST00038332,2023-01-05 06:00:43,Completed,Online,,84.59,0.0,11.55,6.77,102.91,PayPal,Standard,,,,,,,0,0,0
1693,ORD00001693,CUST00013472,2024-04-22 16:51:37,Completed,Online  ,,29.2,0.0,14.72,2.34,46.260000000000005,PayPal  ,EXPRESS,,,,,,,0,0,0
1694,ORD00001694,CUST00005108,2022-01-26 13:08:26,Completed,Online,,103.94,0.0,11.47,8.32,123.72999999999999,Debit Card,Standard,,,,,,,0,0,0
1695,ORD00001695,CUST00022599,2024-01-28 09:46:17,Completed,Online,,149.86,0.0,7.32,11.99,169.17000000000002,Credit Card,Express,,,,,,,0,0,0
1696,ORD00001696,CUST00019454,2024-09-11 00:07:45,Completed,Online,,81.61,0.0,7.1,6.53,95.24,Debit Card,Express,,,,,,,0,0,0
1697,ORD00001697,CUST00032350,2022-01-05 00:34:39,Completed,Online,,64.69,0.0,0.0,5.18,69.87,PayPal,standard,,,,,,BOOKFLUENCERSHIP,0,0,0
1698,ORD00001698,CUST00041920,2023-04-11 15:15:07,Completed,Online,,62.34,0.0,12.73,4.99,80.06,Debit Card,Express,,,,,,,0,0,0
1699,ORD00001699,CUST00011059,2023-10-14 14:08:15,Completed,Online,,199.35,0.0,7.75,15.95,223.04999999999998,Debit Card,Express,,,,,,,0,0,0
1700,ORD00001700,CUST00012785,2023-10-13 09:26:25,Completed,  Online,,71.45,0.0,14.92,5.72,92.09,Credit Card,Express  ,,,,,,,0,0,0
1701,ORD00001701,CUST00049975,2024-01-19 04:37:42,Completed,Online,,161.17,0.0,9.83,12.89,183.89,Debit Card,Standard,,,,,,,0,0,0
1702,ORD00001702,CUST00023674,2024-10-23 10:26:35,Completed,  Online,,28.67,4.3,6.87,1.95,33.190000000000005,Debit Card,Standard,,,,,,BOOKFLUENCER15,15,0,0
1703,ORD00001703,CUST00005568,2022-05-12 04:52:28,Completed,Online,,199.27,0.0,10.34,15.94,225.55,Debit Card,Standard,,,,,,,0,0,0
1704,ORD00001704,CUST00038118,2024-09-21 02:37:16,Completed,Online,,22.83,0.0,7.64,1.83,32.3,PayPal,EXPRESS,,,,,,,0,0,0
1705,ORD00001705,CUST00031324,2022-11-08 16:23:49,Completed,Online,,142.46,0.0,12.39,11.4,166.25000000000003,Debit Card,Express,,,,,,,0,0,0
1706,ORD00001706,CUST00001302,2023-08-28 14:04:07,Completed,Online,,93.94,0.0,12.11,7.52,113.57,Debit Card,Standard,,,,,,,0,0,0
1707,ORD00001707,CUST00019608,2024-02-17 21:59:19,Completed,online,,67.6,0.0,6.7,5.41,79.71,Debit Card,Standard,,,,,,,0,0,0
1708,ORD00001708,CUST00033275,2023-12-18 01:15:27,Completed,Online,,199.36,29.9,1.3,13.56,184.32000000000002,Credit Card,Standard,,,,,,BOOKFLUENCER15,15,0,0
1709,ORD00001709,CUST00037165,2022-11-14 04:03:10,Completed,Online,,171.5,0.0,2.27,13.72,187.49,paypal,Express,,,,,,,0,0,0
1710,ORD00001710,CUST00008227,2023-10-05 03:08:29,Completed,Online,,73.78,0.0,7.06,5.9,86.74000000000001,Credit Card,Express,,,,,,,0,0,0
1711,ORD00001711,CUST00022797,2024-09-09 10:57:34,Completed,online,,67.35,0.0,10.85,5.39,83.58999999999999,PayPal,Standard,,,,,,,0,0,0
1712,ORD00001712,CUST00025051,2024-07-09 00:00:24,Completed,Online,,85.64,0.0,7.8,6.85,100.28999999999999,PayPal  ,Standard  ,,,,,,,0,0,0
1713,ORD00001713,CUST00040617,2023-12-04 14:16:50,Completed  ,Online,,152.55,0.0,9.01,12.2,173.76,Credit Card,Express,,,,,,,0,0,0
1714,ORD00001714,CUST00025897,2023-11-08 00:35:28,Completed,Online,,184.74,27.71,11.17,12.56,180.76,Debit Card,Standard,,,,,,SAVE15,15,0,0
1715,ORD00001715,CUST00026028,2022-10-08 06:11:22,Completed,ONLINE,,166.86,0.0,9.74,13.35,189.95000000000002,PayPal,Express,,,,,,,0,0,0
1716,ORD00001716,CUST00036407,2024-03-26 03:44:28,Completed,Online,,116.06,0.0,4.14,9.28,129.48,Credit Card,Standard,,,,,,,0,0,0
1717,ORD00001717,CUST00048612,2023-10-27 09:56:00,Completed,Online,,42.96,0.0,11.88,3.44,58.28,Debit Card,Express,,,,,,,0,0,0
1718,ORD00001718,CUST00000902,2023-03-28 11:18:34,Completed,Online,,25.25,0.0,4.95,2.02,32.22,PayPal,Express,,,,,,,0,0,0
1719,ORD00001719,CUST00048211,2024-05-03 14:37:02,completed,Online,,69.9,0.0,11.47,5.59,86.96000000000001,DEBIT CARD,Standard,,,,,,,0,0,0
1720,ORD00001720,CUST00015888,2023-09-13 11:21:45,Completed,online,,157.0,0.0,8.51,12.56,178.07,Debit Card,Standard,,,,,,,0,0,0
1721,ORD00001721,CUST00002611,2025-01-13 14:30:27,Completed,Online,,55.48,8.32,0.22,3.77,51.15,Debit Card,Standard,,,,,,PARTNER15,15,0,0
1722,ORD00001722,CUST00046554,2024-01-19 09:16:32,completed,online,,168.74,0.0,7.58,13.5,189.82000000000002,Credit Card,Express,,,,,,,0,0,0
1723,ORD00001723,CUST00021999,2024-12-15 12:08:46,Completed,Online,,48.99,0.0,1.05,3.92,53.96,Credit Card,Express,,,,,,,0,0,0
1724,ORD00001724,CUST00049124,2022-04-28 01:41:29,Completed,Online,,173.6,0.0,4.5,13.89,191.99,Credit Card,Standard,,,,,,,0,0,0
1725,ORD00001725,CUST00013388,2023-02-10 09:15:41,Completed  ,Online,,171.52,0.0,1.73,13.72,186.97,Credit Card,Express,,,,,,,0,0,0
1726,ORD00001726,CUST00022822,2023-12-24 10:55:10,Completed,Online,,142.98,0.0,11.54,11.44,165.95999999999998,  Debit Card,express,,,,,,,0,0,0
1727,ORD00001727,CUST00031839,2024-12-07 03:54:39,Completed,Online,,26.52,0.0,3.58,2.12,32.22,Credit Card,Express  ,,,,,,,0,0,0
1728,ORD00001728,CUST00007385,2024-02-23 11:28:12,Completed,Online,,93.73,0.0,0.45,7.5,101.68,Credit Card,Standard,,,,,,,0,0,1
1729,ORD00001729,CUST00027555,2023-04-11 20:15:10,Completed,Online,,56.84,0.0,7.36,4.55,68.75,PayPal  ,  Standard,,,,,,,0,0,0
1730,ORD00001730,CUST00040881,2024-07-14 08:12:55,COMPLETED,Online,,27.21,0.0,2.69,2.18,32.080000000000005,Debit Card,Express,,,,,,PARTNER20,0,0,0
1731,ORD00001731,CUST00024836,2024-05-15 21:28:00,COMPLETED,Online,,120.35,0.0,7.07,9.63,137.04999999999998,PayPal,Express,,,,,,,0,0,0
1732,ORD00001732,CUST00049825,2024-12-05 08:14:44,Completed,Online,,154.85,0.0,13.55,12.39,180.79000000000002,Debit Card,Standard,,,,,,,0,0,0
1733,ORD00001733,CUST00028959,2024-12-30 17:50:44,Completed,Online,,62.23,0.0,8.4,4.98,75.61,Debit Card,Standard,,,,,,,0,0,0
1734,ORD00001734,CUST00026214,2024-11-06 05:54:48,Completed,Online,,30.76,0.0,11.48,2.46,44.7,PayPal,Express,,,,,,,0,0,0
1735,ORD00001735,CUST00033139,2024-11-22 12:08:26,Completed,Online,,171.38,0.0,6.2,13.71,191.29,Credit Card,Express,,,,,,,0,0,1
1736,ORD00001736,CUST00035602,2022-06-11 04:14:18,Completed,Online,,36.81,0.0,14.75,2.94,54.5,Debit Card,STANDARD,,,,,,,0,0,0
1737,ORD00001737,CUST00033874,2023-03-05 14:09:18,Completed,Online,,47.29,0.0,13.6,3.78,64.67,Credit Card,Express,,,,,,,0,0,0
1738,ORD00001738,CUST00001912,2022-11-15 19:32:09,Completed,Online,,55.58,0.0,0.0,4.45,60.03,Credit Card,Express,,,,,,PARTNERSHIP,0,0,0
1739,ORD00001739,CUST00037145,2024-12-27 21:40:54,Completed,Online,,97.18,0.0,7.32,7.77,112.27,Credit Card,Express,,,,,,,0,0,0
1740,ORD00001740,CUST00032676,2022-12-28 17:03:19,Completed,Online,,79.66,0.0,14.42,6.37,100.45,Credit Card  ,Express,,,,,,,0,0,0
1741,ORD00001741,CUST00010809,2022-08-29 13:24:24,Completed,Online,,105.11,0.0,7.42,8.41,120.94,  Credit Card,Express,,,,,,,0,0,0
1742,ORD00001742,CUST00013181,2022-09-26 13:08:13,Completed,Online,,29.1,0.0,4.24,2.33,35.67,Credit Card,  Express,,,,,,,0,0,0
1743,ORD00001743,CUST00012719,2024-10-08 23:09:26,Completed,Online,,76.07,0.0,1.18,6.09,83.34,PAYPAL,Express,,,,,,,0,0,0
1744,ORD00001744,CUST00035943,2023-02-14 00:22:08,Completed,online,,35.13,0.0,6.73,2.81,44.67,Debit Card,Standard,,,,,,,0,0,0
1745,ORD00001745,CUST00032553,2024-11-09 06:54:05,Completed,Online,,186.38,0.0,8.74,14.91,210.03,PayPal,Standard,,,,,,,0,0,1
1746,ORD00001746,CUST00007088,2023-05-03 04:33:14,Completed,Online,,72.14,0.0,11.15,5.77,89.06,PayPal,Standard,,,,,,,0,0,0
1747,ORD00001747,CUST00019808,2024-11-20 18:40:23,Completed,Online,,120.27,0.0,7.36,9.62,137.25,PayPal  ,Standard,,,,,,,0,0,0
1748,ORD00001748,CUST00024017,2022-04-04 02:55:01,Completed,Online,,122.99,0.0,5.57,9.84,138.4,PayPal,Express,,,,,,,0,0,0
1749,ORD00001749,CUST00013897,2023-09-12 17:06:13,Completed,Online,,156.58,0.0,13.88,12.53,182.99,PayPal,Express,,,,,,,0,0,1
1750,ORD00001750,CUST00037004,2024-12-28 17:16:36,Completed,Online,,90.91,0.0,2.32,7.27,100.49999999999999,Credit Card,Express,,,,,,,0,0,0
1751,ORD00001751,CUST00037032,2023-03-31 07:42:01,Completed,Online,,84.14,0.0,0.0,6.73,90.87,Credit Card,Standard,,,,,,BOOKFLUENCERSHIP,0,0,0
1752,ORD00001752,CUST00045392,2023-09-27 18:56:37,Completed,  Online,,166.73,0.0,4.16,13.34,184.23,Credit Card,Standard,,,,,,,0,0,0
1753,ORD00001753,CUST00023595,2023-09-14 05:43:44,Completed,Online,,114.82,0.0,7.7,9.19,131.71,Credit Card,Express,,,,,,,0,0,0
1754,ORD00001754,CUST00045589,2023-11-09 00:38:05,Completed,Online,,107.71,0.0,2.19,8.62,118.52,Credit Card,Express,,,,,,,0,0,0
1755,ORD00001755,CUST00025950,2023-01-31 03:44:19,Completed,Online,,98.63,0.0,11.84,7.89,118.36,Debit Card,Standard,,,,,,,0,0,0
1756,ORD00001756,CUST00010651,2025-01-14 18:17:37,Completed,ONLINE,,27.34,0.0,14.11,2.19,43.64,Credit Card,Standard,,,,,,,0,0,0
1757,ORD00001757,CUST00042545,2024-08-24 17:52:28,Completed,Online,,169.99,0.0,0.0,13.6,183.59,DEBIT CARD,Standard,,,,,,PARTNERSHIP,0,0,0
1758,ORD00001758,CUST00041254,2024-03-28 23:40:53,Completed,Online,,53.99,0.0,0.52,4.32,58.830000000000005,Debit Card,Express,,,,,,,0,0,0
1759,ORD00001759,CUST00009779,2024-12-01 02:52:13,Completed,Online,,71.35,0.0,3.52,5.71,80.57999999999998,Credit Card,Express,,,,,,,0,0,0
1760,ORD00001760,CUST00003911,2022-09-20 08:08:05,Completed,Online,,42.28,0.0,0.0,3.38,45.660000000000004,Debit Card,Standard,,,,,,BOOKFLUENCERSHIP,0,0,0
1761,ORD00001761,CUST00018757,2024-10-17 16:54:16,Completed,Online,,63.67,0.0,13.17,5.09,81.93,PayPal,Express,,,,,,,0,0,0
1762,ORD00001762,CUST00039644,2023-04-19 10:19:51,Completed,Online,,185.27,0.0,12.45,14.82,212.54,PayPal,STANDARD,,,,,,,0,0,0
1763,ORD00001763,CUST00013514,2023-08-06 17:46:45,Completed,Online,,83.46,8.35,3.98,6.01,85.10000000000001,Credit Card,Express,,,,,,SAVE10,10,0,1
1764,ORD00001764,CUST00035592,2023-11-07 10:32:26,Completed,Online,,140.16,0.0,2.74,11.21,154.11,Credit Card,Standard,,,,,,,0,0,0
1765,ORD00001765,CUST00015961,2024-12-08 07:40:26,Completed,Online,,194.62,29.19,13.09,13.23,191.75,Credit Card,Standard,,,,,,BOOKFLUENCER15,15,0,1
1766,ORD00001766,CUST00031909,2024-04-21 10:29:43,Completed,Online,,33.25,0.0,11.5,2.66,47.41,DEBIT CARD,Standard,,,,,,,0,0,0
1767,ORD00001767,CUST00001901,2024-12-15 06:14:41,Completed,Online,,187.92,0.0,2.08,15.03,205.03,PayPal,Express,,,,,,,0,0,0
1768,ORD00001768,CUST00007057,2024-11-28 14:10:41,Completed,ONLINE,,31.96,4.79,12.06,2.17,41.400000000000006,Debit Card,Express,,,,,,BOOKFLUENCER15,15,0,0
1769,ORD00001769,CUST00047274,2021-07-14 07:36:51,Completed,Online,,88.21,0.0,2.23,7.06,97.5,Debit Card,STANDARD,,,,,,,0,0,0
1770,ORD00001770,CUST00049760,2022-01-30 14:33:05,Completed,Online,,88.26,13.24,14.08,6.0,95.10000000000001,Debit Card,Express,,,,,,PARTNER15,15,0,0
1771,ORD00001771,CUST00006369,2023-10-26 15:51:55,Completed  ,Online  ,,183.61,0.0,3.33,14.69,201.63000000000002,Debit Card,Express,,,,,,,0,0,0
1772,ORD00001772,CUST00035646,2022-12-15 09:45:33,Completed,Online,,39.33,0.0,13.55,3.15,56.029999999999994,PayPal,Standard,,,,,,,0,0,0
1773,ORD00001773,CUST00013506,2024-10-15 16:19:48,Completed,Online,,169.69,0.0,13.49,13.58,196.76000000000002,Debit Card,  Standard,,,,,,,0,0,0
1774,ORD00001774,CUST00024498,2024-05-04 20:32:28,Completed,Online,,58.74,0.0,14.92,4.7,78.36,Debit Card,Standard,,,,,,,0,0,0
1775,ORD00001775,CUST00019523,2024-09-05 20:08:56,Completed,Online,,107.93,0.0,0.71,8.63,117.27,Credit Card,STANDARD,,,,,,,0,0,0
1776,ORD00001776,CUST00034536,2023-08-31 06:24:41,Completed,Online,,132.09,0.0,13.26,10.57,155.92,  PayPal,Express,,,,,,,0,0,0
1777,ORD00001777,CUST00037442,2024-06-23 17:03:59,COMPLETED  ,Online,,123.47,0.0,7.29,9.88,140.64,PayPal,Standard,,,,,,,0,0,0
1778,ORD00001778,CUST00019943,2023-06-02 03:06:40,Completed,online,,160.74,0.0,12.69,12.86,186.29000000000002,PayPal,Express,,,,,,,0,0,0
1779,ORD00001779,CUST00016363,2024-03-11 20:41:44,Completed,Online  ,,66.63,0.0,4.96,5.33,76.91999999999999,Credit Card,Express,,,,,,,0,0,0
1780,ORD00001780,CUST00040278,2023-11-13 16:11:49,Completed,Online,,22.01,0.0,0.06,1.76,23.830000000000002,PayPal,Standard,,,,,,,0,0,0
1781,ORD00001781,CUST00032445,2024-05-05 14:53:23,Completed,Online,,177.69,0.0,0.84,14.22,192.75,PayPal,Standard,,,,,,,0,0,0
1782,ORD00001782,CUST00034367,2023-02-10 11:01:15,Completed,Online,,88.95,0.0,12.79,7.12,108.86000000000001,  Debit Card,Standard,,,,,,,0,0,0
1783,ORD00001783,CUST00024272,2024-12-05 17:55:58,  Completed,Online,,159.59,0.0,6.22,12.77,178.58,PayPal,Express  ,,,,,,,0,0,0
1784,ORD00001784,CUST00031141,2024-08-29 14:21:01,Completed,Online,,51.87,0.0,11.22,4.15,67.24,  CREDIT CARD,Standard,,,,,,,0,0,0
1785,ORD00001785,CUST00017888,2023-09-29 08:55:17,Completed,Online,,48.84,0.0,6.65,3.91,59.400000000000006,Credit Card,Standard,,,,,,,0,0,1
1786,ORD00001786,CUST00048306,2023-01-08 10:55:19,Completed,Online,,157.98,0.0,9.55,12.64,180.17000000000002,Debit Card,Express,,,,,,,0,0,0
1787,ORD00001787,CUST00001040,2024-08-26 19:05:37,Completed,Online,,79.22,0.0,6.06,6.34,91.62,PayPal  ,Express,,,,,,,0,0,0
1788,ORD00001788,CUST00049802,2022-06-10 10:22:42,Completed,Online,,90.97,0.0,4.19,7.28,102.44,Debit Card,Express,,,,,,,0,0,0
1789,ORD00001789,CUST00043838,2024-01-30 19:25:22,Completed,Online,,138.32,0.0,2.87,11.07,152.26,Credit Card,Standard,,,,,,,0,0,0
1790,ORD00001790,CUST00008595,2023-11-18 23:42:52,Completed,Online,,24.23,0.0,10.87,1.94,37.04,credit card,Standard,,,,,,,0,0,0
1791,ORD00001791,CUST00019621,2022-04-05 06:00:41,Completed,Online,,33.24,0.0,2.05,2.66,37.95,Credit Card,STANDARD,,,,,,,0,0,0
1792,ORD00001792,CUST00020800,2024-11-01 14:37:17,Completed,Online,,31.76,0.0,11.99,2.54,46.29,credit card,Standard,,,,,,,0,0,0
1793,ORD00001793,CUST00003514,2023-03-17 02:56:21,Completed,Online,,71.5,0.0,13.81,5.72,91.03,PayPal,Express,,,,,,,0,0,0
1794,ORD00001794,CUST00022206,2024-09-16 02:27:41,Completed,Online,,120.85,0.0,14.02,9.67,144.54,Debit Card,Standard,,,,,,,0,0,0
1795,ORD00001795,CUST00026403,2023-01-02 19:27:38,Completed,Online,,88.12,0.0,4.22,7.05,99.39,Debit Card,Express,,,,,,,0,0,0
1796,ORD00001796,CUST00000141,2024-10-30 06:37:20,Completed,Online,,28.93,0.0,10.78,2.31,42.02,PayPal,Express,,,,,,,0,0,0
1797,ORD00001797,CUST00009947,2023-02-13 10:28:36,Completed,Online,,196.96,19.7,8.25,14.18,199.69000000000003,Debit Card,Express,,,,,,NEWYEAR10,10,0,0
1798,ORD00001798,CUST00007359,2024-02-05 23:16:03,Completed,Online,,169.37,0.0,9.1,13.55,192.02,Credit Card,Express,,,,,,,0,0,0
1799,ORD00001799,CUST00017880,2024-05-28 14:35:45,Completed,online,,58.25,0.0,1.87,4.66,64.78,Debit Card,Express,,,,,,,0,0,0
1800,ORD00001800,CUST00014404,2022-01-07 13:06:58,Completed,Online,,161.47,0.0,6.77,12.92,181.16,Debit Card,Express,,,,,,,0,0,0
1801,ORD00001801,CUST00012098,2024-07-23 19:31:41,COMPLETED,ONLINE  ,,77.98,7.8,10.7,5.61,86.49000000000001,PayPal,Standard,,,,,,SAVE10,10,0,0
1802,ORD00001802,CUST00012742,2024-01-14 21:27:26,Completed,Online,,195.06,0.0,0.0,15.6,210.66,DEBIT CARD,Express,,,,,,PARTNERSHIP,0,0,0
1803,ORD00001803,CUST00042494,2024-03-07 08:43:59,Completed,Online,,74.33,0.0,0.82,5.95,81.1,PayPal,Express,,,,,,,0,0,0
1804,ORD00001804,CUST00024798,2024-09-17 04:50:34,Completed,Online  ,,105.07,0.0,2.91,8.41,116.38999999999999,PayPal,Express,,,,,,,0,0,0
1805,ORD00001805,CUST00030539,2024-04-01 00:21:21,Completed,Online,,34.12,0.0,11.75,2.73,48.599999999999994,Debit Card,Standard,,,,,,,0,0,0
1806,ORD00001806,CUST00049866,2022-01-09 07:48:00,Completed,Online,,86.6,0.0,12.65,6.93,106.18,Debit Card,Express,,,,,,,0,0,0
1807,ORD00001807,CUST00006641,2022-10-18 02:06:01,Completed,Online,,197.19,0.0,0.0,15.78,212.97,Credit Card,Standard,,,,,,PARTNERSHIP,0,0,0
1808,ORD00001808,CUST00031110,2024-12-25 06:35:18,Completed,online,,41.69,0.0,13.07,3.34,58.099999999999994,DEBIT CARD,Standard,,,,,,,0,0,0
1809,ORD00001809,CUST00003006,2024-11-18 20:59:27,Completed,  Online,,170.72,0.0,14.23,13.66,198.60999999999999,PayPal,Standard,,,,,,,0,0,0
1810,ORD00001810,CUST00036817,2024-04-09 12:18:37,Completed,ONLINE,,135.41,0.0,14.41,10.83,160.65,PayPal,  Express,,,,,,,0,0,0
1811,ORD00001811,CUST00010359,2024-08-05 03:37:21,Completed,Online,,108.39,0.0,14.16,8.67,131.22,Credit Card,  Express,,,,,,,0,0,0
1812,ORD00001812,CUST00019857,2023-09-15 11:50:53,COMPLETED,Online,,29.85,0.0,5.88,2.39,38.120000000000005,Debit Card,Standard,,,,,,,0,0,0
1813,ORD00001813,CUST00036793,2022-11-17 11:17:40,Completed,Online,,59.58,0.0,0.0,4.77,64.35,Credit Card,Standard,,,,,,PARTNERSHIP,0,0,0
1814,ORD00001814,CUST00000298,2022-06-03 23:36:09,Completed,Online,,97.46,0.0,4.97,7.8,110.22999999999999,PayPal,Express,,,,,,,0,0,0
1815,ORD00001815,CUST00015648,2024-05-08 09:38:45,Completed,Online,,73.84,0.0,3.2,5.91,82.95,CREDIT CARD,  Express,,,,,,,0,0,0
1816,ORD00001816,CUST00030767,2023-03-15 13:22:28,Completed,Online,,28.87,0.0,9.72,2.31,40.900000000000006,CREDIT CARD,Standard,,,,,,,0,0,0
1817,ORD00001817,CUST00038319,2024-08-16 20:45:18,Completed,Online,,61.85,0.0,12.66,4.95,79.46000000000001,Credit Card,Standard,,,,,,,0,0,0
1818,ORD00001818,CUST00048796,2022-12-15 21:35:50,Completed,Online,,182.96,0.0,1.11,14.64,198.71000000000004,PayPal,Standard,,,,,,,0,0,0
1819,ORD00001819,CUST00030172,2023-07-08 08:57:39,completed,Online  ,,130.97,0.0,4.69,10.48,146.14,Paypal,Standard,,,,,,,0,0,0
1820,ORD00001820,CUST00009585,2024-07-22 08:13:37,Completed,  Online,,114.15,11.42,6.29,8.22,117.24000000000001,Debit Card,Standard,,,,,,SAVE10,10,0,0
1821,ORD00001821,CUST00021880,2023-09-11 18:02:38,Completed,online,,96.32,0.0,9.36,7.71,113.38999999999999,  PayPal,express,,,,,,,0,0,0
1822,ORD00001822,CUST00026304,2024-01-23 17:12:41,completed,Online,,80.65,0.0,6.72,6.45,93.82000000000001,PayPal  ,Express,,,,,,,0,0,0
1823,ORD00001823,CUST00020084,2024-10-03 19:24:47,Completed,Online,,28.69,0.0,12.61,2.3,43.599999999999994,PayPal,Express,,,,,,,0,0,1
1824,ORD00001824,CUST00047737,2024-07-27 18:11:06,Completed,Online,,83.95,0.0,9.65,6.72,100.32000000000001,Credit Card,Standard,,,,,,,0,0,1
1825,ORD00001825,CUST00042821,2024-12-24 04:45:09,Completed  ,Online,,119.41,0.0,1.61,9.55,130.57,PayPal,Express,,,,,,,0,0,0
1826,ORD00001826,CUST00011246,2023-12-29 10:29:08,Completed,Online,,127.32,0.0,11.39,10.19,148.89999999999998,Credit Card,Express,,,,,,,0,0,0
1827,ORD00001827,CUST00008545,2025-01-07 15:20:11,Completed,Online,,63.04,0.0,11.94,5.04,80.02000000000001,PayPal  ,Express,,,,,,,0,0,0
1828,ORD00001828,CUST00038179,2024-08-05 04:27:55,COMPLETED,Online,,91.68,0.0,8.92,7.33,107.93,Debit Card,Standard,,,,,,,0,0,0
1829,ORD00001829,CUST00047737,2024-03-14 02:54:46,  Completed,online,,62.57,0.0,0.0,5.01,67.58,Credit Card,Express,,,,,,  HOLIDAYSHIP,0,0,0
1830,ORD00001830,CUST00046368,2024-06-10 08:37:50,Completed,Online,,142.64,0.0,5.0,11.41,159.04999999999998,PayPal,Express,,,,,,PARTNER20,0,0,0
1831,ORD00001831,CUST00026808,2022-09-23 19:09:22,Completed,Online,,194.63,0.0,0.0,15.57,210.2,Credit Card,Standard,,,,,,BOOKFLUENCERSHIP,0,0,0
1832,ORD00001832,CUST00011092,2021-11-02 11:44:45,Completed  ,Online,,28.47,0.0,13.1,2.28,43.85,Credit Card,  EXPRESS,,,,,,,0,0,0
1833,ORD00001833,CUST00028214,2024-06-22 19:26:31,Completed,Online,,114.76,0.0,10.08,9.18,134.02,Debit Card,Express,,,,,,,0,0,0
1834,ORD00001834,CUST00014119,2024-02-10 08:10:55,Completed,Online,,188.13,0.0,6.49,15.05,209.67000000000002,Credit Card,Express,,,,,,,0,0,0
1835,ORD00001835,CUST00024462,2024-02-23 15:00:44,Completed,Online,,155.33,0.0,13.68,12.43,181.44000000000003,Debit Card,Standard,,,,,,,0,0,0
1836,ORD00001836,CUST00012621,2024-12-29 07:27:50,Completed,Online,,40.77,6.12,10.87,2.77,48.290000000000006,  Credit Card,Standard,,,,,,Partner15,15,0,0
1837,ORD00001837,CUST00032855,2024-02-01 12:32:42,Completed,Online  ,,138.57,0.0,10.37,11.09,160.03,PAYPAL,Express  ,,,,,,,0,0,0
1838,ORD00001838,CUST00049957,2022-12-25 08:19:24,Completed,Online,,139.97,0.0,12.52,11.2,163.69,PayPal,Express,,,,,,,0,0,0
1839,ORD00001839,CUST00039211,2022-10-08 15:07:46,Completed,Online,,158.99,0.0,0.0,12.72,171.71,CREDIT CARD,Express,,,,,,BOOKFLUENCERSHIP,0,0,1
1840,ORD00001840,CUST00040369,2023-10-31 12:03:17,Completed,online,,73.63,0.0,11.1,5.89,90.61999999999999,Debit Card  ,  Standard,,,,,,,0,0,0
1841,ORD00001841,CUST00017363,2024-09-09 07:38:09,Completed,Online,,113.65,17.05,5.03,7.73,109.36000000000001,Credit Card,Express,,,,,,PARTNER15,15,0,0
1842,ORD00001842,CUST00019538,2023-10-21 14:33:13,Completed,Online,,190.42,0.0,13.56,15.23,219.20999999999998,PayPal,Express,,,,,,,0,0,0
1843,ORD00001843,CUST00004951,2024-10-07 06:51:42,Completed,Online,,33.82,0.0,2.83,2.71,39.36,Debit Card,Standard,,,,,,,0,0,0
1844,ORD00001844,CUST00029606,2022-12-11 12:12:11,Completed,Online,,180.0,0.0,5.44,14.4,199.84,Credit Card,Express,,,,,,,0,0,0
1845,ORD00001845,CUST00011841,2022-12-23 20:30:33,Completed,Online,,129.35,0.0,10.15,10.35,149.85,Credit Card  ,Express,,,,,,,0,0,0
1846,ORD00001846,CUST00006435,2024-10-20 18:36:49,Completed,Online,,140.35,21.05,10.06,9.54,138.89999999999998,Credit Card,Express,,,,,,BOOKFLUENCER15,15,0,0
1847,ORD00001847,CUST00003103,2024-01-16 07:33:50,Completed,Online,,157.67,0.0,5.41,12.61,175.69,Debit Card,Standard,,,,,,,0,0,0
1848,ORD00001848,CUST00006617,2024-12-04 06:58:01,Completed,Online,,53.19,0.0,14.76,4.26,72.21000000000001,PayPal,Standard,,,,,,,0,0,0
1849,ORD00001849,CUST00018440,2023-03-26 04:01:32,Completed,Online,,109.03,0.0,0.0,8.72,117.75,Credit Card,Standard,,,,,,SPRINGSHIP,0,0,0
1850,ORD00001850,CUST00036398,2021-05-25 17:32:02,Completed,Online,,83.13,12.47,10.79,5.65,87.1,Credit Card,Standard,,,,,,PARTNER15,15,0,0
1851,ORD00001851,CUST00021360,2023-11-21 22:30:35,Completed,Online,,152.15,0.0,7.54,12.17,171.85999999999999,Debit Card,STANDARD,,,,,,,0,0,0
1852,ORD00001852,CUST00022897,2022-07-20 05:40:22,Completed,Online,,39.89,0.0,7.17,3.19,50.25,Credit Card,Standard,,,,,,,0,0,0
1853,ORD00001853,CUST00009245,2023-07-22 04:32:39,Completed,Online,,117.93,11.79,6.13,8.49,120.76,Debit Card,Express,,,,,,SAVE10  ,10,0,0
1854,ORD00001854,CUST00030049,2024-05-30 01:08:55,Completed,Online  ,,34.17,0.0,12.24,2.73,49.14,PayPal,Standard,,,,,,PARTNER20,0,0,0
1855,ORD00001855,CUST00019808,2023-05-17 16:40:28,Completed,Online,,74.3,0.0,14.19,5.94,94.42999999999999,Credit Card,Express,,,,,,,0,0,0
1856,ORD00001856,CUST00038810,2022-05-23 22:26:07,COMPLETED,Online,,118.95,0.0,9.49,9.52,137.96,PayPal,Express,,,,,,,0,0,0
1857,ORD00001857,CUST00048637,2024-12-25 08:41:34,Completed,Online,,32.68,0.0,11.54,2.61,46.83,Debit Card,Express,,,,,,,0,0,0
1858,ORD00001858,CUST00037814,2024-08-21 15:25:46,Completed,Online,,35.99,0.0,14.73,2.88,53.6,Credit Card,Express,,,,,,,0,0,0
1859,ORD00001859,CUST00048679,2024-09-05 19:00:35,Completed,Online,,40.53,0.0,14.87,3.24,58.64,Credit Card,Express,,,,,,,0,0,0
1860,ORD00001860,CUST00031265,2023-09-07 00:29:39,Completed,Online,,58.23,0.0,14.84,4.66,77.72999999999999,  Credit Card,Express,,,,,,,0,0,0
1861,ORD00001861,CUST00038408,2024-09-17 02:54:01,Completed,Online,,178.69,0.0,3.4,14.3,196.39000000000001,PayPal,Standard,,,,,,,0,0,0
