spend_key,campaign_id,channel_id,spend_date,amount_spent,spend_category,notes
1,CAMP00000001,CH00000009,2022-12-22,356.69,Agency,
2,CAMP00000001,CH00000005,2022-12-22,317.94,Media,
3,CAMP00000001,CH00000002,2022-12-23,210.31,Platform,
4,CAMP00000001,CH00000001,2022-12-24,240.25,Agency,
5,CAMP00000001,CH00000015,2022-12-24,300.32,Creative,
6,CAMP00000001,CH00000010,2022-12-24,231.44,Platform,
7,CAMP00000001,CH00000015,2022-12-25,355.3,Media,
8,CAMP00000001,CH  00000011,2022-12-25,333.87,Creative,
9,CAMP00000001,CH00000012,2022-12-25,225.69,Agency,
10,CAMP00000001,CH00000004,2022-12-26,215.13,Media,
11,CAMP00000001,CH00000001,2022-12-26,320.01,Agency,
12,CAMP00000001,CH00000015,2022-12-27,214.18,Agency,
13,CAMP00000001,CH00000006,2022-12-27,208.04,Platform,
14,CAMP00000001,CH00000007,2022-12-28,268.4,Platform,
15,CAMP00000001,CH00000003,2022-12-28,314.03,Platform,
16,CAMP00000001,CH00000013,2022-12-29,326.37,Media,
17,CAMP00000001,CH00000004,2022-12-29,214.94,Platform,
18,CAMP00000001,CH00000004,2022-12-30,256.86,Agency,
19,CAMP00000001,CH00000013,2022-12-31,320.64,Creative,
20,CAMP00000001,ch00000006,2023-01-01,313.53,Media,
21,CAMP00000001,CH00000005,2023-01-02,193.23,Creative,
22,CAMP00000001,CH00000003,2023-01-02,296.14,Creative,
23,CAMP00000001,CH00000014,2023-01-03,301.46,Creative,
24,CAMP00000001,ch00000005,2023-01-04,249.34,Media,
25,CAMP00000001,CH00000013,2023-01-04,228.85,Media,
26,CAMP00000001,CH00000002,2023-01-04,195.84,Creative,
27,CAMP00000001,CH00000014,2023-01-05,282.87,Creative,
28,CAMP00000001,CH00000013,2023-01-05,233.85,Creative,
29,CAMP00000001,CH00000001,2023-01-05,214.2,Creative,
30,CAMP00000001,CH00000015,2023-01-06,258.11,Platform,
31,CAMP00000001,CH00000001,2023-01-07,330.01,Media,
32,CAMP00000001,CH00000014,2023-01-07,216.34,Platform,
33,CAMP00000001,CH00000004,2023-01-07,356.75,Platform,
34,CAMP00000001,CH00000008,2023-01-08,275.49,Creative,
35,CAMP00000001,CH00000009,2023-01-08,290.54,Creative,
36,CAMP00000001,CH00000015,2023-01-08,213.41,Media,
37,CAMP00000001,CH00000007,2023-01-09,250.27,Creative,
38,CAMP00000001,CH00000008,2023-01-10,241.72,Agency,
39,CAMP  00000001,CH00000001,2023-01-11,283.13,Agency,
40,CAMP00000001,CH00000006,2023-01-11,264.01,Creative,
41,CAMP00000001,CH00000010,2023-01-11,342.23,Creative,
42,CAMP00000001,CH00000005,2023-01-12,337.81,Media,
43,CAMP00000001,CH00000003,2023-01-12,299.23,Media,
44,CAMP00000001,CH  00000002,2023-01-12,196.14,Platform,
45,CAMP00000001,CH00000003,2023-01-13,354.55,Media,
46,CAMP  00000001,CH00000013,2023-01-13,215.03,Agency,
47,CAMP00000001,CH00000012,2023-01-13,243.32,Media,
48,CAMP00000001,CH00000008,2023-01-14,332.04,Media,
49,CAMP00000001,CH00000009,2023-01-15,265.98,Agency,
50,CAMP00000001,CH00000005,2023-01-16,202.48,Agency,
51,CAMP00000001,CH00000013,2023-01-16,282.25,Agency,
52,CAMP00000001,CH00000009,2023-01-17,289.45,Agency,
53,CAMP00000001,CH00000011,2023-01-17,293.63,Agency,
54,CAMP00000001,CH00000011,2023-01-18,271.5,Agency,
55,CAMP00000001,CH00000014,2023-01-18,304.65,Agency,
56,CAMP00000001,CH00000002,2023-01-18,233.08,Creative,
57,CAMP00000001,CH00000014,2023-01-19,236.77,Creative,
58,CAMP00000001,CH00000014,2023-01-20,282.24,,
59,CAMP00000001,CH00000009,2023-01-21,256.15,Creative,
60,camp00000001,CH00000011,2023-01-21,268.22,Agency,
61,CAMP00000001,CH00000012,2023-01-22,279.71,Media,
62,CAMP00000001,CH00000005,2023-01-22,297.75,Creative,
63,CAMP00000001,CH00000011,2023-01-23,354.09,Platform,
64,CAMP00000001,CH00000011,2023-01-24,222.46,Platform,
65,CAMP00000001,CH00000009,2023-01-24,344.27,Creative,
66,CAMP00000001,CH00000004,2023-01-24,246.78,Platform,
67,CAMP  00000001,CH00000002,2023-01-25,204.94,Agency,
68,CAMP00000001,CH00000015,2023-01-25,278.1,Media,
69,CAMP00000001,CH00000003,2023-01-25,260.06,Platform,
70,CAMP00000001,CH00000002,2023-01-26,309.06,Creative,
71,CAMP00000001,CH00000011,2023-01-27,236.7,Media,
72,CAMP00000001,CH00000009,2023-01-27,276.81,Media,
73,CAMP00000001,CH00000004,2023-01-28,309.92,Creative,
74,CAMP00000001,CH00000004,2023-01-28,230.58,Creative,
75,CAMP00000001,CH00000002,2023-01-29,197.17,Platform,
76,CAMP00000001,CH00000001,2023-01-30,242.35,Creative,
77,CAMP00000001,CH00000013,2023-01-30,196.21,Agency,
78,CAMP00000001,CH00000010,2023-01-30,209.14,Media,
79,CAMP00000001,CH00000008,2023-01-31,241.59,Platform,
80,CAMP00000001,CH00000004,2023-02-01,306.47,Creative,
81,CAMP00000001,CH00000012,2023-02-02,206.39,Media,
82,CAMP00000001,CH00000013,2023-02-03,311.11,Media,
83,CAMP00000001,CH00000012,2023-02-04,221.06,Platform,
84,CAMP00000001,CH00000001,2023-02-04,204.05,Platform,
85,CAMP00000001,CH00000015,2023-02-05,315.94,Platform,
86,CAMP00000001,CH00000013,2023-02-06,248.08,Platform,
87,CAMP00000001,CH00000011,2023-02-06,276.86,Platform,
88,CAMP00000001,CH00000009,2023-02-07,291.47,Platform,
89,CAMP00000001,CH00000014,2023-02-07,331.05,Media,
90,CAMP00000001,CH  00000008,2023-02-07,330.83,,
91,CAMP00000001,CH  00000009,2023-02-08,322.88,Creative,
92,CAMP00000001,CH00000003,2023-02-08,317.5,Agency,
93,CAMP00000001,CH00000005,2023-02-08,341.23,Platform,
94,CAMP00000001,CH00000008,2023-02-09,300.43,Media,
95,CAMP00000001,CH00000001,2023-02-09,250.73,Platform,
96,CAMP00000001,CH  00000008,2023-02-09,232.35,Creative,
97,CAMP00000001,CH00000003,2023-02-10,274.19,Creative,
98,CAMP00000001,CH00000003,2023-02-10,266.15,Agency,
99,CAMP00000001,CH00000013,2023-02-10,286.21,Platform,
100,CAMP  00000001,CH00000008,2023-02-11,219.26,Agency,
101,CAMP00000001,CH00000005,2023-02-11,312.34,Creative,
102,CAMP00000001,CH00000008,2023-02-12,220.74,Platform,
103,CAMP00000001,CH00000008,2023-02-13,322.98,Creative,
104,CAMP00000001,CH00000005,2023-02-13,283.9,Agency,
105,CAMP00000001,CH00000011,2023-02-13,239.06,Agency,
106,CAMP00000001,CH00000009,2023-02-14,249.8,Creative,
107,CAMP00000001,CH00000008,2023-02-14,320.58,Creative,
108,CAMP00000001,CH00000009,2023-02-15,197.69,Agency,
109,CAMP00000001,CH00000007,2023-02-15,217.9,Creative,
110,CAMP00000001,CH00000008,2023-02-16,272.46,Agency,
111,CAMP00000001,CH00000002,2023-02-16,239.64,Agency,
112,CAMP00000001,CH00000013,2023-02-17,329.64,Agency,
113,CAMP00000001,CH00000008,2023-02-18,333.96,Platform,
114,CAMP00000001,CH00000012,2023-02-18,315.97,Agency,
115,CAMP00000002,CH00000008,2022-09-30,237.45,Platform,
116,CAMP00000002,CH00000006,2022-10-01,198.35,Platform,
117,CAMP00000002,CH00000010,2022-10-01,213.3,Creative,
118,CAMP00000002,CH00000009,2022-10-02,137.26,Platform,
119,CAMP00000002,CH00000003,2022-10-02,243.27,Media,
120,CAMP00000002,CH00000001,2022-10-03,140.99,Media,
121,CAMP00000002,CH00000013,2022-10-04,232.6,Media,
122,CAMP00000002,CH00000008,2022-10-04,202.31,Media,
123,CAMP00000002,CH00000003,2022-10-04,183.73,Platform,
124,CAMP00000002,CH00000001,2022-10-05,196.18,Agency,
125,CAMP00000002,CH00000015,2022-10-05,159.73,Agency,
126,CAMP00000002,CH00000007,2022-10-05,143.05,Agency,
127,CAMP00000002,CH00000010,2022-10-06,147.24,Agency,
128,CAMP00000002,CH00000007,2022-10-06,224.06,Agency,
129,CAMP00000002,CH00000002,2022-10-06,179.35,Creative,
130,CAMP00000002,CH00000004,2022-10-07,211.27,Platform,
131,CAMP00000002,CH00000012,2022-10-08,229.33,Media,
132,camp00000002,CH00000011,2022-10-08,177.03,Media,
133,CAMP00000002,CH00000015,2022-10-09,224.63,Media,
134,CAMP00000002,CH00000011,2022-10-09,241.85,Creative,
135,CAMP00000002,CH00000001,2022-10-10,235.15,Creative,
136,CAMP00000002,CH00000007,2022-10-10,191.05,Creative,
137,CAMP00000002,CH  00000015,2022-10-10,177.12,Agency,
138,CAMP00000002,CH00000001,2022-10-11,151.41,Agency,
139,CAMP00000002,CH00000004,2022-10-12,155.48,Media,
140,CAMP00000002,CH00000001,2022-10-13,237.79,Creative,
141,CAMP00000002,CH00000014,2022-10-13,182.5,Creative,
142,CAMP00000002,CH00000002,2022-10-13,214.55,Media,
143,CAMP00000002,CH00000002,2022-10-14,142.24,Platform,
144,CAMP00000002,CH  00000014,2022-10-14,217.23,Creative,
145,CAMP00000002,CH00000011,2022-10-15,196.84,Agency,
146,CAMP00000002,CH00000013,2022-10-15,217.87,Media,
147,CAMP00000002,CH00000008,2022-10-16,144.81,Agency,
148,CAMP00000002,CH00000007,2022-10-16,164.91,Creative,
149,CAMP00000002,CH00000009,2022-10-16,229.9,Media,
150,CAMP00000002,CH00000014,2022-10-17,222.17,Creative,
151,CAMP00000002,CH00000010,2022-10-17,207.62,Media,
152,CAMP00000002,CH00000015,2022-10-17,155.89,Media,
153,CAMP00000002,CH00000011,2022-10-18,177.56,Creative,
154,CAMP00000002,CH00000012,2022-10-18,243.12,Agency,
155,CAMP00000002,CH00000004,2022-10-19,174.27,Platform,
156,CAMP00000002,CH00000008,2022-10-19,247.57,Media,
157,CAMP00000002,CH00000015,2022-10-19,209.74,Agency,
158,CAMP00000002,CH00000013,2022-10-20,161.07,Creative,
159,CAMP00000002,CH  00000010,2022-10-20,205.98,Agency,
160,CAMP00000002,CH00000010,2022-10-21,239.86,Agency,
161,CAMP00000002,CH00000002,2022-10-21,202.65,Platform,
162,CAMP00000002,CH  00000013,2022-10-22,246.66,Creative,
163,CAMP00000002,CH00000013,2022-10-23,185.62,Agency,
164,CAMP00000002,CH00000012,2022-10-23,150.33,Agency,
165,CAMP00000002,CH00000006,2022-10-23,180.6,Creative,
166,CAMP00000002,CH00000004,2022-10-24,161.27,Platform,
167,CAMP00000002,CH00000011,2022-10-25,134.1,Creative,
168,CAMP00000002,CH00000009,2022-10-26,194.51,Creative,
169,CAMP00000002,CH00000009,2022-10-26,187.41,Media,
170,CAMP00000002,CH00000007,2022-10-26,163.04,Agency,
171,CAMP00000002,CH00000008,2022-10-27,134.11,Creative,
172,CAMP00000002,CH00000005,2022-10-27,200.49,Creative,
173,CAMP00000002,CH00000004,2022-10-28,187.53,Creative,
174,CAMP00000002,CH00000013,2022-10-28,224.45,Platform,
175,CAMP00000002,CH00000008,2022-10-28,201.51,Platform,
176,CAMP00000002,CH00000007,2022-10-29,156.15,Agency,
177,CAMP00000002,CH00000006,2022-10-30,136.82,Media,
178,CAMP00000002,CH00000008,2022-10-31,216.12,Agency,
179,CAMP00000002,CH00000001,2022-10-31,170.86,Media,
180,CAMP00000002,CH00000015,2022-11-01,157.74,,
181,CAMP00000002,CH00000011,2022-11-01,158.88,Agency,
182,CAMP00000002,CH00000008,2022-11-01,134.06,Platform,
183,CAMP00000002,CH00000009,2022-11-02,160.73,Platform,
184,CAMP00000002,CH00000002,2022-11-03,163.76,Platform,
185,CAMP00000002,CH00000003,2022-11-03,233.34,Media,
186,CAMP00000002,CH00000013,2022-11-04,137.04,Agency,
187,CAMP00000002,CH00000009,2022-11-04,212.2,Media,
188,CAMP  00000002,CH00000011,2022-11-04,163.55,Platform,
189,CAMP00000002,CH00000009,2022-11-05,161.87,Media,
190,CAMP00000002,CH00000011,2022-11-05,224.29,Agency,
191,CAMP00000002,CH00000001,2022-11-06,230.67,Media,
192,CAMP00000002,CH00000015,2022-11-07,240.08,Media,
193,CAMP00000002,ch00000015,2022-11-07,177.2,Platform,
194,CAMP00000002,CH00000006,2022-11-07,193.67,Creative,
195,CAMP00000002,CH00000001,2022-11-08,203.96,Creative,
196,CAMP00000002,CH00000012,2022-11-08,197.94,Creative,
197,CAMP00000002,CH00000005,2022-11-08,207.7,Creative,
198,CAMP00000002,CH00000015,2022-11-09,232.97,Agency,
199,CAMP  00000002,CH00000002,2022-11-10,153.44,Platform,
200,CAMP00000002,CH00000012,2022-11-10,153.71,Creative,
201,CAMP00000002,ch00000009,2022-11-10,201.27,Platform,
202,CAMP00000002,CH00000004,2022-11-11,198.78,Creative,
203,CAMP00000002,CH00000012,2022-11-12,191.45,Agency,
204,CAMP00000002,CH00000007,2022-11-12,193.63,Media,
205,camp00000002,CH00000014,2022-11-13,151.69,Creative,
206,CAMP00000002,CH00000011,2022-11-13,243.03,Platform,
207,CAMP00000002,CH00000006,2022-11-14,247.08,Creative,
208,CAMP00000002,CH00000008,2022-11-14,206.39,Agency,
209,CAMP00000002,CH00000005,2022-11-15,197.2,Media,
210,CAMP00000002,CH00000012,2022-11-15,202.27,,
211,CAMP00000002,CH00000001,2022-11-15,210.39,Creative,
212,CAMP00000002,CH00000004,2022-11-16,217.18,Media,
213,CAMP00000002,CH00000010,2022-11-16,161.75,Media,
214,CAMP00000002,CH00000002,2022-11-17,148.26,Agency,
215,CAMP00000002,CH00000002,2022-11-17,149.3,Creative,
216,CAMP00000002,CH00000010,2022-11-17,187.39,Creative,
217,CAMP00000002,CH00000014,2022-11-18,173.82,Media,
218,CAMP00000002,CH00000002,2022-11-19,240.23,Creative,
219,CAMP00000002,CH  00000011,2022-11-19,161.93,Media,
220,CAMP00000002,CH00000006,2022-11-20,234.58,Media,
221,CAMP00000002,CH00000004,2022-11-20,174.05,Platform,
222,CAMP00000002,CH00000009,2022-11-20,150.9,Platform,
223,CAMP00000002,CH  00000015,2022-11-21,154.59,Agency,
224,CAMP00000002,CH00000006,2022-11-21,208.9,Media,
225,CAMP00000002,CH00000001,2022-11-22,178.82,Media,
226,CAMP00000002,CH00000003,2022-11-23,168.05,Agency,
227,CAMP00000002,CH00000012,2022-11-24,223.57,Agency,
228,CAMP00000002,CH00000001,2022-11-25,231.91,Media,
229,CAMP00000002,CH00000013,2022-11-25,226.32,Agency,
230,CAMP00000002,ch00000011,2022-11-25,191.32,Creative,
231,CAMP00000002,CH00000004,2022-11-26,163.01,Platform,
232,CAMP00000002,CH00000011,2022-11-26,194.68,Media,
233,CAMP00000002,CH00000011,2022-11-27,158.27,Platform,
234,CAMP00000002,CH00000007,2022-11-27,185.46,Platform,
235,CAMP00000002,CH00000004,2022-11-27,171.32,Agency,
236,CAMP00000002,CH00000013,2022-11-28,221.98,Creative,
237,CAMP00000002,CH00000002,2022-11-28,144.91,Media,
238,CAMP00000002,CH00000003,2022-11-29,158.41,Media,
239,CAMP00000002,CH00000007,2022-11-29,144.35,Creative,
240,CAMP00000002,CH00000001,2022-11-30,246.41,Media,
241,CAMP00000002,CH00000005,2022-11-30,208.98,Creative,
242,CAMP00000002,CH00000015,2022-11-30,243.64,Agency,
243,CAMP00000002,CH00000003,2022-12-01,187.13,Agency,
244,CAMP00000002,CH00000013,2022-12-02,207.85,Media,
245,CAMP  00000002,CH00000011,2022-12-02,164.43,Agency,
246,CAMP00000002,CH00000010,2022-12-02,183.02,Agency,
247,camp00000002,CH00000002,2022-12-03,198.28,Platform,
248,CAMP00000002,CH00000015,2022-12-03,242.6,Platform,
249,CAMP00000002,CH00000003,2022-12-04,184.05,Media,
250,CAMP00000002,CH00000014,2022-12-05,179.16,Platform,
251,CAMP00000002,CH00000007,2022-12-05,230.6,Platform,
252,CAMP00000002,CH00000009,2022-12-05,245.82,Media,
253,CAMP00000002,CH00000001,2022-12-06,198.79,Platform,
254,CAMP00000002,CH00000011,2022-12-06,230.6,Agency,
255,CAMP00000002,CH00000007,2022-12-06,217.09,Media,
256,CAMP00000002,CH00000010,2022-12-07,231.27,Platform,
257,camp  00000002,CH00000004,2022-12-07,238.6,Platform,
258,CAMP00000002,CH00000014,2022-12-07,223.87,Platform,
259,CAMP00000002,CH00000012,2022-12-08,187.81,Media,
260,CAMP  00000002,CH00000005,2022-12-08,206.86,Media,
261,CAMP00000002,CH00000010,2022-12-09,148.47,Media,
262,CAMP00000002,CH00000004,2022-12-09,188.1,Platform,
263,camp00000002,CH00000008,2022-12-10,161.32,Platform,
264,CAMP00000002,CH00000012,2022-12-10,243.11,Platform,
265,CAMP00000002,CH00000014,2022-12-11,172.48,Platform,
266,CAMP00000002,CH00000012,2022-12-11,163.3,Creative,
267,CAMP00000002,CH00000014,2022-12-11,169.92,Agency,
268,CAMP00000003,CH00000001,2021-12-10,152.12,Media,
269,CAMP00000003,CH00000001,2021-12-11,143.97,Creative,
270,CAMP  00000003,CH00000011,2021-12-12,193.69,Platform,
271,CAMP00000003,CH00000014,2021-12-13,185.29,Platform,
272,CAMP00000003,CH00000003,2021-12-13,142.91,Creative,
273,CAMP00000003,CH00000011,2021-12-13,177.56,Platform,
274,CAMP00000003,CH00000002,2021-12-14,173.7,Platform,
275,CAMP00000003,CH00000007,2021-12-14,145.32,Media,
276,CAMP00000003,CH00000014,2021-12-14,134.27,Media,
277,CAMP00000003,CH00000005,2021-12-15,127.4,Creative,
278,CAMP00000003,ch00000003,2021-12-15,169.82,Media,
279,CAMP00000003,CH00000005,2021-12-15,206.04,Agency,
280,CAMP00000003,CH00000010,2021-12-16,158.33,Media,
281,CAMP00000003,CH00000014,2021-12-16,159.74,Agency,
282,CAMP00000003,ch00000010,2021-12-16,121.87,Creative,
283,CAMP00000003,CH00000011,2021-12-17,127.6,Media,
284,CAMP  00000003,CH00000005,2021-12-17,181.63,Media,
285,CAMP00000003,CH00000012,2021-12-17,195.28,Agency,
286,CAMP00000003,CH00000014,2021-12-18,154.23,Platform,
287,CAMP  00000003,CH00000014,2021-12-19,167.58,Creative,
288,CAMP00000003,CH00000014,2021-12-19,136.26,Media,
289,CAMP00000003,CH00000013,2021-12-19,165.06,Platform,
290,CAMP00000003,CH00000015,2021-12-20,129.33,Media,
291,CAMP00000003,CH00000002,2021-12-21,193.58,Media,
292,CAMP00000003,CH00000001,2021-12-21,184.83,Agency,
293,CAMP00000003,CH00000007,2021-12-21,191.99,Platform,
294,CAMP00000003,CH00000004,2021-12-22,222.95,Agency,
295,CAMP00000003,CH00000011,2021-12-22,129.07,Platform,
296,CAMP00000003,CH00000001,2021-12-23,204.01,Media,
297,CAMP00000003,CH00000010,2021-12-23,164.4,Creative,
298,CAMP00000003,CH00000003,2021-12-24,207.53,Creative,
299,CAMP00000003,CH00000001,2021-12-24,178.59,Agency,
300,CAMP00000003,CH00000006,2021-12-25,206.65,,
301,CAMP00000003,CH00000015,2021-12-25,141.77,Media,
302,CAMP00000003,CH00000006,2021-12-26,137.58,Agency,
303,CAMP00000003,CH00000010,2021-12-27,123.61,Agency,
304,CAMP00000003,CH00000013,2021-12-28,205.27,Agency,
305,CAMP00000003,CH00000013,2021-12-28,213.35,Agency,
306,CAMP00000003,CH00000013,2021-12-28,128.09,Agency,
307,CAMP00000003,CH00000007,2021-12-29,121.81,Creative,
308,CAMP00000003,CH00000013,2021-12-29,215.02,Media,
309,CAMP00000003,CH00000009,2021-12-29,185.49,Creative,
310,CAMP00000003,CH00000009,2021-12-30,180.3,Media,
311,CAMP00000003,CH00000011,2021-12-31,196.82,Platform,
312,CAMP00000003,CH00000008,2021-12-31,201.24,Creative,
313,CAMP00000003,CH00000013,2022-01-01,184.91,Agency,
314,CAMP00000003,CH00000013,2022-01-01,202.83,Creative,
315,CAMP00000003,CH00000001,2022-01-01,150.11,Media,
316,CAMP00000003,CH00000010,2022-01-02,148.11,Platform,
317,CAMP00000003,CH00000010,2022-01-02,185.35,Media,
318,CAMP00000003,CH00000004,2022-01-02,189.01,Platform,
319,CAMP00000003,CH00000006,2022-01-03,148.58,Media,
320,CAMP00000003,CH00000011,2022-01-04,131.41,Platform,
321,CAMP00000003,CH00000003,2022-01-04,170.17,Platform,
322,CAMP  00000003,CH00000005,2022-01-04,129.85,Agency,
323,CAMP00000003,CH00000011,2022-01-05,181.21,Media,
324,CAMP00000003,CH00000005,2022-01-05,202.9,Platform,
325,CAMP00000003,CH00000004,2022-01-06,157.3,Agency,
326,CAMP00000003,CH00000005,2022-01-06,133.97,Agency,
327,CAMP00000003,CH00000012,2022-01-06,178.44,Media,
328,CAMP00000003,CH00000005,2022-01-07,204.17,Creative,
329,CAMP00000003,CH00000001,2022-01-07,159.15,Media,
330,CAMP00000003,CH00000013,2022-01-07,163.13,Agency,
331,CAMP00000003,CH00000013,2022-01-08,126.08,Agency,
332,CAMP00000003,CH00000005,2022-01-08,124.79,Platform,
333,CAMP00000003,CH00000007,2022-01-09,179.11,Agency,
334,CAMP00000003,CH00000006,2022-01-09,184.65,Agency,
335,CAMP00000003,CH00000013,2022-01-09,195.47,Media,
336,CAMP00000003,CH00000009,2022-01-10,162.71,Media,
337,CAMP  00000003,CH00000013,2022-01-10,222.27,Platform,
338,CAMP00000003,CH00000012,2022-01-11,224.76,Agency,
339,CAMP00000003,CH00000015,2022-01-12,137.54,Platform,
340,CAMP00000003,CH00000001,2022-01-13,180.96,Media,
341,CAMP00000003,CH00000012,2022-01-13,145.8,Media,
342,CAMP00000003,CH00000011,2022-01-14,171.87,Media,
343,CAMP00000003,CH00000005,2022-01-15,129.26,Creative,
344,camp00000003,CH00000003,2022-01-15,225.0,Agency,
345,CAMP00000003,CH00000015,2022-01-15,190.22,Platform,
346,CAMP00000003,CH00000005,2022-01-16,218.58,Agency,
347,CAMP00000003,CH00000009,2022-01-17,212.59,Creative,
348,camp00000003,CH00000008,2022-01-17,210.67,Media,
349,CAMP00000003,CH00000005,2022-01-18,174.54,Media,
350,CAMP00000003,CH  00000011,2022-01-18,198.59,Platform,
351,CAMP00000003,CH00000011,2022-01-19,137.6,Agency,
352,CAMP00000003,CH00000012,2022-01-20,147.57,Creative,
353,CAMP00000003,CH00000004,2022-01-20,134.74,Media,
354,CAMP00000003,CH00000004,2022-01-20,152.71,Creative,
355,CAMP00000003,CH00000010,2022-01-21,153.79,Creative,
356,CAMP00000003,CH00000013,2022-01-21,185.02,Platform,
357,CAMP00000003,CH00000007,2022-01-22,207.72,Creative,
358,CAMP00000003,CH00000014,2022-01-22,147.35,Platform,
359,CAMP00000003,CH00000014,2022-01-23,192.89,Platform,
360,CAMP00000003,CH00000011,2022-01-23,134.06,Agency,
361,CAMP00000003,CH00000007,2022-01-24,127.81,Media,
362,CAMP00000003,CH00000012,2022-01-24,150.65,Creative,
363,CAMP00000003,CH00000003,2022-01-24,138.22,Creative,
364,CAMP00000003,CH00000010,2022-01-25,129.64,Media,
365,CAMP00000003,CH00000005,2022-01-25,216.84,Media,
366,CAMP00000003,CH00000008,2022-01-25,205.45,Creative,
367,CAMP00000003,CH00000002,2022-01-26,205.71,Creative,
368,CAMP00000003,ch00000015,2022-01-26,146.59,Media,
369,CAMP00000003,CH00000009,2022-01-26,126.86,Agency,
370,CAMP00000003,CH00000005,2022-01-27,134.33,Creative,
371,CAMP00000003,CH00000011,2022-01-27,161.59,Media,
372,CAMP00000003,CH00000004,2022-01-27,166.23,Creative,
373,CAMP00000003,CH  00000010,2022-01-28,206.63,Media,
374,CAMP00000003,CH00000008,2022-01-28,181.74,Media,
375,CAMP00000003,CH00000002,2022-01-28,186.98,Creative,
376,CAMP00000003,CH00000012,2022-01-29,182.52,Agency,
377,CAMP00000003,ch00000011,2022-01-29,222.84,Creative,
378,CAMP00000003,CH00000011,2022-01-29,128.44,Media,
379,CAMP00000003,CH00000009,2022-01-30,168.2,Platform,
380,CAMP00000003,CH00000007,2022-01-30,218.49,Agency,
381,CAMP00000003,CH00000014,2022-01-30,187.55,Platform,
382,CAMP00000003,CH00000014,2022-01-31,169.57,Agency,
383,CAMP00000003,CH00000007,2022-02-01,220.32,Creative,
384,CAMP00000003,CH00000006,2022-02-01,155.27,Agency,
385,CAMP00000003,CH00000007,2022-02-01,202.3,Creative,
386,CAMP00000003,CH00000003,2022-02-02,218.67,Platform,
387,CAMP00000003,CH00000014,2022-02-02,131.28,Agency,
388,CAMP00000003,CH00000002,2022-02-03,153.59,Platform,
389,CAMP00000003,CH00000006,2022-02-04,148.19,Agency,
390,CAMP00000003,CH00000011,2022-02-05,155.46,Platform,
391,CAMP00000003,CH00000001,2022-02-05,220.03,Media,
392,CAMP00000003,CH00000011,2022-02-05,204.77,Creative,
393,CAMP00000003,CH00000013,2022-02-06,143.52,Media,
394,CAMP00000003,CH00000002,2022-02-06,123.64,Agency,
395,CAMP00000003,CH00000006,2022-02-06,149.37,Media,
396,CAMP00000003,CH00000014,2022-02-07,173.4,Creative,
397,CAMP00000003,CH00000002,2022-02-07,127.26,Agency,
398,CAMP00000003,CH  00000007,2022-02-08,172.12,Agency,
399,CAMP  00000003,CH00000008,2022-02-09,187.33,Agency,
400,CAMP00000003,CH00000003,2022-02-09,175.56,Agency,
401,CAMP00000003,CH00000009,2022-02-09,182.1,Creative,
402,CAMP00000003,CH00000001,2022-02-10,211.74,Media,
403,CAMP00000003,CH00000002,2022-02-10,201.84,Creative,
404,CAMP00000003,CH00000015,2022-02-10,133.19,Creative,
405,CAMP00000003,CH00000007,2022-02-11,173.85,Platform,
406,CAMP00000003,CH00000011,2022-02-11,210.77,Media,
407,CAMP00000003,CH00000005,2022-02-11,156.45,Agency,
408,CAMP00000003,CH00000015,2022-02-12,154.31,Agency,
409,CAMP00000003,CH00000004,2022-02-13,176.14,Platform,
410,CAMP00000003,ch  00000001,2022-02-13,204.27,Creative,
411,CAMP00000003,CH00000008,2022-02-13,193.19,Platform,
412,CAMP00000003,CH00000003,2022-02-14,183.41,Media,
413,CAMP00000003,CH00000006,2022-02-15,212.15,Creative,
414,CAMP00000003,CH00000010,2022-02-15,198.98,Media,
415,CAMP00000003,CH00000013,2022-02-16,180.69,Agency,
416,CAMP00000003,CH00000006,2022-02-17,195.04,Media,
417,camp00000003,CH00000005,2022-02-18,142.98,Platform,
418,CAMP00000003,CH00000003,2022-02-19,181.8,Agency,
419,CAMP00000004,CH00000010,2022-05-10,204.16,Agency,
420,camp00000004,CH00000002,2022-05-10,192.0,Creative,
421,CAMP00000004,CH00000012,2022-05-11,196.18,Media,
422,CAMP00000004,CH00000001,2022-05-11,215.84,Media,
423,CAMP00000004,CH00000005,2022-05-12,135.0,Media,
424,CAMP  00000004,CH00000012,2022-05-12,153.45,Creative,
425,CAMP00000004,CH00000002,2022-05-12,184.83,Media,
426,CAMP00000004,CH00000010,2022-05-13,131.32,Creative,
427,CAMP00000004,CH00000001,2022-05-13,199.91,Media,
428,CAMP00000004,CH00000014,2022-05-13,219.08,Agency,
429,CAMP00000004,CH00000012,2022-05-14,203.09,Platform,
430,CAMP00000004,CH00000005,2022-05-14,170.14,Platform,
431,CAMP00000004,CH00000003,2022-05-14,127.29,Creative,
432,CAMP00000004,CH00000010,2022-05-15,180.99,Platform,
433,camp00000004,CH00000005,2022-05-15,130.2,Platform,
434,CAMP00000004,CH00000012,2022-05-16,199.31,Creative,
435,CAMP00000004,CH00000004,2022-05-17,205.37,Creative,
436,CAMP00000004,ch00000004,2022-05-18,188.0,Platform,
437,CAMP00000004,CH00000001,2022-05-19,164.77,Media,
438,CAMP00000004,CH00000005,2022-05-19,150.59,Media,
439,CAMP00000004,CH00000013,2022-05-19,210.6,Platform,
440,CAMP00000004,CH00000003,2022-05-20,215.03,Platform,
441,CAMP00000004,CH00000008,2022-05-20,125.79,Platform,
442,CAMP00000004,CH00000003,2022-05-21,212.27,Media,
443,CAMP00000004,CH00000014,2022-05-22,178.4,Agency,
444,CAMP00000004,CH00000009,2022-05-22,198.09,Media,
445,CAMP00000004,CH00000006,2022-05-22,192.06,Creative,
446,CAMP00000004,CH00000006,2022-05-23,159.8,Media,
447,CAMP00000004,CH00000007,2022-05-23,162.76,Creative,
448,CAMP00000004,CH00000005,2022-05-23,221.53,Platform,
449,CAMP00000004,CH00000014,2022-05-24,153.76,Agency,
450,CAMP00000004,CH00000004,2022-05-24,190.29,Media,
451,CAMP00000004,CH00000012,2022-05-25,189.39,Platform,
452,CAMP00000004,CH00000008,2022-05-25,184.62,Creative,
453,CAMP00000004,CH00000001,2022-05-25,152.14,Media,
454,CAMP00000004,CH  00000012,2022-05-26,215.61,Creative,
455,CAMP00000004,CH00000011,2022-05-26,200.2,Agency,
456,CAMP00000004,CH00000015,2022-05-27,214.95,Media,
457,CAMP00000004,CH00000014,2022-05-28,132.37,Agency,
458,CAMP00000004,CH00000007,2022-05-28,142.32,Platform,
459,CAMP00000004,CH00000004,2022-05-28,170.73,Creative,
460,CAMP00000004,CH00000014,2022-05-29,144.56,Agency,
461,CAMP00000004,CH00000009,2022-05-29,166.97,Platform,
462,CAMP00000004,CH00000006,2022-05-29,154.78,Agency,
463,CAMP00000004,CH00000006,2022-05-30,184.01,Agency,
464,CAMP00000004,CH00000001,2022-05-30,200.41,Creative,
465,CAMP00000004,CH00000009,2022-05-31,147.49,Agency,
466,CAMP00000004,CH00000009,2022-06-01,159.09,Platform,
467,camp00000004,CH  00000002,2022-06-01,172.26,Platform,
468,CAMP00000004,CH  00000003,2022-06-02,120.2,Agency,
469,CAMP00000004,CH00000015,2022-06-03,204.59,Platform,
470,CAMP00000004,CH00000005,2022-06-04,179.17,Platform,
471,CAMP00000004,CH00000012,2022-06-04,211.69,Media,
472,CAMP  00000004,CH00000011,2022-06-04,166.52,Platform,
473,CAMP00000004,CH00000008,2022-06-05,132.19,Platform,
474,CAMP00000004,CH00000011,2022-06-05,220.14,Creative,
475,CAMP00000004,CH00000001,2022-06-05,212.88,Creative,
476,CAMP00000004,CH00000001,2022-06-06,130.51,Media,
477,CAMP00000004,ch00000007,2022-06-06,187.96,Agency,
478,camp00000004,CH00000006,2022-06-06,216.29,Creative,
479,CAMP00000004,CH00000005,2022-06-07,180.97,Media,
480,CAMP00000004,CH00000001,2022-06-07,123.59,Agency,
481,CAMP00000004,CH00000013,2022-06-08,131.83,Media,
482,camp00000004,CH00000007,2022-06-08,142.34,Creative,
483,CAMP00000004,CH00000006,2022-06-08,151.27,Agency,
484,CAMP  00000004,CH00000013,2022-06-09,188.16,Agency,
485,CAMP00000004,CH00000002,2022-06-10,193.12,Platform,
486,CAMP00000004,CH00000013,2022-06-10,150.81,Platform,
487,CAMP00000004,CH00000013,2022-06-10,204.34,Creative,
488,CAMP00000004,CH00000011,2022-06-11,166.81,Creative,
489,CAMP00000004,CH00000009,2022-06-12,152.7,Agency,
490,CAMP00000004,CH00000011,2022-06-12,167.48,Media,
491,CAMP00000004,CH00000001,2022-06-13,138.36,Media,
492,CAMP00000004,CH00000004,2022-06-14,134.21,Media,
493,CAMP00000004,CH00000010,2022-06-14,213.17,Agency,
494,CAMP  00000004,CH  00000005,2022-06-14,203.69,Media,
495,CAMP00000004,CH00000009,2022-06-15,212.89,Platform,
496,CAMP00000004,CH00000007,2022-06-15,190.97,Agency,
497,CAMP00000004,CH00000006,2022-06-16,150.42,Platform,
498,CAMP00000004,CH00000005,2022-06-16,132.55,Agency,
499,CAMP00000004,CH00000013,2022-06-17,199.89,Agency,
500,CAMP00000004,CH00000008,2022-06-17,171.75,Creative,
501,CAMP00000004,CH00000001,2022-06-18,137.37,Media,
502,CAMP00000004,CH00000008,2022-06-18,120.9,Media,
503,CAMP00000004,CH00000008,2022-06-18,175.01,Platform,
504,CAMP  00000004,CH00000009,2022-06-19,121.53,Creative,
505,CAMP00000004,CH00000012,2022-06-19,180.96,Media,
506,CAMP  00000004,CH00000004,2022-06-20,193.12,Media,
507,CAMP00000004,CH00000009,2022-06-20,152.4,Creative,
508,CAMP00000004,CH00000005,2022-06-21,184.55,Media,
509,CAMP00000004,CH00000013,2022-06-21,212.79,Creative,
510,CAMP00000004,CH00000005,2022-06-21,189.94,Media,
511,CAMP00000004,ch00000015,2022-06-22,132.93,Agency,
512,CAMP00000004,CH00000007,2022-06-22,160.47,Platform,
513,CAMP00000004,CH00000008,2022-06-23,206.64,Platform,
514,CAMP00000004,CH00000007,2022-06-24,189.17,Agency,
515,CAMP00000004,CH00000014,2022-06-24,122.26,Media,
516,CAMP00000004,CH00000015,2022-06-25,212.6,Media,
517,CAMP00000004,CH00000002,2022-06-25,142.98,Media,
518,CAMP00000004,CH  00000005,2022-06-26,186.02,Creative,
519,CAMP00000004,CH00000005,2022-06-27,136.09,Agency,
520,CAMP00000004,CH00000005,2022-06-27,178.81,Creative,
521,CAMP00000004,CH00000013,2022-06-28,141.72,Creative,
522,CAMP00000004,CH00000001,2022-06-29,145.92,Agency,
523,CAMP00000004,CH00000011,2022-06-29,159.94,Media,
524,CAMP00000004,CH00000002,2022-06-30,131.86,Agency,
525,CAMP00000004,CH00000003,2022-06-30,168.99,Creative,
526,camp00000004,CH00000003,2022-07-01,168.92,Agency,
527,CAMP00000004,CH00000012,2022-07-01,147.13,Media,
528,CAMP00000004,CH00000007,2022-07-02,127.15,Platform,
529,CAMP00000004,CH  00000007,2022-07-02,123.18,Platform,
530,CAMP00000004,CH00000009,2022-07-02,213.01,Media,
531,CAMP00000004,CH00000010,2022-07-03,198.6,Agency,
532,CAMP00000004,CH00000009,2022-07-04,131.33,Creative,
533,CAMP00000004,CH00000015,2022-07-04,165.73,Creative,
534,CAMP00000004,CH00000008,2022-07-04,222.11,Creative,
535,CAMP00000004,CH00000012,2022-07-05,213.09,Agency,
536,CAMP00000004,CH00000011,2022-07-05,132.77,Platform,
537,CAMP00000004,CH00000003,2022-07-05,213.75,Creative,
538,CAMP00000004,CH00000013,2022-07-06,203.36,Media,
539,CAMP00000004,CH00000006,2022-07-06,174.21,Media,
540,CAMP00000004,CH00000010,2022-07-07,168.63,Creative,
541,CAMP00000004,CH00000002,2022-07-07,160.22,Agency,
542,CAMP00000004,CH  00000012,2022-07-07,128.19,Media,
543,CAMP  00000004,CH00000009,2022-07-08,211.36,Creative,
544,CAMP00000004,CH00000005,2022-07-09,175.07,Media,
545,CAMP00000004,CH00000007,2022-07-09,152.44,Media,
546,CAMP00000004,CH00000010,2022-07-09,168.84,Media,
547,CAMP00000004,CH00000002,2022-07-10,169.58,Platform,
548,CAMP00000004,CH  00000012,2022-07-10,201.03,Creative,
549,CAMP00000004,CH00000002,2022-07-10,199.01,Media,
550,CAMP00000004,CH00000011,2022-07-11,143.85,Media,
551,CAMP00000004,CH00000005,2022-07-12,139.48,Creative,
552,CAMP00000004,CH00000008,2022-07-13,177.74,Creative,
553,CAMP00000004,CH00000008,2022-07-13,155.57,Creative,
554,CAMP00000005,CH00000010,2022-07-02,62.76,Agency,
555,CAMP00000005,CH00000005,2022-07-03,69.79,Media,
556,CAMP00000005,CH00000007,2022-07-03,67.93,Media,
557,CAMP00000005,CH00000006,2022-07-03,73.92,Agency,
558,CAMP00000005,CH00000010,2022-07-04,79.59,Agency,
559,CAMP00000005,CH00000004,2022-07-04,73.34,Platform,
560,CAMP00000005,CH00000006,2022-07-04,51.88,Creative,
561,CAMP00000005,ch00000008,2022-07-05,55.07,Agency,
562,CAMP00000005,CH00000015,2022-07-06,60.74,Creative,
563,CAMP00000005,CH00000014,2022-07-07,75.4,Media,
564,CAMP00000005,CH  00000006,2022-07-07,48.18,Creative,
565,CAMP00000005,CH00000009,2022-07-07,66.91,Media,
566,CAMP00000005,CH00000008,2022-07-08,67.36,Creative,
567,CAMP00000005,CH00000006,2022-07-08,53.04,Media,
568,CAMP00000005,CH00000002,2022-07-08,53.32,Agency,
569,CAMP00000005,CH00000004,2022-07-09,76.65,Media,
570,CAMP00000005,CH00000007,2022-07-09,48.33,Creative,
571,CAMP00000005,CH00000008,2022-07-10,77.34,Media,
572,CAMP00000005,CH00000009,2022-07-10,68.8,Creative,
573,CAMP00000005,CH00000014,2022-07-11,72.85,Creative,
574,CAMP00000005,CH00000011,2022-07-11,80.11,Agency,
575,camp00000005,CH00000012,2022-07-11,68.06,Platform,
576,CAMP00000005,CH00000003,2022-07-12,66.78,Agency,
577,CAMP00000005,CH00000001,2022-07-12,45.19,Agency,
578,CAMP00000005,CH00000002,2022-07-12,80.73,Platform,
579,CAMP00000005,CH00000010,2022-07-13,49.65,Platform,
580,camp00000005,CH00000009,2022-07-14,78.75,Agency,
581,CAMP00000005,CH00000003,2022-07-14,50.64,Creative,
582,CAMP  00000005,CH00000011,2022-07-15,52.33,,
583,CAMP00000005,CH00000008,2022-07-15,78.74,Media,
584,CAMP00000005,CH00000015,2022-07-15,46.37,Platform,
585,CAMP00000005,CH00000010,2022-07-16,54.0,Platform,
586,CAMP00000005,CH00000013,2022-07-16,64.2,Media,
587,CAMP  00000005,CH00000008,2022-07-16,72.5,Agency,
588,CAMP00000005,CH00000007,2022-07-17,70.85,Agency,
589,CAMP00000005,CH00000007,2022-07-17,70.26,Creative,
590,CAMP00000005,CH00000007,2022-07-17,78.39,Agency,
591,CAMP00000005,CH  00000001,2022-07-18,71.93,Media,
592,CAMP  00000005,CH00000011,2022-07-19,47.06,Media,
593,CAMP00000005,CH00000004,2022-07-19,68.79,Media,
594,CAMP00000005,CH00000002,2022-07-20,63.46,Agency,
595,CAMP00000005,CH00000007,2022-07-20,75.17,Agency,
596,CAMP00000005,CH00000011,2022-07-20,79.14,Creative,
597,CAMP00000005,CH00000005,2022-07-21,52.08,Platform,
598,CAMP00000005,CH00000005,2022-07-21,58.2,Agency,
599,CAMP00000005,CH00000001,2022-07-22,48.18,Agency,
600,CAMP00000005,CH00000004,2022-07-22,63.68,Media,
601,CAMP00000005,CH00000005,2022-07-22,51.93,Platform,
602,CAMP00000005,CH00000001,2022-07-23,68.3,Platform,
603,CAMP00000005,CH00000005,2022-07-23,46.85,Media,
604,CAMP00000005,CH00000006,2022-07-24,67.72,Media,
605,CAMP00000005,CH00000012,2022-07-24,61.45,Agency,
606,camp00000005,CH00000003,2022-07-24,80.52,Creative,
607,CAMP00000005,CH00000009,2022-07-25,57.63,Creative,
608,CAMP00000005,CH00000014,2022-07-25,72.47,Media,
609,CAMP00000005,CH00000013,2022-07-25,64.11,Media,
610,CAMP00000005,CH00000001,2022-07-26,51.07,Platform,
611,camp00000005,CH00000011,2022-07-26,74.65,Creative,
612,CAMP00000005,ch00000013,2022-07-26,63.29,Platform,
613,CAMP00000005,CH00000015,2022-07-27,62.19,Media,
614,CAMP00000005,CH00000015,2022-07-28,49.96,Media,
615,CAMP00000005,CH00000006,2022-07-28,73.08,Creative,
616,CAMP00000005,CH00000013,2022-07-28,71.3,Creative,
617,CAMP  00000005,CH00000011,2022-07-29,55.11,Agency,
618,CAMP00000005,CH  00000014,2022-07-29,74.21,Creative,
619,CAMP00000005,CH00000002,2022-07-30,79.78,Creative,
620,CAMP00000005,CH00000003,2022-07-30,69.46,Platform,
621,CAMP00000005,CH00000015,2022-07-31,53.87,Creative,
622,CAMP00000005,CH00000004,2022-07-31,49.85,Platform,
623,CAMP00000005,CH  00000002,2022-07-31,56.69,Platform,
624,CAMP00000005,CH00000014,2022-08-01,69.87,Platform,
625,camp00000005,CH00000002,2022-08-02,54.66,Creative,
626,CAMP00000005,CH00000001,2022-08-03,67.51,Agency,
627,CAMP00000005,CH00000011,2022-08-03,49.82,Media,
628,CAMP00000005,CH00000001,2022-08-03,66.77,Platform,
629,CAMP00000005,CH00000013,2022-08-04,63.22,Platform,
630,CAMP00000005,CH00000011,2022-08-04,58.72,Media,
631,CAMP00000005,CH  00000005,2022-08-05,78.54,Platform,
632,CAMP00000005,CH00000012,2022-08-05,61.91,Creative,
633,CAMP00000005,CH00000013,2022-08-06,78.23,Platform,
634,CAMP00000005,CH00000015,2022-08-06,79.05,Platform,
635,CAMP00000005,CH00000006,2022-08-07,46.16,Creative,
636,CAMP00000005,CH00000003,2022-08-08,69.53,Media,
637,CAMP00000005,CH00000010,2022-08-08,45.53,Agency,
638,CAMP00000005,CH00000001,2022-08-08,70.91,Platform,
639,CAMP00000005,CH  00000004,2022-08-09,64.81,Creative,
640,CAMP00000005,CH00000001,2022-08-09,73.25,Creative,
641,CAMP00000005,CH00000006,2022-08-09,50.75,Media,
642,CAMP00000005,CH00000012,2022-08-10,57.32,Media,
643,CAMP00000005,CH00000015,2022-08-11,75.82,Agency,
644,CAMP00000005,CH00000013,2022-08-11,66.46,Media,
645,CAMP00000005,CH00000006,2022-08-12,44.67,Platform,
646,CAMP00000005,CH00000012,2022-08-12,56.92,Creative,
647,CAMP00000005,CH00000001,2022-08-13,65.72,Creative,
648,CAMP00000005,CH00000014,2022-08-13,73.41,Agency,
649,CAMP00000005,CH00000001,2022-08-13,65.25,Creative,
650,CAMP00000005,CH00000003,2022-08-14,60.87,Creative,
651,CAMP00000005,ch00000008,2022-08-15,59.09,Media,
652,CAMP00000005,CH00000013,2022-08-15,81.77,Creative,
653,CAMP00000005,CH00000005,2022-08-15,45.47,Agency,
654,CAMP00000005,CH00000012,2022-08-16,63.69,Agency,
655,CAMP00000005,CH00000001,2022-08-16,67.87,Agency,
656,CAMP  00000005,CH00000004,2022-08-17,64.64,Creative,
657,CAMP00000005,CH00000003,2022-08-17,78.93,Platform,
658,CAMP00000005,CH00000005,2022-08-18,62.34,Media,
659,CAMP00000005,CH00000005,2022-08-18,75.42,Platform,
660,CAMP00000005,CH00000009,2022-08-19,74.8,Media,
661,CAMP00000005,CH00000010,2022-08-20,77.38,Creative,
662,CAMP00000005,CH00000004,2022-08-20,46.49,Media,
663,CAMP  00000005,CH00000011,2022-08-21,50.64,Media,
664,CAMP00000005,ch00000008,2022-08-21,78.13,Platform,
665,CAMP00000005,CH00000004,2022-08-22,76.64,Agency,
666,CAMP00000005,CH00000011,2022-08-22,45.52,Platform,
667,CAMP00000005,CH00000015,2022-08-23,76.31,Media,
668,CAMP00000005,CH00000007,2022-08-23,45.79,Media,
669,CAMP00000005,CH00000014,2022-08-23,45.83,Platform,
670,CAMP00000005,CH00000004,2022-08-24,54.23,Media,
671,CAMP00000005,CH00000007,2022-08-24,79.33,Creative,
672,CAMP00000005,CH00000010,2022-08-24,76.69,Agency,
673,CAMP00000005,CH00000004,2022-08-25,78.11,Media,
674,CAMP00000005,CH00000013,2022-08-25,58.53,Media,
675,CAMP00000005,CH00000006,2022-08-26,49.24,Platform,
676,CAMP00000005,CH00000004,2022-08-26,79.71,Media,
677,CAMP00000005,CH00000003,2022-08-27,75.37,Media,
678,CAMP00000005,CH00000003,2022-08-27,77.24,Agency,
679,CAMP00000005,CH00000006,2022-08-27,44.58,Agency,
680,CAMP00000005,CH00000015,2022-08-28,53.07,Creative,
681,CAMP00000005,CH00000011,2022-08-28,77.21,Creative,
682,CAMP00000005,CH00000012,2022-08-29,65.58,Media,
683,CAMP00000005,CH00000002,2022-08-29,57.13,Media,
684,CAMP00000005,ch00000005,2022-08-29,66.18,Media,
685,CAMP00000005,CH00000013,2022-08-30,47.09,Media,
686,CAMP00000005,CH00000015,2022-08-30,53.26,Media,
687,CAMP00000005,CH00000004,2022-08-31,51.22,Media,
688,CAMP00000005,CH00000011,2022-09-01,78.93,Platform,
689,CAMP00000005,CH00000001,2022-09-02,77.86,Platform,
690,CAMP00000005,CH00000013,2022-09-03,53.79,,
691,CAMP00000005,ch00000013,2022-09-03,57.92,Media,
692,CAMP00000005,CH00000006,2022-09-04,50.33,Agency,
693,CAMP00000005,CH00000002,2022-09-04,52.99,Creative,
694,CAMP00000005,CH00000007,2022-09-04,76.79,Agency,
695,CAMP00000005,CH  00000015,2022-09-05,62.92,Creative,
696,CAMP00000005,CH00000009,2022-09-06,79.53,Creative,
697,CAMP00000005,CH00000013,2022-09-06,65.12,Agency,
698,CAMP00000005,CH  00000015,2022-09-06,76.28,Creative,
699,CAMP00000005,CH00000010,2022-09-07,47.34,Creative,
700,CAMP00000005,CH00000004,2022-09-07,59.54,Platform,
701,CAMP00000005,CH00000010,2022-09-08,58.12,Platform,
702,CAMP00000005,CH00000004,2022-09-08,56.09,Agency,
703,CAMP00000005,CH  00000002,2022-09-08,61.21,Platform,
704,CAMP00000005,CH00000009,2022-09-09,62.9,Platform,
705,CAMP00000005,CH00000013,2022-09-09,46.59,Agency,
706,CAMP00000005,CH00000003,2022-09-09,50.15,Media,
707,CAMP00000005,CH00000013,2022-09-10,48.55,Agency,
708,CAMP00000005,CH00000008,2022-09-10,71.6,Creative,
709,CAMP00000005,CH00000002,2022-09-10,58.9,Platform,
710,CAMP00000006,CH00000011,2022-05-11,1194.89,Creative,
711,CAMP00000006,CH00000002,2022-05-11,1437.7,Agency,
712,CAMP  00000006,CH00000005,2022-05-11,1783.42,Agency,
713,CAMP00000006,CH00000004,2022-05-12,1070.58,Agency,
714,CAMP00000006,CH00000014,2022-05-13,1418.75,Creative,
715,CAMP00000006,CH00000005,2022-05-14,1309.26,Creative,
716,CAMP00000006,CH00000009,2022-05-14,1560.89,Platform,
717,CAMP00000006,CH00000015,2022-05-14,1166.07,Media,
718,CAMP00000006,CH00000014,2022-05-15,1643.85,Creative,
719,CAMP00000006,CH00000012,2022-05-16,1458.87,Creative,
720,CAMP00000006,CH00000005,2022-05-17,1081.18,Agency,
721,CAMP00000006,CH00000002,2022-05-18,1040.08,Media,
722,CAMP00000006,CH00000009,2022-05-18,1640.88,Platform,
723,CAMP00000006,CH00000010,2022-05-18,1450.78,Agency,
724,CAMP00000006,CH00000007,2022-05-19,1777.59,Media,
725,CAMP00000006,CH00000012,2022-05-19,1812.93,Platform,
726,CAMP00000006,CH  00000007,2022-05-20,1128.61,Creative,
727,camp00000006,ch00000004,2022-05-21,1923.89,Creative,
728,CAMP00000006,CH00000015,2022-05-21,1307.68,Creative,
729,CAMP00000006,CH  00000009,2022-05-22,1112.88,Agency,
730,CAMP00000006,CH00000005,2022-05-23,1297.19,Platform,
731,CAMP00000006,CH00000011,2022-05-23,1276.67,Agency,
732,CAMP00000006,CH00000010,2022-05-23,1917.59,Creative,
733,CAMP00000007,CH  00000008,2021-11-19,66.33,,
734,CAMP00000007,CH00000001,2021-11-20,104.21,Platform,
735,CAMP00000007,CH00000002,2021-11-21,100.23,Agency,
736,CAMP00000007,CH00000005,2021-11-21,104.24,Creative,
737,CAMP00000007,CH00000015,2021-11-21,73.88,Media,
738,CAMP00000007,CH00000013,2021-11-22,91.23,Agency,
739,CAMP00000007,CH00000008,2021-11-22,100.96,Agency,
740,camp00000007,CH00000011,2021-11-23,59.86,Creative,
741,CAMP00000007,CH00000015,2021-11-23,73.44,Platform,
742,CAMP  00000007,CH00000010,2021-11-23,89.89,Agency,
743,CAMP00000007,CH00000014,2021-11-24,87.92,Media,
744,CAMP00000007,CH00000007,2021-11-25,93.17,Creative,
745,CAMP00000007,CH00000009,2021-11-25,84.21,Media,
746,CAMP00000007,CH00000006,2021-11-26,101.11,Creative,
747,CAMP00000007,CH00000005,2021-11-27,60.41,Agency,
748,CAMP00000007,CH00000015,2021-11-28,87.68,Media,
749,CAMP00000007,CH00000004,2021-11-28,62.94,Platform,
750,CAMP00000007,CH00000002,2021-11-29,72.49,Platform,
751,CAMP00000007,CH  00000014,2021-11-29,91.51,Agency,
752,CAMP00000007,CH00000009,2021-11-29,94.22,Agency,
753,CAMP00000007,CH  00000002,2021-11-30,75.27,Platform,
754,CAMP00000007,CH00000003,2021-11-30,90.81,Platform,
755,CAMP00000007,ch00000015,2021-11-30,68.29,Agency,
756,CAMP00000007,CH00000002,2021-12-01,101.59,Media,
757,CAMP00000007,CH  00000009,2021-12-01,82.1,Agency,
758,CAMP00000007,CH00000014,2021-12-02,63.26,Creative,
759,CAMP00000007,CH00000014,2021-12-02,95.55,Agency,
760,CAMP00000007,CH00000005,2021-12-02,81.24,Agency,
761,CAMP00000007,CH00000012,2021-12-03,87.95,Agency,
762,CAMP00000007,CH00000011,2021-12-03,93.62,Media,
763,CAMP00000007,CH00000009,2021-12-04,99.2,Agency,
764,CAMP00000007,CH  00000010,2021-12-05,103.47,Platform,
765,CAMP00000007,CH00000004,2021-12-05,57.62,Platform,
766,CAMP00000007,CH00000007,2021-12-05,87.31,Creative,
767,CAMP00000007,CH00000014,2021-12-06,79.07,Media,
768,CAMP00000007,CH00000009,2021-12-06,79.87,Platform,
769,CAMP00000007,ch00000002,2021-12-06,65.64,Agency,
770,CAMP00000007,CH00000005,2021-12-07,58.2,Agency,
771,CAMP00000007,ch00000011,2021-12-07,88.03,Creative,
772,CAMP00000007,CH00000011,2021-12-07,103.04,Agency,
773,CAMP00000007,CH00000015,2021-12-08,96.07,Creative,
774,CAMP00000007,CH00000010,2021-12-09,103.24,Creative,
775,CAMP00000007,CH00000007,2021-12-09,65.01,Media,
776,CAMP00000007,CH00000013,2021-12-10,96.41,Platform,
777,CAMP00000007,CH00000002,2021-12-11,85.61,Media,
778,CAMP00000007,CH00000012,2021-12-11,93.79,Creative,
779,CAMP00000007,CH00000015,2021-12-11,69.58,Media,
780,CAMP00000007,CH00000002,2021-12-12,77.72,Platform,
781,CAMP00000007,ch00000010,2021-12-12,102.69,Media,
782,CAMP00000007,CH00000013,2021-12-12,88.1,Creative,
783,CAMP00000007,CH00000010,2021-12-13,103.86,Platform,
784,CAMP00000007,CH00000001,2021-12-13,65.82,Agency,
785,CAMP00000007,CH00000002,2021-12-13,78.55,Creative,
786,CAMP00000007,CH00000003,2021-12-14,74.75,Creative,
787,CAMP00000007,CH00000011,2021-12-14,75.87,,
788,CAMP  00000007,CH00000010,2021-12-15,66.11,Agency,
789,CAMP00000007,CH00000006,2021-12-15,81.9,Agency,
790,camp00000007,CH00000005,2021-12-16,86.11,Media,
791,CAMP00000007,CH00000015,2021-12-17,92.08,Media,
792,CAMP00000007,CH00000003,2021-12-17,94.71,Agency,
793,CAMP00000007,CH00000009,2021-12-17,75.02,Platform,
794,CAMP00000007,CH00000008,2021-12-18,58.75,Creative,
795,CAMP00000007,CH00000007,2021-12-19,60.22,Agency,
796,CAMP00000007,CH00000010,2021-12-19,62.05,Platform,
797,CAMP00000007,CH00000001,2021-12-20,86.51,Platform,
798,CAMP00000007,CH00000012,2021-12-20,102.37,Media,
799,CAMP00000007,CH00000008,2021-12-21,99.68,Creative,
800,CAMP00000007,CH00000011,2021-12-22,81.05,Creative,
801,CAMP00000007,CH00000009,2021-12-22,88.8,Creative,
802,CAMP  00000007,CH00000001,2021-12-22,66.83,Agency,
803,CAMP00000007,CH00000006,2021-12-23,101.62,Agency,
804,CAMP00000007,CH00000004,2021-12-23,86.89,Platform,
805,CAMP00000007,CH  00000012,2021-12-23,86.59,Platform,
806,CAMP00000007,CH00000011,2021-12-24,71.37,Creative,
807,CAMP00000007,CH00000012,2021-12-24,82.73,Platform,
808,CAMP00000007,CH00000009,2021-12-24,93.17,Creative,
809,CAMP00000007,CH00000008,2021-12-25,64.34,Media,
810,CAMP  00000007,CH00000005,2021-12-25,71.33,Agency,
811,CAMP00000007,CH00000013,2021-12-25,62.12,Agency,
812,CAMP00000007,CH00000007,2021-12-26,69.26,Platform,
813,CAMP00000007,CH00000006,2021-12-27,70.87,Platform,
814,CAMP  00000007,CH  00000006,2021-12-27,80.45,Agency,
815,CAMP00000007,ch00000005,2021-12-27,98.0,Creative,
816,CAMP00000007,CH00000004,2021-12-28,101.73,Media,
817,CAMP00000007,CH00000013,2021-12-28,66.12,Media,
818,CAMP00000007,CH00000013,2021-12-28,79.13,Media,
819,CAMP00000007,CH00000012,2021-12-29,62.6,Creative,
820,CAMP00000007,CH00000015,2021-12-30,78.0,Agency,
821,CAMP00000008,CH00000005,2022-12-01,281.22,Platform,
822,CAMP00000008,CH00000005,2022-12-01,218.36,Platform,
823,CAMP00000008,CH00000012,2022-12-02,272.39,Agency,
824,CAMP00000008,CH00000014,2022-12-02,300.58,Media,
825,CAMP00000008,CH00000003,2022-12-02,290.81,Agency,
826,CAMP00000008,CH00000004,2022-12-03,281.85,Media,
827,CAMP00000008,CH00000003,2022-12-04,329.4,Agency,
828,CAMP00000008,CH00000004,2022-12-05,326.83,Creative,
829,CAMP00000008,CH00000006,2022-12-05,245.35,Media,
830,CAMP00000008,CH00000015,2022-12-05,277.46,Media,
831,CAMP00000008,CH00000007,2022-12-06,199.43,Media,
832,CAMP00000008,CH00000006,2022-12-06,203.73,Agency,
833,CAMP00000008,CH00000008,2022-12-07,332.25,Platform,
834,CAMP00000008,CH00000006,2022-12-07,270.67,Platform,
835,CAMP00000008,CH00000004,2022-12-07,257.27,Platform,
836,CAMP00000008,CH00000006,2022-12-08,258.87,Creative,
837,CAMP00000008,CH00000002,2022-12-09,341.51,Agency,
838,CAMP00000008,CH00000002,2022-12-09,196.96,Agency,
839,CAMP00000008,CH00000008,2022-12-09,314.72,Creative,
840,CAMP00000008,CH  00000007,2022-12-10,284.3,Media,
841,CAMP  00000008,CH00000002,2022-12-11,231.15,Media,
842,CAMP00000008,CH00000007,2022-12-12,268.85,Creative,
843,CAMP00000008,CH00000013,2022-12-12,228.12,Creative,
844,CAMP00000008,CH00000012,2022-12-13,304.19,Media,
845,CAMP00000008,CH00000001,2022-12-13,222.85,Platform,
846,CAMP00000008,CH00000013,2022-12-13,337.27,Platform,
847,CAMP00000008,CH00000010,2022-12-14,257.85,Creative,
848,CAMP00000008,CH00000014,2022-12-14,191.67,Creative,
849,CAMP00000008,CH00000003,2022-12-15,262.43,Creative,
850,CAMP00000008,CH00000006,2022-12-16,206.84,Creative,
851,CAMP00000008,CH00000014,2022-12-17,285.15,Platform,
852,CAMP00000008,CH00000015,2022-12-17,308.4,Agency,
853,CAMP00000008,CH00000011,2022-12-17,232.52,Media,
854,CAMP00000008,CH00000006,2022-12-18,227.75,Agency,
855,CAMP00000008,CH00000012,2022-12-18,340.16,Media,
856,CAMP00000008,CH00000003,2022-12-19,277.74,Media,
857,CAMP  00000008,CH00000011,2022-12-19,226.46,Creative,
858,CAMP00000008,CH00000006,2022-12-20,294.13,Agency,
859,CAMP00000008,CH00000013,2022-12-20,281.94,Media,
860,CAMP00000008,CH00000014,2022-12-21,257.87,Creative,
861,CAMP00000008,CH00000002,2022-12-21,314.78,Agency,
862,CAMP00000008,CH00000012,2022-12-21,245.86,Creative,
863,CAMP00000008,CH00000001,2022-12-22,318.78,Platform,
864,CAMP00000008,CH00000009,2022-12-23,308.14,Platform,
865,CAMP00000008,CH00000012,2022-12-23,302.3,Creative,
866,CAMP00000008,CH00000010,2022-12-23,331.89,Media,
867,CAMP00000008,ch00000015,2022-12-24,197.99,Creative,
868,CAMP00000008,CH00000002,2022-12-24,262.02,Platform,
869,CAMP00000008,CH00000003,2022-12-24,288.73,Agency,
870,CAMP00000008,CH00000008,2022-12-25,295.92,Platform,
871,CAMP00000008,CH00000003,2022-12-26,338.33,Platform,
872,CAMP00000008,CH00000005,2022-12-26,243.28,Creative,
873,CAMP00000008,CH00000005,2022-12-26,223.86,Creative,
874,CAMP00000008,CH00000014,2022-12-27,235.67,Creative,
875,CAMP00000008,CH00000010,2022-12-27,209.02,Agency,
876,CAMP00000008,CH00000012,2022-12-27,287.97,Platform,
877,CAMP00000008,CH00000005,2022-12-28,313.97,Platform,
878,CAMP00000008,CH00000005,2022-12-28,333.48,Media,
879,CAMP00000008,CH00000015,2022-12-29,300.21,Creative,
880,CAMP00000008,CH00000015,2022-12-30,347.61,Media,
881,CAMP00000008,CH  00000005,2022-12-31,205.46,Agency,
882,CAMP00000008,CH00000010,2022-12-31,311.1,Creative,
883,CAMP00000008,CH00000003,2023-01-01,267.85,Platform,
884,CAMP00000008,CH00000008,2023-01-01,218.43,Media,
885,CAMP00000008,CH00000013,2023-01-01,227.17,Creative,
886,CAMP00000008,CH00000004,2023-01-02,257.06,Media,
887,CAMP00000008,CH00000007,2023-01-02,278.14,Platform,
888,CAMP00000008,CH00000002,2023-01-02,265.03,Media,
889,CAMP00000008,CH00000013,2023-01-03,298.65,Creative,
890,CAMP00000008,CH00000005,2023-01-03,273.19,Creative,
891,CAMP00000008,CH00000014,2023-01-03,305.67,Media,
892,CAMP00000008,CH00000005,2023-01-04,266.42,Platform,
893,CAMP00000008,CH00000012,2023-01-05,277.42,Platform,
894,CAMP00000008,CH00000003,2023-01-06,223.14,Platform,
895,CAMP00000008,CH00000005,2023-01-06,337.39,Creative,
896,camp00000008,CH00000012,2023-01-07,246.98,Platform,
897,CAMP00000008,CH00000015,2023-01-07,301.48,Agency,
898,CAMP00000008,CH00000011,2023-01-08,236.41,Media,
899,CAMP00000008,CH00000006,2023-01-09,315.73,Media,
900,CAMP00000008,CH00000011,2023-01-09,210.5,Agency,
901,CAMP00000008,CH00000009,2023-01-09,190.55,Media,
902,CAMP00000008,CH00000006,2023-01-10,259.27,Media,
903,CAMP00000008,CH00000006,2023-01-10,300.01,Platform,
904,CAMP00000008,CH00000001,2023-01-11,205.58,Agency,
905,CAMP00000008,CH00000007,2023-01-11,317.54,Agency,
906,CAMP  00000008,CH00000005,2023-01-12,257.73,Media,
907,CAMP00000008,CH00000011,2023-01-13,195.93,Creative,
908,CAMP  00000008,CH00000005,2023-01-13,232.42,Media,
909,CAMP00000008,CH00000011,2023-01-14,232.44,Media,
910,CAMP00000008,CH00000013,2023-01-15,197.9,Creative,
911,CAMP00000008,CH00000005,2023-01-15,290.25,Platform,
912,CAMP00000008,CH00000003,2023-01-15,326.67,Creative,
913,CAMP00000008,CH00000011,2023-01-16,331.15,Agency,
914,CAMP00000008,CH00000003,2023-01-16,199.04,Creative,
915,CAMP00000008,CH00000010,2023-01-16,241.19,Media,
916,CAMP00000008,CH00000006,2023-01-17,327.39,Agency,
917,CAMP00000008,CH00000015,2023-01-17,217.13,Media,
918,CAMP00000008,CH00000003,2023-01-18,329.4,Platform,
919,CAMP  00000008,CH00000008,2023-01-18,321.52,Creative,
920,CAMP00000008,CH00000002,2023-01-19,257.71,Creative,
921,CAMP00000008,CH00000012,2023-01-20,283.48,Platform,
922,CAMP00000008,CH00000013,2023-01-21,269.74,Media,
923,CAMP  00000008,CH00000013,2023-01-21,217.17,Platform,
924,CAMP00000008,CH  00000008,2023-01-21,200.61,Media,
925,CAMP00000008,CH00000005,2023-01-22,344.89,Media,
926,CAMP00000008,CH00000001,2023-01-22,229.53,Platform,
927,CAMP00000009,CH00000013,2021-10-07,505.67,Media,
928,CAMP00000009,CH00000009,2021-10-07,766.13,Creative,
929,CAMP00000009,CH  00000007,2021-10-07,529.37,Media,
930,CAMP00000009,CH00000009,2021-10-08,608.9,Creative,
931,CAMP00000009,CH00000015,2021-10-08,750.72,Agency,
932,CAMP00000009,ch00000007,2021-10-09,852.84,Platform,
933,CAMP00000009,CH  00000014,2021-10-09,862.89,,
934,CAMP00000009,CH00000015,2021-10-10,705.72,Agency,
935,CAMP00000009,CH00000008,2021-10-11,744.96,Agency,
936,CAMP00000009,CH00000011,2021-10-11,772.66,Creative,
937,CAMP00000009,CH00000003,2021-10-11,769.2,Creative,
938,CAMP00000009,CH00000009,2021-10-12,697.49,Media,
939,CAMP00000009,ch00000013,2021-10-12,828.67,Creative,
940,CAMP00000009,CH00000014,2021-10-12,839.79,Creative,
941,CAMP00000009,CH00000004,2021-10-13,484.51,Creative,
942,CAMP00000009,CH00000009,2021-10-13,633.87,Agency,
943,CAMP00000009,CH00000009,2021-10-13,589.89,Agency,
944,CAMP00000009,CH00000011,2021-10-14,854.47,Platform,
945,CAMP00000009,CH00000005,2021-10-14,857.62,Agency,
946,CAMP00000009,CH00000014,2021-10-14,808.76,Agency,
947,CAMP00000009,CH00000010,2021-10-15,485.04,Agency,
948,CAMP00000009,CH00000006,2021-10-15,694.59,Media,
949,CAMP00000009,CH  00000011,2021-10-16,619.16,Creative,
950,CAMP00000009,CH00000011,2021-10-16,618.59,Agency,
951,CAMP00000009,CH00000010,2021-10-17,668.75,Agency,
952,CAMP00000009,CH00000010,2021-10-17,853.34,Agency,
953,CAMP00000009,CH00000008,2021-10-17,598.36,Creative,
954,CAMP00000009,CH00000013,2021-10-18,764.04,Creative,
955,CAMP00000009,CH00000003,2021-10-19,588.61,Agency,
956,CAMP00000009,CH00000015,2021-10-20,523.6,Agency,
957,CAMP00000009,CH00000013,2021-10-20,599.36,Agency,
958,CAMP00000009,CH00000002,2021-10-21,557.31,Platform,
959,CAMP00000009,CH00000006,2021-10-21,865.47,Media,
960,CAMP00000009,CH00000015,2021-10-21,517.66,Agency,
961,camp00000009,CH00000002,2021-10-22,484.02,Platform,
962,CAMP00000009,CH  00000011,2021-10-22,867.68,Platform,
963,CAMP00000009,CH00000013,2021-10-22,725.02,Creative,
964,CAMP00000009,CH00000012,2021-10-23,578.27,Creative,
965,CAMP00000009,CH00000001,2021-10-24,731.2,Agency,
966,CAMP00000009,CH  00000001,2021-10-24,667.74,Platform,
967,CAMP00000009,CH00000011,2021-10-24,498.0,Platform,
968,CAMP00000009,CH00000004,2021-10-25,568.13,Creative,
969,CAMP00000009,CH00000002,2021-10-25,711.95,Platform,
970,CAMP00000009,CH00000011,2021-10-26,523.94,Platform,
971,CAMP00000010,CH00000009,2022-09-05,56.25,Creative,
972,CAMP  00000010,CH00000003,2022-09-05,57.52,Agency,
973,CAMP00000010,CH00000007,2022-09-05,49.11,Platform,
974,CAMP00000010,CH00000014,2022-09-06,44.21,Agency,
975,CAMP00000010,CH00000002,2022-09-06,45.63,Platform,
976,CAMP00000010,CH00000012,2022-09-07,63.74,Creative,
977,CAMP00000010,CH00000001,2022-09-07,66.3,Platform,
978,CAMP00000010,CH00000006,2022-09-07,76.01,Media,
979,CAMP00000010,CH00000005,2022-09-08,66.58,Platform,
980,CAMP00000010,CH00000011,2022-09-08,46.83,Platform,
981,CAMP00000010,ch  00000005,2022-09-09,61.16,Platform,
982,CAMP00000010,CH00000005,2022-09-09,63.69,Creative,
983,CAMP00000010,CH00000005,2022-09-09,66.51,Platform,
984,CAMP00000010,CH00000001,2022-09-10,63.49,Agency,
985,CAMP00000010,CH00000003,2022-09-11,61.55,Agency,
986,CAMP00000010,CH00000001,2022-09-11,71.61,Platform,
987,CAMP00000010,CH00000003,2022-09-12,73.77,Platform,
988,CAMP00000010,CH00000008,2022-09-13,49.27,Platform,
989,CAMP00000010,CH00000015,2022-09-13,50.67,Media,
990,CAMP00000010,CH00000015,2022-09-13,49.66,Creative,
991,CAMP00000010,CH  00000011,2022-09-14,64.9,Platform,
992,CAMP00000010,CH00000015,2022-09-14,45.45,Platform,
993,CAMP00000010,CH00000008,2022-09-14,54.67,Platform,
994,camp00000010,CH00000006,2022-09-15,76.24,Creative,
995,CAMP00000010,CH00000002,2022-09-15,59.47,Agency,
996,CAMP00000010,CH00000003,2022-09-16,53.12,Platform,
997,CAMP00000010,CH00000004,2022-09-16,51.4,Agency,
998,CAMP00000010,CH00000013,2022-09-16,72.19,Media,
999,CAMP00000010,CH00000004,2022-09-17,50.95,Creative,
1000,CAMP00000010,CH00000007,2022-09-18,54.35,Creative,
1001,CAMP00000010,CH00000001,2022-09-18,60.83,Agency,
1002,CAMP00000010,CH00000010,2022-09-18,58.99,Media,
1003,CAMP00000010,CH00000010,2022-09-19,45.48,Creative,
1004,CAMP00000010,CH00000014,2022-09-19,50.92,Media,
1005,CAMP00000010,CH  00000011,2022-09-19,53.48,Agency,
1006,CAMP00000010,CH00000004,2022-09-20,56.07,Media,
1007,CAMP00000010,CH00000002,2022-09-20,74.02,Creative,
1008,CAMP00000010,CH00000009,2022-09-20,46.55,Agency,
1009,CAMP00000010,CH00000014,2022-09-21,50.48,Platform,
1010,CAMP00000010,CH00000008,2022-09-21,55.06,Creative,
1011,CAMP00000010,CH00000012,2022-09-21,75.76,Creative,
1012,CAMP00000010,CH00000003,2022-09-22,60.69,Agency,
1013,CAMP00000010,CH00000008,2022-09-23,62.11,Platform,
1014,CAMP00000010,CH00000010,2022-09-23,68.93,Platform,
1015,CAMP00000010,CH00000005,2022-09-23,71.35,Agency,
1016,CAMP00000010,CH00000003,2022-09-24,69.37,Creative,
1017,CAMP00000010,CH00000001,2022-09-24,60.36,Agency,
1018,CAMP00000010,CH00000009,2022-09-24,61.53,Agency,
1019,CAMP00000010,CH00000014,2022-09-25,49.85,Creative,
1020,CAMP00000010,CH00000011,2022-09-26,50.0,Media,
1021,CAMP00000010,CH00000001,2022-09-27,45.16,Platform,
1022,CAMP00000010,CH00000014,2022-09-27,73.03,Platform,
1023,CAMP00000010,CH00000013,2022-09-28,46.04,Media,
1024,CAMP00000010,CH00000010,2022-09-28,50.25,Media,
1025,CAMP00000010,CH00000003,2022-09-28,56.55,Agency,
1026,CAMP00000010,CH00000013,2022-09-29,58.25,Creative,
1027,CAMP00000010,CH00000008,2022-09-30,42.23,Agency,
1028,CAMP00000010,CH00000008,2022-09-30,68.37,Agency,
1029,CAMP00000010,CH00000013,2022-10-01,54.63,Creative,
1030,CAMP00000010,CH00000004,2022-10-01,65.3,Creative,
1031,CAMP00000010,CH  00000002,2022-10-01,76.67,Platform,
1032,CAMP00000010,CH00000010,2022-10-02,64.69,Agency,
1033,CAMP00000010,CH00000014,2022-10-03,76.4,Creative,
1034,CAMP00000010,CH00000008,2022-10-03,44.07,Media,
1035,CAMP00000010,CH00000005,2022-10-04,60.23,Platform,
1036,CAMP00000010,CH00000003,2022-10-04,66.83,Platform,
1037,CAMP00000010,CH00000003,2022-10-04,43.15,Media,
1038,CAMP  00000010,CH  00000001,2022-10-05,62.09,Platform,
1039,CAMP00000010,CH  00000004,2022-10-05,59.94,Platform,
1040,CAMP00000010,CH00000007,2022-10-05,41.77,Creative,
1041,CAMP  00000010,CH00000006,2022-10-06,72.89,Creative,
1042,CAMP00000010,CH00000002,2022-10-06,72.51,Platform,
1043,CAMP00000010,CH00000014,2022-10-07,65.14,Platform,
1044,CAMP00000010,CH00000007,2022-10-08,42.66,Creative,
1045,CAMP00000010,CH00000001,2022-10-09,66.58,Creative,
1046,CAMP00000010,CH00000004,2022-10-09,46.74,Platform,
1047,CAMP00000010,CH00000006,2022-10-10,63.72,Agency,
1048,CAMP00000010,CH00000005,2022-10-11,66.09,,
1049,CAMP00000010,CH00000014,2022-10-11,45.29,Creative,
1050,CAMP00000010,CH00000006,2022-10-11,69.5,Agency,
1051,CAMP00000010,CH00000004,2022-10-12,56.35,Creative,
1052,CAMP00000010,CH00000013,2022-10-13,67.26,Platform,
1053,CAMP00000010,CH00000014,2022-10-13,62.58,Platform,
1054,CAMP00000010,CH00000015,2022-10-13,50.0,Media,
1055,CAMP00000010,CH00000003,2022-10-14,61.98,Creative,
1056,camp00000010,CH00000006,2022-10-14,65.64,Agency,
1057,CAMP00000010,CH00000001,2022-10-14,67.18,Platform,
1058,CAMP00000010,CH00000001,2022-10-15,51.26,,
1059,CAMP00000010,CH00000010,2022-10-15,76.63,Media,
1060,CAMP00000010,CH00000004,2022-10-15,48.33,Agency,
1061,CAMP00000010,CH00000006,2022-10-16,45.14,Media,
1062,CAMP00000010,CH00000010,2022-10-16,42.58,Media,
1063,CAMP00000010,CH  00000009,2022-10-16,45.65,,
1064,CAMP00000010,CH00000014,2022-10-17,69.79,Media,
1065,CAMP00000010,CH00000003,2022-10-18,50.64,Creative,
1066,CAMP00000010,CH00000002,2022-10-18,71.0,Media,
1067,CAMP00000010,CH00000003,2022-10-18,62.24,Media,
1068,CAMP00000010,CH00000004,2022-10-19,44.91,Creative,
1069,CAMP00000010,CH  00000013,2022-10-19,61.12,Media,
1070,CAMP00000010,CH00000010,2022-10-19,72.7,Platform,
1071,CAMP00000010,CH00000001,2022-10-20,56.79,Creative,
1072,CAMP00000010,CH00000001,2022-10-21,43.6,Creative,
1073,CAMP00000010,CH00000012,2022-10-21,63.73,Creative,
1074,camp00000010,CH00000014,2022-10-22,47.08,Media,
1075,CAMP00000010,CH00000003,2022-10-23,43.98,Creative,
1076,CAMP00000010,CH  00000014,2022-10-24,44.33,Agency,
1077,CAMP00000010,CH00000007,2022-10-24,70.62,Media,
1078,CAMP00000010,CH00000011,2022-10-24,67.81,Media,
1079,CAMP00000010,CH00000012,2022-10-25,62.98,Agency,
1080,camp00000010,CH00000004,2022-10-26,69.51,Agency,
1081,CAMP00000010,CH  00000001,2022-10-27,69.2,Media,
1082,CAMP00000010,CH00000008,2022-10-28,48.4,Creative,
1083,CAMP00000010,CH00000013,2022-10-28,65.6,Platform,
1084,CAMP00000010,CH00000001,2022-10-29,75.66,Creative,
1085,CAMP00000010,CH00000001,2022-10-29,76.53,Creative,
1086,CAMP00000010,CH00000001,2022-10-30,65.53,Agency,
1087,CAMP00000010,CH00000002,2022-10-30,50.0,Platform,
1088,CAMP00000010,CH00000001,2022-10-31,55.38,Creative,
1089,CAMP00000010,CH00000003,2022-11-01,53.26,Agency,
1090,CAMP00000010,CH00000010,2022-11-01,46.7,Creative,
1091,CAMP00000010,ch00000009,2022-11-01,43.94,Media,
1092,CAMP00000010,CH00000014,2022-11-02,62.43,Media,
1093,CAMP00000010,CH00000003,2022-11-02,69.24,Creative,
1094,CAMP00000010,CH00000003,2022-11-03,57.25,Creative,
1095,CAMP00000010,CH00000014,2022-11-03,52.15,Agency,
1096,CAMP00000010,CH00000002,2022-11-04,46.56,Media,
1097,CAMP00000010,CH00000005,2022-11-04,47.56,Media,
1098,CAMP00000010,CH00000006,2022-11-05,74.16,Agency,
1099,CAMP00000010,CH00000015,2022-11-06,76.94,Creative,
1100,CAMP00000010,CH00000015,2022-11-06,62.03,Creative,
1101,CAMP00000010,CH  00000010,2022-11-06,59.97,Platform,
1102,CAMP00000010,CH00000015,2022-11-07,44.99,Media,
1103,CAMP00000010,CH00000002,2022-11-07,49.24,Agency,
1104,CAMP00000010,CH00000010,2022-11-07,55.76,Platform,
1105,CAMP00000010,CH00000014,2022-11-08,74.55,Media,
1106,CAMP00000010,CH00000002,2022-11-09,51.77,Creative,
1107,CAMP00000010,CH00000007,2022-11-10,47.98,Agency,
1108,CAMP00000010,CH00000013,2022-11-11,52.98,Creative,
1109,CAMP00000010,CH00000002,2022-11-12,70.1,Creative,
1110,CAMP00000010,CH00000006,2022-11-12,61.54,Media,
1111,CAMP00000010,ch00000012,2022-11-12,66.66,Platform,
1112,CAMP00000010,CH00000014,2022-11-13,73.28,Creative,
1113,CAMP00000010,CH00000013,2022-11-13,66.66,Creative,
1114,CAMP00000010,CH  00000004,2022-11-14,69.94,Platform,
1115,CAMP00000010,CH00000004,2022-11-14,73.15,Creative,
1116,CAMP00000010,CH00000010,2022-11-15,75.49,Platform,
1117,CAMP00000010,CH00000007,2022-11-16,47.63,Agency,
1118,camp00000010,CH00000003,2022-11-16,73.68,Agency,
1119,CAMP00000010,CH00000007,2022-11-17,76.48,Media,
1120,CAMP00000010,CH00000015,2022-11-18,49.52,Platform,
1121,CAMP00000010,CH00000010,2022-11-18,55.66,Creative,
1122,CAMP00000010,CH00000008,2022-11-18,71.55,Platform,
1123,CAMP00000010,CH00000014,2022-11-19,64.78,Media,
1124,CAMP00000010,CH00000012,2022-11-19,55.67,Agency,
1125,CAMP00000010,CH00000014,2022-11-19,60.23,Platform,
1126,CAMP00000010,CH00000006,2022-11-20,61.92,Media,
1127,CAMP00000010,CH00000006,2022-11-20,42.21,Platform,
1128,CAMP00000010,CH00000002,2022-11-21,47.17,Media,
1129,CAMP  00000010,CH00000011,2022-11-22,49.43,Media,
1130,CAMP00000010,CH00000005,2022-11-23,59.07,Agency,
1131,CAMP00000010,CH00000014,2022-11-23,69.18,Creative,
1132,CAMP00000010,CH00000011,2022-11-23,65.71,Media,
1133,CAMP00000010,CH00000007,2022-11-24,74.59,Agency,
1134,CAMP00000010,CH00000014,2022-11-24,47.78,Creative,
1135,CAMP00000010,CH00000012,2022-11-25,69.22,Platform,
1136,CAMP00000010,CH00000005,2022-11-25,55.54,Media,
1137,CAMP00000010,CH00000002,2022-11-26,57.06,Agency,
1138,CAMP00000011,CH00000005,2021-01-03,239.82,Media,
1139,CAMP00000011,CH00000001,2021-01-04,240.99,Media,
1140,CAMP00000011,ch00000013,2021-01-05,235.06,Platform,
1141,CAMP00000011,CH00000009,2021-01-05,225.88,Creative,
1142,CAMP00000011,CH00000014,2021-01-05,135.27,Media,
1143,CAMP00000011,CH00000005,2021-01-06,167.33,Agency,
1144,CAMP00000011,CH00000013,2021-01-06,156.51,Media,
1145,camp00000011,CH00000010,2021-01-07,214.93,Platform,
1146,CAMP00000011,CH00000011,2021-01-08,161.01,Media,
1147,CAMP00000011,CH00000005,2021-01-08,240.26,Media,
1148,CAMP00000011,CH00000008,2021-01-09,222.89,Agency,
1149,CAMP00000011,CH00000011,2021-01-10,131.22,Media,
1150,CAMP00000011,CH  00000006,2021-01-10,144.8,Creative,
1151,CAMP00000011,CH00000012,2021-01-11,160.86,Media,
1152,CAMP00000011,CH  00000013,2021-01-11,219.68,Media,
1153,CAMP00000011,CH00000012,2021-01-11,239.4,Platform,
1154,CAMP00000011,CH00000008,2021-01-12,159.47,Agency,
1155,camp00000011,CH00000007,2021-01-12,223.09,Agency,
1156,CAMP00000011,CH00000005,2021-01-13,148.84,Agency,
1157,CAMP00000011,CH00000009,2021-01-13,177.04,Creative,
1158,camp00000011,CH00000012,2021-01-13,214.92,Agency,
1159,CAMP00000011,CH00000007,2021-01-14,188.99,Agency,
1160,CAMP00000011,CH00000013,2021-01-14,225.09,Creative,
1161,CAMP  00000011,CH00000006,2021-01-15,154.3,Agency,
1162,CAMP00000011,CH00000015,2021-01-15,231.37,Agency,
1163,CAMP00000011,CH00000010,2021-01-15,200.53,Platform,
1164,CAMP00000011,CH00000004,2021-01-16,214.28,Agency,
1165,CAMP00000011,CH00000006,2021-01-16,189.24,Agency,
1166,CAMP00000011,ch00000009,2021-01-17,241.02,Agency,
1167,CAMP00000011,CH00000005,2021-01-17,204.9,Agency,
1168,CAMP00000011,CH00000003,2021-01-17,184.27,Creative,
1169,CAMP00000011,CH00000007,2021-01-18,211.88,Media,
1170,CAMP00000011,CH  00000008,2021-01-19,138.28,Media,
1171,CAMP00000011,CH00000014,2021-01-19,174.83,Agency,
1172,CAMP00000011,CH00000002,2021-01-19,174.75,Creative,
1173,CAMP00000011,CH00000005,2021-01-20,192.39,Platform,
1174,CAMP00000011,CH00000013,2021-01-20,195.12,Platform,
1175,CAMP00000011,CH00000013,2021-01-21,213.19,Creative,
1176,CAMP00000011,CH  00000005,2021-01-21,140.79,Platform,
1177,CAMP00000011,CH00000007,2021-01-21,157.71,Agency,
1178,CAMP00000011,CH00000005,2021-01-22,201.4,Agency,
1179,CAMP00000011,CH00000010,2021-01-22,235.81,Agency,
1180,CAMP00000011,CH00000005,2021-01-23,220.59,Agency,
1181,CAMP00000011,CH00000015,2021-01-24,158.33,Media,
1182,CAMP00000011,CH00000011,2021-01-24,137.92,Platform,
1183,CAMP00000011,CH  00000014,2021-01-24,165.47,Agency,
1184,CAMP00000011,CH00000008,2021-01-25,216.65,Creative,
1185,CAMP00000011,CH00000012,2021-01-26,229.86,Platform,
1186,CAMP00000011,CH00000008,2021-01-26,227.34,Creative,
1187,CAMP00000011,ch00000013,2021-01-26,235.7,Platform,
1188,CAMP00000011,CH00000006,2021-01-27,174.54,Agency,
1189,CAMP00000011,CH00000002,2021-01-27,177.18,Platform,
1190,CAMP00000011,CH00000003,2021-01-28,171.43,Creative,
1191,CAMP00000011,CH00000014,2021-01-28,158.01,Platform,
1192,CAMP00000011,CH00000014,2021-01-28,155.55,Platform,
1193,CAMP00000011,CH00000014,2021-01-29,158.44,Media,
1194,CAMP00000011,CH00000009,2021-01-29,207.2,Agency,
1195,CAMP00000011,CH00000003,2021-01-29,141.98,Platform,
1196,CAMP00000011,CH00000006,2021-01-30,162.65,Media,
1197,CAMP00000011,CH00000007,2021-01-30,209.93,Platform,
1198,CAMP  00000011,CH  00000013,2021-01-31,170.06,Creative,
1199,CAMP00000011,CH00000006,2021-02-01,158.68,Platform,
1200,CAMP00000011,CH00000015,2021-02-02,213.03,Agency,
1201,CAMP00000011,CH00000014,2021-02-02,218.63,Platform,
1202,CAMP00000011,CH00000006,2021-02-02,131.52,Creative,
1203,CAMP00000011,CH00000013,2021-02-03,228.54,Creative,
1204,CAMP00000011,CH00000014,2021-02-03,187.57,Media,
1205,CAMP00000011,CH00000002,2021-02-03,151.48,Agency,
1206,CAMP00000011,CH00000012,2021-02-04,183.23,Agency,
1207,CAMP00000011,CH  00000005,2021-02-05,159.11,Platform,
1208,CAMP00000011,CH00000009,2021-02-06,227.5,Media,
1209,CAMP00000011,CH00000010,2021-02-06,238.34,,
1210,CAMP  00000011,CH00000012,2021-02-06,227.41,Agency,
1211,CAMP00000011,CH00000015,2021-02-07,188.37,Media,
1212,CAMP00000011,CH00000011,2021-02-07,173.49,Creative,
1213,CAMP00000011,CH00000011,2021-02-07,194.7,Platform,
1214,CAMP00000011,CH00000012,2021-02-08,203.46,,
1215,CAMP00000011,CH00000005,2021-02-09,142.3,Creative,
1216,camp00000011,CH00000013,2021-02-09,233.44,Platform,
1217,CAMP00000011,CH00000005,2021-02-09,158.75,Media,
1218,CAMP00000011,CH00000001,2021-02-10,185.79,Creative,
1219,CAMP00000011,CH00000008,2021-02-10,192.06,Media,
1220,CAMP00000011,CH00000003,2021-02-11,149.04,Platform,
1221,CAMP00000011,CH00000003,2021-02-11,224.73,Platform,
1222,CAMP00000011,CH00000008,2021-02-11,171.62,Creative,
1223,CAMP00000011,CH00000014,2021-02-12,158.06,Creative,
1224,CAMP00000011,CH00000006,2021-02-13,206.13,Platform,
1225,CAMP00000011,CH00000014,2021-02-13,147.96,Agency,
1226,CAMP00000011,CH00000005,2021-02-14,214.35,Creative,
1227,camp00000011,CH00000012,2021-02-14,204.18,Agency,
1228,CAMP00000011,CH00000005,2021-02-15,209.75,Media,
1229,CAMP00000011,CH00000014,2021-02-15,156.36,Agency,
1230,CAMP00000011,CH00000011,2021-02-16,174.76,Agency,
1231,CAMP00000011,CH00000009,2021-02-16,145.4,Platform,
1232,CAMP00000011,CH00000002,2021-02-16,145.85,Media,
1233,CAMP00000011,CH00000001,2021-02-17,144.55,Platform,
1234,CAMP00000011,CH00000006,2021-02-17,164.64,Creative,
1235,CAMP00000011,CH00000012,2021-02-17,140.98,Platform,
1236,CAMP00000011,CH00000004,2021-02-18,176.3,Creative,
1237,CAMP00000011,CH00000010,2021-02-19,230.05,Platform,
1238,CAMP00000011,CH00000010,2021-02-19,155.45,Agency,
1239,CAMP00000011,CH00000009,2021-02-20,168.41,Agency,
1240,CAMP00000011,CH00000004,2021-02-20,161.57,Creative,
1241,CAMP00000011,CH00000012,2021-02-20,150.73,Agency,
1242,CAMP00000011,CH00000007,2021-02-21,188.4,Creative,
1243,CAMP00000011,CH00000013,2021-02-21,152.22,Creative,
1244,CAMP00000011,CH00000007,2021-02-21,233.0,Agency,
1245,CAMP00000011,CH00000002,2021-02-22,232.49,Media,
1246,CAMP00000011,CH00000015,2021-02-23,141.91,Platform,
1247,CAMP00000011,CH00000013,2021-02-23,146.69,Creative,
1248,CAMP00000011,CH00000004,2021-02-24,168.62,Platform,
1249,CAMP00000011,CH00000012,2021-02-24,232.88,Platform,
1250,CAMP00000011,CH00000006,2021-02-25,165.11,Agency,
1251,CAMP00000011,CH00000002,2021-02-25,228.45,Creative,
1252,CAMP00000011,CH00000001,2021-02-25,205.26,Platform,
1253,CAMP00000011,CH00000005,2021-02-26,133.38,Platform,
1254,CAMP00000011,ch00000006,2021-02-26,174.11,Agency,
1255,CAMP00000011,CH00000009,2021-02-27,137.2,Agency,
1256,CAMP  00000011,CH00000011,2021-02-27,146.91,Platform,
1257,CAMP00000011,CH00000012,2021-02-27,141.68,Platform,
1258,CAMP00000011,CH00000011,2021-02-28,146.12,Creative,
1259,CAMP00000011,CH00000005,2021-02-28,155.98,Creative,
1260,CAMP00000011,CH00000009,2021-03-01,199.52,Agency,
1261,CAMP00000011,CH  00000009,2021-03-02,186.55,Platform,
1262,CAMP00000011,CH00000012,2021-03-02,164.02,Agency,
1263,CAMP00000011,CH00000015,2021-03-03,132.99,Agency,
1264,CAMP00000011,CH00000015,2021-03-03,199.34,Platform,
1265,CAMP00000011,CH00000005,2021-03-03,171.63,Creative,
1266,CAMP00000011,CH  00000010,2021-03-04,164.3,Creative,
1267,CAMP00000011,CH00000005,2021-03-04,231.53,Media,
1268,CAMP00000011,CH00000001,2021-03-04,175.0,Agency,
1269,CAMP00000011,CH00000008,2021-03-05,188.68,Media,
1270,CAMP00000011,CH00000008,2021-03-06,131.37,Platform,
1271,CAMP00000011,CH00000004,2021-03-07,234.37,Creative,
1272,CAMP00000011,CH00000014,2021-03-07,187.17,Media,
1273,CAMP00000011,CH  00000005,2021-03-08,174.3,Agency,
1274,CAMP00000011,CH00000008,2021-03-09,236.43,Agency,
1275,CAMP00000011,CH00000007,2021-03-10,229.93,,
1276,CAMP00000011,CH00000010,2021-03-10,230.23,Creative,
1277,CAMP00000011,CH00000009,2021-03-11,220.88,Agency,
1278,CAMP00000011,CH00000002,2021-03-11,165.86,Agency,
1279,CAMP00000011,CH00000006,2021-03-12,177.69,Agency,
1280,CAMP00000011,CH00000009,2021-03-12,176.95,Platform,
1281,CAMP00000011,CH00000003,2021-03-13,160.19,Agency,
1282,CAMP00000011,CH00000009,2021-03-13,146.67,Agency,
1283,CAMP00000011,CH  00000008,2021-03-13,230.06,Media,
1284,CAMP00000011,CH00000008,2021-03-14,220.59,Media,
1285,CAMP00000011,CH00000003,2021-03-15,193.26,Creative,
1286,CAMP00000011,CH00000003,2021-03-16,168.11,Creative,
1287,CAMP00000011,CH00000012,2021-03-16,190.89,Platform,
1288,CAMP00000011,CH00000011,2021-03-17,197.76,Agency,
1289,CAMP00000011,CH00000014,2021-03-17,132.69,Agency,
1290,CAMP  00000011,CH00000013,2021-03-18,223.16,Agency,
1291,CAMP00000011,CH00000014,2021-03-19,153.02,Agency,
1292,CAMP00000011,CH00000014,2021-03-19,133.37,Creative,
1293,CAMP00000011,CH00000005,2021-03-19,237.14,Media,
1294,CAMP00000011,CH00000011,2021-03-20,133.61,Media,
1295,CAMP00000011,CH00000003,2021-03-21,202.59,Agency,
1296,CAMP00000011,CH00000012,2021-03-22,170.91,Agency,
1297,CAMP00000011,CH00000003,2021-03-22,159.82,Agency,
1298,CAMP  00000011,CH00000012,2021-03-23,169.12,Media,
1299,CAMP00000011,CH00000014,2021-03-24,221.62,Agency,
1300,CAMP00000011,ch00000015,2021-03-24,212.95,Agency,
1301,CAMP00000011,CH00000015,2021-03-24,148.47,Agency,
1302,CAMP00000011,ch00000011,2021-03-25,214.56,Agency,
1303,CAMP00000011,CH00000002,2021-03-26,145.76,,
1304,CAMP00000011,CH00000012,2021-03-26,188.06,Media,
1305,CAMP00000011,CH00000010,2021-03-27,160.3,Creative,
1306,CAMP00000011,CH  00000006,2021-03-27,202.16,Platform,
1307,CAMP00000011,CH00000011,2021-03-28,204.07,Platform,
1308,CAMP00000012,CH00000014,2022-01-08,108.28,Agency,
1309,CAMP00000012,CH00000014,2022-01-08,70.92,Media,
1310,CAMP00000012,CH00000003,2022-01-08,93.47,Creative,
1311,CAMP00000012,CH00000015,2022-01-09,66.58,Creative,
1312,CAMP00000012,CH00000011,2022-01-09,105.34,Agency,
1313,CAMP00000012,CH00000010,2022-01-09,109.34,Media,
1314,CAMP00000012,CH00000008,2022-01-10,107.43,Agency,
1315,CAMP00000012,CH00000004,2022-01-10,68.85,Creative,
1316,CAMP00000012,CH00000009,2022-01-11,99.45,Creative,
1317,CAMP00000012,CH  00000005,2022-01-12,96.34,Agency,
1318,CAMP  00000012,CH00000012,2022-01-12,71.74,Creative,
1319,CAMP00000012,CH00000008,2022-01-12,69.49,Platform,
1320,CAMP00000012,CH00000007,2022-01-13,95.37,Media,
1321,CAMP00000012,CH00000014,2022-01-13,95.25,Agency,
1322,CAMP00000012,CH00000009,2022-01-14,106.57,Creative,
1323,CAMP00000012,CH00000009,2022-01-14,82.99,Media,
1324,CAMP00000012,CH00000012,2022-01-14,104.36,Creative,
1325,CAMP00000012,CH00000005,2022-01-15,85.19,Creative,
1326,CAMP00000012,CH00000007,2022-01-15,80.83,Media,
1327,CAMP  00000012,CH00000003,2022-01-16,87.0,Creative,
1328,CAMP00000012,CH00000003,2022-01-17,77.58,Creative,
1329,CAMP00000012,CH00000006,2022-01-17,103.76,Agency,
1330,CAMP00000012,ch  00000006,2022-01-17,97.47,Media,
1331,CAMP00000012,CH00000006,2022-01-18,85.89,Media,
1332,CAMP00000012,CH00000011,2022-01-18,65.11,Creative,
1333,CAMP00000012,CH00000015,2022-01-19,69.41,Creative,
1334,CAMP00000012,CH00000003,2022-01-19,74.36,Platform,
1335,CAMP00000012,CH00000012,2022-01-20,109.72,Media,
1336,CAMP00000012,CH00000008,2022-01-20,90.23,Creative,
1337,CAMP00000012,CH00000004,2022-01-21,87.62,Agency,
1338,CAMP00000012,CH00000014,2022-01-22,63.86,Media,
1339,CAMP00000012,CH00000006,2022-01-22,69.92,Creative,
1340,CAMP00000012,CH00000015,2022-01-23,72.09,Creative,
1341,CAMP  00000012,CH00000005,2022-01-23,105.54,Creative,
1342,CAMP00000012,CH00000014,2022-01-24,104.87,Platform,
1343,camp00000012,CH00000004,2022-01-24,81.46,Creative,
1344,CAMP00000012,CH00000001,2022-01-25,102.31,Creative,
1345,CAMP00000012,CH00000004,2022-01-26,62.74,Agency,
1346,CAMP00000012,CH00000014,2022-01-27,102.98,Agency,
1347,CAMP00000012,CH00000003,2022-01-27,92.65,Agency,
1348,CAMP00000012,ch00000003,2022-01-28,75.95,Platform,
1349,CAMP00000012,ch00000001,2022-01-28,94.95,Agency,
1350,CAMP00000012,CH00000006,2022-01-28,101.92,Platform,
1351,CAMP00000012,CH00000006,2022-01-29,62.1,Media,
1352,CAMP00000012,CH00000013,2022-01-29,79.4,Agency,
1353,CAMP00000012,CH00000006,2022-01-29,97.07,Creative,
1354,CAMP00000012,CH00000012,2022-01-30,65.62,Platform,
1355,CAMP00000012,CH00000011,2022-01-31,94.6,Agency,
1356,camp00000012,CH00000012,2022-02-01,107.98,Agency,
1357,CAMP00000012,CH  00000011,2022-02-01,98.2,Agency,
1358,CAMP00000012,CH00000008,2022-02-02,111.3,Media,
1359,CAMP00000012,CH00000004,2022-02-02,80.93,Platform,
1360,CAMP00000012,ch00000009,2022-02-03,73.46,Media,
1361,CAMP00000012,CH00000010,2022-02-03,114.79,Media,
1362,CAMP00000012,CH00000015,2022-02-03,79.9,Creative,
1363,CAMP00000012,CH00000011,2022-02-04,74.21,Agency,
1364,CAMP00000012,CH00000006,2022-02-04,66.39,Platform,
1365,CAMP00000012,CH00000008,2022-02-05,97.33,Platform,
1366,CAMP00000012,CH00000008,2022-02-05,64.52,Agency,
1367,CAMP00000012,CH00000005,2022-02-05,98.41,Creative,
1368,CAMP00000012,CH00000001,2022-02-06,74.34,Creative,
1369,CAMP00000012,CH00000006,2022-02-06,85.62,Creative,
1370,CAMP00000012,CH00000003,2022-02-07,104.36,Media,
1371,CAMP00000012,CH00000007,2022-02-08,87.59,Media,
1372,CAMP00000012,CH00000015,2022-02-08,64.06,Media,
1373,CAMP00000012,CH00000008,2022-02-09,69.69,Media,
1374,CAMP00000012,CH00000008,2022-02-10,64.12,Agency,
1375,CAMP00000012,CH00000007,2022-02-10,62.31,Platform,
1376,CAMP00000012,CH00000004,2022-02-10,62.77,Platform,
1377,CAMP00000012,CH00000011,2022-02-11,76.12,Media,
1378,CAMP  00000012,CH00000006,2022-02-11,89.42,Creative,
1379,CAMP00000012,CH  00000006,2022-02-11,62.11,Platform,
1380,CAMP00000012,CH00000011,2022-02-12,108.07,Agency,
1381,CAMP00000012,CH00000006,2022-02-12,108.82,Platform,
1382,CAMP00000012,CH  00000001,2022-02-13,97.23,Agency,
1383,CAMP00000012,CH00000001,2022-02-14,69.28,Platform,
1384,CAMP00000012,CH00000010,2022-02-15,64.78,Platform,
1385,CAMP00000012,CH00000007,2022-02-15,64.75,Media,
1386,CAMP  00000012,CH00000009,2022-02-15,82.48,Agency,
1387,CAMP00000012,CH00000014,2022-02-16,107.86,Media,
1388,CAMP  00000012,CH00000006,2022-02-16,80.15,Creative,
1389,CAMP00000012,CH00000014,2022-02-17,66.08,Creative,
1390,CAMP00000012,CH00000014,2022-02-17,84.39,Media,
1391,CAMP00000012,CH00000004,2022-02-17,100.19,Agency,
1392,CAMP00000012,CH00000013,2022-02-18,91.64,Media,
1393,CAMP00000012,CH00000008,2022-02-19,90.42,Media,
1394,CAMP00000012,CH00000011,2022-02-20,114.39,Platform,
1395,CAMP00000012,CH00000015,2022-02-20,103.91,Creative,
1396,CAMP  00000012,CH00000001,2022-02-21,80.73,Agency,
1397,CAMP00000012,CH00000013,2022-02-22,104.41,Platform,
1398,CAMP00000012,CH00000003,2022-02-22,63.66,Platform,
1399,CAMP00000012,CH00000003,2022-02-22,77.49,Platform,
1400,CAMP00000012,CH00000005,2022-02-23,113.14,Creative,
1401,CAMP00000012,CH00000005,2022-02-24,68.17,Agency,
1402,camp00000012,CH00000003,2022-02-25,88.74,Agency,
1403,CAMP00000012,CH00000002,2022-02-25,69.67,Media,
1404,CAMP00000012,CH00000015,2022-02-25,105.65,Platform,
1405,CAMP00000012,CH00000009,2022-02-26,94.08,Creative,
1406,CAMP00000012,CH00000011,2022-02-26,76.18,Creative,
1407,CAMP00000012,CH00000009,2022-02-26,72.3,Platform,
1408,CAMP00000012,CH00000001,2022-02-27,111.3,Agency,
1409,CAMP00000012,CH00000003,2022-02-27,76.55,Creative,
1410,CAMP00000012,CH00000001,2022-02-27,111.85,Agency,
1411,CAMP00000012,CH00000005,2022-02-28,82.51,Media,
1412,CAMP00000012,CH00000003,2022-02-28,74.26,Creative,
1413,CAMP00000012,CH00000009,2022-03-01,66.89,Platform,
1414,CAMP00000012,CH00000010,2022-03-01,105.91,Agency,
1415,CAMP00000012,CH00000011,2022-03-02,86.76,Creative,
1416,CAMP00000012,CH00000002,2022-03-02,106.66,Media,
1417,CAMP00000012,CH00000011,2022-03-02,84.21,Platform,
1418,CAMP00000012,CH00000011,2022-03-03,93.65,Creative,
1419,CAMP00000012,CH00000008,2022-03-04,113.85,Agency,
1420,CAMP  00000012,CH00000011,2022-03-04,76.44,Agency,
1421,CAMP00000012,CH00000007,2022-03-04,102.11,Agency,
1422,CAMP00000012,CH00000006,2022-03-05,94.18,Platform,
1423,CAMP00000012,CH00000004,2022-03-05,68.74,Media,
1424,CAMP00000012,CH00000009,2022-03-06,89.9,Media,
1425,CAMP00000012,CH00000006,2022-03-06,87.37,Media,
1426,CAMP00000012,CH00000013,2022-03-07,111.99,Creative,
1427,CAMP00000012,CH00000013,2022-03-08,67.96,Agency,
1428,CAMP00000012,CH00000009,2022-03-08,112.29,Platform,
1429,CAMP00000012,CH  00000014,2022-03-08,105.19,,
1430,CAMP00000012,CH00000012,2022-03-09,90.65,Platform,
1431,CAMP00000012,CH00000004,2022-03-09,97.67,Agency,
1432,CAMP00000012,CH00000011,2022-03-09,80.68,Platform,
1433,CAMP00000012,CH00000012,2022-03-10,106.43,Platform,
1434,CAMP00000012,CH00000009,2022-03-10,109.02,Creative,
1435,CAMP00000012,CH00000013,2022-03-10,104.58,Agency,
1436,CAMP00000012,CH00000009,2022-03-11,85.32,Agency,
1437,CAMP00000012,CH00000015,2022-03-12,66.67,Platform,
1438,CAMP00000012,CH00000008,2022-03-12,83.5,Media,
1439,CAMP  00000012,CH00000006,2022-03-12,78.63,Media,
1440,CAMP00000012,CH00000002,2022-03-13,83.73,Agency,
1441,CAMP00000012,CH00000010,2022-03-13,71.17,Platform,
1442,CAMP00000012,CH00000014,2022-03-13,82.64,Media,
1443,CAMP  00000012,CH00000012,2022-03-14,68.56,Agency,
1444,CAMP00000012,CH00000009,2022-03-14,97.19,,
1445,CAMP00000012,CH00000013,2022-03-15,67.72,Media,
1446,CAMP00000012,CH00000011,2022-03-15,114.49,Agency,
1447,CAMP00000012,CH00000013,2022-03-16,94.29,Agency,
1448,CAMP00000012,CH00000002,2022-03-16,79.75,Platform,
1449,CAMP00000012,CH00000009,2022-03-16,91.45,Media,
1450,CAMP00000013,CH00000001,2021-02-06,232.08,Platform,
1451,CAMP00000013,CH00000012,2021-02-07,215.54,Agency,
1452,CAMP00000013,CH00000003,2021-02-07,135.47,Creative,
1453,CAMP00000013,CH00000004,2021-02-07,199.83,Media,
1454,CAMP00000013,CH00000001,2021-02-08,229.09,Creative,
1455,CAMP00000013,CH00000013,2021-02-08,191.79,Media,
1456,CAMP00000013,CH00000005,2021-02-09,210.57,Platform,
1457,CAMP00000013,CH00000002,2021-02-09,158.63,Agency,
1458,CAMP00000013,CH00000014,2021-02-10,178.25,Creative,
1459,CAMP00000013,CH00000008,2021-02-10,209.77,Media,
1460,CAMP  00000013,CH00000005,2021-02-11,195.83,Creative,
1461,CAMP00000013,CH00000003,2021-02-12,133.48,Platform,
1462,CAMP00000013,CH00000005,2021-02-12,198.18,Media,
1463,CAMP00000013,CH00000009,2021-02-13,165.53,Platform,
1464,CAMP00000013,CH00000010,2021-02-13,176.93,Media,
1465,CAMP00000013,CH00000005,2021-02-13,198.36,Creative,
1466,CAMP00000013,CH  00000009,2021-02-14,191.5,Platform,
1467,CAMP00000013,CH00000002,2021-02-14,199.58,Creative,
1468,CAMP00000013,CH00000013,2021-02-15,137.01,Platform,
1469,CAMP00000013,CH00000013,2021-02-16,228.37,Agency,
1470,CAMP00000013,CH00000003,2021-02-16,202.51,Media,
1471,CAMP00000013,CH00000009,2021-02-17,231.38,Platform,
1472,CAMP00000013,CH00000012,2021-02-17,192.38,Platform,
1473,CAMP00000013,CH00000011,2021-02-18,149.6,Media,
1474,CAMP00000013,CH00000004,2021-02-18,172.7,Media,
1475,CAMP  00000013,CH00000009,2021-02-19,130.6,Agency,
1476,CAMP00000013,CH00000010,2021-02-19,222.29,Platform,
1477,CAMP00000013,CH00000003,2021-02-19,213.95,Platform,
1478,CAMP00000013,CH  00000012,2021-02-20,190.43,Platform,
1479,CAMP00000013,CH00000010,2021-02-21,139.89,Agency,
1480,CAMP00000013,CH00000015,2021-02-21,188.14,Platform,
1481,CAMP00000013,CH00000006,2021-02-21,137.53,Platform,
1482,CAMP00000013,CH00000013,2021-02-22,151.86,Platform,
1483,CAMP00000013,CH00000006,2021-02-23,150.14,Platform,
1484,CAMP00000013,CH00000006,2021-02-23,231.59,Agency,
1485,CAMP00000013,CH00000004,2021-02-24,144.59,Creative,
1486,CAMP00000013,CH  00000014,2021-02-24,226.36,Creative,
1487,CAMP00000013,CH  00000004,2021-02-24,154.02,Creative,
1488,CAMP00000013,CH00000004,2021-02-25,132.34,Creative,
1489,camp00000013,CH00000006,2021-02-26,129.52,Media,
1490,CAMP00000013,CH00000014,2021-02-27,129.6,Creative,
1491,CAMP00000013,CH00000013,2021-02-27,192.5,Creative,
1492,CAMP00000013,CH00000015,2021-02-27,138.82,Agency,
1493,CAMP00000013,CH00000006,2021-02-28,194.74,Agency,
1494,CAMP00000013,CH00000009,2021-03-01,179.19,Agency,
1495,CAMP00000013,CH00000015,2021-03-01,192.54,Creative,
1496,CAMP00000013,CH00000012,2021-03-01,227.85,Creative,
1497,CAMP00000013,CH00000010,2021-03-02,217.96,Agency,
1498,CAMP00000013,CH  00000003,2021-03-03,188.71,Platform,
1499,CAMP00000013,CH00000004,2021-03-03,229.1,Platform,
1500,CAMP00000013,CH00000010,2021-03-03,142.45,Agency,
1501,CAMP00000013,CH00000006,2021-03-04,161.66,Media,
1502,CAMP00000013,CH00000006,2021-03-04,228.81,Platform,
1503,CAMP00000013,CH00000013,2021-03-05,149.04,Media,
1504,CAMP00000013,CH00000008,2021-03-05,224.91,Creative,
1505,CAMP00000013,CH00000012,2021-03-06,233.64,Agency,
1506,CAMP00000013,CH00000013,2021-03-07,199.8,Media,
1507,CAMP00000013,CH00000015,2021-03-07,216.05,Platform,
1508,CAMP00000013,CH00000010,2021-03-08,181.9,Agency,
1509,CAMP00000013,CH00000005,2021-03-09,137.35,Platform,
1510,CAMP00000013,CH00000004,2021-03-10,196.02,Creative,
1511,CAMP00000013,CH00000014,2021-03-10,230.51,Media,
1512,CAMP00000013,CH00000011,2021-03-11,215.89,Media,
1513,CAMP00000013,CH00000010,2021-03-12,194.94,Platform,
1514,CAMP00000013,CH00000014,2021-03-13,221.2,Creative,
1515,CAMP00000013,CH00000008,2021-03-13,178.79,Agency,
1516,CAMP00000013,CH00000012,2021-03-14,211.21,Platform,
1517,CAMP00000013,CH00000014,2021-03-15,151.1,Creative,
1518,CAMP00000013,CH00000002,2021-03-15,176.57,Media,
1519,CAMP00000013,CH00000015,2021-03-15,141.87,Platform,
1520,CAMP00000013,CH00000003,2021-03-16,208.7,Agency,
1521,CAMP00000013,CH00000008,2021-03-17,217.8,Media,
1522,CAMP00000013,CH00000007,2021-03-18,222.88,Agency,
1523,CAMP00000013,CH00000014,2021-03-19,234.88,Media,
1524,CAMP00000013,CH00000012,2021-03-20,214.81,Agency,
1525,CAMP00000013,CH00000014,2021-03-20,209.5,Creative,
1526,CAMP00000013,CH00000005,2021-03-21,133.64,Creative,
1527,CAMP00000013,CH00000012,2021-03-22,145.82,Platform,
1528,CAMP00000013,CH00000013,2021-03-22,156.01,Media,
1529,CAMP00000013,CH00000009,2021-03-22,158.58,Media,
1530,CAMP00000013,CH00000005,2021-03-23,143.92,Media,
1531,CAMP00000013,CH00000003,2021-03-23,160.72,Creative,
1532,CAMP00000013,CH  00000005,2021-03-23,196.34,Agency,
1533,CAMP00000013,CH00000010,2021-03-24,131.75,Agency,
1534,CAMP00000013,CH00000004,2021-03-24,149.23,Media,
1535,CAMP00000013,CH00000006,2021-03-24,221.84,Platform,
1536,CAMP00000013,CH00000013,2021-03-25,234.5,Platform,
1537,CAMP00000013,CH00000003,2021-03-25,132.35,Media,
1538,CAMP00000013,CH00000002,2021-03-25,218.99,Agency,
1539,CAMP00000013,CH00000012,2021-03-26,211.24,Agency,
1540,CAMP00000013,CH00000010,2021-03-26,151.76,Agency,
1541,CAMP00000013,CH00000002,2021-03-27,164.31,Media,
1542,CAMP00000013,CH00000006,2021-03-27,200.13,Media,
1543,CAMP00000013,CH00000001,2021-03-27,233.35,Agency,
1544,CAMP00000013,CH00000014,2021-03-28,153.59,Creative,
1545,CAMP00000013,CH00000008,2021-03-29,211.81,Platform,
1546,CAMP00000013,CH00000009,2021-03-30,131.27,Platform,
1547,CAMP00000013,CH  00000004,2021-03-30,134.65,Agency,
1548,CAMP00000013,CH  00000009,2021-03-31,147.31,Platform,
1549,CAMP00000013,CH00000013,2021-03-31,152.96,Media,
1550,CAMP00000013,CH00000001,2021-04-01,195.42,Platform,
1551,CAMP00000013,CH00000007,2021-04-02,198.0,Agency,
1552,CAMP00000013,CH00000007,2021-04-02,135.2,Creative,
1553,CAMP00000013,CH00000015,2021-04-02,217.25,Platform,
1554,CAMP  00000013,CH00000007,2021-04-03,126.74,Platform,
1555,CAMP00000013,CH  00000008,2021-04-03,135.51,Creative,
1556,CAMP00000013,CH00000001,2021-04-03,233.85,Creative,
1557,CAMP00000013,CH00000012,2021-04-04,175.37,Creative,
1558,CAMP00000013,CH00000003,2021-04-05,203.86,Platform,
1559,CAMP00000013,CH00000005,2021-04-05,187.09,Platform,
1560,CAMP00000013,CH00000002,2021-04-05,206.71,Media,
1561,CAMP00000013,CH00000003,2021-04-06,132.69,Media,
1562,CAMP00000013,CH00000001,2021-04-06,198.63,Creative,
1563,CAMP00000013,CH00000004,2021-04-06,223.99,Platform,
1564,CAMP00000013,CH00000012,2021-04-07,185.09,Agency,
1565,CAMP00000013,CH00000012,2021-04-08,173.03,Creative,
1566,CAMP00000013,CH00000011,2021-04-08,164.98,Platform,
1567,CAMP00000013,ch00000005,2021-04-08,146.04,Agency,
1568,CAMP00000013,CH  00000001,2021-04-09,147.52,Agency,
1569,CAMP00000013,CH00000010,2021-04-09,159.89,Agency,
1570,CAMP00000013,CH  00000008,2021-04-10,179.74,Agency,
1571,CAMP00000013,CH00000014,2021-04-10,205.11,Creative,
1572,CAMP00000013,CH00000014,2021-04-11,139.06,Platform,
1573,CAMP  00000013,CH00000009,2021-04-11,149.21,Creative,
1574,CAMP00000013,CH00000005,2021-04-11,179.31,Media,
1575,CAMP00000014,CH00000013,2021-11-19,105.23,Creative,
1576,CAMP00000014,CH00000012,2021-11-19,136.44,Platform,
1577,CAMP00000014,CH00000014,2021-11-20,112.91,Agency,
1578,CAMP00000014,CH00000008,2021-11-21,163.36,Creative,
1579,CAMP00000014,CH  00000012,2021-11-21,172.53,Agency,
1580,CAMP00000014,CH00000006,2021-11-22,181.15,Agency,
1581,CAMP00000014,ch00000014,2021-11-23,106.16,Media,
1582,CAMP00000014,CH00000008,2021-11-24,150.29,Agency,
1583,CAMP00000014,CH00000001,2021-11-25,179.45,Media,
1584,CAMP00000014,CH00000008,2021-11-25,118.06,Creative,
1585,CAMP00000014,CH00000012,2021-11-25,136.15,Agency,
1586,CAMP00000014,CH00000012,2021-11-26,124.42,Platform,
1587,CAMP00000014,CH00000004,2021-11-26,166.94,Agency,
1588,CAMP00000014,CH00000004,2021-11-26,192.06,Platform,
1589,CAMP00000014,CH00000001,2021-11-27,117.93,Platform,
1590,CAMP00000014,CH00000001,2021-11-27,143.86,Creative,
1591,CAMP00000014,CH00000014,2021-11-28,136.48,Agency,
1592,CAMP00000014,CH00000002,2021-11-28,110.05,Media,
1593,CAMP00000014,CH00000014,2021-11-29,115.43,Creative,
1594,CAMP00000014,CH00000007,2021-11-29,162.82,Media,
1595,CAMP00000014,CH00000004,2021-11-30,158.9,Creative,
1596,CAMP00000014,CH00000015,2021-12-01,135.0,Platform,
1597,CAMP00000014,CH  00000014,2021-12-01,124.65,Agency,
1598,CAMP00000014,CH00000013,2021-12-01,172.6,Platform,
1599,CAMP00000014,CH00000012,2021-12-02,152.36,Platform,
1600,CAMP00000014,CH00000004,2021-12-03,104.26,Creative,
1601,CAMP00000014,CH00000010,2021-12-03,152.86,Agency,
1602,CAMP00000014,CH00000006,2021-12-03,153.51,Creative,
1603,CAMP00000014,CH00000010,2021-12-04,121.97,Media,
1604,CAMP00000014,CH00000001,2021-12-04,146.09,Agency,
1605,CAMP  00000014,CH00000013,2021-12-04,176.26,Creative,
1606,CAMP00000014,CH00000004,2021-12-05,163.04,Agency,
1607,CAMP00000014,CH00000006,2021-12-05,156.94,Media,
1608,CAMP  00000014,CH00000007,2021-12-06,114.95,Agency,
1609,CAMP  00000014,CH00000011,2021-12-06,191.88,Platform,
1610,CAMP00000014,CH00000002,2021-12-06,145.04,Platform,
1611,CAMP00000014,CH00000003,2021-12-07,119.33,Platform,
1612,CAMP00000014,CH00000015,2021-12-07,120.88,Media,
1613,CAMP00000014,CH00000010,2021-12-08,121.56,Agency,
1614,CAMP00000014,CH00000003,2021-12-09,132.14,Platform,
1615,CAMP00000014,CH00000004,2021-12-09,181.15,Media,
1616,CAMP00000014,CH00000013,2021-12-09,172.86,Agency,
1617,CAMP00000014,CH00000003,2021-12-10,190.37,Platform,
1618,CAMP00000014,CH00000009,2021-12-11,162.96,Agency,
1619,CAMP00000014,CH  00000004,2021-12-11,128.51,Platform,
1620,CAMP00000014,CH00000009,2021-12-12,157.47,Media,
1621,CAMP00000014,CH00000009,2021-12-12,136.4,Platform,
1622,CAMP00000014,CH00000007,2021-12-12,173.9,Media,
1623,CAMP00000014,CH00000009,2021-12-13,132.89,Creative,
1624,CAMP00000014,CH00000001,2021-12-14,139.05,Media,
1625,CAMP00000014,CH00000008,2021-12-15,111.07,Media,
1626,CAMP00000014,CH00000003,2021-12-15,180.57,Agency,
1627,CAMP00000014,CH00000004,2021-12-15,108.5,Platform,
1628,CAMP  00000014,CH00000008,2021-12-16,154.83,Agency,
1629,CAMP00000014,CH00000004,2021-12-16,167.78,Media,
1630,CAMP00000014,CH00000009,2021-12-17,122.55,Media,
1631,CAMP00000014,CH00000011,2021-12-17,112.69,Media,
1632,CAMP00000014,CH00000002,2021-12-18,105.28,Platform,
1633,CAMP00000014,CH00000005,2021-12-19,111.7,Creative,
1634,CAMP00000014,CH00000002,2021-12-19,178.42,Platform,
1635,CAMP00000014,CH00000007,2021-12-19,160.95,Media,
1636,CAMP00000014,CH00000007,2021-12-20,166.7,Agency,
1637,CAMP00000014,CH00000004,2021-12-21,146.57,Creative,
1638,CAMP00000014,CH00000002,2021-12-22,146.93,Creative,
1639,CAMP00000014,CH00000006,2021-12-22,147.1,Agency,
1640,CAMP00000014,CH00000008,2021-12-22,118.06,Agency,
1641,CAMP00000014,CH00000012,2021-12-23,133.29,Platform,
1642,CAMP00000014,CH00000007,2021-12-24,137.83,Agency,
1643,CAMP00000014,CH  00000009,2021-12-25,160.31,Platform,
1644,CAMP00000014,CH00000001,2021-12-26,141.83,Media,
1645,CAMP00000014,CH00000015,2021-12-27,166.39,Agency,
1646,CAMP00000014,CH00000005,2021-12-28,124.74,Platform,
1647,CAMP00000014,CH00000013,2021-12-29,127.27,Platform,
1648,CAMP00000014,CH00000010,2021-12-29,176.9,Platform,
1649,CAMP00000014,CH00000010,2021-12-30,116.55,Platform,
1650,CAMP00000014,CH00000001,2021-12-31,186.23,Platform,
1651,CAMP00000014,CH00000004,2021-12-31,180.25,Platform,
1652,CAMP00000014,CH00000010,2021-12-31,142.76,Agency,
1653,CAMP00000014,CH00000015,2022-01-01,154.56,Creative,
1654,CAMP00000014,CH00000006,2022-01-01,122.94,Media,
1655,CAMP00000014,CH00000002,2022-01-02,184.49,Creative,
1656,CAMP00000014,CH00000012,2022-01-02,168.47,Platform,
1657,CAMP00000014,CH00000002,2022-01-02,179.54,Media,
1658,CAMP00000014,CH00000009,2022-01-03,126.98,Platform,
1659,CAMP00000014,CH  00000004,2022-01-03,149.81,Platform,
1660,CAMP00000014,CH00000006,2022-01-04,149.07,Agency,
1661,CAMP00000014,CH00000012,2022-01-05,161.63,Agency,
1662,CAMP00000014,CH00000012,2022-01-05,105.39,Media,
1663,CAMP00000014,CH00000004,2022-01-05,107.7,Media,
1664,camp00000014,CH00000013,2022-01-06,150.51,Media,
1665,CAMP00000014,CH00000015,2022-01-06,105.34,Creative,
1666,CAMP00000014,CH00000007,2022-01-07,177.68,Agency,
1667,CAMP  00000014,CH  00000011,2022-01-07,132.73,Creative,
1668,CAMP00000014,CH00000004,2022-01-07,175.75,Media,
1669,CAMP00000014,CH00000005,2022-01-08,137.79,Platform,
1670,CAMP00000014,CH00000002,2022-01-09,119.02,Creative,
1671,CAMP00000014,CH00000001,2022-01-10,125.67,Agency,
1672,CAMP00000014,CH00000004,2022-01-10,137.59,Media,
1673,CAMP00000014,CH00000014,2022-01-11,111.03,Platform,
1674,CAMP00000014,CH00000015,2022-01-11,163.95,Creative,
1675,CAMP  00000014,CH  00000014,2022-01-12,141.32,Platform,
1676,CAMP  00000014,CH00000007,2022-01-12,139.69,Creative,
1677,CAMP00000014,CH00000002,2022-01-12,159.13,Platform,
1678,CAMP00000014,CH00000012,2022-01-13,167.56,Media,
1679,CAMP00000014,CH00000008,2022-01-14,119.3,Creative,
1680,CAMP  00000014,CH00000013,2022-01-14,132.48,Platform,
1681,CAMP00000014,CH00000004,2022-01-14,117.05,Creative,
1682,CAMP00000014,CH00000014,2022-01-15,108.12,Media,
1683,CAMP  00000014,CH00000007,2022-01-15,185.73,,
1684,CAMP00000014,CH00000010,2022-01-15,155.26,Creative,
1685,CAMP00000014,CH00000011,2022-01-16,135.97,Platform,
1686,CAMP00000014,CH00000015,2022-01-16,153.25,Agency,
1687,CAMP00000014,CH00000002,2022-01-16,107.52,Media,
1688,CAMP00000014,CH  00000011,2022-01-17,180.23,Creative,
1689,CAMP00000014,CH00000008,2022-01-18,174.42,Agency,
1690,CAMP  00000014,CH00000013,2022-01-18,153.2,Creative,
1691,CAMP00000014,CH00000011,2022-01-18,118.34,Agency,
1692,CAMP00000014,CH00000006,2022-01-19,186.66,Platform,
1693,CAMP00000014,CH00000004,2022-01-20,104.51,Media,
1694,CAMP00000014,CH00000014,2022-01-20,167.3,Agency,
1695,CAMP00000014,CH00000013,2022-01-21,131.24,Agency,
1696,CAMP00000014,CH00000009,2022-01-21,127.95,Media,
1697,CAMP00000014,CH00000001,2022-01-22,127.76,Platform,
1698,CAMP00000014,CH00000012,2022-01-22,169.58,Creative,
1699,CAMP00000014,CH00000010,2022-01-22,140.68,Media,
1700,CAMP00000014,CH00000011,2022-01-23,148.43,Agency,
1701,CAMP00000014,CH00000006,2022-01-23,171.38,Agency,
1702,CAMP00000014,CH00000005,2022-01-23,158.35,Agency,
1703,CAMP00000015,CH00000011,2021-04-13,375.6,Agency,
1704,CAMP00000015,CH00000006,2021-04-14,249.86,Media,
1705,CAMP00000015,CH00000005,2021-04-14,245.31,Creative,
1706,CAMP00000015,CH00000009,2021-04-15,319.63,Agency,
1707,CAMP00000015,CH00000013,2021-04-15,369.27,,
1708,CAMP00000015,CH00000009,2021-04-15,286.18,Platform,
1709,CAMP00000015,CH00000012,2021-04-16,261.01,Agency,
1710,CAMP00000015,CH00000001,2021-04-16,300.28,Platform,
1711,CAMP00000015,CH00000002,2021-04-16,239.63,Creative,
1712,CAMP00000015,CH00000006,2021-04-17,360.98,Platform,
1713,CAMP00000015,CH00000007,2021-04-17,249.13,Creative,
1714,CAMP00000015,CH  00000006,2021-04-18,322.11,Platform,
1715,CAMP00000015,CH00000013,2021-04-19,269.5,Media,
1716,CAMP00000015,CH00000004,2021-04-20,320.54,Creative,
1717,CAMP00000015,CH  00000012,2021-04-20,269.03,Creative,
1718,CAMP00000015,CH00000004,2021-04-20,320.9,Agency,
1719,CAMP00000015,CH00000015,2021-04-21,313.14,Media,
1720,CAMP00000015,CH00000013,2021-04-21,232.75,Creative,
1721,CAMP00000015,CH00000002,2021-04-22,396.53,Media,
1722,CAMP00000015,CH00000011,2021-04-22,240.75,Media,
1723,CAMP00000015,CH00000014,2021-04-22,368.17,Agency,
1724,CAMP00000015,CH00000012,2021-04-23,361.82,Agency,
1725,CAMP00000015,CH00000003,2021-04-24,263.66,Agency,
1726,CAMP00000015,CH  00000004,2021-04-24,332.37,Media,
1727,camp00000015,CH00000003,2021-04-25,298.9,Platform,
1728,CAMP00000015,CH00000007,2021-04-25,227.66,Agency,
1729,CAMP00000015,CH00000014,2021-04-25,383.26,Media,
1730,CAMP00000015,CH00000012,2021-04-26,249.55,Media,
1731,CAMP00000015,CH00000011,2021-04-26,369.71,Media,
1732,CAMP00000015,CH00000013,2021-04-26,363.52,Agency,
1733,CAMP00000015,CH00000012,2021-04-27,276.42,Media,
1734,CAMP00000015,CH00000014,2021-04-27,308.53,Media,
1735,CAMP00000015,CH00000013,2021-04-28,349.02,Media,
1736,CAMP00000015,CH00000008,2021-04-28,403.4,Creative,
1737,CAMP00000015,CH00000001,2021-04-28,311.0,Platform,
1738,CAMP00000015,CH00000012,2021-04-29,296.57,Platform,
1739,CAMP00000015,CH00000007,2021-04-30,279.34,Platform,
1740,CAMP00000015,CH00000007,2021-04-30,284.3,Platform,
1741,CAMP00000015,CH00000012,2021-04-30,361.09,Agency,
1742,CAMP00000015,CH00000002,2021-05-01,235.46,Media,
1743,CAMP  00000015,CH00000011,2021-05-01,358.36,Creative,
1744,CAMP00000015,CH00000011,2021-05-01,312.16,Platform,
1745,CAMP00000016,CH00000007,2021-02-26,166.86,Media,
1746,CAMP00000016,CH00000009,2021-02-27,176.63,Agency,
1747,CAMP00000016,CH00000008,2021-02-27,233.51,Platform,
1748,CAMP00000016,CH00000004,2021-02-27,168.17,Media,
1749,CAMP00000016,CH00000007,2021-02-28,240.44,Creative,
1750,CAMP00000016,CH00000015,2021-03-01,157.23,Media,
1751,CAMP00000016,CH00000012,2021-03-01,208.84,Creative,
1752,CAMP  00000016,CH  00000005,2021-03-02,252.9,Agency,
1753,CAMP  00000016,CH00000005,2021-03-02,208.58,Media,
1754,CAMP00000016,CH00000008,2021-03-03,193.31,Agency,
1755,CAMP00000016,CH00000002,2021-03-03,254.93,Agency,
1756,CAMP00000016,CH00000006,2021-03-03,163.4,Agency,
1757,CAMP00000016,CH00000001,2021-03-04,191.12,Creative,
1758,CAMP00000016,CH00000008,2021-03-04,147.03,Agency,
1759,CAMP00000016,CH00000001,2021-03-05,236.79,Platform,
1760,CAMP00000016,CH00000014,2021-03-06,146.0,Creative,
1761,CAMP00000016,CH00000011,2021-03-06,202.32,Agency,
1762,CAMP00000016,CH00000001,2021-03-07,193.71,Media,
1763,CAMP00000016,CH00000012,2021-03-07,158.22,Agency,
1764,CAMP00000016,CH00000014,2021-03-07,179.11,Creative,
1765,CAMP00000016,CH00000001,2021-03-08,261.49,Creative,
1766,CAMP00000016,CH00000004,2021-03-08,245.58,Agency,
1767,CAMP  00000016,CH00000012,2021-03-08,255.31,Media,
1768,CAMP00000016,CH00000004,2021-03-09,152.19,Media,
1769,CAMP00000016,CH00000014,2021-03-09,150.66,Agency,
1770,CAMP00000016,CH00000005,2021-03-09,213.18,Platform,
1771,CAMP00000016,CH00000010,2021-03-10,263.72,Creative,
1772,CAMP00000016,CH00000001,2021-03-10,165.24,Platform,
1773,CAMP  00000016,CH00000004,2021-03-11,211.05,Platform,
1774,CAMP00000016,CH00000003,2021-03-11,176.72,Media,
1775,CAMP00000016,CH00000013,2021-03-11,198.4,Platform,
1776,CAMP00000016,CH00000014,2021-03-12,191.48,Media,
1777,CAMP00000016,CH00000002,2021-03-12,164.07,Media,
1778,CAMP00000016,CH  00000014,2021-03-12,192.4,Media,
1779,CAMP00000016,CH00000011,2021-03-13,193.54,Creative,
1780,CAMP  00000016,CH00000003,2021-03-13,176.59,Creative,
1781,CAMP00000016,CH00000014,2021-03-13,155.8,Agency,
1782,CAMP00000016,CH  00000009,2021-03-14,229.18,Platform,
1783,CAMP00000016,CH00000007,2021-03-15,181.99,Creative,
1784,CAMP00000016,CH00000006,2021-03-15,243.61,Media,
1785,CAMP  00000016,CH00000014,2021-03-16,175.33,Media,
1786,CAMP00000016,CH00000015,2021-03-16,165.23,Platform,
1787,CAMP00000016,CH00000015,2021-03-17,212.13,Media,
1788,CAMP00000016,CH00000012,2021-03-17,175.57,Platform,
1789,CAMP00000016,CH00000005,2021-03-17,198.66,Creative,
1790,CAMP00000016,CH00000001,2021-03-18,242.12,Media,
1791,CAMP00000016,CH00000004,2021-03-18,155.23,Creative,
1792,CAMP00000016,CH00000013,2021-03-18,250.71,Creative,
1793,CAMP00000016,CH00000007,2021-03-19,143.01,Creative,
1794,CAMP00000016,ch00000011,2021-03-20,217.21,Media,
1795,CAMP00000016,CH00000003,2021-03-21,187.13,Media,
1796,CAMP00000016,CH00000011,2021-03-22,148.81,Media,
1797,CAMP00000016,CH00000001,2021-03-22,143.74,Media,
1798,CAMP00000016,CH00000007,2021-03-23,220.87,Platform,
1799,CAMP00000016,CH00000007,2021-03-23,205.67,Platform,
1800,CAMP00000016,CH00000011,2021-03-23,234.23,Creative,
1801,CAMP00000016,CH00000005,2021-03-24,227.96,Media,
1802,CAMP00000016,CH00000001,2021-03-24,155.26,Agency,
1803,CAMP00000016,CH00000004,2021-03-25,207.36,Media,
1804,CAMP00000016,CH00000014,2021-03-25,159.28,Creative,
1805,CAMP00000016,ch00000014,2021-03-25,146.1,Agency,
1806,CAMP00000016,CH00000008,2021-03-26,195.12,Agency,
1807,CAMP00000016,CH00000007,2021-03-26,156.48,Creative,
1808,CAMP00000016,CH00000010,2021-03-27,190.22,Media,
1809,CAMP00000016,CH00000006,2021-03-27,146.77,Creative,
1810,CAMP  00000016,CH00000002,2021-03-28,189.17,Platform,
1811,CAMP00000016,CH00000001,2021-03-28,146.76,Platform,
1812,CAMP00000016,CH00000001,2021-03-29,199.92,Creative,
1813,CAMP00000016,CH00000006,2021-03-29,242.28,Media,
1814,CAMP00000016,CH00000010,2021-03-29,154.03,Media,
1815,CAMP00000016,CH00000003,2021-03-30,231.87,Media,
1816,CAMP00000016,CH00000014,2021-03-30,231.4,Platform,
1817,CAMP00000016,CH00000001,2021-03-31,213.6,Agency,
1818,CAMP00000016,CH00000009,2021-03-31,260.55,Media,
1819,CAMP00000016,CH00000002,2021-03-31,198.14,Creative,
1820,CAMP00000016,CH00000013,2021-04-01,172.5,Platform,
1821,CAMP00000016,CH00000001,2021-04-02,263.26,Media,
1822,CAMP00000016,CH00000002,2021-04-02,208.58,Creative,
1823,CAMP00000016,CH00000010,2021-04-03,258.99,Agency,
1824,CAMP00000016,CH00000009,2021-04-03,169.11,Platform,
1825,CAMP00000016,CH  00000010,2021-04-04,214.9,Agency,
1826,CAMP00000016,CH00000004,2021-04-04,234.32,Media,
1827,CAMP00000016,CH00000011,2021-04-04,163.4,Agency,
1828,CAMP00000016,CH00000010,2021-04-05,143.51,Creative,
1829,CAMP00000016,CH00000007,2021-04-06,172.49,Platform,
1830,CAMP00000016,CH00000007,2021-04-06,222.87,Creative,
1831,CAMP00000016,CH00000002,2021-04-07,157.8,Media,
1832,CAMP00000016,CH00000011,2021-04-07,165.83,Agency,
1833,CAMP00000016,CH00000002,2021-04-08,239.04,Platform,
1834,CAMP00000016,CH00000007,2021-04-08,249.03,Agency,
1835,CAMP  00000016,CH00000012,2021-04-09,145.2,Creative,
1836,CAMP00000016,CH00000012,2021-04-10,257.9,Creative,
1837,CAMP00000016,CH00000009,2021-04-10,158.75,Creative,
1838,CAMP00000016,CH  00000011,2021-04-10,179.85,Creative,
1839,CAMP00000016,CH00000006,2021-04-11,177.73,Creative,
1840,CAMP00000016,CH00000003,2021-04-11,212.87,Creative,
1841,CAMP00000016,CH00000010,2021-04-11,200.93,Media,
1842,CAMP00000016,CH00000004,2021-04-12,247.18,Creative,
1843,CAMP00000016,CH00000012,2021-04-12,145.51,Agency,
1844,CAMP00000016,CH00000015,2021-04-12,246.59,Media,
1845,CAMP00000016,CH00000001,2021-04-13,195.22,Creative,
1846,CAMP00000016,CH  00000001,2021-04-13,243.53,Platform,
1847,CAMP00000016,CH00000010,2021-04-14,175.0,Agency,
1848,CAMP  00000016,CH00000013,2021-04-14,215.66,Creative,
1849,CAMP00000016,CH00000006,2021-04-14,158.27,Agency,
1850,CAMP00000016,CH00000004,2021-04-15,156.47,Agency,
1851,CAMP00000016,CH00000015,2021-04-15,259.37,Agency,
1852,CAMP00000016,CH00000004,2021-04-15,231.11,Media,
1853,CAMP00000016,CH00000001,2021-04-16,183.9,Platform,
1854,CAMP00000016,CH00000002,2021-04-16,197.21,Media,
1855,CAMP00000016,CH00000004,2021-04-17,259.12,Media,
1856,camp00000016,CH00000004,2021-04-18,263.3,Platform,
1857,CAMP00000016,CH00000005,2021-04-18,150.38,Creative,
1858,CAMP00000016,CH00000001,2021-04-18,205.8,Agency,
1859,CAMP00000016,CH00000012,2021-04-19,169.07,Media,
1860,CAMP00000016,CH00000011,2021-04-19,149.48,Media,
1861,CAMP00000016,CH00000008,2021-04-20,158.21,Media,
1862,CAMP00000016,CH00000004,2021-04-20,255.34,Platform,
1863,CAMP00000016,CH00000014,2021-04-21,238.12,Media,
1864,CAMP00000016,CH00000013,2021-04-21,146.31,Creative,
1865,CAMP00000016,CH00000002,2021-04-22,200.07,Media,
1866,CAMP00000016,CH00000012,2021-04-22,167.4,Platform,
1867,CAMP00000016,CH00000007,2021-04-22,161.0,Agency,
1868,CAMP00000016,CH00000004,2021-04-23,186.48,Media,
1869,CAMP00000016,CH00000003,2021-04-23,231.09,Media,
1870,CAMP00000016,CH  00000011,2021-04-23,245.49,Creative,
1871,CAMP00000016,CH00000007,2021-04-24,173.63,,
1872,CAMP00000016,ch00000007,2021-04-25,250.6,Platform,
1873,CAMP00000016,CH00000005,2021-04-25,175.84,Agency,
1874,CAMP00000016,CH00000014,2021-04-26,219.1,Platform,
1875,CAMP00000016,CH00000015,2021-04-27,145.31,,
1876,CAMP00000016,CH00000008,2021-04-28,264.75,Agency,
1877,CAMP00000016,CH00000003,2021-04-28,175.19,Agency,
1878,CAMP00000016,CH00000008,2021-04-28,158.82,Creative,
1879,CAMP00000016,CH00000012,2021-04-29,153.11,Agency,
1880,CAMP00000016,CH00000009,2021-04-29,197.54,Creative,
1881,camp00000016,CH00000012,2021-04-29,175.74,Agency,
1882,CAMP00000016,CH00000003,2021-04-30,171.55,Creative,
1883,CAMP00000016,CH00000010,2021-04-30,176.04,Agency,
1884,CAMP00000016,CH00000001,2021-05-01,230.31,Creative,
1885,CAMP00000016,CH00000014,2021-05-01,155.78,Agency,
1886,CAMP00000016,CH00000009,2021-05-02,188.19,Media,
1887,CAMP00000016,CH00000009,2021-05-02,263.59,Agency,
1888,CAMP00000016,CH00000009,2021-05-02,184.47,Platform,
1889,CAMP00000016,CH00000003,2021-05-03,241.79,Agency,
1890,CAMP00000016,CH00000008,2021-05-04,204.43,Media,
1891,CAMP00000016,CH00000011,2021-05-04,160.82,Platform,
1892,CAMP00000016,CH00000007,2021-05-04,157.96,Platform,
1893,CAMP00000016,CH00000009,2021-05-05,204.92,Agency,
1894,CAMP00000016,CH00000012,2021-05-06,221.84,Platform,
1895,CAMP  00000016,CH00000004,2021-05-07,198.48,Creative,
1896,CAMP00000016,CH00000001,2021-05-07,164.19,Creative,
1897,CAMP00000016,CH00000009,2021-05-07,165.35,Agency,
1898,CAMP00000016,CH00000009,2021-05-08,158.67,Platform,
1899,CAMP00000016,CH00000001,2021-05-08,164.7,Creative,
1900,camp00000016,CH00000015,2021-05-08,236.78,Creative,
1901,CAMP00000016,CH00000010,2021-05-09,249.46,Creative,
1902,CAMP00000016,CH00000012,2021-05-10,223.69,Platform,
1903,CAMP00000016,CH00000014,2021-05-10,258.54,Creative,
1904,CAMP  00000016,CH00000012,2021-05-10,221.92,Creative,
1905,CAMP00000016,CH00000012,2021-05-11,250.3,Agency,
1906,CAMP00000016,CH00000005,2021-05-11,201.81,Media,
1907,CAMP  00000016,CH00000015,2021-05-11,225.58,Platform,
1908,CAMP00000016,CH00000004,2021-05-12,188.96,Platform,
1909,CAMP00000016,CH00000013,2021-05-12,181.15,Media,
1910,CAMP00000016,CH00000003,2021-05-13,143.53,Creative,
1911,CAMP00000016,CH00000001,2021-05-14,185.35,Creative,
1912,CAMP00000016,CH00000008,2021-05-15,234.94,Platform,
1913,CAMP  00000016,CH00000011,2021-05-15,145.54,Agency,
1914,CAMP00000016,CH00000006,2021-05-16,172.13,Creative,
1915,CAMP00000016,CH00000013,2021-05-17,158.32,Creative,
1916,CAMP00000016,CH00000002,2021-05-17,221.47,Creative,
1917,CAMP00000017,CH00000009,2022-07-14,543.02,Media,
1918,CAMP00000017,CH00000008,2022-07-14,522.25,Creative,
1919,CAMP00000017,CH00000001,2022-07-14,571.68,Agency,
1920,CAMP00000017,CH00000015,2022-07-15,536.15,Media,
1921,CAMP00000017,CH00000008,2022-07-15,408.3,Creative,
1922,CAMP00000017,CH00000006,2022-07-16,481.46,Platform,
1923,CAMP00000017,CH00000004,2022-07-17,553.45,Platform,
1924,CAMP00000017,CH00000009,2022-07-18,516.92,Agency,
1925,CAMP00000017,CH00000011,2022-07-18,543.74,Agency,
1926,CAMP00000017,CH00000003,2022-07-19,530.06,Creative,
1927,CAMP00000017,CH  00000013,2022-07-19,520.81,Platform,
1928,CAMP00000017,CH00000013,2022-07-19,402.31,Creative,
1929,CAMP00000017,CH00000015,2022-07-20,512.86,Agency,
1930,CAMP00000017,CH00000006,2022-07-20,577.76,Platform,
1931,CAMP00000017,CH00000007,2022-07-20,548.04,Platform,
1932,CAMP00000017,CH00000011,2022-07-21,445.73,Media,
1933,CAMP00000017,CH00000010,2022-07-21,445.3,Agency,
1934,CAMP00000017,CH00000009,2022-07-21,428.0,Agency,
1935,CAMP00000017,CH00000001,2022-07-22,472.79,Media,
1936,CAMP00000017,CH00000014,2022-07-22,586.56,Agency,
1937,CAMP00000017,CH00000010,2022-07-23,383.79,Creative,
1938,CAMP00000017,CH00000003,2022-07-23,622.38,Media,
1939,CAMP00000017,CH00000013,2022-07-23,414.24,Agency,
1940,CAMP00000017,CH00000010,2022-07-24,365.83,Agency,
1941,CAMP00000017,CH00000002,2022-07-24,457.94,Media,
1942,CAMP00000017,CH00000013,2022-07-24,527.96,Media,
1943,CAMP00000017,CH00000006,2022-07-25,349.26,Platform,
1944,CAMP00000017,CH00000001,2022-07-25,627.24,Creative,
1945,CAMP00000017,CH00000012,2022-07-25,542.6,Creative,
1946,CAMP00000017,CH00000012,2022-07-26,362.33,Media,
1947,CAMP00000017,CH00000008,2022-07-27,627.5,Media,
1948,CAMP00000017,CH00000009,2022-07-27,515.13,Platform,
1949,CAMP00000017,CH  00000006,2022-07-28,347.36,Creative,
1950,CAMP00000017,CH00000001,2022-07-29,589.48,Media,
1951,CAMP00000017,CH00000013,2022-07-29,402.3,Platform,
1952,CAMP00000017,CH00000009,2022-07-29,403.03,Media,
1953,CAMP00000017,CH00000009,2022-07-30,638.0,Creative,
1954,CAMP00000017,CH00000012,2022-07-31,527.04,Media,
1955,CAMP00000017,CH00000015,2022-08-01,633.48,Platform,
1956,CAMP00000017,CH00000002,2022-08-01,458.24,Media,
1957,CAMP00000017,CH00000009,2022-08-02,441.37,Platform,
1958,CAMP00000017,CH00000007,2022-08-03,408.3,Platform,
1959,CAMP00000017,CH00000011,2022-08-04,568.87,Media,
1960,CAMP00000017,CH00000008,2022-08-04,619.86,Media,
1961,CAMP00000017,CH00000001,2022-08-04,576.83,Creative,
1962,CAMP00000017,CH00000005,2022-08-05,499.41,Platform,
1963,CAMP00000017,CH00000015,2022-08-05,572.29,Platform,
1964,CAMP00000017,CH00000015,2022-08-05,441.23,Agency,
1965,CAMP00000017,CH00000011,2022-08-06,449.97,Creative,
1966,CAMP00000017,CH00000007,2022-08-06,540.24,Media,
1967,camp00000017,CH00000014,2022-08-07,589.43,Platform,
1968,CAMP00000017,CH00000015,2022-08-08,371.5,Agency,
1969,CAMP00000017,CH00000013,2022-08-08,431.14,Agency,
1970,CAMP00000017,CH  00000014,2022-08-08,357.32,Platform,
1971,CAMP00000017,CH00000005,2022-08-09,569.08,Platform,
1972,CAMP00000017,ch00000009,2022-08-09,576.52,Platform,
1973,CAMP00000017,CH00000003,2022-08-10,611.48,Media,
1974,CAMP00000017,CH00000010,2022-08-10,436.72,Media,
1975,CAMP00000017,ch00000011,2022-08-10,439.45,Agency,
1976,CAMP00000017,CH00000007,2022-08-11,427.08,Agency,
1977,CAMP00000017,CH  00000003,2022-08-11,358.33,Platform,
1978,CAMP00000017,CH00000009,2022-08-11,589.83,Creative,
1979,CAMP00000017,CH00000011,2022-08-12,404.73,Media,
1980,CAMP00000017,CH00000013,2022-08-13,462.79,Creative,
1981,CAMP00000017,CH00000008,2022-08-14,544.13,Media,
1982,CAMP00000017,CH00000005,2022-08-15,526.46,Platform,
1983,CAMP00000017,CH00000005,2022-08-15,630.39,Media,
1984,CAMP00000017,CH00000003,2022-08-15,594.58,Media,
1985,CAMP00000017,CH00000014,2022-08-16,411.23,Creative,
1986,CAMP00000017,CH00000014,2022-08-17,376.06,Agency,
1987,CAMP00000017,CH00000012,2022-08-17,462.19,Agency,
1988,CAMP00000017,CH00000007,2022-08-18,377.85,Media,
1989,CAMP00000017,CH00000002,2022-08-19,497.12,Agency,
1990,CAMP  00000017,CH00000015,2022-08-19,411.47,Agency,
1991,CAMP00000017,ch00000003,2022-08-19,532.9,Creative,
1992,CAMP  00000017,CH00000011,2022-08-20,587.26,Media,
1993,CAMP00000017,CH00000003,2022-08-20,526.46,Platform,
1994,CAMP00000017,CH00000011,2022-08-21,477.64,Agency,
1995,CAMP00000017,CH00000014,2022-08-22,408.07,Platform,
1996,CAMP00000017,CH00000007,2022-08-23,562.39,Platform,
1997,CAMP00000017,CH00000011,2022-08-23,350.38,Creative,
1998,CAMP00000017,CH00000011,2022-08-24,627.36,Creative,
1999,CAMP00000017,CH00000008,2022-08-25,422.2,Platform,
2000,CAMP00000017,CH00000014,2022-08-25,575.75,Media,
2001,CAMP00000017,CH00000006,2022-08-26,568.49,Creative,
2002,CAMP00000017,CH00000003,2022-08-26,427.1,Platform,
2003,CAMP00000017,CH00000002,2022-08-27,627.76,Media,
2004,CAMP00000017,CH00000009,2022-08-27,521.34,Media,
2005,CAMP00000017,CH00000002,2022-08-28,620.31,Media,
2006,CAMP00000017,CH00000005,2022-08-28,479.39,Platform,
2007,CAMP00000017,CH00000013,2022-08-29,450.04,Platform,
2008,CAMP00000017,CH00000007,2022-08-29,538.11,Creative,
2009,CAMP00000017,CH00000012,2022-08-29,377.51,Media,
2010,CAMP00000017,CH00000013,2022-08-30,511.93,Platform,
2011,camp00000017,CH  00000010,2022-08-30,450.27,Creative,
2012,CAMP00000017,CH00000011,2022-08-30,601.1,Media,
2013,CAMP00000017,CH00000005,2022-08-31,637.8,Agency,
2014,CAMP00000017,CH00000009,2022-08-31,538.98,Media,
2015,camp00000018,CH00000004,2021-07-01,496.66,Creative,
2016,CAMP00000018,CH  00000009,2021-07-01,392.21,Media,
2017,CAMP00000018,CH00000003,2021-07-01,558.72,Creative,
2018,CAMP00000018,CH00000009,2021-07-02,640.32,Media,
2019,CAMP00000018,CH00000010,2021-07-03,573.49,Agency,
2020,CAMP00000018,CH00000002,2021-07-03,607.33,Platform,
2021,CAMP00000018,CH00000007,2021-07-03,555.95,Creative,
2022,CAMP00000018,CH00000010,2021-07-04,396.49,Agency,
2023,CAMP00000018,CH00000001,2021-07-05,458.26,Media,
2024,CAMP00000018,CH00000004,2021-07-05,618.85,Agency,
2025,CAMP00000018,CH00000002,2021-07-05,467.89,Creative,
2026,CAMP00000018,CH00000011,2021-07-06,658.01,Media,
2027,CAMP00000018,CH00000009,2021-07-07,443.15,Platform,
2028,CAMP00000018,CH00000009,2021-07-07,514.23,Agency,
2029,CAMP00000018,CH00000013,2021-07-08,410.28,Media,
2030,CAMP00000018,CH00000004,2021-07-08,612.92,Media,
2031,CAMP00000018,CH00000013,2021-07-08,638.38,Creative,
2032,camp00000018,CH00000003,2021-07-09,591.19,Creative,
2033,CAMP00000018,CH00000009,2021-07-09,545.38,Agency,
2034,CAMP00000018,CH  00000010,2021-07-09,444.78,Creative,
2035,CAMP00000018,CH00000012,2021-07-10,380.36,Media,
2036,CAMP00000018,CH00000009,2021-07-11,605.48,Platform,
2037,CAMP00000018,CH  00000008,2021-07-11,480.64,Agency,
2038,CAMP00000018,CH00000010,2021-07-12,479.91,Platform,
2039,CAMP00000018,CH00000002,2021-07-13,608.47,Creative,
2040,CAMP00000018,CH00000011,2021-07-13,509.58,Creative,
2041,CAMP00000018,CH00000011,2021-07-13,364.61,Platform,
2042,CAMP00000018,CH00000011,2021-07-14,666.43,Media,
2043,CAMP00000018,CH00000014,2021-07-14,389.06,Platform,
2044,CAMP  00000018,CH00000009,2021-07-15,419.02,Media,
2045,CAMP00000018,CH00000006,2021-07-15,568.52,Creative,
2046,CAMP00000018,CH00000009,2021-07-16,385.94,Creative,
2047,CAMP00000018,CH00000014,2021-07-17,383.07,Agency,
2048,CAMP00000018,CH00000015,2021-07-17,439.94,Agency,
2049,CAMP00000018,CH00000003,2021-07-18,386.72,Platform,
2050,CAMP00000018,CH00000011,2021-07-19,368.79,Agency,
2051,CAMP00000018,CH00000004,2021-07-19,412.82,Media,
2052,CAMP00000018,CH00000008,2021-07-20,561.86,Creative,
2053,CAMP00000018,CH00000005,2021-07-20,506.12,Platform,
2054,CAMP00000018,CH00000004,2021-07-21,382.77,Creative,
2055,CAMP00000018,CH00000008,2021-07-21,462.66,Media,
2056,CAMP00000018,CH00000003,2021-07-22,539.34,Platform,
2057,CAMP00000018,CH00000011,2021-07-23,623.82,Media,
2058,CAMP00000018,CH00000014,2021-07-24,444.5,Agency,
2059,CAMP00000018,CH00000015,2021-07-24,519.59,Platform,
2060,CAMP00000018,CH00000009,2021-07-25,420.26,Platform,
2061,CAMP00000018,CH00000001,2021-07-25,506.21,Media,
2062,CAMP00000018,CH00000015,2021-07-26,429.59,Media,
2063,CAMP00000018,CH  00000007,2021-07-27,439.28,Creative,
2064,CAMP00000018,CH00000009,2021-07-27,486.05,Agency,
2065,CAMP  00000018,CH00000002,2021-07-28,372.07,Creative,
2066,CAMP00000018,CH00000006,2021-07-28,400.86,Media,
2067,CAMP00000018,CH00000010,2021-07-29,537.14,Creative,
2068,CAMP  00000018,CH00000001,2021-07-29,642.65,Creative,
2069,CAMP00000018,CH00000010,2021-07-30,615.69,Creative,
2070,CAMP00000018,CH00000011,2021-07-30,556.39,Media,
2071,CAMP00000018,CH00000005,2021-07-31,595.66,Agency,
2072,CAMP00000018,CH00000009,2021-07-31,628.51,Agency,
2073,CAMP  00000018,CH  00000008,2021-08-01,608.36,Media,
2074,CAMP00000018,CH00000002,2021-08-01,394.31,Creative,
2075,CAMP00000018,CH00000009,2021-08-02,477.27,Agency,
2076,CAMP00000018,CH00000013,2021-08-02,420.5,Creative,
2077,CAMP00000018,CH00000003,2021-08-02,635.06,Agency,
2078,CAMP00000018,CH00000008,2021-08-03,584.85,Platform,
2079,CAMP00000018,CH00000015,2021-08-03,600.48,Media,
2080,CAMP00000018,CH00000010,2021-08-04,609.19,Platform,
2081,CAMP00000018,CH00000008,2021-08-04,393.38,Media,
2082,CAMP  00000018,CH00000004,2021-08-05,528.31,Creative,
2083,CAMP00000018,CH00000010,2021-08-05,563.42,Platform,
2084,CAMP00000018,CH00000009,2021-08-05,537.99,Creative,
2085,CAMP00000018,CH00000007,2021-08-06,379.31,Creative,
2086,CAMP00000018,CH  00000009,2021-08-06,609.52,Media,
2087,CAMP00000018,CH00000014,2021-08-06,497.45,Agency,
2088,CAMP00000018,CH00000013,2021-08-07,589.41,Media,
2089,CAMP00000018,CH00000002,2021-08-07,535.47,Agency,
2090,CAMP00000018,CH  00000009,2021-08-07,483.27,Creative,
2091,CAMP00000018,CH00000011,2021-08-08,443.84,Agency,
2092,CAMP00000018,CH00000003,2021-08-08,658.95,Media,
2093,CAMP00000018,CH00000006,2021-08-08,509.27,Agency,
2094,CAMP00000019,CH00000009,2021-02-20,367.15,Creative,
2095,CAMP00000019,CH00000014,2021-02-20,244.26,Media,
2096,CAMP00000019,CH00000005,2021-02-20,311.76,Platform,
2097,CAMP00000019,CH00000011,2021-02-21,216.43,Agency,
2098,CAMP00000019,ch00000012,2021-02-21,232.38,Creative,
2099,CAMP00000019,CH  00000009,2021-02-22,289.19,Creative,
2100,CAMP00000019,CH00000007,2021-02-23,296.69,Creative,
2101,CAMP00000019,CH00000014,2021-02-23,254.44,Platform,
2102,CAMP00000019,CH00000007,2021-02-23,232.88,Agency,
2103,CAMP00000019,CH00000003,2021-02-24,282.4,Media,
2104,CAMP00000019,CH00000001,2021-02-24,349.66,Agency,
2105,CAMP00000019,CH00000001,2021-02-25,323.24,Media,
2106,CAMP00000019,CH00000003,2021-02-25,258.56,Media,
2107,CAMP00000019,CH  00000004,2021-02-25,326.78,Platform,
2108,CAMP00000019,CH00000007,2021-02-26,307.38,Platform,
2109,CAMP00000019,CH00000001,2021-02-26,279.56,Agency,
2110,CAMP00000019,CH00000009,2021-02-27,223.1,Platform,
2111,CAMP00000019,CH00000002,2021-02-27,241.26,Agency,
2112,CAMP00000019,CH00000015,2021-02-28,222.97,Agency,
2113,CAMP00000019,CH00000014,2021-02-28,329.04,Creative,
2114,CAMP00000019,CH00000007,2021-03-01,312.31,Creative,
2115,CAMP00000019,CH00000010,2021-03-01,207.71,Agency,
2116,CAMP00000019,CH00000004,2021-03-02,292.44,Platform,
2117,CAMP00000019,CH00000002,2021-03-02,372.98,Agency,
2118,CAMP00000019,CH00000012,2021-03-02,345.31,Platform,
2119,CAMP  00000019,CH00000011,2021-03-03,331.62,Agency,
2120,CAMP00000019,CH  00000001,2021-03-03,282.53,Creative,
2121,CAMP00000019,CH00000011,2021-03-04,351.18,Agency,
2122,CAMP00000019,CH00000009,2021-03-04,353.01,Agency,
2123,CAMP  00000019,CH00000009,2021-03-04,341.38,Agency,
2124,CAMP00000019,CH00000009,2021-03-05,290.34,Agency,
2125,CAMP00000019,CH00000005,2021-03-05,294.17,Agency,
2126,CAMP00000019,CH00000001,2021-03-06,331.67,Agency,
2127,CAMP00000019,CH00000013,2021-03-06,300.97,Media,
2128,CAMP00000019,CH00000005,2021-03-07,352.25,Media,
2129,CAMP00000019,CH00000005,2021-03-08,276.89,Media,
2130,CAMP00000019,CH00000005,2021-03-09,355.48,Media,
2131,CAMP00000019,CH00000002,2021-03-09,213.09,Platform,
2132,CAMP00000019,CH00000003,2021-03-10,267.41,Creative,
2133,CAMP00000019,CH00000006,2021-03-11,270.08,Creative,
2134,CAMP00000019,ch00000008,2021-03-12,303.03,Media,
2135,CAMP00000019,CH00000014,2021-03-12,366.24,Agency,
2136,CAMP00000019,CH00000014,2021-03-12,241.58,Creative,
2137,camp00000019,CH00000007,2021-03-13,268.37,Platform,
2138,CAMP00000019,CH00000009,2021-03-13,253.03,Platform,
2139,CAMP00000019,CH00000010,2021-03-14,328.93,Platform,
2140,CAMP00000019,CH00000005,2021-03-14,269.73,Media,
2141,CAMP00000019,CH00000013,2021-03-14,264.1,Creative,
2142,CAMP00000019,CH00000003,2021-03-15,264.42,Creative,
2143,CAMP00000019,CH00000004,2021-03-15,316.42,Creative,
2144,CAMP00000019,CH00000011,2021-03-16,303.57,Platform,
2145,CAMP00000019,CH00000006,2021-03-17,305.4,Creative,
2146,CAMP00000019,CH00000007,2021-03-17,282.54,Agency,
2147,CAMP00000019,CH00000001,2021-03-18,279.93,Platform,
2148,CAMP00000019,CH00000013,2021-03-19,234.31,Media,
2149,CAMP00000019,CH00000007,2021-03-19,321.52,Creative,
2150,CAMP00000019,CH00000003,2021-03-20,217.78,Platform,
2151,CAMP00000019,CH00000001,2021-03-20,285.5,Creative,
2152,CAMP00000019,CH00000001,2021-03-21,298.74,Media,
2153,CAMP00000019,CH00000012,2021-03-22,268.7,Creative,
2154,CAMP00000019,CH00000007,2021-03-22,311.22,Platform,
2155,CAMP00000019,CH00000003,2021-03-22,231.71,Media,
2156,CAMP00000019,CH00000002,2021-03-23,319.03,Creative,
2157,CAMP00000019,CH00000003,2021-03-23,270.8,Platform,
2158,CAMP00000019,CH00000001,2021-03-23,212.75,Creative,
2159,CAMP00000019,CH00000015,2021-03-24,210.1,Agency,
2160,CAMP00000019,CH00000002,2021-03-24,352.94,Platform,
2161,CAMP00000019,CH00000013,2021-03-24,346.34,Creative,
2162,CAMP00000019,CH00000008,2021-03-25,358.07,Creative,
2163,CAMP00000019,CH00000007,2021-03-25,213.53,Creative,
2164,CAMP00000019,CH00000006,2021-03-26,226.55,Creative,
2165,CAMP00000019,CH00000014,2021-03-26,326.27,Agency,
2166,CAMP00000019,CH00000008,2021-03-26,332.53,Agency,
2167,CAMP00000019,CH00000004,2021-03-27,240.23,Media,
2168,CAMP00000019,CH00000008,2021-03-27,284.18,Platform,
2169,CAMP00000019,CH00000005,2021-03-27,368.3,Creative,
2170,CAMP00000019,CH00000009,2021-03-28,306.9,Agency,
2171,CAMP00000019,CH00000006,2021-03-28,224.89,Platform,
2172,CAMP00000019,CH00000008,2021-03-28,241.43,Creative,
2173,CAMP00000019,CH00000009,2021-03-29,287.32,Agency,
2174,CAMP00000019,CH00000011,2021-03-29,233.11,Platform,
2175,CAMP00000019,CH00000006,2021-03-29,264.68,Creative,
2176,camp00000019,CH00000009,2021-03-30,211.51,Agency,
2177,CAMP00000019,CH00000009,2021-03-30,334.26,Platform,
2178,CAMP00000019,CH00000014,2021-03-30,254.16,Agency,
2179,CAMP00000019,CH00000001,2021-03-31,248.85,Creative,
2180,CAMP00000019,CH00000005,2021-03-31,293.03,Creative,
2181,CAMP00000019,CH00000012,2021-03-31,287.28,Platform,
2182,camp  00000019,CH00000010,2021-04-01,336.17,Agency,
2183,CAMP00000019,CH00000003,2021-04-02,305.7,Media,
2184,CAMP00000019,CH  00000001,2021-04-02,279.22,Platform,
2185,CAMP00000019,CH00000014,2021-04-02,292.68,Agency,
2186,CAMP00000019,CH00000011,2021-04-03,218.6,Agency,
2187,CAMP00000019,CH00000010,2021-04-04,324.17,Creative,
2188,CAMP00000019,CH00000009,2021-04-04,328.15,Media,
2189,CAMP00000019,CH00000011,2021-04-04,216.68,Agency,
2190,CAMP00000019,CH00000014,2021-04-05,365.16,Agency,
2191,CAMP00000019,CH  00000009,2021-04-05,298.61,Platform,
2192,CAMP00000019,CH00000002,2021-04-06,281.48,Creative,
2193,CAMP00000019,CH00000006,2021-04-06,367.32,Platform,
2194,CAMP00000019,CH00000003,2021-04-06,225.13,Creative,
2195,CAMP00000019,CH00000008,2021-04-07,340.33,Media,
2196,CAMP00000019,CH00000009,2021-04-08,335.77,Media,
2197,CAMP00000020,CH00000012,2022-08-09,788.87,Agency,
2198,CAMP00000020,CH00000002,2022-08-09,685.51,Media,
2199,CAMP00000020,ch00000012,2022-08-09,656.42,Media,
2200,CAMP00000020,CH00000003,2022-08-10,1015.1,Creative,
2201,CAMP00000020,CH00000002,2022-08-10,649.28,Creative,
2202,CAMP00000020,CH00000014,2022-08-10,744.97,Platform,
2203,CAMP00000020,CH00000014,2022-08-11,701.53,Media,
2204,CAMP00000020,CH00000001,2022-08-11,679.3,Creative,
2205,CAMP00000020,CH00000002,2022-08-12,783.75,Agency,
2206,CAMP00000020,CH00000014,2022-08-12,981.14,Media,
2207,CAMP00000020,CH00000007,2022-08-12,1020.17,Media,
2208,CAMP00000020,CH00000004,2022-08-13,907.23,Agency,
2209,CAMP00000020,CH00000012,2022-08-13,696.27,,
2210,CAMP00000020,CH00000012,2022-08-14,791.88,Agency,
2211,CAMP00000020,CH00000004,2022-08-15,969.27,Platform,
2212,CAMP00000020,CH00000010,2022-08-15,763.95,Platform,
2213,CAMP00000020,CH00000015,2022-08-15,583.87,Creative,
2214,CAMP00000020,CH00000012,2022-08-16,589.38,Agency,
2215,CAMP00000020,CH00000005,2022-08-16,988.94,Creative,
2216,CAMP00000020,CH00000006,2022-08-16,938.15,Platform,
2217,CAMP00000020,CH00000007,2022-08-17,1014.39,Platform,
2218,CAMP00000020,CH00000006,2022-08-17,930.81,Platform,
2219,CAMP  00000020,CH00000009,2022-08-18,695.47,Platform,
2220,CAMP00000020,CH00000008,2022-08-18,637.46,Creative,
2221,CAMP00000020,CH00000009,2022-08-18,670.75,Media,
2222,CAMP00000020,CH00000005,2022-08-19,686.19,Platform,
2223,CAMP00000020,CH00000010,2022-08-20,800.98,Media,
2224,CAMP00000020,CH00000004,2022-08-21,1030.92,Creative,
2225,CAMP00000020,CH00000008,2022-08-21,857.4,Platform,
2226,CAMP00000020,CH00000015,2022-08-21,781.66,Platform,
2227,camp  00000020,CH00000010,2022-08-22,909.5,Creative,
2228,CAMP00000020,CH00000013,2022-08-22,652.36,Creative,
2229,CAMP00000020,CH00000001,2022-08-23,830.11,Media,
2230,CAMP00000020,CH00000007,2022-08-23,699.26,Agency,
2231,CAMP00000020,CH00000004,2022-08-24,723.48,Platform,
2232,CAMP00000020,CH00000012,2022-08-24,575.59,Agency,
2233,CAMP00000020,CH00000007,2022-08-25,848.1,Platform,
2234,CAMP00000020,CH00000008,2022-08-25,797.64,Platform,
2235,CAMP00000020,CH00000015,2022-08-26,669.46,Agency,
2236,CAMP00000020,CH00000013,2022-08-26,880.86,Media,
2237,CAMP00000021,CH00000008,2021-01-20,1240.09,Media,
2238,CAMP00000021,CH00000011,2021-01-20,1274.64,Media,
2239,CAMP00000021,CH00000003,2021-01-21,1237.67,Creative,
2240,CAMP00000021,CH00000009,2021-01-21,933.12,Platform,
2241,CAMP00000021,CH00000002,2021-01-21,1283.72,Creative,
2242,CAMP00000021,CH00000012,2021-01-22,1121.59,Platform,
2243,CAMP00000021,CH00000014,2021-01-22,691.48,Agency,
2244,CAMP00000021,CH00000008,2021-01-22,1208.6,Platform,
2245,CAMP00000021,CH00000013,2021-01-23,757.79,Media,
2246,CAMP00000021,CH  00000013,2021-01-23,878.95,Creative,
2247,CAMP00000021,CH00000008,2021-01-23,1047.71,Media,
2248,CAMP00000021,CH  00000014,2021-01-24,1074.65,Media,
2249,CAMP00000021,CH00000003,2021-01-24,797.66,,
2250,CAMP00000021,CH00000011,2021-01-25,1037.63,Creative,
2251,CAMP00000021,CH00000012,2021-01-25,787.52,Media,
2252,CAMP00000021,CH00000009,2021-01-25,868.98,Agency,
2253,CAMP00000021,CH00000015,2021-01-26,1209.15,Agency,
2254,CAMP00000021,CH00000006,2021-01-26,1028.93,Creative,
2255,CAMP00000021,CH  00000014,2021-01-26,1030.18,Agency,
2256,CAMP00000021,CH00000015,2021-01-27,1219.13,Platform,
2257,CAMP00000021,CH00000013,2021-01-27,902.07,Platform,
2258,CAMP00000021,CH00000008,2021-01-28,742.39,Platform,
2259,CAMP00000021,CH00000009,2021-01-29,872.72,Platform,
2260,CAMP00000021,CH00000015,2021-01-30,1075.21,Media,
2261,CAMP00000021,CH00000011,2021-01-30,887.58,Platform,
2262,CAMP00000021,CH00000004,2021-01-30,1107.14,Agency,
2263,CAMP00000021,CH00000002,2021-01-31,1007.13,Media,
2264,CAMP00000021,CH00000002,2021-01-31,743.61,Media,
2265,CAMP00000021,CH00000002,2021-02-01,1177.85,Platform,
2266,CAMP00000021,CH00000012,2021-02-01,1275.86,Agency,
2267,CAMP00000021,CH00000011,2021-02-01,1242.0,Media,
2268,CAMP00000021,ch00000005,2021-02-02,954.19,Agency,
2269,CAMP00000021,CH00000013,2021-02-02,1228.32,Creative,
2270,CAMP00000021,CH00000008,2021-02-02,921.96,Creative,
2271,CAMP00000021,CH00000015,2021-02-03,837.07,Media,
2272,CAMP00000021,CH00000012,2021-02-03,1204.79,Agency,
2273,CAMP00000021,CH00000015,2021-02-04,751.31,Platform,
2274,CAMP00000021,CH00000008,2021-02-04,1029.14,Agency,
2275,CAMP00000021,CH00000010,2021-02-04,983.58,Platform,
2276,CAMP00000021,CH00000012,2021-02-05,1128.57,Agency,
2277,CAMP00000021,CH00000010,2021-02-06,907.27,Creative,
2278,CAMP00000021,CH00000005,2021-02-06,1267.14,Platform,
2279,CAMP00000022,CH  00000013,2021-11-22,88.78,Platform,
2280,CAMP00000022,CH00000015,2021-11-22,103.57,Agency,
2281,CAMP00000022,CH00000001,2021-11-22,68.31,Agency,
2282,CAMP00000022,CH00000008,2021-11-23,94.23,Agency,
2283,CAMP00000022,CH  00000006,2021-11-24,110.61,,
2284,CAMP00000022,CH00000008,2021-11-24,73.35,Agency,
2285,CAMP00000022,CH00000009,2021-11-25,112.88,Platform,
2286,CAMP00000022,CH00000003,2021-11-25,98.59,Agency,
2287,CAMP00000022,CH00000014,2021-11-26,99.44,Agency,
2288,CAMP00000022,CH00000001,2021-11-27,84.08,Creative,
2289,CAMP00000022,CH00000013,2021-11-28,69.94,Platform,
2290,CAMP00000022,ch00000004,2021-11-28,83.5,Platform,
2291,CAMP00000022,CH00000006,2021-11-28,78.35,Agency,
2292,CAMP00000022,CH00000009,2021-11-29,112.31,Agency,
2293,CAMP00000022,CH00000012,2021-11-29,99.3,Creative,
2294,CAMP00000022,CH00000014,2021-11-30,77.16,Agency,
2295,CAMP00000022,CH00000013,2021-11-30,86.6,Agency,
2296,CAMP00000022,CH00000012,2021-11-30,113.04,Agency,
2297,CAMP00000022,CH00000002,2021-12-01,114.18,Platform,
2298,CAMP00000022,CH00000003,2021-12-02,82.02,Creative,
2299,CAMP00000022,CH00000009,2021-12-02,118.42,Media,
2300,CAMP00000022,CH00000009,2021-12-03,103.41,Platform,
2301,camp00000022,CH00000014,2021-12-03,120.08,Platform,
2302,CAMP00000022,CH00000014,2021-12-04,117.68,Agency,
2303,CAMP00000022,CH00000014,2021-12-04,114.2,Creative,
2304,CAMP00000022,CH00000013,2021-12-05,96.02,Media,
2305,CAMP00000022,CH00000009,2021-12-05,121.4,Media,
2306,CAMP00000022,CH00000003,2021-12-06,96.3,Creative,
2307,CAMP00000022,CH00000007,2021-12-06,104.86,Platform,
2308,CAMP00000022,CH00000006,2021-12-06,121.3,Agency,
2309,CAMP00000022,CH00000005,2021-12-07,95.78,Platform,
2310,CAMP00000022,CH00000002,2021-12-07,119.13,Agency,
2311,CAMP00000022,CH00000009,2021-12-08,78.19,Media,
2312,CAMP  00000022,ch00000006,2021-12-08,106.42,Agency,
2313,CAMP00000022,CH00000003,2021-12-08,122.22,Platform,
2314,CAMP00000022,CH00000011,2021-12-09,89.0,Creative,
2315,CAMP00000022,CH00000008,2021-12-10,89.7,Creative,
2316,CAMP00000022,CH00000005,2021-12-11,85.26,Agency,
2317,CAMP00000022,CH00000001,2021-12-11,120.97,Media,
2318,CAMP00000022,CH00000008,2021-12-12,112.07,Creative,
2319,CAMP00000022,CH00000003,2021-12-12,79.97,Creative,
2320,CAMP00000022,CH00000003,2021-12-13,104.17,Creative,
2321,CAMP00000022,CH00000008,2021-12-13,84.18,Creative,
2322,CAMP00000022,CH00000014,2021-12-13,82.05,Creative,
2323,CAMP00000022,CH00000009,2021-12-14,101.54,Platform,
2324,CAMP00000022,CH00000006,2021-12-14,80.61,Creative,
2325,CAMP00000022,CH00000007,2021-12-15,106.71,Agency,
2326,CAMP00000022,CH00000014,2021-12-16,107.73,Platform,
2327,CAMP00000022,CH00000003,2021-12-16,112.73,Media,
2328,CAMP00000022,CH00000006,2021-12-17,74.47,Agency,
2329,CAMP00000022,CH00000009,2021-12-17,84.28,Platform,
2330,CAMP00000022,CH00000003,2021-12-18,75.9,Creative,
2331,CAMP00000022,CH00000004,2021-12-18,100.56,Media,
2332,CAMP00000022,CH  00000009,2021-12-18,114.3,Media,
2333,CAMP00000022,CH00000002,2021-12-19,67.78,Platform,
2334,CAMP00000022,CH00000001,2021-12-20,86.75,Media,
2335,CAMP00000022,CH00000013,2021-12-20,110.75,Platform,
2336,CAMP00000022,CH00000004,2021-12-20,104.74,Agency,
2337,CAMP00000022,CH00000012,2021-12-21,95.4,Media,
2338,CAMP00000022,CH00000007,2021-12-21,81.25,Media,
2339,CAMP00000022,CH00000010,2021-12-22,97.67,Creative,
2340,CAMP00000022,CH00000011,2021-12-22,79.81,Creative,
2341,CAMP00000022,CH00000012,2021-12-22,115.99,Platform,
2342,CAMP00000022,CH00000007,2021-12-23,96.73,Creative,
2343,CAMP00000022,CH00000015,2021-12-24,66.63,Agency,
2344,CAMP00000022,CH00000011,2021-12-24,107.32,Media,
2345,CAMP00000022,CH00000010,2021-12-24,95.71,Agency,
2346,CAMP00000022,CH00000001,2021-12-25,83.05,Agency,
2347,CAMP00000022,CH00000009,2021-12-26,78.27,Media,
2348,CAMP  00000022,CH00000006,2021-12-27,97.54,Platform,
2349,CAMP00000022,CH00000006,2021-12-27,109.18,Creative,
2350,CAMP00000022,CH00000002,2021-12-27,86.29,Agency,
2351,CAMP00000022,CH00000015,2021-12-28,80.06,Media,
2352,CAMP00000022,CH00000015,2021-12-28,104.82,Creative,
2353,CAMP  00000022,CH00000013,2021-12-28,96.43,Creative,
2354,CAMP00000022,CH00000012,2021-12-29,111.28,Creative,
2355,CAMP00000022,CH00000011,2021-12-29,68.67,Creative,
2356,CAMP00000022,CH00000007,2021-12-30,78.61,Agency,
2357,CAMP00000022,CH00000004,2021-12-31,118.56,Platform,
2358,CAMP  00000022,CH00000010,2022-01-01,92.6,Creative,
2359,CAMP00000022,CH00000004,2022-01-01,114.03,Agency,
2360,CAMP00000022,CH00000005,2022-01-01,79.72,Media,
2361,CAMP00000022,CH00000011,2022-01-02,110.92,Creative,
2362,CAMP00000022,CH00000007,2022-01-03,109.56,Creative,
2363,CAMP  00000022,CH00000007,2022-01-03,83.78,Platform,
2364,CAMP00000022,CH00000009,2022-01-03,111.85,Creative,
2365,CAMP00000022,CH00000014,2022-01-04,90.21,Agency,
2366,CAMP00000022,ch00000006,2022-01-05,92.93,Platform,
2367,CAMP  00000022,ch00000008,2022-01-05,67.86,Media,
2368,CAMP00000022,CH00000009,2022-01-05,120.27,Media,
2369,CAMP  00000022,CH00000003,2022-01-06,75.69,Creative,
2370,CAMP00000022,CH00000007,2022-01-06,82.06,Platform,
2371,CAMP00000022,CH00000014,2022-01-06,99.01,Creative,
2372,CAMP00000022,CH00000001,2022-01-07,77.0,Media,
2373,CAMP  00000022,CH  00000015,2022-01-07,121.81,Creative,
2374,CAMP00000022,CH00000007,2022-01-07,89.72,Creative,
2375,CAMP00000022,CH00000006,2022-01-08,71.18,Creative,
2376,CAMP00000022,CH00000012,2022-01-09,90.81,Media,
2377,CAMP00000022,CH00000010,2022-01-09,74.23,Platform,
2378,CAMP00000022,CH00000015,2022-01-10,97.12,Platform,
2379,CAMP00000022,CH00000006,2022-01-10,90.34,Platform,
2380,CAMP00000022,CH00000011,2022-01-10,82.97,Media,
2381,CAMP00000022,CH00000005,2022-01-11,68.18,Agency,
2382,CAMP00000022,CH00000005,2022-01-11,112.66,Platform,
2383,CAMP00000022,CH00000005,2022-01-11,68.8,Platform,
2384,CAMP  00000022,CH00000004,2022-01-12,73.41,Agency,
2385,CAMP00000022,CH00000002,2022-01-12,115.0,Media,
2386,CAMP00000022,CH00000001,2022-01-13,100.02,Media,
2387,CAMP  00000022,CH00000004,2022-01-14,99.63,Agency,
2388,CAMP00000022,CH00000006,2022-01-14,86.86,Media,
2389,CAMP00000022,CH00000011,2022-01-15,103.93,Media,
2390,CAMP00000022,CH00000001,2022-01-16,88.73,Creative,
2391,CAMP00000022,CH00000012,2022-01-17,68.06,Agency,
2392,CAMP00000022,CH00000005,2022-01-17,118.92,Platform,
2393,CAMP00000022,CH00000013,2022-01-17,83.61,Agency,
2394,CAMP  00000022,CH00000005,2022-01-18,67.96,Creative,
2395,CAMP00000022,CH00000008,2022-01-18,79.71,Agency,
2396,CAMP00000022,CH00000013,2022-01-18,121.3,Agency,
2397,CAMP00000022,CH00000004,2022-01-19,93.04,Agency,
2398,CAMP00000022,CH00000004,2022-01-20,106.59,Creative,
2399,CAMP00000022,CH00000004,2022-01-20,111.82,Platform,
2400,CAMP00000022,CH00000013,2022-01-21,67.01,Media,
2401,CAMP00000022,CH00000008,2022-01-21,101.64,Platform,
2402,CAMP00000022,CH00000015,2022-01-22,89.12,Media,
2403,CAMP00000022,CH00000003,2022-01-22,115.28,Platform,
2404,CAMP00000022,CH00000015,2022-01-22,89.43,Platform,
2405,CAMP00000022,CH00000008,2022-01-23,104.76,Creative,
2406,CAMP00000022,CH00000004,2022-01-23,89.24,Media,
2407,CAMP00000022,CH00000001,2022-01-24,121.32,Platform,
2408,CAMP00000022,CH00000010,2022-01-25,102.43,Platform,
2409,CAMP00000022,CH00000003,2022-01-26,118.53,,
2410,CAMP00000022,CH00000014,2022-01-26,108.64,Creative,
2411,CAMP00000022,CH00000015,2022-01-26,110.42,Creative,
2412,CAMP00000022,CH00000014,2022-01-27,81.12,Agency,
2413,CAMP00000022,CH00000009,2022-01-28,93.99,Agency,
2414,CAMP00000022,CH00000001,2022-01-28,118.45,Media,
2415,CAMP00000022,CH00000007,2022-01-29,68.11,Agency,
2416,CAMP00000022,CH00000011,2022-01-29,102.68,Platform,
2417,CAMP00000022,CH00000015,2022-01-30,99.43,,
2418,CAMP00000022,CH00000010,2022-01-31,82.48,Agency,
2419,CAMP00000022,CH00000012,2022-02-01,117.22,,
2420,CAMP00000022,CH  00000009,2022-02-02,83.99,,
2421,CAMP00000022,CH00000012,2022-02-02,74.29,Agency,
2422,CAMP00000022,CH00000008,2022-02-02,87.1,Creative,
2423,CAMP00000022,CH00000008,2022-02-03,73.48,Creative,
2424,CAMP00000022,CH00000004,2022-02-04,85.22,Platform,
2425,CAMP00000022,CH00000001,2022-02-04,91.36,Agency,
2426,CAMP00000022,CH00000001,2022-02-04,115.78,Platform,
2427,CAMP00000022,CH00000003,2022-02-05,67.13,Platform,
2428,camp00000022,CH00000014,2022-02-05,100.68,Media,
2429,CAMP00000022,CH00000003,2022-02-06,72.51,Agency,
2430,CAMP00000022,CH  00000004,2022-02-06,113.63,Media,
2431,CAMP00000022,CH00000006,2022-02-07,114.74,Media,
2432,CAMP00000022,CH00000001,2022-02-07,115.26,Platform,
2433,CAMP00000022,CH00000014,2022-02-07,115.54,Media,
2434,CAMP00000022,CH00000012,2022-02-08,119.66,Platform,
2435,CAMP00000022,CH00000004,2022-02-08,76.89,Platform,
2436,CAMP00000022,CH00000008,2022-02-08,105.01,Media,
2437,CAMP00000022,CH00000007,2022-02-09,75.87,Agency,
2438,CAMP00000022,CH00000010,2022-02-10,76.15,Agency,
2439,CAMP00000022,CH00000014,2022-02-11,69.59,Platform,
2440,CAMP00000022,CH00000012,2022-02-11,70.79,Creative,
2441,CAMP  00000022,CH00000007,2022-02-11,101.95,Platform,
2442,CAMP00000022,CH00000008,2022-02-12,87.75,Agency,
2443,CAMP00000022,CH00000004,2022-02-13,85.15,Platform,
2444,CAMP00000022,CH00000006,2022-02-14,90.64,Media,
2445,CAMP00000022,CH00000009,2022-02-15,109.73,Media,
2446,CAMP00000022,CH00000013,2022-02-16,89.31,Platform,
2447,CAMP  00000022,CH00000006,2022-02-16,101.73,Creative,
2448,CAMP00000022,CH00000011,2022-02-17,78.49,Platform,
2449,CAMP00000022,CH00000009,2022-02-17,113.21,Creative,
2450,CAMP00000022,CH00000012,2022-02-17,77.95,Platform,
2451,CAMP00000023,CH00000005,2021-12-16,415.1,Creative,
2452,CAMP00000023,CH  00000013,2021-12-17,344.62,Platform,
2453,CAMP00000023,CH00000001,2021-12-17,373.74,Creative,
2454,CAMP00000023,CH00000013,2021-12-18,369.35,Platform,
2455,CAMP00000023,CH00000012,2021-12-19,585.56,Creative,
2456,CAMP00000023,CH00000013,2021-12-19,519.6,Platform,
2457,CAMP00000023,CH00000013,2021-12-20,349.43,Platform,
2458,camp00000023,CH00000009,2021-12-21,363.81,Platform,
2459,CAMP00000023,CH00000015,2021-12-21,323.74,Agency,
2460,CAMP00000023,CH00000008,2021-12-21,385.34,Platform,
2461,CAMP00000023,CH00000008,2021-12-22,529.21,Media,
2462,CAMP00000023,CH00000011,2021-12-23,495.39,Media,
2463,CAMP  00000023,CH  00000004,2021-12-24,440.73,Creative,
2464,CAMP00000023,CH00000003,2021-12-24,556.33,Media,
2465,camp00000023,CH00000003,2021-12-25,416.48,Media,
2466,CAMP00000023,CH00000008,2021-12-25,425.32,Media,
2467,CAMP00000023,CH00000002,2021-12-25,349.68,Media,
2468,CAMP00000023,CH00000015,2021-12-26,572.96,Agency,
2469,CAMP00000023,CH00000011,2021-12-27,504.68,Platform,
2470,CAMP00000023,CH00000006,2021-12-27,576.87,Creative,
2471,CAMP  00000023,CH00000007,2021-12-28,533.48,Creative,
2472,camp00000023,CH00000007,2021-12-29,552.12,Platform,
2473,CAMP00000023,CH00000006,2021-12-29,372.7,Agency,
2474,CAMP00000023,CH00000004,2021-12-30,463.31,Creative,
2475,CAMP00000023,CH  00000004,2021-12-31,450.52,Platform,
2476,CAMP00000023,CH00000013,2021-12-31,503.63,Media,
2477,CAMP00000023,CH00000015,2021-12-31,325.28,Media,
2478,CAMP00000023,CH00000007,2022-01-01,408.39,Creative,
2479,CAMP00000023,CH00000014,2022-01-02,515.12,Platform,
2480,CAMP  00000023,CH00000006,2022-01-03,559.01,Creative,
2481,CAMP00000023,CH00000008,2022-01-04,385.6,Media,
2482,CAMP00000023,CH00000002,2022-01-05,447.89,Platform,
2483,CAMP00000024,CH00000005,2021-02-13,293.46,Creative,
2484,CAMP00000024,CH00000012,2021-02-13,390.38,Creative,
2485,CAMP00000024,CH00000011,2021-02-14,481.1,Agency,
2486,CAMP00000024,CH00000012,2021-02-15,433.55,Creative,
2487,CAMP00000024,CH00000014,2021-02-15,317.78,Media,
2488,CAMP00000024,CH00000002,2021-02-15,435.11,Creative,
2489,CAMP00000024,CH00000008,2021-02-16,480.16,Media,
2490,CAMP00000024,CH00000008,2021-02-16,397.98,Creative,
2491,CAMP00000024,CH  00000001,2021-02-17,293.24,Agency,
2492,CAMP00000024,CH00000012,2021-02-18,343.06,Media,
2493,CAMP00000024,CH00000013,2021-02-19,513.25,Platform,
2494,CAMP00000024,CH00000004,2021-02-19,485.12,Platform,
2495,CAMP  00000024,CH00000012,2021-02-20,446.67,Platform,
2496,CAMP00000024,CH00000013,2021-02-20,279.86,Creative,
2497,CAMP00000024,CH00000005,2021-02-21,334.16,Media,
2498,CAMP00000024,CH00000004,2021-02-21,418.94,Creative,
2499,CAMP00000024,CH00000015,2021-02-22,455.91,Platform,
2500,CAMP00000024,CH00000008,2021-02-22,335.9,,
2501,CAMP00000024,CH00000002,2021-02-22,498.75,Media,
2502,CAMP00000024,CH00000012,2021-02-23,475.9,Agency,
2503,CAMP00000024,CH00000013,2021-02-24,293.83,Agency,
2504,CAMP00000024,CH00000003,2021-02-25,357.21,Media,
2505,CAMP00000024,CH  00000008,2021-02-25,356.06,Creative,
2506,CAMP00000024,CH00000003,2021-02-25,349.19,Platform,
2507,CAMP00000024,CH00000011,2021-02-26,434.3,Media,
2508,CAMP00000024,CH00000013,2021-02-26,280.83,Media,
2509,CAMP00000024,CH00000006,2021-02-27,287.36,Platform,
2510,CAMP00000024,CH00000014,2021-02-28,452.02,,
2511,CAMP00000024,CH00000008,2021-03-01,283.05,Media,
2512,CAMP00000024,CH00000003,2021-03-01,496.29,Platform,
2513,CAMP00000024,CH00000003,2021-03-02,324.05,Platform,
2514,CAMP00000024,CH00000009,2021-03-02,295.54,Agency,
2515,CAMP00000024,CH00000015,2021-03-03,501.51,Media,
2516,CAMP00000024,CH00000015,2021-03-03,513.16,Agency,
2517,CAMP00000024,CH00000007,2021-03-03,338.09,Media,
2518,CAMP00000024,CH00000006,2021-03-04,376.82,Creative,
2519,CAMP00000024,CH  00000001,2021-03-05,365.33,Creative,
2520,CAMP00000024,CH00000013,2021-03-05,322.02,Agency,
2521,CAMP00000024,CH00000014,2021-03-05,420.34,Agency,
2522,CAMP00000024,CH00000001,2021-03-06,410.01,Creative,
2523,CAMP00000024,CH00000011,2021-03-06,411.94,Media,
2524,CAMP  00000024,CH00000011,2021-03-06,437.88,Creative,
2525,CAMP00000024,CH00000009,2021-03-07,514.8,Agency,
2526,CAMP00000024,CH00000009,2021-03-07,288.89,Media,
2527,CAMP00000024,CH00000001,2021-03-08,323.47,Creative,
2528,CAMP00000024,CH00000015,2021-03-09,321.22,Agency,
2529,CAMP00000024,CH00000012,2021-03-09,327.76,Media,
2530,CAMP00000024,CH00000003,2021-03-09,359.32,Creative,
2531,CAMP00000024,CH00000008,2021-03-10,379.81,Creative,
2532,CAMP00000024,CH00000004,2021-03-10,446.73,Media,
2533,CAMP00000024,CH00000014,2021-03-11,380.94,Agency,
2534,CAMP00000024,CH00000002,2021-03-11,280.24,Agency,
2535,CAMP00000024,CH00000011,2021-03-11,405.6,Platform,
2536,CAMP00000024,CH00000013,2021-03-12,428.79,Media,
2537,CAMP00000024,CH00000015,2021-03-13,441.46,Platform,
2538,CAMP  00000024,CH00000014,2021-03-14,360.95,Platform,
2539,CAMP00000024,CH00000012,2021-03-14,290.78,Platform,
2540,CAMP00000024,CH00000011,2021-03-14,326.37,Media,
2541,CAMP00000024,CH00000014,2021-03-15,379.54,Platform,
2542,CAMP00000024,CH00000009,2021-03-15,301.72,Agency,
2543,CAMP00000024,CH00000010,2021-03-16,319.33,Creative,
2544,CAMP00000024,CH00000011,2021-03-16,307.84,Media,
2545,CAMP00000024,CH00000007,2021-03-16,422.61,Creative,
2546,CAMP00000024,CH00000005,2021-03-17,355.44,Creative,
2547,CAMP00000024,CH00000004,2021-03-17,321.66,Creative,
2548,CAMP00000024,CH00000006,2021-03-17,312.49,Creative,
2549,CAMP  00000024,CH00000013,2021-03-18,446.41,Creative,
2550,CAMP00000024,CH00000006,2021-03-19,316.31,Agency,
2551,CAMP00000024,CH00000004,2021-03-19,495.64,Agency,
2552,CAMP00000024,CH00000010,2021-03-19,285.46,Creative,
2553,CAMP00000024,CH00000014,2021-03-20,435.53,Agency,
2554,CAMP00000024,CH00000005,2021-03-20,299.29,Agency,
2555,CAMP00000024,CH00000003,2021-03-20,462.23,Agency,
2556,CAMP00000024,CH00000001,2021-03-21,472.27,Agency,
2557,CAMP00000024,CH00000014,2021-03-21,284.32,Creative,
2558,CAMP00000024,CH00000011,2021-03-21,420.92,Agency,
2559,CAMP00000024,ch00000015,2021-03-22,317.39,Platform,
2560,CAMP00000024,CH00000004,2021-03-22,361.37,Platform,
2561,CAMP00000024,CH00000005,2021-03-23,310.4,Platform,
2562,CAMP00000024,CH  00000014,2021-03-24,299.77,Creative,
2563,CAMP00000024,CH00000001,2021-03-25,353.62,Platform,
2564,CAMP00000024,CH00000009,2021-03-26,345.34,Creative,
2565,CAMP00000024,CH00000009,2021-03-26,419.18,Platform,
2566,CAMP00000024,CH00000002,2021-03-27,339.12,Creative,
2567,CAMP00000024,CH00000015,2021-03-27,465.2,Agency,
2568,CAMP00000024,CH00000007,2021-03-28,288.51,Media,
2569,CAMP00000024,CH00000006,2021-03-28,411.7,Creative,
2570,CAMP00000024,CH00000012,2021-03-28,337.08,Media,
2571,CAMP00000024,CH00000010,2021-03-29,351.64,Media,
2572,CAMP  00000024,CH00000015,2021-03-29,428.02,Media,
2573,CAMP  00000024,CH00000014,2021-03-30,373.33,Agency,
2574,CAMP00000024,CH00000006,2021-03-30,402.29,Media,
2575,CAMP00000024,CH  00000015,2021-03-31,511.55,Platform,
2576,CAMP00000024,CH00000012,2021-04-01,280.27,Platform,
2577,CAMP00000024,CH00000013,2021-04-02,346.22,Creative,
2578,CAMP00000024,CH  00000003,2021-04-02,306.37,Creative,
2579,CAMP00000024,CH00000010,2021-04-03,376.84,Media,
2580,CAMP00000024,CH00000005,2021-04-03,464.55,Media,
2581,CAMP00000024,CH00000007,2021-04-04,424.46,Agency,
2582,CAMP00000024,CH00000005,2021-04-04,321.43,Media,
2583,camp00000024,CH00000012,2021-04-05,378.73,Agency,
2584,CAMP00000024,CH00000002,2021-04-05,282.18,Creative,
2585,CAMP00000024,CH00000013,2021-04-05,361.96,Platform,
2586,CAMP00000024,CH00000010,2021-04-06,375.47,Platform,
2587,CAMP00000024,CH00000010,2021-04-07,470.57,Media,
2588,CAMP  00000024,CH00000006,2021-04-08,423.43,Agency,
2589,CAMP00000024,ch00000015,2021-04-08,395.55,Agency,
2590,CAMP00000024,CH00000012,2021-04-08,488.4,Media,
2591,CAMP00000024,CH00000010,2021-04-09,463.21,Agency,
2592,CAMP00000024,CH00000015,2021-04-09,404.96,Creative,
2593,CAMP00000024,CH00000002,2021-04-10,335.43,Media,
2594,CAMP00000024,CH00000003,2021-04-10,483.42,Media,
2595,CAMP00000025,CH00000003,2021-06-02,54.48,Agency,
2596,CAMP00000025,CH00000014,2021-06-02,80.87,Agency,
2597,CAMP00000025,CH00000005,2021-06-02,95.03,Media,
2598,CAMP00000025,CH00000003,2021-06-03,94.67,Creative,
2599,CAMP00000025,CH00000005,2021-06-03,88.28,Creative,
2600,CAMP00000025,CH00000003,2021-06-04,98.64,Agency,
2601,CAMP00000025,CH00000010,2021-06-04,78.62,Media,
2602,CAMP00000025,CH00000006,2021-06-04,54.64,Media,
2603,CAMP00000025,CH00000014,2021-06-05,54.06,Creative,
2604,CAMP00000025,CH00000004,2021-06-06,89.88,Media,
2605,CAMP00000025,CH00000015,2021-06-07,96.03,Media,
2606,CAMP00000025,CH00000008,2021-06-08,86.68,Platform,
2607,CAMP00000025,CH00000010,2021-06-08,62.17,Platform,
2608,CAMP00000025,CH00000006,2021-06-08,88.47,Agency,
2609,CAMP00000025,CH00000014,2021-06-09,69.12,Platform,
2610,CAMP00000025,CH00000012,2021-06-09,92.81,Platform,
2611,CAMP00000025,CH00000002,2021-06-10,54.08,Platform,
2612,CAMP00000025,CH00000011,2021-06-10,69.39,Media,
2613,CAMP00000025,CH00000013,2021-06-10,79.14,Agency,
2614,CAMP00000025,CH00000013,2021-06-11,85.23,Media,
2615,CAMP00000025,CH00000013,2021-06-11,80.82,Creative,
2616,CAMP00000025,CH00000004,2021-06-12,96.57,Creative,
2617,CAMP00000025,CH00000006,2021-06-12,98.47,Creative,
2618,CAMP00000025,CH00000013,2021-06-12,59.38,Media,
2619,CAMP00000025,CH00000005,2021-06-13,53.75,Media,
2620,CAMP00000025,CH00000007,2021-06-13,82.41,Media,
2621,CAMP00000025,CH00000012,2021-06-14,63.1,Media,
2622,camp  00000025,CH00000015,2021-06-15,98.89,Creative,
2623,CAMP00000025,CH00000010,2021-06-15,76.28,Platform,
2624,CAMP00000025,CH00000011,2021-06-16,86.7,Media,
2625,CAMP00000025,CH00000005,2021-06-17,85.61,Platform,
2626,CAMP00000025,CH00000002,2021-06-17,56.88,Platform,
2627,CAMP00000025,CH00000009,2021-06-18,73.53,Platform,
2628,CAMP00000025,CH00000003,2021-06-18,85.66,Creative,
2629,CAMP00000025,CH  00000007,2021-06-19,86.08,Media,
2630,CAMP00000025,CH00000012,2021-06-19,76.34,Platform,
2631,CAMP00000025,CH00000004,2021-06-19,88.04,Media,
2632,CAMP00000025,CH00000006,2021-06-20,86.06,Agency,
2633,CAMP00000025,CH00000004,2021-06-20,79.27,Platform,
2634,CAMP00000025,CH00000006,2021-06-20,87.55,Agency,
2635,CAMP00000025,CH00000010,2021-06-21,81.4,Creative,
2636,CAMP00000025,CH00000003,2021-06-21,71.41,Platform,
2637,CAMP00000025,CH00000006,2021-06-22,96.9,Creative,
2638,CAMP00000025,CH  00000002,2021-06-23,79.02,Media,
2639,CAMP  00000025,CH  00000010,2021-06-24,72.97,Creative,
2640,CAMP00000025,CH00000007,2021-06-24,64.18,Platform,
2641,CAMP00000025,CH00000011,2021-06-25,84.19,Media,
2642,CAMP00000025,CH00000004,2021-06-26,77.42,Agency,
2643,CAMP00000025,CH00000001,2021-06-26,59.16,Platform,
2644,CAMP00000025,CH00000001,2021-06-26,57.61,Creative,
2645,CAMP00000025,CH00000012,2021-06-27,57.58,Media,
2646,CAMP00000025,CH00000015,2021-06-27,54.01,Platform,
2647,CAMP00000025,CH00000009,2021-06-28,73.06,Creative,
2648,CAMP00000025,CH00000013,2021-06-28,55.73,Platform,
2649,CAMP00000025,CH00000013,2021-06-28,57.75,Platform,
2650,CAMP00000025,CH00000008,2021-06-29,61.21,Media,
2651,CAMP00000025,CH00000007,2021-06-29,71.87,Agency,
2652,CAMP00000025,CH00000009,2021-06-30,82.08,Platform,
2653,CAMP00000025,CH00000004,2021-06-30,81.66,Agency,
2654,CAMP00000025,CH00000014,2021-07-01,89.11,Agency,
2655,CAMP00000025,CH00000009,2021-07-02,73.61,Creative,
2656,CAMP00000025,CH00000012,2021-07-02,97.27,Agency,
2657,CAMP00000025,CH00000015,2021-07-02,69.29,Creative,
2658,CAMP00000025,CH00000014,2021-07-03,68.95,Agency,
2659,CAMP00000025,CH00000007,2021-07-03,80.79,Media,
2660,CAMP00000025,CH00000003,2021-07-03,91.45,Media,
2661,CAMP00000025,CH00000009,2021-07-04,81.13,Creative,
2662,CAMP00000025,CH00000003,2021-07-04,75.91,Platform,
2663,CAMP  00000025,CH00000008,2021-07-05,70.52,Creative,
2664,CAMP00000025,CH00000007,2021-07-06,71.61,Agency,
2665,CAMP00000025,CH00000014,2021-07-06,67.17,Agency,
2666,CAMP00000025,CH00000014,2021-07-06,93.52,Media,
2667,CAMP00000025,CH00000002,2021-07-07,82.92,Creative,
2668,CAMP00000025,CH00000002,2021-07-07,61.7,Agency,
2669,CAMP00000025,CH00000012,2021-07-07,95.41,Media,
2670,CAMP00000025,CH00000009,2021-07-08,97.64,Media,
2671,CAMP00000025,CH00000010,2021-07-08,66.03,Agency,
2672,CAMP00000025,CH00000008,2021-07-08,85.44,Media,
2673,CAMP00000025,CH00000011,2021-07-09,82.06,Creative,
2674,CAMP00000025,CH00000007,2021-07-09,83.14,Agency,
2675,CAMP00000025,CH00000004,2021-07-09,73.77,Platform,
2676,CAMP00000025,CH00000001,2021-07-10,89.6,Creative,
2677,CAMP00000025,CH00000008,2021-07-11,86.82,Platform,
2678,CAMP00000025,ch00000007,2021-07-12,97.3,Creative,
2679,CAMP00000025,CH00000014,2021-07-12,95.0,Platform,
2680,CAMP00000025,CH00000015,2021-07-13,98.7,Agency,
2681,CAMP00000025,CH00000011,2021-07-13,56.95,Platform,
2682,CAMP00000025,CH00000008,2021-07-13,72.33,Creative,
2683,CAMP00000025,CH00000011,2021-07-14,55.94,Platform,
2684,CAMP00000025,CH00000001,2021-07-14,72.03,Platform,
2685,CAMP00000025,CH00000013,2021-07-15,63.99,Creative,
2686,CAMP00000025,CH00000003,2021-07-15,78.45,Creative,
2687,CAMP00000025,CH00000015,2021-07-15,94.94,Media,
2688,CAMP00000025,CH  00000011,2021-07-16,91.81,Platform,
2689,CAMP00000025,CH00000008,2021-07-16,56.95,Creative,
2690,CAMP00000025,ch00000007,2021-07-17,83.41,Media,
2691,CAMP00000025,CH00000015,2021-07-18,83.59,Media,
2692,CAMP00000025,CH  00000002,2021-07-18,70.83,Media,
2693,camp00000025,CH00000003,2021-07-19,75.09,Media,
2694,CAMP00000025,CH00000010,2021-07-19,68.52,Platform,
2695,CAMP00000025,CH00000002,2021-07-20,78.92,Agency,
2696,CAMP00000025,CH00000005,2021-07-20,85.75,Platform,
2697,CAMP00000025,CH00000015,2021-07-21,94.36,Agency,
2698,CAMP00000025,CH00000006,2021-07-21,94.42,Creative,
2699,CAMP00000025,CH00000013,2021-07-21,96.87,Platform,
2700,CAMP00000025,ch00000006,2021-07-22,97.08,Platform,
2701,camp00000025,CH00000014,2021-07-22,61.87,Agency,
2702,CAMP00000025,ch00000009,2021-07-23,72.1,Platform,
2703,CAMP00000025,CH00000014,2021-07-24,79.65,Platform,
2704,CAMP00000025,CH00000013,2021-07-25,90.68,Agency,
2705,CAMP00000025,CH00000012,2021-07-25,54.58,Media,
2706,CAMP00000025,CH00000011,2021-07-25,85.15,Media,
2707,CAMP00000025,CH00000004,2021-07-26,89.69,Platform,
2708,CAMP00000025,CH00000011,2021-07-26,92.11,Creative,
2709,CAMP00000025,CH00000002,2021-07-27,94.83,Platform,
2710,CAMP00000025,CH00000003,2021-07-27,79.15,Agency,
2711,CAMP00000025,CH00000004,2021-07-28,62.4,Media,
2712,CAMP  00000025,CH00000004,2021-07-28,72.94,Platform,
2713,CAMP00000025,CH00000013,2021-07-29,66.51,Media,
2714,CAMP00000025,CH00000011,2021-07-30,94.33,Media,
2715,CAMP00000025,CH00000002,2021-07-30,55.97,Agency,
2716,CAMP00000025,CH  00000014,2021-07-30,91.17,Agency,
2717,CAMP00000025,CH00000012,2021-07-31,97.69,Platform,
2718,CAMP00000025,CH00000010,2021-08-01,95.75,Creative,
2719,CAMP00000025,ch  00000005,2021-08-01,84.57,Platform,
2720,camp00000025,CH00000009,2021-08-01,53.55,Agency,
2721,CAMP00000025,CH00000014,2021-08-02,88.49,Media,
2722,CAMP00000025,CH00000004,2021-08-03,77.92,Creative,
2723,CAMP00000025,CH00000005,2021-08-04,69.5,Media,
2724,CAMP00000025,CH00000008,2021-08-04,58.9,Agency,
2725,CAMP00000025,CH00000015,2021-08-04,85.77,Creative,
2726,CAMP00000025,CH00000011,2021-08-05,58.15,Agency,
2727,CAMP00000025,CH00000011,2021-08-05,77.94,Creative,
2728,CAMP00000025,CH00000003,2021-08-05,93.96,Platform,
2729,CAMP00000025,CH00000006,2021-08-06,56.91,Media,
2730,CAMP  00000025,CH00000006,2021-08-07,72.33,Media,
2731,CAMP00000025,CH  00000008,2021-08-07,75.15,Media,
2732,CAMP00000025,CH00000009,2021-08-08,74.1,,
2733,CAMP00000025,CH00000004,2021-08-08,69.36,Media,
2734,CAMP00000025,CH00000006,2021-08-08,54.08,Creative,
2735,CAMP00000025,ch00000007,2021-08-09,75.01,Creative,
2736,CAMP00000025,CH00000009,2021-08-10,60.44,Platform,
2737,CAMP00000025,CH00000012,2021-08-10,84.86,Media,
2738,CAMP00000025,CH00000015,2021-08-10,97.85,Creative,
2739,CAMP00000025,CH00000005,2021-08-11,95.07,Creative,
2740,CAMP00000025,CH00000007,2021-08-12,58.18,Agency,
2741,CAMP00000025,CH00000013,2021-08-12,92.07,Agency,
2742,CAMP00000025,CH00000002,2021-08-12,96.46,Creative,
2743,CAMP00000025,CH00000003,2021-08-13,66.98,Agency,
2744,CAMP00000025,CH00000011,2021-08-13,70.88,Agency,
2745,CAMP00000025,CH00000006,2021-08-14,93.2,Creative,
2746,CAMP00000025,CH00000013,2021-08-14,75.56,Agency,
2747,CAMP00000025,CH00000011,2021-08-14,86.44,Creative,
2748,CAMP00000025,CH00000004,2021-08-15,83.01,Agency,
2749,CAMP00000025,CH00000003,2021-08-15,67.03,Agency,
2750,camp  00000025,CH00000010,2021-08-16,68.43,Agency,
2751,CAMP00000025,CH00000009,2021-08-16,62.97,Creative,
2752,camp00000025,CH00000011,2021-08-16,92.84,Creative,
2753,CAMP00000025,CH00000009,2021-08-17,69.88,Platform,
2754,CAMP00000025,CH00000003,2021-08-17,98.42,Platform,
2755,CAMP00000025,CH00000013,2021-08-17,62.67,,
2756,CAMP00000025,CH00000008,2021-08-18,70.06,Agency,
2757,CAMP00000025,CH00000005,2021-08-19,70.63,Media,
2758,CAMP00000025,CH00000008,2021-08-20,88.43,Platform,
2759,CAMP00000025,CH00000009,2021-08-20,95.37,Agency,
2760,CAMP  00000025,CH00000006,2021-08-20,79.54,Media,
2761,camp00000025,CH00000013,2021-08-21,65.01,Creative,
2762,CAMP00000025,CH00000014,2021-08-21,67.84,Agency,
2763,CAMP00000025,CH00000004,2021-08-22,94.76,Agency,
2764,CAMP00000025,CH00000007,2021-08-22,88.26,Media,
2765,CAMP  00000025,CH00000014,2021-08-22,78.57,Creative,
2766,CAMP00000025,CH00000006,2021-08-23,65.09,Media,
2767,CAMP00000025,CH00000012,2021-08-23,66.14,Agency,
2768,CAMP  00000025,CH00000010,2021-08-23,83.25,Platform,
2769,CAMP00000025,CH00000004,2021-08-24,55.14,Creative,
2770,CAMP  00000025,CH00000005,2021-08-24,54.06,Platform,
2771,CAMP00000025,CH00000010,2021-08-24,55.31,Media,
2772,CAMP00000025,CH00000002,2021-08-25,87.94,Agency,
2773,CAMP00000025,CH00000011,2021-08-25,73.07,Media,
2774,CAMP00000026,CH00000003,2021-06-04,227.4,Creative,
2775,CAMP00000026,CH00000012,2021-06-04,226.2,Media,
2776,CAMP00000026,CH  00000009,2021-06-05,235.9,Platform,
2777,CAMP00000026,CH00000001,2021-06-05,177.29,Platform,
2778,CAMP00000026,CH00000012,2021-06-06,239.3,Creative,
2779,CAMP00000026,CH00000015,2021-06-06,234.25,Creative,
2780,CAMP00000026,CH00000007,2021-06-07,274.66,Media,
2781,CAMP00000026,CH00000012,2021-06-07,251.37,Agency,
2782,CAMP00000026,CH00000009,2021-06-07,184.13,Agency,
2783,CAMP  00000026,CH  00000011,2021-06-08,216.47,Platform,
2784,CAMP00000026,CH00000001,2021-06-09,236.57,Media,
2785,CAMP00000026,CH00000004,2021-06-10,196.67,Agency,
2786,CAMP00000026,CH00000003,2021-06-10,227.99,Agency,
2787,CAMP00000026,CH00000010,2021-06-10,239.01,Creative,
2788,CAMP00000026,CH00000012,2021-06-11,273.96,Platform,
2789,CAMP00000026,CH00000007,2021-06-11,189.11,Creative,
2790,CAMP00000026,CH00000009,2021-06-11,208.52,Media,
2791,CAMP00000026,CH  00000004,2021-06-12,176.18,Media,
2792,CAMP00000026,CH00000004,2021-06-12,221.35,Creative,
2793,CAMP00000026,CH00000012,2021-06-12,186.0,Media,
2794,CAMP00000026,ch00000002,2021-06-13,250.6,Platform,
2795,CAMP  00000026,CH00000003,2021-06-14,236.45,Media,
2796,CAMP00000026,CH00000013,2021-06-15,293.24,Agency,
2797,CAMP00000026,CH00000015,2021-06-15,228.79,Media,
2798,CAMP00000026,CH00000001,2021-06-16,246.17,Agency,
2799,CAMP00000026,CH00000002,2021-06-16,197.23,Agency,
2800,CAMP00000026,CH00000015,2021-06-17,167.89,Media,
2801,CAMP00000026,CH00000003,2021-06-18,250.19,Agency,
2802,CAMP00000026,CH00000011,2021-06-18,217.92,Agency,
2803,CAMP00000026,CH00000010,2021-06-18,194.49,Platform,
2804,CAMP  00000026,CH00000003,2021-06-19,247.9,Media,
2805,CAMP00000026,CH00000010,2021-06-20,236.47,Platform,
2806,CAMP00000026,CH00000014,2021-06-21,281.65,Creative,
2807,CAMP00000026,ch00000011,2021-06-21,175.56,Agency,
2808,CAMP00000026,CH00000006,2021-06-21,278.66,Platform,
2809,CAMP00000026,CH00000014,2021-06-22,227.01,Platform,
2810,CAMP00000026,CH00000001,2021-06-23,166.68,Media,
2811,CAMP00000026,CH00000012,2021-06-24,204.34,Creative,
2812,CAMP00000026,CH00000002,2021-06-24,185.29,Creative,
2813,CAMP00000026,CH00000004,2021-06-24,194.17,Platform,
2814,CAMP00000026,CH00000005,2021-06-25,168.34,Media,
2815,CAMP00000026,CH00000005,2021-06-25,298.29,Creative,
2816,CAMP00000026,CH00000001,2021-06-26,235.53,Creative,
2817,CAMP00000026,CH00000007,2021-06-26,225.99,Agency,
2818,CAMP00000026,CH00000004,2021-06-27,260.01,Platform,
2819,CAMP00000026,CH00000008,2021-06-28,235.23,Media,
2820,CAMP00000026,CH00000003,2021-06-28,300.09,Platform,
2821,CAMP00000026,CH00000012,2021-06-29,198.12,Agency,
2822,CAMP00000026,CH00000007,2021-06-29,294.91,Platform,
2823,CAMP00000026,CH00000011,2021-06-30,170.28,Media,
2824,CAMP00000026,CH00000004,2021-06-30,286.87,Agency,
2825,CAMP00000026,CH00000001,2021-07-01,221.64,Media,
2826,CAMP00000026,CH00000009,2021-07-01,170.63,Agency,
2827,CAMP00000026,CH00000004,2021-07-02,233.58,Creative,
2828,CAMP00000026,CH00000007,2021-07-02,204.06,Agency,
2829,CAMP00000026,CH00000003,2021-07-03,243.73,Agency,
2830,camp00000026,CH00000012,2021-07-03,209.16,Agency,
2831,CAMP00000026,CH00000002,2021-07-03,223.74,Agency,
2832,CAMP00000026,CH00000010,2021-07-04,252.02,Media,
2833,CAMP00000026,CH00000005,2021-07-04,261.71,Media,
2834,CAMP00000026,CH00000015,2021-07-04,200.08,Agency,
2835,CAMP00000026,CH00000004,2021-07-05,171.09,Platform,
2836,CAMP00000026,CH00000011,2021-07-05,257.66,Creative,
2837,CAMP00000026,CH00000001,2021-07-06,188.03,Platform,
2838,CAMP00000026,CH00000009,2021-07-06,283.12,Creative,
2839,CAMP00000026,CH00000001,2021-07-06,184.72,Agency,
2840,CAMP00000026,CH00000013,2021-07-07,205.84,Platform,
2841,CAMP00000026,CH00000007,2021-07-07,189.4,Creative,
2842,CAMP00000026,CH00000013,2021-07-08,253.75,Agency,
2843,CAMP00000026,CH00000005,2021-07-09,214.15,Agency,
2844,CAMP00000026,CH00000003,2021-07-10,232.68,Media,
2845,CAMP00000026,CH00000012,2021-07-10,172.75,Platform,
2846,CAMP00000026,CH00000010,2021-07-10,218.89,Agency,
2847,CAMP00000026,CH00000007,2021-07-11,282.91,Creative,
2848,CAMP00000026,CH00000004,2021-07-11,244.94,Platform,
2849,CAMP00000026,CH00000005,2021-07-11,178.46,Agency,
2850,CAMP00000026,CH00000009,2021-07-12,181.38,Platform,
2851,CAMP00000026,CH00000004,2021-07-12,284.12,Agency,
2852,CAMP00000026,CH00000003,2021-07-12,199.44,Creative,
2853,CAMP00000026,CH00000009,2021-07-13,187.03,Creative,
2854,CAMP00000026,CH00000002,2021-07-13,174.83,Agency,
2855,CAMP00000026,ch00000001,2021-07-14,174.97,Creative,
2856,CAMP00000026,CH00000007,2021-07-14,173.9,Platform,
2857,CAMP00000026,CH00000003,2021-07-14,211.77,Creative,
2858,CAMP00000026,CH00000001,2021-07-15,214.91,Creative,
2859,CAMP00000026,CH00000009,2021-07-16,170.38,Platform,
2860,CAMP00000026,CH00000007,2021-07-17,179.51,Creative,
2861,CAMP00000026,CH00000014,2021-07-18,181.66,Media,
2862,CAMP00000026,CH  00000015,2021-07-18,208.18,Platform,
2863,CAMP00000026,CH00000014,2021-07-18,193.12,Agency,
2864,CAMP00000026,CH00000011,2021-07-19,217.22,Media,
2865,CAMP00000026,ch  00000014,2021-07-19,295.26,Platform,
2866,CAMP00000026,CH00000011,2021-07-20,250.03,Creative,
2867,CAMP00000026,CH00000006,2021-07-20,164.73,Creative,
2868,CAMP00000026,CH00000005,2021-07-20,253.85,Creative,
2869,CAMP00000026,CH00000011,2021-07-21,198.9,Creative,
2870,CAMP00000026,CH00000007,2021-07-21,256.72,Media,
2871,CAMP  00000026,CH00000012,2021-07-22,282.93,Agency,
2872,CAMP00000026,CH00000013,2021-07-23,214.34,Media,
2873,CAMP00000026,CH00000007,2021-07-24,212.05,Creative,
2874,CAMP00000026,CH00000009,2021-07-24,237.86,Media,
2875,CAMP00000026,CH00000013,2021-07-25,205.89,Creative,
2876,CAMP00000026,CH00000011,2021-07-25,234.36,Creative,
2877,camp00000026,CH00000007,2021-07-26,177.88,Creative,
2878,CAMP00000026,CH00000015,2021-07-27,199.23,Agency,
2879,CAMP00000026,CH00000010,2021-07-28,292.44,Agency,
2880,CAMP00000026,CH00000010,2021-07-29,226.28,Creative,
2881,CAMP00000026,CH00000005,2021-07-29,183.76,Platform,
2882,CAMP00000026,CH00000014,2021-07-29,266.58,Creative,
2883,CAMP00000026,CH00000011,2021-07-30,282.52,Media,
2884,CAMP00000026,CH00000012,2021-07-31,295.8,Agency,
2885,CAMP00000026,CH00000006,2021-07-31,165.2,Agency,
2886,CAMP00000026,CH00000012,2021-07-31,293.24,Creative,
2887,CAMP00000026,CH  00000004,2021-08-01,259.36,Platform,
2888,CAMP00000026,ch00000014,2021-08-02,236.44,Agency,
2889,CAMP00000026,CH00000015,2021-08-03,274.97,Creative,
2890,CAMP00000026,CH00000007,2021-08-03,257.51,Platform,
2891,CAMP  00000026,CH00000011,2021-08-03,262.41,Platform,
2892,CAMP00000026,CH00000004,2021-08-04,240.32,Creative,
2893,CAMP00000026,CH00000005,2021-08-05,255.11,Creative,
2894,CAMP00000026,CH00000001,2021-08-05,259.3,Platform,
2895,CAMP00000026,CH00000008,2021-08-06,219.21,Media,
2896,CAMP00000026,CH00000014,2021-08-06,170.59,Platform,
2897,camp00000026,CH00000006,2021-08-07,170.1,Media,
2898,CAMP00000026,CH00000006,2021-08-07,272.24,Media,
2899,CAMP00000026,CH00000002,2021-08-08,296.82,Media,
2900,CAMP00000026,CH00000009,2021-08-09,251.75,Agency,
2901,CAMP00000026,CH00000003,2021-08-10,209.01,Media,
2902,CAMP00000026,CH  00000002,2021-08-10,261.17,Creative,
2903,CAMP00000026,CH00000012,2021-08-10,180.26,Media,
2904,CAMP00000026,CH00000003,2021-08-11,173.64,Platform,
2905,CAMP00000026,CH00000011,2021-08-12,207.29,Creative,
2906,CAMP00000026,CH00000011,2021-08-12,268.19,Agency,
2907,CAMP00000026,CH  00000014,2021-08-12,237.22,Platform,
2908,CAMP00000026,CH00000002,2021-08-13,224.45,Media,
2909,CAMP00000026,ch00000003,2021-08-14,299.9,Creative,
2910,CAMP00000026,CH00000009,2021-08-14,280.65,Agency,
2911,CAMP00000026,CH00000001,2021-08-15,303.91,Platform,
2912,CAMP00000026,CH00000004,2021-08-15,245.32,Platform,
2913,CAMP00000026,CH  00000006,2021-08-15,214.42,Agency,
2914,CAMP00000026,CH00000006,2021-08-16,287.68,Platform,
2915,CAMP00000026,CH00000002,2021-08-16,174.36,Media,
2916,CAMP00000026,CH00000011,2021-08-17,261.25,Media,
2917,CAMP00000026,CH00000006,2021-08-18,223.82,Agency,
2918,CAMP00000026,CH00000004,2021-08-18,186.07,Media,
2919,camp00000026,CH00000004,2021-08-19,270.82,Media,
2920,CAMP00000026,CH00000011,2021-08-20,184.64,Platform,
2921,CAMP  00000026,CH00000011,2021-08-20,248.08,Media,
2922,CAMP00000026,CH00000009,2021-08-21,236.5,Agency,
2923,CAMP00000026,CH00000002,2021-08-22,224.03,Creative,
2924,CAMP00000026,CH00000014,2021-08-23,190.1,Agency,
2925,CAMP00000026,CH00000011,2021-08-23,177.96,Media,
2926,CAMP00000026,CH00000013,2021-08-24,174.4,Platform,
2927,CAMP00000026,CH00000003,2021-08-25,277.4,Creative,
2928,CAMP00000026,CH00000010,2021-08-25,199.44,Agency,
2929,CAMP00000026,ch00000012,2021-08-26,277.59,Platform,
2930,CAMP  00000026,CH00000010,2021-08-27,197.7,Media,
2931,CAMP00000026,CH00000010,2021-08-28,221.3,Creative,
2932,CAMP00000026,CH00000007,2021-08-29,246.72,Platform,
2933,CAMP00000026,CH00000010,2021-08-29,172.36,Media,
2934,CAMP00000026,CH00000011,2021-08-30,248.46,Agency,
2935,CAMP00000026,CH00000004,2021-08-31,210.94,Agency,
2936,CAMP00000026,CH00000007,2021-09-01,298.07,Media,
2937,CAMP00000026,CH  00000009,2021-09-01,262.37,Agency,
2938,CAMP00000026,CH00000010,2021-09-01,274.17,Creative,
2939,CAMP00000026,CH00000008,2021-09-02,247.15,Creative,
2940,CAMP00000026,ch00000007,2021-09-02,174.15,Agency,
2941,CAMP00000027,CH  00000004,2022-08-10,182.36,Agency,
2942,CAMP00000027,CH00000006,2022-08-10,182.05,Platform,
2943,CAMP00000027,CH00000014,2022-08-11,139.72,Creative,
2944,CAMP00000027,CH00000015,2022-08-11,221.0,Platform,
2945,CAMP  00000027,CH  00000003,2022-08-12,201.1,Agency,
2946,CAMP00000027,CH00000005,2022-08-12,139.54,Media,
2947,CAMP00000027,CH00000005,2022-08-12,160.58,Media,
2948,CAMP00000027,CH00000007,2022-08-13,223.99,Creative,
2949,CAMP00000027,CH00000015,2022-08-13,225.49,Platform,
2950,CAMP00000027,CH00000001,2022-08-14,236.87,Media,
2951,CAMP  00000027,CH00000003,2022-08-15,241.0,Creative,
2952,CAMP00000027,CH00000009,2022-08-15,164.88,Media,
2953,CAMP00000027,CH00000004,2022-08-15,224.14,,
2954,CAMP00000027,CH00000003,2022-08-16,226.34,Creative,
2955,CAMP00000027,CH00000011,2022-08-17,209.68,Media,
2956,CAMP00000027,CH00000002,2022-08-18,165.12,Platform,
2957,CAMP00000027,CH00000005,2022-08-18,215.6,Platform,
2958,CAMP00000027,CH00000010,2022-08-18,224.95,Platform,
2959,CAMP00000027,CH00000003,2022-08-19,143.29,Creative,
2960,CAMP00000027,CH00000009,2022-08-20,203.06,Media,
2961,CAMP00000027,CH00000014,2022-08-20,232.01,Media,
2962,CAMP00000027,CH00000003,2022-08-20,195.74,Media,
2963,CAMP00000027,CH00000005,2022-08-21,206.6,Media,
2964,CAMP00000027,CH00000008,2022-08-21,193.42,Media,
2965,CAMP00000027,CH00000014,2022-08-21,176.07,Agency,
2966,CAMP00000027,CH00000008,2022-08-22,154.04,Creative,
2967,CAMP00000027,CH00000011,2022-08-23,193.42,Creative,
2968,CAMP00000027,CH00000007,2022-08-23,192.23,Platform,
2969,CAMP00000027,CH00000010,2022-08-23,177.23,Agency,
2970,CAMP00000027,CH  00000006,2022-08-24,214.01,Media,
2971,CAMP00000027,CH00000003,2022-08-24,155.33,Media,
2972,CAMP00000027,CH00000010,2022-08-25,170.24,Platform,
2973,CAMP00000027,CH00000015,2022-08-26,171.15,Platform,
2974,CAMP00000027,CH00000003,2022-08-26,217.18,Media,
2975,CAMP00000027,CH00000014,2022-08-27,183.38,Platform,
2976,CAMP00000027,CH00000004,2022-08-27,184.48,Media,
2977,CAMP00000027,CH00000009,2022-08-27,191.85,Platform,
2978,camp00000027,CH00000004,2022-08-28,229.49,Creative,
2979,CAMP00000027,CH00000005,2022-08-29,234.03,Creative,
2980,CAMP00000027,CH00000012,2022-08-29,163.42,Platform,
2981,CAMP00000027,CH00000008,2022-08-29,183.25,Creative,
2982,CAMP00000027,CH00000003,2022-08-30,132.33,Media,
2983,CAMP00000027,CH00000006,2022-08-30,243.75,Platform,
2984,CAMP00000027,CH00000010,2022-08-30,220.04,Creative,
2985,CAMP00000027,ch00000006,2022-08-31,189.21,Agency,
2986,CAMP00000027,CH00000011,2022-08-31,229.85,Creative,
2987,CAMP00000027,CH00000003,2022-08-31,187.36,Media,
2988,CAMP00000027,CH  00000011,2022-09-01,188.24,Platform,
2989,CAMP00000027,CH  00000006,2022-09-01,166.22,Media,
2990,CAMP00000027,CH  00000008,2022-09-01,195.48,Platform,
2991,CAMP00000027,CH00000007,2022-09-02,212.34,Media,
2992,CAMP00000027,CH00000006,2022-09-02,193.72,Creative,
2993,CAMP00000027,CH00000008,2022-09-03,165.21,Creative,
2994,CAMP00000027,CH00000013,2022-09-03,209.83,Agency,
2995,CAMP  00000027,CH00000003,2022-09-04,217.38,Creative,
2996,CAMP00000027,CH00000002,2022-09-04,189.11,Platform,
2997,CAMP00000027,CH00000002,2022-09-04,136.35,Creative,
2998,CAMP00000027,CH00000006,2022-09-05,160.71,Creative,
2999,CAMP  00000027,CH00000004,2022-09-05,157.52,Media,
3000,CAMP00000027,CH00000004,2022-09-06,164.87,Platform,
3001,CAMP00000027,CH00000011,2022-09-06,229.46,Creative,
3002,camp00000027,CH00000010,2022-09-06,178.02,Platform,
3003,CAMP00000027,CH00000009,2022-09-07,175.78,Agency,
3004,CAMP00000027,CH00000009,2022-09-07,193.62,Creative,
3005,CAMP00000027,CH00000003,2022-09-08,204.56,Creative,
3006,CAMP  00000027,CH00000008,2022-09-08,240.13,Platform,
3007,CAMP00000027,ch00000015,2022-09-08,228.12,Agency,
3008,CAMP00000027,CH00000003,2022-09-09,180.44,Platform,
3009,CAMP00000027,CH00000007,2022-09-10,232.46,Platform,
3010,CAMP00000027,CH00000006,2022-09-10,200.54,Creative,
3011,CAMP00000027,CH00000009,2022-09-11,178.44,Media,
3012,CAMP00000027,CH00000009,2022-09-12,172.91,Creative,
3013,CAMP00000027,CH00000011,2022-09-12,151.85,Media,
3014,CAMP00000027,CH00000008,2022-09-13,188.68,Agency,
3015,CAMP  00000027,CH00000003,2022-09-14,150.51,Agency,
3016,CAMP00000027,CH00000005,2022-09-14,232.46,Agency,
3017,CAMP00000027,CH00000012,2022-09-14,176.91,Agency,
3018,CAMP00000027,CH00000014,2022-09-15,222.38,Platform,
3019,CAMP00000027,CH00000011,2022-09-15,168.18,Media,
3020,CAMP00000027,CH00000003,2022-09-16,245.67,Creative,
3021,CAMP00000027,CH00000013,2022-09-17,134.16,Media,
3022,CAMP00000027,CH00000008,2022-09-17,220.86,Platform,
3023,CAMP00000027,CH  00000006,2022-09-17,200.8,Creative,
3024,CAMP00000027,CH00000003,2022-09-18,211.75,Creative,
3025,CAMP00000027,CH00000011,2022-09-19,137.86,Media,
3026,CAMP00000027,CH00000010,2022-09-19,187.97,Media,
3027,CAMP00000027,CH00000005,2022-09-20,190.68,Media,
3028,CAMP00000027,CH00000002,2022-09-20,178.09,Media,
3029,CAMP00000027,CH00000009,2022-09-21,198.04,Platform,
3030,CAMP00000027,CH00000004,2022-09-22,198.5,Media,
3031,CAMP00000027,CH00000008,2022-09-22,238.67,Media,
3032,CAMP00000027,ch00000005,2022-09-23,190.45,Media,
3033,CAMP00000027,CH00000012,2022-09-23,143.93,Creative,
3034,CAMP00000027,CH00000012,2022-09-24,240.4,Agency,
3035,CAMP00000027,CH00000010,2022-09-24,238.21,Media,
3036,CAMP00000027,CH00000001,2022-09-25,191.61,Media,
3037,CAMP  00000027,CH  00000010,2022-09-26,153.45,Creative,
3038,CAMP00000027,CH00000010,2022-09-26,165.41,Agency,
3039,CAMP00000027,CH00000006,2022-09-27,168.67,Media,
3040,CAMP00000027,CH00000012,2022-09-27,225.86,Platform,
3041,CAMP00000027,CH00000012,2022-09-27,136.6,Agency,
3042,CAMP00000027,CH00000013,2022-09-28,186.26,Creative,
3043,CAMP00000027,CH00000015,2022-09-28,155.94,Agency,
3044,CAMP00000027,CH00000013,2022-09-28,235.25,Creative,
3045,CAMP00000027,CH00000009,2022-09-29,167.74,Agency,
3046,CAMP00000027,CH00000004,2022-09-30,202.17,Platform,
3047,CAMP00000027,CH00000015,2022-10-01,141.68,Agency,
3048,CAMP00000027,CH00000012,2022-10-01,226.58,Creative,
3049,CAMP00000027,CH  00000010,2022-10-02,240.81,Creative,
3050,CAMP00000027,CH00000002,2022-10-03,208.86,Creative,
3051,CAMP  00000027,CH00000003,2022-10-03,217.41,Media,
3052,CAMP00000027,CH00000013,2022-10-04,231.35,Media,
3053,CAMP  00000027,CH00000003,2022-10-04,218.27,Creative,
3054,CAMP00000027,CH00000012,2022-10-04,204.98,Platform,
3055,CAMP00000027,CH00000015,2022-10-05,201.81,Creative,
3056,CAMP00000027,CH00000008,2022-10-06,152.08,Agency,
3057,CAMP00000027,CH00000001,2022-10-06,224.02,Media,
3058,CAMP00000027,CH00000009,2022-10-06,204.71,Agency,
3059,CAMP00000027,CH  00000005,2022-10-07,180.38,Platform,
3060,CAMP00000027,CH00000013,2022-10-07,232.92,Media,
3061,CAMP00000027,CH00000011,2022-10-07,202.59,Platform,
3062,CAMP00000027,CH00000005,2022-10-08,188.17,Agency,
3063,CAMP00000027,CH00000008,2022-10-08,238.96,Creative,
3064,CAMP00000027,CH00000009,2022-10-08,201.9,Media,
3065,CAMP00000027,CH00000003,2022-10-09,156.98,Creative,
3066,CAMP00000027,CH00000003,2022-10-10,219.96,Platform,
3067,CAMP00000027,CH00000013,2022-10-10,156.8,Agency,
3068,CAMP00000027,CH00000014,2022-10-11,172.22,Agency,
3069,CAMP00000027,CH00000015,2022-10-12,215.93,Agency,
3070,CAMP00000027,CH00000007,2022-10-13,146.8,Agency,
3071,CAMP00000027,CH00000004,2022-10-13,242.62,Agency,
3072,CAMP00000027,CH00000013,2022-10-13,227.27,Media,
3073,CAMP00000027,CH00000001,2022-10-14,173.74,Agency,
3074,CAMP00000027,CH00000015,2022-10-14,155.84,Agency,
3075,CAMP00000027,CH00000007,2022-10-15,242.35,Media,
3076,CAMP00000027,CH00000007,2022-10-15,207.77,Platform,
3077,CAMP00000027,CH  00000005,2022-10-15,215.98,Platform,
3078,CAMP00000027,CH00000013,2022-10-16,193.26,Platform,
3079,CAMP00000027,CH00000002,2022-10-16,205.53,,
3080,CAMP00000027,CH00000008,2022-10-16,180.44,Creative,
3081,CAMP00000027,CH00000005,2022-10-17,217.44,Agency,
3082,CAMP00000027,CH00000013,2022-10-18,153.6,Platform,
3083,CAMP  00000027,CH00000006,2022-10-18,208.0,Media,
3084,CAMP00000027,CH00000012,2022-10-18,171.44,Agency,
3085,CAMP00000027,CH00000008,2022-10-19,235.79,Agency,
3086,CAMP00000027,CH00000011,2022-10-19,178.66,Media,
3087,CAMP00000027,CH  00000008,2022-10-20,230.96,Creative,
3088,CAMP00000027,CH00000008,2022-10-20,244.31,Platform,
3089,CAMP00000027,CH00000003,2022-10-21,192.73,Media,
3090,CAMP00000027,CH00000001,2022-10-22,221.72,Agency,
3091,CAMP00000027,CH00000007,2022-10-23,149.27,Creative,
3092,CAMP00000027,CH00000012,2022-10-23,237.17,Platform,
3093,CAMP00000027,CH00000014,2022-10-23,178.44,Platform,
3094,CAMP00000027,CH00000009,2022-10-24,166.14,Media,
3095,CAMP00000027,CH00000011,2022-10-25,134.82,Creative,
3096,camp00000027,CH00000013,2022-10-26,165.14,Creative,
3097,CAMP00000027,CH00000009,2022-10-27,221.6,Agency,
3098,CAMP00000027,CH00000014,2022-10-28,237.72,Creative,
3099,CAMP00000027,CH00000015,2022-10-29,216.87,Creative,
3100,CAMP00000027,CH00000008,2022-10-29,218.09,Media,
3101,CAMP00000027,ch00000012,2022-10-30,158.78,Creative,
3102,CAMP00000027,CH00000001,2022-10-31,170.88,Agency,
3103,CAMP00000027,CH00000014,2022-10-31,230.88,Platform,
3104,CAMP00000027,CH00000012,2022-10-31,195.64,Creative,
3105,CAMP00000027,CH00000008,2022-11-01,239.03,Platform,
3106,CAMP00000027,CH00000005,2022-11-01,232.48,Creative,
3107,CAMP00000027,CH00000008,2022-11-02,199.19,Media,
3108,CAMP00000027,CH00000010,2022-11-02,213.23,Platform,
3109,CAMP00000027,CH00000013,2022-11-03,200.37,Platform,
3110,CAMP00000027,CH00000014,2022-11-03,218.77,Media,
3111,CAMP00000027,CH00000014,2022-11-03,200.25,Platform,
3112,CAMP00000027,CH00000001,2022-11-04,236.05,Media,
3113,CAMP00000027,CH00000002,2022-11-04,226.95,Platform,
3114,CAMP00000027,CH00000012,2022-11-04,204.85,Media,
3115,CAMP00000027,CH00000012,2022-11-05,159.58,Platform,
3116,CAMP00000028,CH00000012,2021-10-20,308.99,Agency,
3117,CAMP00000028,CH00000012,2021-10-20,353.25,Agency,
3118,camp00000028,CH00000012,2021-10-21,272.03,Platform,
3119,CAMP00000028,CH  00000003,2021-10-22,330.23,Platform,
3120,CAMP  00000028,CH00000005,2021-10-23,395.72,Creative,
3121,CAMP00000028,CH00000006,2021-10-23,305.05,Creative,
3122,CAMP00000028,CH  00000004,2021-10-23,379.66,Creative,
3123,CAMP00000028,CH00000003,2021-10-24,235.33,Creative,
3124,CAMP00000028,CH00000006,2021-10-24,413.67,Platform,
3125,CAMP00000028,CH00000002,2021-10-25,287.64,Agency,
3126,CAMP00000028,CH00000011,2021-10-25,353.98,Media,
3127,CAMP00000028,CH00000007,2021-10-25,327.79,Creative,
3128,CAMP00000028,CH00000009,2021-10-26,418.12,Agency,
3129,CAMP00000028,CH00000004,2021-10-27,318.88,Media,
3130,CAMP00000028,CH00000014,2021-10-27,312.34,Agency,
3131,camp00000028,CH00000004,2021-10-27,373.78,Creative,
3132,CAMP00000028,CH00000010,2021-10-28,301.14,Platform,
3133,CAMP00000028,CH00000011,2021-10-28,398.87,Creative,
3134,CAMP00000028,CH00000014,2021-10-28,258.41,Media,
3135,CAMP00000028,CH00000009,2021-10-29,280.34,Platform,
3136,CAMP00000028,CH00000005,2021-10-29,299.73,Media,
3137,CAMP00000028,CH00000012,2021-10-30,395.08,Media,
3138,CAMP00000028,CH00000015,2021-10-30,272.01,Media,
3139,CAMP00000028,CH00000002,2021-10-31,305.02,Platform,
3140,CAMP00000028,CH00000008,2021-10-31,290.29,Creative,
3141,CAMP00000028,CH  00000012,2021-10-31,391.37,Platform,
3142,CAMP00000028,CH00000001,2021-11-01,303.52,Creative,
3143,CAMP00000028,CH00000003,2021-11-01,395.55,Creative,
3144,CAMP00000028,CH00000012,2021-11-02,350.71,Media,
3145,CAMP00000028,CH00000001,2021-11-02,246.08,Creative,
3146,CAMP00000028,CH00000008,2021-11-02,312.3,Creative,
3147,CAMP00000028,CH00000003,2021-11-03,226.3,Creative,
3148,CAMP00000028,CH00000010,2021-11-03,370.62,Platform,
3149,CAMP00000028,CH00000001,2021-11-03,342.72,Platform,
3150,camp00000028,ch00000011,2021-11-04,337.44,Media,
3151,CAMP00000028,CH00000007,2021-11-04,402.82,Agency,
3152,CAMP00000028,CH00000008,2021-11-05,324.44,Agency,
3153,CAMP00000028,CH00000014,2021-11-05,370.45,Platform,
3154,CAMP00000028,CH00000009,2021-11-05,261.27,Media,
3155,camp00000028,CH00000011,2021-11-06,239.93,Platform,
3156,CAMP00000028,CH00000001,2021-11-06,398.25,Creative,
3157,CAMP00000028,CH00000010,2021-11-07,394.82,Agency,
3158,CAMP00000028,CH00000008,2021-11-07,399.87,Agency,
3159,CAMP00000028,CH00000007,2021-11-08,396.06,Agency,
3160,CAMP00000028,CH00000010,2021-11-08,418.31,Platform,
3161,CAMP00000028,CH00000013,2021-11-08,408.61,Creative,
3162,CAMP00000028,CH00000010,2021-11-09,335.27,Media,
3163,CAMP00000028,CH00000013,2021-11-09,333.52,Platform,
3164,CAMP00000028,CH  00000014,2021-11-10,359.29,Media,
3165,CAMP00000028,CH00000013,2021-11-10,310.78,Media,
3166,CAMP00000028,CH00000013,2021-11-10,286.5,Agency,
3167,CAMP00000028,CH  00000004,2021-11-11,244.19,Agency,
3168,CAMP00000028,CH00000011,2021-11-12,262.0,Platform,
3169,CAMP00000028,CH00000001,2021-11-13,305.3,Platform,
3170,CAMP00000028,CH00000007,2021-11-13,355.05,Agency,
3171,CAMP00000028,CH00000014,2021-11-14,395.39,Agency,
3172,CAMP00000028,CH00000009,2021-11-15,297.23,Platform,
3173,CAMP00000028,CH00000007,2021-11-15,395.53,Platform,
3174,CAMP00000028,CH00000005,2021-11-16,419.04,Creative,
3175,CAMP00000028,CH00000014,2021-11-16,407.33,Media,
3176,CAMP00000028,CH00000002,2021-11-16,306.36,Creative,
3177,CAMP00000028,CH00000003,2021-11-17,377.43,Creative,
3178,CAMP00000028,CH00000013,2021-11-17,381.49,Creative,
3179,CAMP00000028,CH00000006,2021-11-17,318.34,Platform,
3180,CAMP00000028,CH00000004,2021-11-18,271.79,Media,
3181,CAMP00000028,CH00000007,2021-11-19,291.63,Media,
3182,CAMP00000028,CH00000014,2021-11-19,282.18,Agency,
3183,CAMP00000028,CH  00000005,2021-11-19,336.86,Platform,
3184,CAMP00000028,CH00000010,2021-11-20,316.16,Media,
3185,CAMP00000028,CH00000004,2021-11-20,286.3,Creative,
3186,CAMP00000028,CH00000009,2021-11-21,278.37,Creative,
3187,CAMP00000028,CH00000006,2021-11-21,294.29,Platform,
3188,CAMP00000028,CH00000014,2021-11-22,322.39,Creative,
3189,CAMP00000028,CH00000008,2021-11-23,401.31,Media,
3190,CAMP00000028,CH00000003,2021-11-23,332.17,Creative,
3191,CAMP00000028,CH00000012,2021-11-24,391.02,,
3192,CAMP00000028,CH00000015,2021-11-25,250.78,Creative,
3193,CAMP00000028,CH00000009,2021-11-25,227.45,Creative,
3194,CAMP00000028,CH  00000015,2021-11-26,394.77,Agency,
3195,CAMP00000028,CH00000009,2021-11-26,271.91,Agency,
3196,CAMP00000028,CH00000001,2021-11-27,241.67,Platform,
3197,CAMP00000028,CH00000014,2021-11-27,295.12,Creative,
3198,CAMP00000028,CH00000007,2021-11-28,357.89,Platform,
3199,CAMP00000028,CH00000013,2021-11-28,364.33,Media,
3200,camp00000028,CH00000003,2021-11-29,232.32,Agency,
3201,CAMP00000028,CH00000008,2021-11-29,342.06,Creative,
3202,CAMP00000028,CH00000006,2021-11-30,415.6,Media,
3203,CAMP00000028,CH00000015,2021-11-30,241.32,Media,
3204,CAMP00000028,CH  00000012,2021-11-30,403.92,Platform,
3205,CAMP00000028,CH00000012,2021-12-01,258.74,Creative,
3206,CAMP00000028,CH00000006,2021-12-01,252.35,Media,
3207,CAMP00000028,CH00000001,2021-12-02,239.18,Media,
3208,CAMP00000028,CH00000007,2021-12-02,396.21,Media,
3209,CAMP00000028,CH00000006,2021-12-02,349.86,Agency,
3210,CAMP00000028,CH00000014,2021-12-03,281.45,Creative,
3211,CAMP00000028,CH00000015,2021-12-03,284.27,Media,
3212,CAMP00000028,CH00000003,2021-12-03,389.47,Creative,
3213,CAMP00000028,CH00000010,2021-12-04,357.27,Creative,
3214,CAMP00000028,CH00000010,2021-12-04,325.48,Creative,
3215,CAMP00000028,CH00000009,2021-12-05,406.96,Platform,
3216,CAMP00000028,CH00000011,2021-12-05,394.5,Creative,
3217,CAMP  00000028,CH00000015,2021-12-06,280.34,Creative,
3218,CAMP00000028,CH00000004,2021-12-07,257.69,Creative,
3219,CAMP00000028,CH00000012,2021-12-07,316.37,Agency,
3220,CAMP00000028,CH00000002,2021-12-08,344.28,Agency,
3221,CAMP  00000028,CH00000008,2021-12-09,353.31,Media,
3222,CAMP00000028,CH00000007,2021-12-10,277.31,Agency,
3223,CAMP00000028,CH00000012,2021-12-10,242.02,Agency,
3224,CAMP  00000028,CH00000015,2021-12-10,288.25,Platform,
3225,CAMP00000028,CH  00000003,2021-12-11,334.9,Creative,
3226,CAMP00000028,CH00000007,2021-12-12,369.14,Platform,
3227,CAMP00000028,CH00000002,2021-12-13,252.51,Creative,
3228,CAMP00000028,CH00000014,2021-12-13,374.89,Platform,
3229,CAMP00000028,CH00000014,2021-12-13,352.39,Creative,
3230,CAMP00000028,CH00000006,2021-12-14,255.93,Agency,
3231,CAMP00000028,CH00000012,2021-12-14,301.42,Agency,
3232,CAMP00000028,CH00000012,2021-12-15,263.39,Media,
3233,CAMP00000028,CH  00000011,2021-12-15,321.64,Agency,
3234,CAMP00000028,CH00000001,2021-12-16,242.84,Creative,
3235,CAMP00000028,CH00000013,2021-12-16,349.95,Agency,
3236,CAMP00000028,CH00000010,2021-12-16,341.5,Agency,
3237,CAMP00000028,CH00000007,2021-12-17,358.46,Creative,
3238,CAMP00000028,CH00000010,2021-12-18,360.0,Media,
3239,CAMP00000028,CH00000008,2021-12-18,343.48,Platform,
3240,CAMP00000028,CH  00000015,2021-12-18,234.49,Creative,
3241,CAMP00000028,CH00000003,2021-12-19,300.61,Platform,
3242,CAMP00000028,CH00000014,2021-12-20,404.09,Media,
3243,CAMP00000028,CH  00000013,2021-12-20,366.83,Media,
3244,CAMP  00000028,CH00000006,2021-12-21,312.44,Agency,
3245,CAMP00000028,CH00000013,2021-12-21,326.42,Creative,
3246,CAMP00000028,CH00000010,2021-12-22,408.56,Platform,
3247,CAMP00000028,CH00000004,2021-12-22,394.84,Creative,
3248,CAMP00000028,CH00000002,2021-12-23,345.38,Creative,
3249,CAMP  00000028,CH00000008,2021-12-23,286.59,Platform,
3250,CAMP00000028,CH00000004,2021-12-23,314.35,Agency,
3251,CAMP00000028,CH00000006,2021-12-24,313.64,Creative,
3252,CAMP00000028,CH00000014,2021-12-24,245.84,Media,
3253,CAMP00000028,CH00000015,2021-12-24,415.94,Agency,
3254,CAMP00000028,CH  00000010,2021-12-25,233.93,Platform,
3255,CAMP00000028,CH00000009,2021-12-26,335.05,Agency,
3256,CAMP00000028,CH00000004,2021-12-26,250.01,Agency,
3257,CAMP00000028,CH00000006,2021-12-26,227.53,Media,
3258,CAMP00000028,CH00000010,2021-12-27,365.18,Platform,
3259,CAMP00000028,CH00000004,2021-12-28,308.75,Agency,
3260,CAMP00000029,CH00000001,2021-05-04,390.5,Media,
3261,CAMP00000029,CH00000004,2021-05-04,429.99,Media,
3262,CAMP00000029,CH00000015,2021-05-04,575.22,Creative,
3263,CAMP00000029,CH00000015,2021-05-05,586.93,Agency,
3264,CAMP  00000029,CH00000015,2021-05-05,525.38,Creative,
3265,CAMP00000029,CH00000002,2021-05-05,559.95,Creative,
3266,CAMP00000029,CH00000015,2021-05-06,498.99,Media,
3267,CAMP00000029,CH00000014,2021-05-06,595.46,Media,
3268,CAMP00000029,CH00000008,2021-05-06,692.35,Media,
3269,CAMP00000029,CH00000007,2021-05-07,567.42,Media,
3270,CAMP00000029,CH  00000003,2021-05-07,426.47,Creative,
3271,CAMP00000029,CH00000011,2021-05-07,601.5,Media,
3272,CAMP00000029,CH00000004,2021-05-08,643.06,Platform,
3273,CAMP00000029,CH00000001,2021-05-08,606.03,Media,
3274,CAMP00000029,CH00000007,2021-05-09,443.97,Platform,
3275,CAMP00000029,CH00000013,2021-05-10,518.64,Media,
3276,CAMP00000029,CH00000009,2021-05-10,647.52,Platform,
3277,CAMP00000029,CH00000006,2021-05-11,395.16,Platform,
3278,CAMP00000029,CH00000013,2021-05-11,450.83,Creative,
3279,CAMP00000029,CH00000008,2021-05-12,402.96,Platform,
3280,CAMP00000029,ch00000012,2021-05-13,388.34,Creative,
3281,camp00000029,CH00000008,2021-05-14,382.16,Agency,
3282,CAMP00000029,CH00000006,2021-05-14,604.3,Media,
3283,CAMP00000029,CH00000001,2021-05-14,385.86,Platform,
3284,CAMP  00000029,CH00000013,2021-05-15,548.45,Platform,
3285,CAMP00000029,CH00000007,2021-05-15,410.11,Agency,
3286,CAMP00000029,CH00000005,2021-05-16,659.4,Media,
3287,CAMP00000029,CH00000006,2021-05-16,652.16,Creative,
3288,CAMP00000029,CH00000011,2021-05-17,618.92,Agency,
3289,CAMP00000029,CH00000001,2021-05-17,380.59,Media,
3290,CAMP00000029,ch00000011,2021-05-18,606.47,Media,
3291,CAMP00000029,CH00000005,2021-05-18,579.9,Media,
3292,CAMP00000029,CH00000009,2021-05-19,417.25,Creative,
3293,CAMP  00000029,CH00000015,2021-05-20,540.07,Platform,
3294,CAMP00000029,CH00000012,2021-05-21,482.7,Creative,
3295,CAMP00000029,CH00000014,2021-05-22,632.35,Agency,
3296,CAMP00000029,CH00000012,2021-05-22,393.07,Creative,
3297,CAMP00000029,CH00000013,2021-05-23,422.74,Agency,
3298,CAMP  00000029,CH00000011,2021-05-23,551.43,Agency,
3299,CAMP00000029,CH00000011,2021-05-23,607.12,Creative,
3300,CAMP00000029,CH  00000004,2021-05-24,605.27,Media,
3301,CAMP00000029,CH00000013,2021-05-24,439.1,Agency,
3302,CAMP00000029,CH00000007,2021-05-24,412.48,Platform,
3303,CAMP00000029,CH  00000012,2021-05-25,492.56,Creative,
3304,CAMP00000029,CH00000011,2021-05-26,607.35,Media,
3305,CAMP00000029,CH00000013,2021-05-26,495.0,Creative,
3306,CAMP00000029,CH00000015,2021-05-27,382.28,Media,
3307,CAMP00000029,CH00000011,2021-05-27,517.78,Platform,
3308,CAMP00000029,CH00000005,2021-05-27,388.44,Agency,
3309,CAMP00000029,CH00000003,2021-05-28,623.33,Creative,
3310,CAMP00000029,CH00000008,2021-05-28,420.48,Platform,
3311,CAMP00000029,CH00000009,2021-05-28,373.64,Creative,
3312,CAMP00000029,CH00000008,2021-05-29,383.97,Media,
3313,CAMP00000029,CH00000005,2021-05-29,606.04,Platform,
3314,CAMP00000029,CH00000014,2021-05-30,569.27,Media,
3315,CAMP00000029,CH00000012,2021-05-31,481.59,Creative,
3316,CAMP00000029,CH00000004,2021-05-31,394.85,Media,
3317,CAMP  00000029,CH00000015,2021-05-31,456.54,Agency,
3318,CAMP00000029,CH00000002,2021-06-01,548.46,Media,
3319,CAMP00000029,CH00000014,2021-06-01,688.13,Creative,
3320,CAMP00000029,CH00000014,2021-06-02,602.8,Agency,
3321,CAMP00000029,CH00000006,2021-06-02,576.47,Platform,
3322,CAMP00000029,CH00000009,2021-06-02,493.81,Creative,
3323,CAMP  00000029,CH00000007,2021-06-03,524.85,Creative,
3324,CAMP00000029,CH00000002,2021-06-04,403.41,Media,
3325,camp00000029,CH00000007,2021-06-04,650.54,Agency,
3326,CAMP00000029,CH00000001,2021-06-04,684.96,Creative,
3327,camp00000029,CH00000007,2021-06-05,484.87,Agency,
3328,CAMP00000029,CH00000015,2021-06-06,503.88,Media,
3329,CAMP00000029,CH00000006,2021-06-07,509.54,Agency,
3330,CAMP00000029,CH00000009,2021-06-07,601.32,Platform,
3331,CAMP00000029,CH00000012,2021-06-07,464.63,Media,
3332,CAMP00000030,CH00000005,2022-10-08,460.32,Creative,
3333,CAMP00000030,CH00000006,2022-10-09,393.76,Platform,
3334,CAMP00000030,CH00000014,2022-10-10,318.31,Creative,
3335,CAMP00000030,CH00000012,2022-10-10,357.26,Agency,
3336,CAMP00000030,CH00000010,2022-10-11,323.2,Media,
3337,CAMP00000030,CH00000011,2022-10-11,508.28,Media,
3338,CAMP00000030,CH00000003,2022-10-11,505.75,Platform,
3339,CAMP00000030,CH00000012,2022-10-12,431.47,Creative,
3340,CAMP00000030,CH00000004,2022-10-13,308.75,Platform,
3341,CAMP00000030,CH00000006,2022-10-13,317.16,Agency,
3342,CAMP00000030,CH00000005,2022-10-13,430.28,Creative,
3343,CAMP00000030,CH00000012,2022-10-14,500.82,Agency,
3344,CAMP00000030,CH00000011,2022-10-14,511.83,Platform,
3345,CAMP00000030,CH00000013,2022-10-14,338.84,Agency,
3346,CAMP00000030,CH00000009,2022-10-15,403.45,Agency,
3347,CAMP00000030,CH00000009,2022-10-15,289.95,Platform,
3348,CAMP00000030,CH00000009,2022-10-15,282.79,Media,
3349,CAMP00000030,CH00000008,2022-10-16,346.61,Platform,
3350,CAMP00000030,CH00000003,2022-10-16,438.57,Media,
3351,CAMP00000030,CH00000010,2022-10-17,337.24,Agency,
3352,CAMP  00000030,CH00000015,2022-10-17,356.3,Platform,
3353,CAMP00000030,CH00000005,2022-10-18,509.92,Media,
3354,CAMP00000030,CH00000006,2022-10-18,439.44,Media,
3355,CAMP00000030,CH00000011,2022-10-19,469.75,Creative,
3356,CAMP00000030,CH00000006,2022-10-20,410.12,Creative,
3357,CAMP00000030,CH00000004,2022-10-21,495.87,Agency,
3358,CAMP00000030,CH00000008,2022-10-22,339.65,Media,
3359,CAMP00000030,CH00000003,2022-10-22,514.31,Agency,
3360,CAMP00000030,CH00000005,2022-10-23,315.25,Media,
3361,CAMP00000030,CH00000010,2022-10-23,393.85,Agency,
3362,CAMP00000030,CH00000002,2022-10-23,300.16,Media,
3363,CAMP00000030,CH00000003,2022-10-24,346.79,Platform,
3364,CAMP00000030,CH00000011,2022-10-24,345.89,Agency,
3365,CAMP00000030,CH00000010,2022-10-25,494.76,Agency,
3366,CAMP00000030,CH00000015,2022-10-25,328.24,Agency,
3367,CAMP00000030,CH00000008,2022-10-25,318.02,Agency,
3368,CAMP00000030,CH00000011,2022-10-26,297.51,Platform,
3369,CAMP00000030,CH00000012,2022-10-26,506.07,Agency,
3370,CAMP00000030,CH00000005,2022-10-27,400.82,Media,
3371,CAMP00000030,CH00000005,2022-10-27,382.44,Creative,
3372,CAMP00000030,CH00000015,2022-10-27,306.06,Media,
3373,CAMP  00000030,CH00000002,2022-10-28,494.32,Agency,
3374,CAMP00000030,CH  00000001,2022-10-28,321.16,Media,
3375,CAMP00000030,CH00000014,2022-10-28,423.98,Platform,
3376,CAMP00000030,CH00000003,2022-10-29,437.99,Creative,
3377,CAMP00000030,CH00000012,2022-10-29,330.03,Creative,
3378,CAMP00000030,CH00000012,2022-10-29,386.78,Media,
3379,CAMP00000030,CH00000011,2022-10-30,344.71,Agency,
3380,CAMP00000030,CH00000014,2022-10-30,433.88,Media,
3381,CAMP00000030,CH00000015,2022-10-31,511.16,Media,
3382,CAMP00000030,CH00000004,2022-10-31,297.13,Platform,
3383,CAMP00000030,CH00000004,2022-11-01,445.25,Agency,
3384,CAMP00000030,CH  00000007,2022-11-01,314.42,Agency,
3385,CAMP00000030,CH00000007,2022-11-02,422.22,Media,
3386,CAMP00000030,CH00000015,2022-11-02,499.22,Agency,
3387,CAMP00000030,CH00000015,2022-11-03,484.18,Agency,
3388,CAMP00000030,CH00000010,2022-11-03,447.93,Agency,
3389,CAMP00000030,CH00000009,2022-11-03,382.14,Media,
3390,CAMP00000030,CH00000012,2022-11-04,349.26,Media,
3391,CAMP00000030,CH00000008,2022-11-05,505.32,Creative,
3392,CAMP00000030,CH00000012,2022-11-05,277.38,Platform,
3393,CAMP00000030,CH00000003,2022-11-06,491.48,Agency,
3394,CAMP00000030,CH00000011,2022-11-06,331.07,Creative,
3395,CAMP00000030,CH00000015,2022-11-06,298.03,Agency,
3396,CAMP00000030,CH00000011,2022-11-07,452.59,Creative,
3397,CAMP00000030,CH00000014,2022-11-07,376.46,Platform,
3398,CAMP00000030,ch  00000011,2022-11-08,335.24,Agency,
3399,CAMP00000030,CH00000013,2022-11-08,295.01,Creative,
3400,CAMP00000030,CH00000008,2022-11-08,358.37,Platform,
3401,CAMP00000030,CH00000008,2022-11-09,481.34,Platform,
3402,CAMP00000030,CH00000012,2022-11-09,306.48,Media,
3403,CAMP00000030,CH00000010,2022-11-09,444.84,Agency,
3404,CAMP00000030,CH00000005,2022-11-10,281.39,Platform,
3405,CAMP00000030,CH00000002,2022-11-10,358.16,Platform,
3406,CAMP00000030,CH00000011,2022-11-11,444.6,Agency,
3407,CAMP00000030,CH00000011,2022-11-11,410.89,Media,
3408,CAMP00000030,CH00000001,2022-11-12,423.22,Creative,
3409,CAMP00000030,CH00000008,2022-11-13,500.05,Platform,
3410,CAMP00000030,CH00000008,2022-11-14,467.23,Platform,
3411,CAMP00000030,CH00000004,2022-11-14,460.5,Media,
3412,CAMP00000030,CH00000001,2022-11-15,415.75,Agency,
3413,camp00000030,CH00000006,2022-11-15,394.17,Agency,
3414,camp00000030,CH00000008,2022-11-15,341.56,Media,
3415,CAMP00000030,ch00000007,2022-11-16,307.99,Media,
3416,CAMP00000030,CH00000012,2022-11-17,296.78,Platform,
3417,CAMP00000030,ch00000003,2022-11-18,421.9,Creative,
3418,CAMP00000030,CH00000001,2022-11-18,312.26,Creative,
3419,CAMP00000030,ch00000011,2022-11-18,418.16,Creative,
3420,CAMP00000030,CH00000010,2022-11-19,334.97,Agency,
3421,CAMP00000030,CH00000014,2022-11-20,451.12,Agency,
3422,CAMP00000030,CH00000014,2022-11-20,485.94,Media,
3423,CAMP00000030,CH00000013,2022-11-21,403.46,Creative,
3424,CAMP00000030,CH00000001,2022-11-22,422.71,Agency,
3425,CAMP00000030,CH00000005,2022-11-22,502.91,Creative,
3426,CAMP00000030,CH00000002,2022-11-23,301.58,Platform,
3427,CAMP00000030,CH00000008,2022-11-23,505.06,Creative,
3428,CAMP00000030,CH00000003,2022-11-23,441.35,Platform,
3429,CAMP00000030,CH00000010,2022-11-24,497.11,Agency,
3430,CAMP00000030,CH00000009,2022-11-25,286.56,Creative,
3431,CAMP00000030,CH00000004,2022-11-25,298.33,Agency,
3432,CAMP00000030,CH00000006,2022-11-26,333.6,Platform,
3433,CAMP  00000030,CH00000012,2022-11-26,358.18,Agency,
3434,CAMP00000030,CH00000005,2022-11-26,470.1,Agency,
3435,CAMP00000030,CH00000010,2022-11-27,497.17,Agency,
3436,CAMP00000030,CH00000001,2022-11-28,432.06,Creative,
3437,CAMP  00000030,CH00000012,2022-11-28,507.06,Agency,
3438,camp00000030,CH00000008,2022-11-28,312.02,Agency,
3439,CAMP00000031,CH00000014,2021-05-01,140.8,Agency,
3440,CAMP00000031,CH00000005,2021-05-02,139.21,Platform,
3441,CAMP00000031,CH  00000011,2021-05-02,173.42,Creative,
3442,CAMP00000031,CH00000010,2021-05-02,218.54,Platform,
3443,CAMP00000031,CH00000008,2021-05-03,157.48,Agency,
3444,CAMP00000031,CH00000006,2021-05-03,173.25,Platform,
3445,CAMP00000031,CH00000010,2021-05-03,202.11,Media,
3446,CAMP00000031,CH00000015,2021-05-04,137.69,Creative,
3447,CAMP00000031,CH00000010,2021-05-04,162.95,Agency,
3448,CAMP00000031,CH00000008,2021-05-05,178.09,Media,
3449,CAMP00000031,CH00000008,2021-05-05,169.51,Platform,
3450,CAMP00000031,CH00000015,2021-05-05,118.03,Platform,
3451,CAMP00000031,CH00000002,2021-05-06,198.99,Platform,
3452,CAMP00000031,CH00000007,2021-05-06,160.84,Media,
3453,CAMP00000031,CH00000013,2021-05-07,123.89,Creative,
3454,CAMP00000031,CH00000010,2021-05-07,137.35,Media,
3455,CAMP00000031,CH00000008,2021-05-08,183.08,Platform,
3456,CAMP00000031,CH00000011,2021-05-08,179.71,Creative,
3457,CAMP00000031,CH00000011,2021-05-08,209.28,Creative,
3458,CAMP00000031,CH00000001,2021-05-09,201.31,,
3459,CAMP00000031,CH00000005,2021-05-10,124.0,Agency,
3460,CAMP00000031,CH00000007,2021-05-11,203.45,Media,
3461,CAMP00000031,CH00000009,2021-05-12,138.21,Media,
3462,CAMP00000031,CH00000004,2021-05-13,166.01,Media,
3463,CAMP00000031,CH00000008,2021-05-13,192.53,Agency,
3464,CAMP00000031,CH00000001,2021-05-13,153.86,Creative,
3465,CAMP00000031,CH00000009,2021-05-14,134.83,Creative,
3466,CAMP00000031,CH00000011,2021-05-14,130.97,Agency,
3467,CAMP00000031,CH00000008,2021-05-14,128.16,Media,
3468,CAMP  00000031,CH00000013,2021-05-15,207.71,Media,
3469,CAMP00000031,CH  00000012,2021-05-16,167.34,Media,
3470,CAMP00000031,CH00000014,2021-05-16,158.69,Creative,
3471,CAMP00000031,CH00000006,2021-05-17,145.99,Media,
3472,CAMP00000031,CH00000001,2021-05-17,135.41,Agency,
3473,CAMP00000031,CH00000001,2021-05-17,197.17,Creative,
3474,CAMP00000031,CH00000003,2021-05-18,144.95,Media,
3475,CAMP00000031,CH00000010,2021-05-19,163.88,Agency,
3476,CAMP00000031,CH00000011,2021-05-19,147.81,Agency,
3477,CAMP00000031,CH00000007,2021-05-19,208.05,Agency,
3478,CAMP00000031,CH00000008,2021-05-20,180.59,Creative,
3479,CAMP00000031,CH00000007,2021-05-20,120.6,Creative,
3480,CAMP00000031,CH00000006,2021-05-21,128.77,Creative,
3481,CAMP00000031,CH00000003,2021-05-21,119.66,Agency,
3482,CAMP  00000031,CH00000002,2021-05-22,199.86,Agency,
3483,CAMP00000031,CH00000002,2021-05-23,184.22,Platform,
3484,CAMP00000031,CH00000004,2021-05-23,144.05,Creative,
3485,CAMP00000031,CH00000002,2021-05-24,167.42,Media,
3486,CAMP00000031,CH00000006,2021-05-25,129.25,Platform,
3487,CAMP00000031,CH00000014,2021-05-25,138.88,Agency,
3488,CAMP00000031,CH00000002,2021-05-26,127.96,Media,
3489,CAMP00000031,CH00000013,2021-05-26,129.38,Platform,
3490,CAMP00000031,CH00000001,2021-05-27,207.48,Platform,
3491,CAMP00000031,CH00000004,2021-05-27,212.92,Media,
3492,CAMP00000031,CH00000013,2021-05-27,187.07,Media,
3493,CAMP00000031,CH00000013,2021-05-28,145.16,Creative,
3494,CAMP00000031,CH00000005,2021-05-28,133.22,Platform,
3495,CAMP00000031,CH00000014,2021-05-29,140.01,Media,
3496,CAMP00000031,CH00000014,2021-05-29,193.17,Creative,
3497,CAMP00000031,CH00000013,2021-05-30,202.75,Agency,
3498,CAMP00000031,CH00000005,2021-05-30,171.14,Creative,
3499,CAMP00000031,CH00000006,2021-05-31,153.35,Creative,
3500,CAMP00000031,CH00000015,2021-06-01,201.89,Media,
3501,CAMP  00000031,CH00000006,2021-06-02,132.31,Platform,
3502,CAMP00000031,CH00000005,2021-06-02,186.17,Agency,
3503,CAMP00000031,CH00000012,2021-06-02,136.05,Media,
3504,CAMP00000031,CH00000008,2021-06-03,181.35,Creative,
3505,CAMP00000031,CH00000012,2021-06-03,181.7,Creative,
3506,CAMP00000031,CH00000008,2021-06-03,163.61,Platform,
3507,CAMP00000031,CH00000005,2021-06-04,189.23,Platform,
3508,CAMP00000031,ch00000001,2021-06-04,178.01,Agency,
3509,CAMP00000031,CH00000001,2021-06-04,171.19,Media,
3510,CAMP00000031,CH00000013,2021-06-05,191.69,Creative,
3511,CAMP00000031,CH00000015,2021-06-05,218.62,Agency,
3512,CAMP00000031,CH00000006,2021-06-05,151.93,Platform,
3513,CAMP00000031,CH00000002,2021-06-06,141.89,Creative,
3514,CAMP00000031,CH00000005,2021-06-06,162.62,Platform,
3515,CAMP00000031,CH00000009,2021-06-07,166.92,Agency,
3516,CAMP00000031,CH00000011,2021-06-07,174.81,Platform,
3517,CAMP00000031,ch00000012,2021-06-08,136.16,Media,
3518,CAMP00000031,CH00000010,2021-06-08,168.53,Media,
3519,CAMP00000031,CH00000010,2021-06-08,130.03,Media,
3520,CAMP00000031,CH00000006,2021-06-09,130.77,Platform,
3521,CAMP00000031,CH00000007,2021-06-09,183.33,Creative,
3522,CAMP00000031,CH00000001,2021-06-09,146.54,Creative,
3523,CAMP00000031,CH00000015,2021-06-10,142.39,Agency,
3524,CAMP00000031,CH00000001,2021-06-10,190.33,Agency,
3525,CAMP00000031,CH00000007,2021-06-10,176.64,Agency,
3526,CAMP00000031,CH00000012,2021-06-11,207.34,Creative,
3527,CAMP00000031,CH00000012,2021-06-12,218.48,Media,
3528,CAMP00000031,CH00000010,2021-06-12,177.7,Creative,
3529,CAMP00000031,CH00000006,2021-06-13,213.11,Agency,
3530,CAMP00000031,CH00000015,2021-06-13,148.28,,
3531,CAMP00000031,CH00000003,2021-06-13,185.6,Media,
3532,CAMP00000031,CH00000002,2021-06-14,140.64,Media,
3533,CAMP00000031,CH00000003,2021-06-14,172.21,Agency,
3534,CAMP00000031,CH00000006,2021-06-15,162.44,Agency,
3535,CAMP00000031,CH00000008,2021-06-15,163.81,Agency,
3536,CAMP00000031,CH00000003,2021-06-16,170.57,Creative,
3537,CAMP00000031,CH00000014,2021-06-16,130.56,Platform,
3538,CAMP00000031,CH00000001,2021-06-17,205.66,Platform,
3539,CAMP00000031,CH00000013,2021-06-17,136.84,Platform,
3540,CAMP00000031,CH00000012,2021-06-17,211.2,Agency,
3541,CAMP00000031,CH00000003,2021-06-18,153.84,Media,
3542,camp00000031,CH00000014,2021-06-19,125.67,Platform,
3543,CAMP00000031,CH00000015,2021-06-19,171.49,Platform,
3544,CAMP00000031,CH00000010,2021-06-19,203.5,Agency,
3545,CAMP  00000031,CH00000003,2021-06-20,213.28,Agency,
3546,CAMP00000031,CH00000007,2021-06-20,143.07,Agency,
3547,CAMP00000031,CH00000011,2021-06-20,217.1,Creative,
3548,CAMP00000031,CH00000010,2021-06-21,158.08,Agency,
3549,CAMP00000031,CH00000006,2021-06-21,149.41,Agency,
3550,CAMP00000031,CH00000006,2021-06-22,148.52,Creative,
3551,CAMP00000031,CH00000012,2021-06-23,192.59,Platform,
3552,CAMP00000031,CH00000015,2021-06-23,153.41,Agency,
3553,CAMP00000031,CH00000001,2021-06-24,118.25,Media,
3554,CAMP00000031,CH00000003,2021-06-25,189.49,Creative,
3555,CAMP00000031,CH00000006,2021-06-25,189.47,Media,
3556,CAMP00000031,CH00000004,2021-06-26,199.14,Agency,
3557,CAMP00000031,CH00000015,2021-06-26,122.24,Platform,
3558,CAMP00000031,CH00000009,2021-06-26,120.71,Agency,
3559,CAMP00000031,CH00000010,2021-06-27,202.58,Creative,
3560,CAMP00000031,CH00000008,2021-06-28,166.29,Platform,
3561,CAMP00000031,CH00000002,2021-06-28,183.93,Media,
3562,CAMP00000031,CH00000012,2021-06-28,198.5,Agency,
3563,CAMP00000031,CH  00000013,2021-06-29,205.4,Agency,
3564,CAMP00000031,CH  00000013,2021-06-29,160.12,Platform,
3565,CAMP00000031,CH00000006,2021-06-30,197.86,Creative,
3566,CAMP00000031,CH00000003,2021-06-30,157.18,Media,
3567,CAMP00000031,CH00000001,2021-07-01,174.41,Media,
3568,CAMP00000031,CH00000014,2021-07-01,175.85,Media,
3569,CAMP00000031,CH  00000003,2021-07-02,132.87,Creative,
3570,CAMP00000031,CH00000011,2021-07-02,191.02,Media,
3571,CAMP00000031,CH00000013,2021-07-02,145.48,Platform,
3572,CAMP00000031,CH00000015,2021-07-03,195.24,Media,
3573,CAMP00000031,CH00000010,2021-07-03,161.44,Platform,
3574,CAMP00000031,CH00000015,2021-07-04,189.95,Creative,
3575,CAMP00000031,CH00000003,2021-07-04,209.24,Platform,
3576,CAMP00000031,CH00000011,2021-07-05,129.74,Media,
3577,CAMP00000031,CH00000002,2021-07-05,176.98,Platform,
3578,CAMP00000031,CH00000002,2021-07-05,202.51,Creative,
3579,CAMP00000032,CH00000011,2022-12-29,16985.69,Media,
3580,CAMP00000032,CH00000011,2022-12-29,20937.45,Creative,
3581,CAMP00000032,CH00000004,2022-12-30,20527.17,Media,
3582,CAMP00000032,CH00000007,2022-12-31,19150.11,Agency,
3583,CAMP00000032,CH  00000008,2022-12-31,19583.32,Agency,
3584,CAMP00000032,CH00000001,2022-12-31,17120.02,Creative,
3585,CAMP00000032,CH00000010,2023-01-01,19550.31,Platform,
3586,CAMP00000032,CH00000002,2023-01-01,23969.91,Platform,
3587,CAMP00000032,CH00000002,2023-01-02,22855.07,Media,
3588,CAMP00000032,CH00000008,2023-01-02,14674.56,Media,
3589,CAMP00000032,CH00000003,2023-01-03,15809.38,Creative,
3590,CAMP00000032,CH00000007,2023-01-04,15834.39,Agency,
3591,CAMP00000032,CH00000001,2023-01-04,18435.33,Creative,
3592,CAMP00000032,CH00000004,2023-01-04,18151.25,Agency,
3593,CAMP00000032,CH00000013,2023-01-05,25222.2,Platform,
3594,CAMP00000032,CH00000010,2023-01-05,14469.65,Media,
3595,CAMP00000032,CH00000002,2023-01-05,14263.66,Creative,
3596,CAMP00000032,CH00000011,2023-01-06,25900.65,Creative,
3597,CAMP00000032,CH00000005,2023-01-06,25353.98,Platform,
3598,CAMP00000032,CH00000001,2023-01-06,19889.58,Media,
3599,CAMP00000032,CH00000008,2023-01-07,24155.1,Agency,
3600,CAMP00000032,CH00000015,2023-01-08,15660.21,Agency,
3601,CAMP00000032,CH00000015,2023-01-08,14272.21,Platform,
3602,CAMP  00000032,CH00000003,2023-01-08,19237.27,Platform,
3603,CAMP00000032,CH00000008,2023-01-09,20205.73,Creative,
3604,CAMP00000032,ch00000015,2023-01-09,25907.0,Agency,
3605,CAMP00000032,CH00000015,2023-01-10,16124.26,Agency,
3606,CAMP00000032,CH00000002,2023-01-11,19019.69,Media,
3607,CAMP00000032,CH00000006,2023-01-11,18475.28,Platform,
3608,CAMP00000032,CH00000013,2023-01-11,15730.21,Creative,
3609,CAMP00000032,CH00000012,2023-01-12,17609.08,Creative,
3610,CAMP00000032,CH00000007,2023-01-13,24068.69,Creative,
3611,CAMP00000032,CH00000001,2023-01-14,19682.85,Creative,
3612,CAMP00000032,CH00000012,2023-01-15,16510.75,Media,
3613,CAMP00000032,CH00000006,2023-01-15,25447.41,Creative,
3614,CAMP00000032,CH00000001,2023-01-16,16104.05,Platform,
3615,CAMP00000032,CH00000014,2023-01-16,21742.7,Agency,
3616,CAMP00000032,CH00000012,2023-01-17,23806.35,Media,
3617,CAMP  00000032,CH00000004,2023-01-17,16452.73,Media,
3618,CAMP00000032,CH00000001,2023-01-17,24568.33,Platform,
3619,CAMP00000032,CH00000001,2023-01-18,21680.11,Platform,
3620,CAMP00000032,CH00000015,2023-01-18,19811.15,Platform,
3621,CAMP00000032,CH  00000008,2023-01-19,18668.29,Creative,
3622,CAMP  00000032,CH  00000003,2023-01-19,16793.18,Agency,
3623,CAMP00000032,CH00000005,2023-01-19,14175.0,Creative,
3624,CAMP00000032,CH00000015,2023-01-20,16036.55,Media,
3625,CAMP  00000032,CH00000015,2023-01-20,19898.15,Creative,
3626,CAMP00000032,CH00000009,2023-01-21,22098.7,Platform,
3627,CAMP  00000032,CH00000009,2023-01-21,25136.02,Media,
3628,CAMP00000032,CH00000002,2023-01-21,23645.51,Platform,
3629,CAMP00000032,CH00000013,2023-01-22,20966.54,Agency,
3630,CAMP00000032,CH00000002,2023-01-23,21932.23,Creative,
3631,CAMP00000032,CH  00000003,2023-01-23,14179.61,Media,
3632,CAMP00000032,CH00000001,2023-01-23,19941.2,Media,
3633,CAMP00000032,CH00000004,2023-01-24,16831.07,Agency,
3634,CAMP00000032,CH00000007,2023-01-24,25561.18,Platform,
3635,CAMP00000032,CH00000015,2023-01-25,20014.99,Creative,
3636,CAMP00000032,ch00000003,2023-01-25,21679.85,Agency,
3637,CAMP00000032,CH  00000008,2023-01-25,25914.72,Platform,
3638,camp  00000032,CH00000006,2023-01-26,22598.14,Creative,
3639,CAMP00000032,CH00000011,2023-01-27,20207.93,Platform,
3640,CAMP00000032,CH00000001,2023-01-27,25918.7,Platform,
3641,CAMP00000032,CH00000003,2023-01-27,22297.05,Agency,
3642,CAMP  00000032,CH00000014,2023-01-28,21876.02,Creative,
3643,CAMP00000032,CH00000009,2023-01-28,21964.63,Media,
3644,CAMP00000032,CH00000014,2023-01-29,16004.44,Media,
3645,CAMP00000032,CH00000012,2023-01-30,24068.07,Platform,
3646,CAMP00000032,CH00000003,2023-01-31,24383.56,Creative,
3647,CAMP00000032,ch00000015,2023-01-31,14826.13,Platform,
3648,CAMP00000032,CH00000013,2023-01-31,25802.44,Agency,
3649,CAMP00000032,CH00000005,2023-02-01,19500.92,Platform,
3650,CAMP00000032,CH00000014,2023-02-01,15876.67,Creative,
3651,CAMP00000032,CH00000007,2023-02-02,16673.18,Creative,
3652,CAMP00000032,CH  00000004,2023-02-02,24561.33,Agency,
3653,CAMP00000032,CH00000015,2023-02-02,21028.29,Creative,
3654,camp00000032,CH00000012,2023-02-03,23819.47,Platform,
3655,camp00000032,CH00000014,2023-02-03,26108.27,Creative,
3656,CAMP00000032,CH  00000008,2023-02-04,17150.91,Media,
3657,CAMP00000032,ch00000010,2023-02-04,19778.21,Agency,
3658,CAMP00000032,CH00000008,2023-02-05,18763.35,Platform,
3659,CAMP00000032,CH00000010,2023-02-06,20595.56,Platform,
3660,CAMP00000033,CH00000011,2022-03-18,163.97,Agency,
3661,CAMP00000033,ch00000012,2022-03-19,151.77,Media,
3662,CAMP00000033,CH00000010,2022-03-19,236.56,Platform,
3663,CAMP00000033,CH00000005,2022-03-20,133.91,Media,
3664,CAMP00000033,CH00000008,2022-03-20,238.28,Media,
3665,CAMP00000033,CH00000009,2022-03-21,219.97,Creative,
3666,CAMP00000033,CH00000010,2022-03-21,198.15,Media,
3667,CAMP00000033,CH00000007,2022-03-21,213.82,Platform,
3668,CAMP00000033,CH00000001,2022-03-22,162.77,Creative,
3669,CAMP00000033,CH00000001,2022-03-23,168.33,Agency,
3670,CAMP  00000033,CH00000015,2022-03-24,197.21,Agency,
3671,CAMP00000033,CH00000004,2022-03-25,232.66,Agency,
3672,CAMP00000033,CH00000003,2022-03-26,135.01,Media,
3673,CAMP00000033,CH00000009,2022-03-27,219.08,Agency,
3674,CAMP00000033,CH00000012,2022-03-27,200.71,Agency,
3675,CAMP00000033,CH00000008,2022-03-27,191.74,Agency,
3676,CAMP00000033,CH00000010,2022-03-28,166.37,Media,
3677,CAMP00000033,CH00000005,2022-03-28,230.15,Agency,
3678,CAMP00000033,CH00000004,2022-03-28,230.47,Media,
3679,CAMP00000033,CH00000008,2022-03-29,131.68,Platform,
3680,CAMP00000033,CH00000015,2022-03-29,220.26,Creative,
3681,CAMP00000033,CH00000015,2022-03-30,232.83,Platform,
3682,CAMP00000033,CH00000003,2022-03-30,229.48,Agency,
3683,CAMP00000033,ch00000007,2022-03-31,167.88,Agency,
3684,CAMP00000033,CH00000015,2022-04-01,137.78,Platform,
3685,CAMP00000033,CH00000001,2022-04-02,131.39,Platform,
3686,CAMP00000033,CH00000011,2022-04-02,158.94,Media,
3687,CAMP00000033,CH  00000010,2022-04-03,139.2,Creative,
3688,CAMP00000033,CH00000011,2022-04-04,157.08,Platform,
3689,CAMP00000033,CH00000011,2022-04-05,154.69,Creative,
3690,CAMP00000033,CH00000015,2022-04-05,147.41,Agency,
3691,camp00000033,CH00000013,2022-04-06,155.8,Media,
3692,CAMP00000033,CH00000002,2022-04-07,139.7,Media,
3693,CAMP00000033,CH00000015,2022-04-07,239.66,Platform,
3694,CAMP00000033,CH00000012,2022-04-07,186.83,Platform,
3695,camp00000033,CH00000002,2022-04-08,215.41,Creative,
3696,CAMP00000033,CH00000001,2022-04-08,205.95,Platform,
3697,CAMP00000033,CH00000002,2022-04-08,214.58,Media,
3698,CAMP00000033,CH00000005,2022-04-09,141.74,Agency,
3699,CAMP00000033,CH00000010,2022-04-09,224.66,Creative,
3700,CAMP00000033,CH00000005,2022-04-10,165.43,Agency,
3701,CAMP00000033,CH00000005,2022-04-11,220.78,Media,
3702,CAMP00000033,CH00000005,2022-04-12,163.86,Media,
3703,CAMP00000033,CH00000011,2022-04-12,172.78,Agency,
3704,CAMP00000033,CH00000008,2022-04-12,209.05,Agency,
3705,CAMP00000033,CH00000011,2022-04-13,194.11,Agency,
3706,CAMP00000033,CH00000007,2022-04-13,176.58,Creative,
3707,CAMP00000033,CH00000012,2022-04-13,182.04,Creative,
3708,CAMP00000033,CH00000012,2022-04-14,240.6,Agency,
3709,CAMP00000033,CH00000003,2022-04-14,220.62,Agency,
3710,CAMP00000033,CH00000005,2022-04-15,142.79,Platform,
3711,CAMP00000033,CH00000002,2022-04-16,183.57,Platform,
3712,CAMP00000033,CH00000008,2022-04-16,229.84,Platform,
3713,CAMP00000033,CH00000012,2022-04-17,227.97,Platform,
3714,CAMP00000033,CH00000004,2022-04-17,135.81,Platform,
3715,CAMP00000033,CH00000013,2022-04-17,142.27,Media,
3716,CAMP00000033,CH00000010,2022-04-18,162.25,Creative,
3717,CAMP00000033,CH00000015,2022-04-19,191.86,Platform,
3718,CAMP00000033,CH00000011,2022-04-19,208.15,Platform,
3719,CAMP00000033,CH00000008,2022-04-19,178.09,Agency,
3720,CAMP00000033,CH00000006,2022-04-20,237.59,Platform,
3721,CAMP00000033,CH00000014,2022-04-21,187.79,Creative,
3722,CAMP00000033,CH00000011,2022-04-21,184.44,Creative,
3723,CAMP00000033,CH00000010,2022-04-21,207.45,Platform,
3724,CAMP00000033,CH  00000002,2022-04-22,150.14,Platform,
3725,CAMP00000033,CH00000008,2022-04-23,157.48,Creative,
3726,CAMP00000033,CH00000006,2022-04-24,234.52,Media,
3727,CAMP00000033,CH00000010,2022-04-24,191.67,Agency,
3728,CAMP00000033,CH00000015,2022-04-24,228.86,Creative,
3729,CAMP00000033,CH00000004,2022-04-25,186.82,Agency,
3730,CAMP00000033,CH00000007,2022-04-25,132.32,Media,
3731,camp00000033,CH00000003,2022-04-25,185.84,Creative,
3732,CAMP00000033,CH00000006,2022-04-26,130.49,Agency,
3733,camp00000033,CH00000005,2022-04-26,154.55,Agency,
3734,CAMP  00000033,CH00000012,2022-04-26,230.97,Media,
3735,CAMP00000033,CH00000011,2022-04-27,203.2,Creative,
3736,CAMP00000033,CH00000009,2022-04-28,139.58,Media,
3737,CAMP00000033,CH00000012,2022-04-29,173.86,Media,
3738,CAMP00000033,CH  00000012,2022-04-29,141.17,Creative,
3739,CAMP00000033,CH00000010,2022-04-29,140.57,Agency,
3740,CAMP  00000033,CH00000009,2022-04-30,152.72,Agency,
3741,CAMP00000033,CH00000002,2022-05-01,143.08,Creative,
3742,CAMP  00000033,CH00000001,2022-05-02,146.37,Platform,
3743,CAMP00000033,CH00000008,2022-05-03,199.32,Platform,
3744,CAMP00000033,ch00000002,2022-05-03,163.2,Creative,
3745,CAMP00000033,CH00000004,2022-05-03,143.34,Platform,
3746,CAMP00000033,CH00000010,2022-05-04,235.18,Platform,
3747,CAMP00000033,CH00000006,2022-05-04,226.41,Creative,
3748,CAMP00000033,CH00000002,2022-05-05,224.09,Media,
3749,CAMP00000033,CH00000008,2022-05-06,240.96,Platform,
3750,CAMP00000033,CH00000004,2022-05-07,197.87,Agency,
3751,CAMP00000033,CH00000014,2022-05-07,130.28,Media,
3752,CAMP00000033,CH00000014,2022-05-07,151.94,Creative,
3753,CAMP00000033,CH00000014,2022-05-08,229.57,Creative,
3754,CAMP00000033,CH00000011,2022-05-08,157.69,Agency,
3755,CAMP00000033,CH00000015,2022-05-08,147.64,Platform,
3756,CAMP00000034,CH  00000006,2024-06-20,155.45,Creative,
3757,CAMP00000034,CH00000011,2024-06-20,124.44,Platform,
3758,CAMP00000034,CH00000013,2024-06-21,144.82,Platform,
3759,CAMP00000034,CH00000008,2024-06-21,117.31,Creative,
3760,CAMP00000034,CH00000014,2024-06-22,144.49,Agency,
3761,CAMP00000034,CH00000015,2024-06-23,120.03,Media,
3762,CAMP00000034,CH00000014,2024-06-24,136.2,Creative,
3763,CAMP00000034,CH00000006,2024-06-25,116.48,Platform,
3764,CAMP00000034,CH00000005,2024-06-25,138.48,Creative,
3765,CAMP00000034,CH00000014,2024-06-25,126.93,Platform,
3766,CAMP00000034,CH00000001,2024-06-26,124.58,Creative,
3767,CAMP00000034,CH00000015,2024-06-26,129.65,Agency,
3768,CAMP00000034,CH00000013,2024-06-27,162.78,Agency,
3769,CAMP00000034,ch00000006,2024-06-27,152.69,Agency,
3770,CAMP00000034,CH00000013,2024-06-28,152.75,Agency,
3771,CAMP00000034,CH00000005,2024-06-29,146.17,Platform,
3772,CAMP00000034,CH00000012,2024-06-29,150.32,Agency,
3773,CAMP  00000034,ch00000001,2024-06-29,168.53,Platform,
3774,CAMP00000034,CH00000002,2024-06-30,144.55,Media,
3775,CAMP00000034,CH00000007,2024-06-30,163.88,Platform,
3776,CAMP00000034,CH00000004,2024-07-01,100.29,Platform,
3777,CAMP00000034,CH00000010,2024-07-01,127.48,Agency,
3778,CAMP00000034,CH00000005,2024-07-01,114.65,Creative,
3779,CAMP00000034,CH00000001,2024-07-02,146.35,Creative,
3780,CAMP00000034,CH00000005,2024-07-02,128.84,Platform,
3781,CAMP00000034,CH00000011,2024-07-02,167.28,Media,
3782,camp00000034,CH00000008,2024-07-03,142.98,Media,
3783,CAMP00000034,CH00000012,2024-07-03,128.83,Creative,
3784,CAMP00000034,CH00000013,2024-07-04,98.5,Platform,
3785,CAMP00000034,CH00000013,2024-07-05,101.77,Media,
3786,CAMP00000034,CH00000014,2024-07-06,143.12,Creative,
3787,camp00000034,CH00000010,2024-07-06,163.33,Platform,
3788,CAMP00000034,CH00000008,2024-07-07,150.84,Media,
3789,CAMP00000034,CH00000007,2024-07-07,166.52,Creative,
3790,CAMP00000034,CH00000011,2024-07-07,165.37,Creative,
3791,CAMP00000034,CH  00000006,2024-07-08,165.07,Creative,
3792,CAMP00000034,CH00000001,2024-07-09,119.95,Platform,
3793,CAMP00000034,CH00000010,2024-07-10,151.32,Platform,
3794,CAMP00000034,CH00000015,2024-07-11,144.56,Platform,
3795,CAMP00000034,CH00000007,2024-07-11,164.65,Media,
3796,CAMP00000034,CH00000012,2024-07-12,169.53,Agency,
3797,CAMP00000034,CH00000014,2024-07-13,115.71,Creative,
3798,CAMP00000034,CH00000008,2024-07-14,142.08,Platform,
3799,CAMP00000034,CH00000008,2024-07-15,134.19,Platform,
3800,CAMP00000034,CH00000005,2024-07-15,103.01,Platform,
3801,CAMP  00000034,CH  00000004,2024-07-15,106.94,Media,
3802,CAMP00000034,CH00000007,2024-07-16,166.51,Platform,
3803,CAMP00000034,CH00000014,2024-07-16,112.67,Agency,
3804,CAMP00000034,CH00000010,2024-07-17,103.49,Creative,
3805,CAMP00000034,CH00000014,2024-07-17,145.66,Platform,
3806,CAMP00000034,CH00000003,2024-07-18,156.66,Agency,
3807,CAMP00000034,CH00000004,2024-07-18,147.39,Media,
3808,CAMP00000034,CH00000010,2024-07-19,147.1,Media,
3809,CAMP00000034,CH00000006,2024-07-20,117.49,Media,
3810,CAMP00000034,CH00000015,2024-07-20,140.03,,
3811,CAMP00000034,CH00000010,2024-07-20,138.96,Agency,
3812,CAMP00000034,CH00000011,2024-07-21,97.74,Media,
3813,CAMP00000034,CH00000011,2024-07-22,134.59,Media,
3814,CAMP00000034,CH00000007,2024-07-22,163.4,Agency,
3815,CAMP00000034,CH00000011,2024-07-23,147.09,Creative,
3816,CAMP00000034,CH00000005,2024-07-24,116.94,Media,
3817,CAMP00000034,CH00000002,2024-07-24,102.54,Platform,
3818,CAMP00000034,CH00000008,2024-07-24,97.48,Platform,
3819,CAMP00000034,CH00000002,2024-07-25,116.97,Platform,
3820,CAMP00000034,CH00000014,2024-07-25,154.46,Platform,
3821,CAMP00000034,CH00000015,2024-07-25,163.08,Media,
3822,CAMP00000034,CH00000001,2024-07-26,149.46,Creative,
3823,CAMP00000034,CH00000004,2024-07-26,156.81,Media,
3824,CAMP00000034,CH00000007,2024-07-26,150.66,Platform,
3825,CAMP00000034,CH00000003,2024-07-27,118.51,Platform,
3826,CAMP00000034,CH00000009,2024-07-27,135.21,Platform,
3827,CAMP00000034,CH00000002,2024-07-27,142.33,Media,
3828,CAMP00000034,CH00000010,2024-07-28,137.14,Platform,
3829,CAMP00000034,CH  00000002,2024-07-28,169.98,Creative,
3830,CAMP00000034,CH00000005,2024-07-29,144.16,Platform,
3831,CAMP00000034,CH00000006,2024-07-30,100.51,Agency,
3832,CAMP00000034,CH00000009,2024-07-30,128.81,Media,
3833,CAMP00000034,CH00000001,2024-07-30,167.22,Platform,
3834,CAMP  00000034,CH00000004,2024-07-31,108.06,Platform,
3835,CAMP00000034,CH00000006,2024-07-31,124.49,Agency,
3836,CAMP00000034,CH00000005,2024-08-01,142.58,Media,
3837,CAMP00000034,CH00000004,2024-08-02,127.25,Creative,
3838,CAMP00000034,CH00000011,2024-08-02,157.24,Agency,
3839,CAMP00000034,CH00000009,2024-08-02,133.72,Agency,
3840,CAMP00000034,CH00000014,2024-08-03,129.29,Agency,
3841,CAMP00000034,CH00000012,2024-08-03,133.59,Creative,
3842,CAMP00000034,CH00000007,2024-08-04,155.44,Media,
3843,CAMP00000034,CH00000010,2024-08-04,161.85,Platform,
3844,CAMP  00000034,CH00000007,2024-08-05,156.18,Media,
3845,CAMP00000034,CH00000015,2024-08-05,142.68,Platform,
3846,CAMP00000034,CH00000009,2024-08-06,160.97,Media,
3847,CAMP00000034,CH00000003,2024-08-07,153.87,Media,
3848,CAMP00000034,CH00000005,2024-08-08,123.36,Creative,
3849,CAMP00000034,CH00000015,2024-08-08,157.95,Creative,
3850,CAMP00000034,CH  00000009,2024-08-08,99.32,Media,
3851,CAMP00000034,CH00000013,2024-08-09,108.73,Agency,
3852,CAMP00000034,CH00000001,2024-08-10,104.43,Platform,
3853,CAMP00000034,CH00000012,2024-08-11,120.92,Agency,
3854,CAMP00000034,CH00000013,2024-08-12,163.63,Agency,
3855,camp00000034,CH00000015,2024-08-12,103.31,Platform,
3856,CAMP00000034,CH00000003,2024-08-12,132.58,Media,
3857,CAMP00000034,CH00000011,2024-08-13,143.05,Agency,
3858,CAMP00000034,CH00000015,2024-08-14,120.72,Platform,
3859,CAMP00000034,CH00000001,2024-08-14,109.35,Creative,
3860,camp00000034,CH00000003,2024-08-14,161.77,Media,
3861,CAMP00000034,CH00000002,2024-08-15,144.57,Creative,
3862,CAMP00000034,CH00000014,2024-08-15,145.79,Agency,
3863,camp00000034,CH00000003,2024-08-16,134.49,Agency,
3864,CAMP00000034,CH00000015,2024-08-17,134.71,Agency,
3865,CAMP00000034,CH00000009,2024-08-17,155.75,Platform,
3866,CAMP00000034,CH00000008,2024-08-17,169.79,Agency,
3867,CAMP00000034,CH00000009,2024-08-18,146.2,Creative,
3868,CAMP00000034,CH  00000005,2024-08-19,98.8,Creative,
3869,CAMP00000034,CH00000013,2024-08-19,111.97,Creative,
3870,CAMP00000034,CH  00000002,2024-08-20,171.19,Agency,
3871,CAMP00000034,CH00000004,2024-08-20,98.11,Platform,
3872,CAMP00000034,CH00000014,2024-08-20,102.07,Platform,
3873,CAMP00000035,CH  00000010,2023-01-09,136.16,Platform,
3874,CAMP00000035,CH00000002,2023-01-09,105.64,Media,
3875,CAMP00000035,CH00000012,2023-01-09,169.75,Agency,
3876,CAMP00000035,CH00000009,2023-01-10,141.31,Creative,
3877,CAMP00000035,CH00000002,2023-01-10,138.02,Agency,
3878,CAMP00000035,CH00000006,2023-01-11,114.43,Creative,
3879,CAMP00000035,CH00000009,2023-01-12,183.62,Creative,
3880,CAMP00000035,CH00000003,2023-01-13,180.78,Creative,
3881,CAMP00000035,CH00000006,2023-01-13,125.58,Agency,
3882,CAMP00000035,CH00000011,2023-01-14,152.22,Media,
3883,CAMP00000035,CH00000006,2023-01-14,141.11,Media,
3884,CAMP00000035,CH00000014,2023-01-14,144.63,Media,
3885,CAMP00000035,CH00000012,2023-01-15,108.49,Agency,
3886,CAMP00000035,CH00000009,2023-01-16,113.86,Media,
3887,CAMP00000035,CH  00000010,2023-01-16,177.58,Media,
3888,CAMP00000035,CH00000007,2023-01-16,108.47,Agency,
3889,CAMP00000035,CH00000010,2023-01-17,124.85,Creative,
3890,CAMP00000035,CH00000006,2023-01-17,150.55,Agency,
3891,CAMP00000035,CH00000007,2023-01-18,170.15,Agency,
3892,CAMP00000035,CH00000003,2023-01-19,119.41,Platform,
3893,CAMP00000035,CH00000013,2023-01-19,110.89,Agency,
3894,CAMP00000035,CH00000010,2023-01-20,170.02,Agency,
3895,CAMP00000035,CH00000011,2023-01-21,159.98,Agency,
3896,CAMP00000035,CH00000006,2023-01-21,125.73,Agency,
3897,CAMP00000035,CH00000006,2023-01-22,132.65,Platform,
3898,CAMP00000035,CH00000013,2023-01-22,152.31,Creative,
3899,CAMP  00000035,CH00000002,2023-01-23,131.23,Media,
3900,CAMP00000035,CH00000004,2023-01-23,189.23,Media,
3901,CAMP00000035,CH00000008,2023-01-23,175.64,Agency,
3902,CAMP00000035,CH00000004,2023-01-24,186.24,Creative,
3903,CAMP00000035,CH00000010,2023-01-24,174.67,Platform,
3904,CAMP00000035,CH  00000015,2023-01-25,115.47,Platform,
3905,CAMP00000035,CH00000009,2023-01-26,167.12,Media,
3906,CAMP00000035,CH00000002,2023-01-26,124.35,Creative,
3907,CAMP00000035,CH00000008,2023-01-26,136.7,Platform,
3908,CAMP00000035,CH00000001,2023-01-27,109.43,Creative,
3909,CAMP00000035,CH00000009,2023-01-27,140.84,Platform,
3910,CAMP00000035,CH00000015,2023-01-27,111.2,Media,
3911,CAMP00000035,CH00000009,2023-01-28,188.22,Creative,
3912,CAMP00000035,CH00000012,2023-01-28,177.96,Agency,
3913,CAMP00000035,CH00000012,2023-01-28,168.46,Media,
3914,CAMP00000035,CH00000015,2023-01-29,120.56,Platform,
3915,CAMP00000035,CH00000014,2023-01-29,128.76,Creative,
3916,CAMP00000035,CH00000012,2023-01-30,111.33,Creative,
3917,CAMP00000035,CH00000008,2023-01-31,184.92,Creative,
3918,CAMP00000035,CH00000008,2023-01-31,113.58,Creative,
3919,CAMP00000035,CH  00000010,2023-02-01,181.83,Agency,
3920,CAMP00000035,CH00000011,2023-02-01,125.59,Agency,
3921,CAMP00000035,CH  00000009,2023-02-01,164.2,Agency,
3922,CAMP00000035,CH00000007,2023-02-02,182.8,Agency,
3923,CAMP00000035,CH00000005,2023-02-02,142.65,Media,
3924,CAMP00000035,CH00000007,2023-02-02,125.94,,
3925,CAMP00000035,CH  00000009,2023-02-03,150.46,Platform,
3926,CAMP00000035,CH  00000014,2023-02-03,184.56,Creative,
3927,CAMP00000035,CH00000007,2023-02-04,109.36,Agency,
3928,CAMP00000035,CH00000015,2023-02-04,192.24,Platform,
3929,CAMP00000035,CH00000015,2023-02-05,116.68,Platform,
3930,CAMP  00000035,CH00000007,2023-02-05,158.19,Agency,
3931,CAMP00000035,CH00000009,2023-02-06,158.69,Platform,
3932,CAMP00000035,CH00000008,2023-02-06,136.78,Platform,
3933,CAMP00000035,CH00000005,2023-02-06,165.64,Agency,
3934,CAMP00000035,CH00000011,2023-02-07,189.24,Creative,
3935,CAMP00000035,CH00000006,2023-02-08,188.45,,
3936,CAMP00000035,CH00000006,2023-02-08,172.36,Agency,
3937,CAMP00000035,CH00000014,2023-02-09,184.95,Platform,
3938,CAMP00000035,CH00000013,2023-02-09,151.44,Platform,
3939,CAMP00000035,CH00000006,2023-02-10,139.53,Platform,
3940,CAMP00000035,CH00000012,2023-02-10,184.3,Creative,
3941,CAMP00000035,CH00000009,2023-02-10,125.51,Agency,
3942,CAMP00000035,CH00000007,2023-02-11,135.83,Agency,
3943,CAMP00000035,CH00000013,2023-02-11,127.11,Platform,
3944,CAMP00000035,CH00000014,2023-02-11,194.33,Creative,
3945,CAMP00000035,CH00000012,2023-02-12,141.93,Creative,
3946,CAMP00000035,CH00000015,2023-02-12,186.19,Agency,
3947,CAMP00000035,CH00000007,2023-02-13,125.64,Media,
3948,CAMP00000035,CH00000010,2023-02-13,105.4,Platform,
3949,CAMP00000035,CH00000009,2023-02-13,109.98,Media,
3950,CAMP00000035,CH00000001,2023-02-14,175.97,Agency,
3951,CAMP00000035,CH00000008,2023-02-15,177.85,Creative,
3952,CAMP00000035,CH00000004,2023-02-16,141.7,Platform,
3953,CAMP  00000035,CH00000009,2023-02-17,142.85,Platform,
3954,CAMP00000035,CH  00000002,2023-02-17,134.75,Agency,
3955,CAMP00000035,CH00000002,2023-02-18,130.66,Agency,
3956,CAMP00000035,CH00000015,2023-02-18,164.68,Media,
3957,CAMP00000035,CH00000005,2023-02-19,187.0,Platform,
3958,CAMP00000035,CH00000007,2023-02-19,164.41,Platform,
3959,CAMP00000035,CH00000003,2023-02-20,141.86,Platform,
3960,CAMP00000035,CH00000015,2023-02-20,189.4,Agency,
3961,CAMP00000035,CH00000004,2023-02-20,186.23,Creative,
3962,CAMP00000035,CH00000010,2023-02-21,139.5,Agency,
3963,CAMP00000035,CH00000012,2023-02-21,166.87,Creative,
3964,CAMP00000035,CH00000013,2023-02-21,149.95,Platform,
3965,CAMP00000036,CH00000012,2024-05-25,586.72,Media,
3966,CAMP  00000036,CH00000003,2024-05-25,341.57,Platform,
3967,CAMP00000036,CH00000010,2024-05-26,582.27,Creative,
3968,CAMP00000036,CH00000013,2024-05-27,542.0,Agency,
3969,CAMP00000036,CH00000010,2024-05-27,435.96,Creative,
3970,CAMP  00000036,CH00000001,2024-05-27,358.37,Media,
3971,CAMP00000036,CH00000001,2024-05-28,535.42,Media,
3972,CAMP00000036,CH00000001,2024-05-29,373.02,Creative,
3973,CAMP00000036,CH00000015,2024-05-30,349.46,Agency,
3974,CAMP00000036,CH00000007,2024-05-31,451.09,Media,
3975,CAMP00000036,CH00000008,2024-05-31,483.39,Creative,
3976,CAMP00000036,CH00000011,2024-05-31,377.66,Agency,
3977,CAMP00000036,CH00000002,2024-06-01,590.34,Creative,
3978,CAMP00000036,CH00000004,2024-06-02,487.43,Platform,
3979,CAMP00000036,CH00000001,2024-06-02,567.09,Agency,
3980,CAMP00000036,CH00000015,2024-06-03,482.46,Agency,
3981,CAMP00000036,CH00000006,2024-06-03,545.33,Agency,
3982,CAMP00000036,CH00000011,2024-06-03,378.1,Agency,
3983,CAMP00000036,CH00000006,2024-06-04,415.41,Media,
3984,CAMP00000036,CH00000013,2024-06-04,565.89,Media,
3985,CAMP00000036,CH00000009,2024-06-05,382.27,Creative,
3986,CAMP00000036,CH  00000005,2024-06-05,488.79,Agency,
3987,CAMP00000036,CH  00000002,2024-06-05,592.55,Creative,
3988,CAMP00000036,CH00000004,2024-06-06,394.5,Agency,
3989,CAMP00000036,CH00000002,2024-06-06,347.42,Media,
3990,CAMP00000036,CH00000005,2024-06-07,444.34,Platform,
3991,CAMP00000036,CH00000005,2024-06-07,383.35,Creative,
3992,CAMP00000036,CH00000012,2024-06-07,375.61,Agency,
3993,CAMP00000036,CH00000013,2024-06-08,496.6,Creative,
3994,CAMP00000036,CH00000001,2024-06-08,411.17,Agency,
3995,CAMP00000036,CH00000005,2024-06-08,432.07,Agency,
3996,CAMP00000036,CH00000013,2024-06-09,356.22,Media,
3997,CAMP  00000036,CH00000013,2024-06-10,380.25,Media,
3998,CAMP00000036,CH00000015,2024-06-10,475.99,Media,
3999,CAMP00000036,CH00000005,2024-06-10,372.32,Creative,
4000,CAMP00000036,CH00000012,2024-06-11,541.24,Creative,
4001,CAMP00000036,CH00000006,2024-06-11,465.52,Creative,
4002,CAMP00000036,CH00000007,2024-06-11,405.65,Media,
4003,CAMP  00000036,CH00000010,2024-06-12,587.75,Platform,
4004,CAMP00000036,CH00000013,2024-06-12,508.9,Media,
4005,CAMP00000036,CH00000005,2024-06-13,422.04,Media,
4006,CAMP00000036,CH00000014,2024-06-14,533.35,Agency,
4007,CAMP00000036,CH00000004,2024-06-15,336.0,Agency,
4008,CAMP00000036,CH00000002,2024-06-16,331.49,Media,
4009,CAMP00000036,CH00000014,2024-06-16,566.75,Media,
4010,CAMP00000036,CH00000004,2024-06-16,326.39,Creative,
4011,CAMP00000036,CH00000009,2024-06-17,400.94,Creative,
4012,CAMP00000036,CH00000004,2024-06-18,567.4,Creative,
4013,CAMP  00000036,CH00000007,2024-06-18,419.58,Media,
4014,CAMP00000036,CH00000010,2024-06-19,401.41,Media,
4015,CAMP00000037,CH00000001,2024-06-24,240.14,Creative,
4016,CAMP00000037,CH00000002,2024-06-24,284.91,Platform,
4017,CAMP00000037,CH00000005,2024-06-25,192.8,Media,
4018,CAMP00000037,CH00000004,2024-06-25,264.04,Creative,
4019,CAMP00000037,CH00000012,2024-06-25,255.34,Creative,
4020,CAMP00000037,CH00000008,2024-06-26,218.26,Creative,
4021,CAMP00000037,CH00000005,2024-06-26,213.91,Platform,
4022,CAMP00000037,CH00000002,2024-06-27,259.79,Creative,
4023,CAMP00000037,CH00000015,2024-06-28,287.53,Platform,
4024,CAMP00000037,CH00000003,2024-06-28,196.49,Agency,
4025,CAMP00000037,CH00000002,2024-06-29,243.52,Media,
4026,CAMP00000037,CH00000011,2024-06-30,347.91,Agency,
4027,CAMP00000037,CH00000011,2024-06-30,222.69,Creative,
4028,CAMP  00000037,CH00000003,2024-06-30,316.23,Media,
4029,CAMP00000037,CH00000002,2024-07-01,280.49,Platform,
4030,CAMP00000037,CH  00000006,2024-07-01,253.21,Creative,
4031,CAMP00000037,CH00000013,2024-07-01,269.25,Agency,
4032,CAMP00000037,CH00000012,2024-07-02,340.03,Media,
4033,CAMP00000037,CH00000005,2024-07-03,311.14,Creative,
4034,camp00000037,CH00000008,2024-07-03,317.98,Platform,
4035,CAMP  00000037,CH00000007,2024-07-03,328.26,Platform,
4036,CAMP00000037,CH  00000014,2024-07-04,190.93,Media,
4037,CAMP00000037,CH00000009,2024-07-04,296.8,Media,
4038,CAMP00000037,CH00000001,2024-07-04,194.7,Platform,
4039,CAMP00000037,CH00000004,2024-07-05,336.85,Media,
4040,camp00000037,CH00000001,2024-07-06,229.01,Agency,
4041,CAMP00000037,CH00000009,2024-07-07,317.77,Agency,
4042,CAMP00000037,CH00000010,2024-07-07,346.05,Platform,
4043,CAMP00000037,CH00000011,2024-07-07,190.22,Platform,
4044,CAMP00000037,CH00000012,2024-07-08,257.96,Media,
4045,CAMP00000037,CH00000008,2024-07-09,233.18,Creative,
4046,CAMP  00000037,CH00000003,2024-07-10,271.82,Platform,
4047,CAMP00000037,ch00000008,2024-07-11,320.83,Creative,
4048,CAMP00000037,CH00000011,2024-07-12,208.43,Media,
4049,CAMP00000037,CH00000015,2024-07-12,229.22,Creative,
4050,CAMP00000037,CH00000013,2024-07-13,238.32,Agency,
4051,CAMP00000037,CH00000015,2024-07-14,253.02,Creative,
4052,CAMP00000037,CH00000009,2024-07-15,227.63,Creative,
4053,CAMP00000037,CH00000004,2024-07-15,201.74,Platform,
4054,CAMP00000037,CH00000015,2024-07-15,191.08,Platform,
4055,CAMP00000037,CH00000015,2024-07-16,319.43,Media,
4056,CAMP00000037,CH00000005,2024-07-16,345.3,Creative,
4057,CAMP00000037,CH00000003,2024-07-17,241.68,Agency,
4058,CAMP00000037,CH00000006,2024-07-18,207.59,Agency,
4059,CAMP00000037,CH  00000015,2024-07-18,317.02,Media,
4060,CAMP00000037,CH00000013,2024-07-19,286.23,Creative,
4061,CAMP00000037,CH00000011,2024-07-19,252.14,Media,
4062,CAMP00000037,CH00000010,2024-07-19,293.91,Creative,
4063,CAMP00000037,CH00000007,2024-07-20,344.52,Agency,
4064,CAMP00000037,CH00000012,2024-07-20,215.16,Platform,
4065,CAMP00000037,CH00000001,2024-07-20,247.95,Media,
4066,CAMP00000037,CH00000015,2024-07-21,300.99,Agency,
4067,CAMP00000037,CH00000005,2024-07-21,239.74,Agency,
4068,CAMP00000037,CH  00000012,2024-07-21,339.64,Platform,
4069,CAMP00000037,CH00000012,2024-07-22,286.25,Media,
4070,CAMP00000037,CH00000013,2024-07-22,277.01,Media,
4071,CAMP  00000037,CH00000012,2024-07-22,211.65,Creative,
4072,CAMP00000037,CH00000002,2024-07-23,211.0,Agency,
4073,CAMP00000037,CH00000014,2024-07-23,282.38,Agency,
4074,CAMP00000037,CH00000003,2024-07-23,297.25,Agency,
4075,CAMP00000037,CH00000004,2024-07-24,217.57,Media,
4076,CAMP00000037,CH00000014,2024-07-24,258.89,Creative,
4077,CAMP00000037,CH00000007,2024-07-24,329.3,Creative,
4078,CAMP00000037,CH  00000011,2024-07-25,328.4,Creative,
4079,CAMP  00000037,CH00000004,2024-07-25,329.67,Platform,
4080,CAMP00000037,CH00000012,2024-07-25,270.08,Platform,
4081,CAMP00000037,CH00000002,2024-07-26,276.15,Agency,
4082,CAMP00000037,CH00000013,2024-07-26,337.61,Platform,
4083,CAMP00000037,CH00000007,2024-07-26,249.52,Creative,
4084,CAMP00000037,CH00000007,2024-07-27,349.64,Platform,
4085,CAMP00000037,CH00000004,2024-07-27,245.97,Media,
4086,CAMP00000037,CH00000009,2024-07-27,294.31,Media,
4087,CAMP00000037,CH00000008,2024-07-28,251.78,Media,
4088,CAMP00000037,CH00000001,2024-07-28,230.15,Media,
4089,CAMP00000037,CH00000008,2024-07-29,258.22,Creative,
4090,CAMP00000037,CH00000015,2024-07-30,209.34,Media,
4091,CAMP00000037,CH00000005,2024-07-30,215.08,Creative,
4092,CAMP00000037,CH00000002,2024-07-30,321.29,Agency,
4093,CAMP00000037,CH00000005,2024-07-31,338.15,Platform,
4094,CAMP00000037,CH00000004,2024-07-31,248.82,Agency,
4095,camp00000037,CH00000013,2024-08-01,219.72,Creative,
4096,camp00000037,CH  00000005,2024-08-02,258.56,Media,
4097,CAMP00000037,CH00000004,2024-08-02,296.11,Creative,
4098,CAMP00000037,CH00000007,2024-08-03,327.91,Media,
4099,CAMP00000037,CH00000006,2024-08-03,238.98,Media,
4100,CAMP00000037,CH00000001,2024-08-04,210.64,Agency,
4101,CAMP00000037,CH00000009,2024-08-04,315.26,Agency,
4102,CAMP00000037,CH00000011,2024-08-05,285.99,Media,
4103,CAMP00000037,CH00000004,2024-08-05,313.7,Platform,
4104,CAMP00000037,CH00000006,2024-08-06,243.81,Creative,
4105,CAMP00000037,CH00000007,2024-08-07,307.06,Platform,
4106,CAMP00000037,CH00000013,2024-08-07,221.07,Agency,
4107,CAMP00000037,CH00000003,2024-08-08,233.17,Platform,
4108,CAMP00000037,CH00000002,2024-08-08,301.59,Agency,
4109,CAMP00000037,CH00000012,2024-08-09,235.45,Creative,
4110,CAMP  00000037,CH00000008,2024-08-10,308.33,Creative,
4111,CAMP00000037,CH00000009,2024-08-10,264.03,Media,
4112,CAMP  00000037,CH00000008,2024-08-10,296.61,Platform,
4113,CAMP00000037,CH00000013,2024-08-11,257.95,Platform,
4114,CAMP00000037,CH00000001,2024-08-11,241.88,Platform,
4115,CAMP00000037,CH00000008,2024-08-11,317.8,Agency,
4116,CAMP00000037,CH00000002,2024-08-12,210.91,Media,
4117,CAMP00000037,CH00000006,2024-08-12,273.62,Agency,
4118,CAMP00000037,CH00000005,2024-08-12,249.12,Media,
4119,CAMP00000037,CH00000006,2024-08-13,280.24,Platform,
4120,CAMP00000037,CH00000012,2024-08-14,305.66,Platform,
4121,CAMP00000037,CH00000012,2024-08-15,199.09,Agency,
4122,CAMP  00000037,CH00000014,2024-08-16,197.41,Creative,
4123,CAMP00000037,CH00000006,2024-08-16,333.62,Creative,
4124,CAMP00000037,CH00000002,2024-08-16,250.03,Platform,
4125,CAMP00000037,CH00000010,2024-08-17,189.58,Media,
4126,CAMP00000037,CH00000010,2024-08-18,198.06,Media,
4127,CAMP  00000037,CH00000011,2024-08-18,188.67,Agency,
4128,CAMP00000037,CH00000008,2024-08-19,213.44,Creative,
4129,CAMP00000037,CH00000006,2024-08-19,237.76,Creative,
4130,CAMP00000037,CH00000007,2024-08-19,249.51,Creative,
4131,CAMP00000037,CH00000011,2024-08-20,227.4,Platform,
4132,CAMP00000037,ch00000007,2024-08-21,332.45,Media,
4133,CAMP00000037,CH00000010,2024-08-22,331.45,Media,
4134,camp00000037,CH00000002,2024-08-23,241.64,Media,
4135,CAMP00000037,CH00000010,2024-08-23,211.51,Platform,
4136,CAMP00000037,CH00000013,2024-08-23,346.42,Agency,
4137,CAMP00000037,CH00000008,2024-08-24,328.51,Media,
4138,CAMP00000037,CH00000015,2024-08-24,252.49,Agency,
4139,CAMP00000037,CH00000012,2024-08-24,207.59,Agency,
4140,CAMP00000037,CH00000003,2024-08-25,316.04,Creative,
4141,CAMP00000037,CH00000011,2024-08-26,201.04,Media,
4142,CAMP  00000037,CH00000009,2024-08-27,242.33,Agency,
4143,CAMP00000037,CH00000011,2024-08-27,230.23,Creative,
4144,camp00000037,CH00000011,2024-08-27,314.68,Agency,
4145,CAMP00000037,CH00000010,2024-08-28,190.28,Media,
4146,CAMP  00000037,CH00000008,2024-08-29,206.51,Agency,
4147,CAMP00000037,CH00000009,2024-08-30,216.75,Media,
4148,CAMP00000037,CH00000003,2024-08-30,253.63,Platform,
4149,CAMP00000037,CH00000005,2024-08-31,224.84,Creative,
4150,CAMP00000037,CH00000014,2024-08-31,309.33,Media,
4151,CAMP00000037,CH00000013,2024-09-01,311.17,Agency,
4152,CAMP00000037,CH00000008,2024-09-02,292.23,Media,
4153,CAMP00000037,CH00000003,2024-09-02,236.11,Creative,
4154,CAMP00000038,CH00000006,2024-10-05,235.16,Media,
4155,CAMP00000038,CH00000008,2024-10-06,195.44,Agency,
4156,CAMP00000038,CH00000013,2024-10-07,295.09,Agency,
4157,CAMP00000038,CH00000010,2024-10-07,347.87,Agency,
4158,CAMP00000038,CH  00000002,2024-10-07,229.58,Media,
4159,CAMP00000038,CH00000015,2024-10-08,303.6,Agency,
4160,CAMP00000038,CH00000015,2024-10-08,283.42,Creative,
4161,CAMP00000038,CH00000008,2024-10-08,298.0,Agency,
4162,CAMP00000038,CH00000013,2024-10-09,203.98,Media,
4163,CAMP00000038,CH00000012,2024-10-09,225.13,Platform,
4164,CAMP00000038,CH00000009,2024-10-09,338.01,Platform,
4165,CAMP00000038,CH00000014,2024-10-10,241.41,,
4166,CAMP00000038,CH00000012,2024-10-10,319.24,Agency,
4167,CAMP00000038,CH00000015,2024-10-10,244.14,Agency,
4168,CAMP00000038,CH00000012,2024-10-11,330.14,Creative,
4169,CAMP00000038,CH00000007,2024-10-11,196.38,Platform,
4170,CAMP00000038,CH00000007,2024-10-12,267.94,Creative,
4171,CAMP00000038,CH00000011,2024-10-12,229.75,Media,
4172,CAMP00000038,CH00000005,2024-10-13,329.73,Media,
4173,CAMP00000038,CH00000014,2024-10-13,306.15,Agency,
4174,CAMP00000038,CH00000008,2024-10-14,332.71,Media,
4175,CAMP00000038,CH00000012,2024-10-14,310.52,Creative,
4176,CAMP00000038,CH00000002,2024-10-14,222.71,Agency,
4177,CAMP00000038,CH00000004,2024-10-15,230.5,Creative,
4178,CAMP00000038,CH00000006,2024-10-15,265.8,Platform,
4179,CAMP00000038,CH00000015,2024-10-15,212.92,Media,
4180,CAMP00000038,CH00000006,2024-10-16,246.03,Agency,
4181,CAMP00000038,CH00000011,2024-10-16,239.78,Creative,
4182,CAMP00000038,CH00000004,2024-10-17,251.13,Creative,
4183,CAMP00000038,CH00000006,2024-10-17,274.35,Platform,
4184,CAMP00000038,CH00000008,2024-10-18,200.07,Platform,
4185,CAMP00000038,CH00000015,2024-10-18,317.18,Agency,
4186,CAMP00000038,CH00000011,2024-10-19,264.7,Creative,
4187,CAMP00000038,CH00000012,2024-10-20,296.46,Platform,
4188,CAMP00000038,CH00000003,2024-10-20,303.73,Media,
4189,CAMP00000038,CH00000010,2024-10-20,320.49,Media,
4190,CAMP00000038,CH00000013,2024-10-21,298.23,Media,
4191,CAMP00000038,CH00000012,2024-10-21,222.72,Media,
4192,CAMP00000038,CH00000009,2024-10-21,320.53,Media,
4193,CAMP00000038,CH00000001,2024-10-22,328.24,Media,
4194,CAMP00000038,CH00000006,2024-10-22,275.62,Platform,
4195,CAMP  00000038,CH00000011,2024-10-22,196.46,Creative,
4196,CAMP00000038,CH00000012,2024-10-23,228.48,Creative,
4197,CAMP00000038,CH00000011,2024-10-23,234.11,Creative,
4198,CAMP00000038,CH00000005,2024-10-24,213.82,Platform,
4199,CAMP00000038,CH00000002,2024-10-25,287.41,Creative,
4200,CAMP00000038,CH00000007,2024-10-25,200.85,Creative,
4201,CAMP00000038,CH00000011,2024-10-25,300.45,Media,
4202,CAMP00000038,CH00000001,2024-10-26,243.07,Creative,
4203,CAMP00000038,CH00000013,2024-10-26,211.38,Agency,
4204,CAMP00000038,CH00000010,2024-10-26,219.34,Agency,
4205,CAMP00000038,CH00000001,2024-10-27,202.76,Platform,
4206,CAMP00000038,CH00000006,2024-10-27,240.44,Platform,
4207,CAMP00000038,CH00000008,2024-10-28,296.71,Agency,
4208,CAMP00000038,CH00000012,2024-10-28,270.57,Media,
4209,CAMP  00000038,CH00000003,2024-10-29,350.16,Platform,
4210,CAMP00000038,CH00000001,2024-10-29,348.86,Platform,
4211,CAMP00000038,CH00000001,2024-10-29,332.99,Media,
4212,CAMP00000038,CH00000001,2024-10-30,284.15,Platform,
4213,CAMP00000038,CH00000001,2024-10-30,225.4,Agency,
4214,CAMP00000038,CH00000011,2024-10-30,204.85,Agency,
4215,CAMP00000038,CH00000015,2024-10-31,335.36,Agency,
4216,CAMP00000038,CH00000014,2024-11-01,194.8,Media,
4217,CAMP00000038,CH00000007,2024-11-01,241.59,Agency,
4218,CAMP00000038,CH00000009,2024-11-02,351.57,Platform,
4219,CAMP00000038,CH00000015,2024-11-02,215.93,Agency,
4220,CAMP00000038,CH00000005,2024-11-02,353.08,Platform,
4221,CAMP00000038,CH00000005,2024-11-03,296.42,Platform,
4222,CAMP00000038,CH00000004,2024-11-03,291.38,Creative,
4223,CAMP  00000038,CH00000013,2024-11-03,342.81,Media,
4224,CAMP00000038,CH00000010,2024-11-04,301.35,Agency,
4225,CAMP00000038,CH  00000001,2024-11-04,273.36,Platform,
4226,CAMP00000038,ch00000003,2024-11-05,294.0,Creative,
4227,CAMP00000038,CH00000012,2024-11-05,255.79,Agency,
4228,CAMP00000038,CH00000007,2024-11-06,297.72,Media,
4229,CAMP00000038,CH00000006,2024-11-06,192.26,Platform,
4230,CAMP00000038,CH  00000010,2024-11-07,339.92,Platform,
4231,CAMP00000038,CH00000010,2024-11-07,288.65,Platform,
4232,CAMP00000038,CH00000011,2024-11-08,334.85,Platform,
4233,CAMP00000038,CH00000010,2024-11-08,337.56,Agency,
4234,CAMP00000038,CH00000008,2024-11-09,316.25,Creative,
4235,CAMP00000038,CH00000004,2024-11-09,329.84,Agency,
4236,CAMP00000038,CH00000014,2024-11-09,194.12,Media,
4237,CAMP00000038,CH00000002,2024-11-10,217.25,Creative,
4238,CAMP00000038,CH00000011,2024-11-10,244.2,Agency,
4239,CAMP00000038,CH00000015,2024-11-10,204.48,Platform,
4240,CAMP00000038,CH00000011,2024-11-11,252.81,Platform,
4241,CAMP00000038,CH00000008,2024-11-11,217.56,Creative,
4242,CAMP00000038,CH00000010,2024-11-11,313.69,Platform,
4243,CAMP00000038,CH00000002,2024-11-12,208.05,Media,
4244,CAMP00000038,CH00000009,2024-11-13,314.8,Media,
4245,CAMP00000038,CH00000002,2024-11-14,227.12,Agency,
4246,CAMP00000038,CH00000008,2024-11-14,209.33,Agency,
4247,CAMP00000038,CH00000015,2024-11-14,222.58,Platform,
4248,CAMP00000038,CH00000011,2024-11-15,311.68,Media,
4249,CAMP00000038,CH00000010,2024-11-15,328.04,Creative,
4250,CAMP00000038,ch00000012,2024-11-15,277.24,Creative,
4251,CAMP  00000038,CH00000012,2024-11-16,314.31,Media,
4252,CAMP00000038,CH00000010,2024-11-17,308.64,Media,
4253,CAMP  00000038,CH00000002,2024-11-18,228.95,Agency,
4254,CAMP00000038,CH00000011,2024-11-18,324.14,Creative,
4255,CAMP00000038,CH00000001,2024-11-18,296.78,Media,
4256,CAMP00000038,CH00000012,2024-11-19,192.53,Platform,
4257,CAMP00000038,CH00000011,2024-11-20,268.4,,
4258,CAMP00000038,CH00000006,2024-11-21,221.71,Platform,
4259,CAMP00000038,CH00000005,2024-11-21,194.79,Creative,
4260,CAMP00000038,CH00000005,2024-11-22,224.77,Platform,
4261,CAMP00000038,CH00000013,2024-11-23,297.77,Media,
4262,CAMP00000038,CH00000015,2024-11-24,197.99,Platform,
4263,CAMP00000038,CH00000010,2024-11-24,353.49,Creative,
4264,CAMP00000038,ch00000011,2024-11-24,237.63,Platform,
4265,CAMP00000038,CH00000006,2024-11-25,211.76,Agency,
4266,CAMP00000038,CH00000015,2024-11-25,192.75,Platform,
4267,CAMP00000038,CH00000014,2024-11-26,311.42,Creative,
4268,CAMP00000038,CH00000014,2024-11-26,225.93,Creative,
4269,CAMP00000038,CH00000009,2024-11-27,330.45,Creative,
4270,CAMP00000038,CH00000003,2024-11-27,349.76,Agency,
4271,CAMP00000038,CH00000010,2024-11-28,251.33,Media,
4272,CAMP00000038,CH00000007,2024-11-29,314.97,Platform,
4273,CAMP00000038,CH00000004,2024-11-29,353.54,Agency,
4274,camp00000038,CH00000004,2024-11-29,195.26,Creative,
4275,CAMP00000038,CH00000011,2024-11-30,274.57,Agency,
4276,CAMP00000038,CH00000006,2024-11-30,331.34,Media,
4277,CAMP00000038,CH00000003,2024-11-30,281.86,Agency,
4278,CAMP00000038,CH00000006,2024-12-01,210.92,Platform,
4279,CAMP00000038,CH00000015,2024-12-02,251.87,Creative,
4280,CAMP00000038,CH00000006,2024-12-02,260.2,Media,
4281,CAMP00000038,CH00000011,2024-12-03,260.61,Media,
4282,CAMP00000038,CH00000008,2024-12-03,326.9,Creative,
4283,CAMP00000038,CH00000010,2024-12-03,294.0,Media,
4284,CAMP00000038,CH00000014,2024-12-04,319.74,Creative,
4285,CAMP00000038,CH00000007,2024-12-05,297.76,Media,
4286,CAMP00000038,CH00000011,2024-12-05,319.97,Media,
4287,CAMP00000038,CH00000015,2024-12-05,319.75,Platform,
4288,CAMP  00000038,CH00000009,2024-12-06,211.79,Platform,
4289,CAMP00000038,CH00000006,2024-12-06,321.35,Creative,
4290,CAMP00000038,CH00000011,2024-12-06,249.6,Media,
4291,CAMP00000038,CH00000010,2024-12-07,257.3,Agency,
4292,CAMP00000038,CH00000001,2024-12-08,228.67,Agency,
4293,CAMP00000038,CH00000007,2024-12-08,211.7,Platform,
4294,CAMP00000038,CH00000002,2024-12-08,304.57,Creative,
4295,CAMP00000038,CH00000006,2024-12-09,200.65,Agency,
4296,CAMP00000038,CH  00000003,2024-12-09,326.74,Platform,
4297,CAMP00000038,CH00000002,2024-12-09,220.21,Media,
4298,CAMP00000038,CH00000011,2024-12-10,228.22,Media,
4299,CAMP00000038,CH00000013,2024-12-11,300.12,Platform,
4300,CAMP00000038,CH00000005,2024-12-11,279.94,Platform,
4301,CAMP00000038,CH00000005,2024-12-12,213.13,Creative,
4302,CAMP00000038,CH00000003,2024-12-12,202.44,Creative,
4303,CAMP00000038,CH00000001,2024-12-12,234.91,Agency,
4304,CAMP00000038,CH  00000002,2024-12-13,206.49,Creative,
4305,CAMP00000038,CH00000014,2024-12-13,313.5,Media,
4306,CAMP  00000038,ch00000007,2024-12-14,264.87,Platform,
4307,CAMP00000038,CH00000012,2024-12-15,311.42,Creative,
4308,CAMP00000038,CH00000009,2024-12-15,228.02,Media,
4309,CAMP00000038,CH00000010,2024-12-15,276.53,Agency,
4310,CAMP00000038,CH00000002,2024-12-16,280.02,Media,
4311,CAMP00000038,CH00000002,2024-12-16,227.96,Media,
4312,CAMP00000038,CH00000012,2024-12-17,315.52,Creative,
4313,CAMP00000038,CH00000006,2024-12-17,282.58,Creative,
4314,CAMP00000038,CH00000011,2024-12-17,264.77,Platform,
4315,CAMP00000038,CH00000013,2024-12-18,308.1,Agency,
4316,CAMP00000038,CH00000013,2024-12-18,218.72,Platform,
4317,CAMP00000038,CH00000002,2024-12-18,258.68,Agency,
4318,CAMP00000038,ch00000006,2024-12-19,326.5,Agency,
4319,camp00000038,CH00000001,2024-12-19,195.77,Creative,
4320,CAMP00000039,CH00000008,2024-05-30,327.43,Creative,
4321,CAMP00000039,CH00000006,2024-05-31,204.06,Creative,
4322,CAMP00000039,CH00000004,2024-05-31,317.8,Agency,
4323,CAMP00000039,CH00000003,2024-06-01,320.18,Creative,
4324,CAMP00000039,CH00000011,2024-06-02,239.02,Media,
4325,CAMP00000039,CH00000015,2024-06-02,306.7,Creative,
4326,CAMP00000039,CH00000008,2024-06-03,338.76,Agency,
4327,CAMP00000039,CH00000008,2024-06-03,334.63,Agency,
4328,CAMP00000039,CH00000008,2024-06-03,214.93,Creative,
4329,CAMP00000039,CH00000010,2024-06-04,296.39,Agency,
4330,CAMP00000039,ch00000006,2024-06-05,189.86,Creative,
4331,CAMP00000039,CH00000008,2024-06-05,293.9,Platform,
4332,CAMP00000039,CH00000010,2024-06-05,278.33,Platform,
4333,CAMP  00000039,CH00000004,2024-06-06,332.63,Creative,
4334,CAMP00000039,CH00000005,2024-06-06,300.72,Agency,
4335,CAMP00000039,CH00000002,2024-06-07,306.02,Media,
4336,CAMP00000039,CH00000002,2024-06-08,203.95,Media,
4337,CAMP00000039,CH00000005,2024-06-08,271.18,Creative,
4338,CAMP00000039,CH00000009,2024-06-09,201.47,Agency,
4339,CAMP00000039,CH00000004,2024-06-10,267.13,,
4340,CAMP00000039,CH00000001,2024-06-10,211.26,,
4341,CAMP00000039,CH00000013,2024-06-11,329.5,Agency,
4342,camp00000039,CH00000003,2024-06-11,314.46,Media,
4343,CAMP00000039,CH00000013,2024-06-11,293.81,Media,
4344,CAMP00000039,CH00000013,2024-06-12,232.82,Agency,
4345,camp00000039,CH00000002,2024-06-13,239.12,Creative,
4346,CAMP00000039,CH00000012,2024-06-13,266.56,Platform,
4347,CAMP00000039,CH00000005,2024-06-13,315.94,Media,
4348,CAMP00000039,CH00000007,2024-06-14,243.43,Creative,
4349,CAMP00000039,CH00000011,2024-06-14,319.22,Agency,
4350,CAMP00000039,CH00000012,2024-06-14,187.77,Agency,
4351,CAMP  00000039,CH00000001,2024-06-15,204.93,Media,
4352,CAMP00000039,CH  00000011,2024-06-15,267.54,Media,
4353,CAMP00000039,CH00000004,2024-06-15,211.62,Agency,
4354,CAMP00000039,CH00000006,2024-06-16,194.87,Media,
4355,CAMP00000039,CH00000002,2024-06-16,318.81,Creative,
4356,CAMP00000039,CH00000011,2024-06-17,241.85,Creative,
4357,CAMP00000039,CH00000003,2024-06-17,266.81,Platform,
4358,CAMP00000039,CH00000007,2024-06-18,281.01,Agency,
4359,CAMP00000039,CH00000013,2024-06-18,210.82,Media,
4360,CAMP00000039,CH00000012,2024-06-19,306.1,Creative,
4361,CAMP00000039,CH00000011,2024-06-19,248.57,Platform,
4362,CAMP  00000039,CH00000004,2024-06-20,292.39,Creative,
4363,CAMP00000039,CH00000014,2024-06-20,334.99,Agency,
4364,CAMP00000039,CH00000014,2024-06-20,279.65,Media,
4365,CAMP00000039,CH  00000008,2024-06-21,325.72,Creative,
4366,CAMP00000039,CH00000002,2024-06-22,315.86,Agency,
4367,CAMP00000039,CH00000003,2024-06-22,281.65,Platform,
4368,CAMP00000039,CH00000003,2024-06-23,326.25,Creative,
4369,CAMP00000039,CH00000007,2024-06-23,228.11,Creative,
4370,CAMP00000039,ch  00000007,2024-06-23,218.29,Agency,
4371,CAMP00000039,CH00000015,2024-06-24,209.31,Media,
4372,CAMP00000039,CH00000005,2024-06-24,321.75,Creative,
4373,CAMP00000039,CH00000007,2024-06-25,346.22,Creative,
4374,CAMP00000039,CH00000004,2024-06-26,268.28,Platform,
4375,CAMP00000039,CH00000015,2024-06-27,242.63,Media,
4376,CAMP00000039,CH  00000009,2024-06-28,318.89,Platform,
4377,CAMP00000039,CH00000007,2024-06-29,338.42,Creative,
4378,CAMP00000039,CH00000001,2024-06-29,239.39,Creative,
4379,CAMP00000039,CH00000007,2024-06-30,250.28,Agency,
4380,CAMP00000039,CH00000012,2024-06-30,322.55,Media,
4381,camp00000039,CH00000005,2024-06-30,259.68,Agency,
4382,CAMP00000039,CH00000009,2024-07-01,327.06,Platform,
4383,CAMP00000039,CH00000002,2024-07-01,293.95,Platform,
4384,CAMP00000039,CH00000014,2024-07-02,322.38,Platform,
4385,CAMP00000039,CH00000009,2024-07-03,223.11,Creative,
4386,CAMP00000039,CH00000002,2024-07-03,195.68,Platform,
4387,CAMP00000039,CH00000006,2024-07-04,336.94,Agency,
4388,CAMP00000039,CH00000014,2024-07-04,273.05,Agency,
4389,CAMP00000039,CH00000012,2024-07-04,239.45,Platform,
4390,CAMP00000039,CH00000005,2024-07-05,302.85,Agency,
4391,CAMP00000039,CH00000011,2024-07-06,269.56,Agency,
4392,CAMP00000039,CH00000007,2024-07-06,216.79,Media,
4393,CAMP00000039,CH00000008,2024-07-07,342.47,Media,
4394,CAMP00000039,CH00000001,2024-07-07,234.8,Agency,
4395,CAMP00000039,CH00000013,2024-07-08,236.22,Media,
4396,CAMP00000039,CH00000004,2024-07-08,237.65,Agency,
4397,CAMP00000039,CH00000006,2024-07-08,226.86,Media,
4398,CAMP00000039,CH00000005,2024-07-09,233.34,Agency,
4399,CAMP00000039,CH00000015,2024-07-09,264.09,Agency,
4400,CAMP00000039,CH00000011,2024-07-10,205.14,Platform,
4401,CAMP00000039,CH00000010,2024-07-10,195.57,Media,
4402,CAMP00000039,CH00000003,2024-07-11,240.76,Agency,
4403,CAMP00000039,CH00000003,2024-07-11,191.94,Agency,
4404,CAMP  00000039,CH00000010,2024-07-12,338.14,Agency,
4405,CAMP00000039,CH00000004,2024-07-12,237.5,Media,
4406,CAMP00000039,CH00000006,2024-07-12,253.09,Creative,
4407,CAMP00000039,CH00000011,2024-07-13,339.79,Agency,
4408,CAMP00000039,CH00000013,2024-07-14,318.73,Agency,
4409,CAMP00000039,CH00000009,2024-07-14,189.05,Creative,
4410,CAMP00000039,CH00000009,2024-07-15,252.44,Agency,
4411,CAMP00000039,CH00000014,2024-07-15,236.22,Creative,
4412,CAMP  00000039,ch00000002,2024-07-16,310.99,Agency,
4413,CAMP00000039,CH00000011,2024-07-16,190.9,Creative,
4414,CAMP00000039,CH00000004,2024-07-17,265.22,Media,
4415,CAMP  00000039,CH00000004,2024-07-18,208.51,Platform,
4416,CAMP00000039,CH00000013,2024-07-18,300.4,Media,
4417,CAMP00000039,CH00000010,2024-07-19,270.6,Platform,
4418,CAMP00000039,CH00000009,2024-07-20,310.35,Agency,
4419,CAMP00000039,CH00000001,2024-07-21,295.66,Platform,
4420,CAMP00000039,ch00000007,2024-07-22,323.08,Agency,
4421,CAMP00000039,CH00000014,2024-07-22,274.91,Agency,
4422,CAMP00000039,ch00000012,2024-07-23,295.4,Media,
4423,CAMP00000039,CH00000015,2024-07-23,325.12,Platform,
4424,CAMP00000039,CH00000015,2024-07-23,276.34,Media,
4425,CAMP00000039,CH00000008,2024-07-24,195.2,Creative,
4426,CAMP00000039,CH00000003,2024-07-24,343.2,Creative,
4427,CAMP00000039,CH00000001,2024-07-24,323.44,Creative,
4428,CAMP00000039,CH00000010,2024-07-25,328.97,Media,
4429,CAMP00000039,CH00000010,2024-07-25,313.13,Creative,
4430,CAMP00000039,CH00000008,2024-07-25,323.91,Platform,
4431,CAMP  00000039,CH00000005,2024-07-26,310.67,Media,
4432,CAMP  00000039,CH00000004,2024-07-26,308.34,Media,
4433,CAMP00000039,CH00000008,2024-07-27,282.42,Platform,
4434,CAMP00000039,CH00000002,2024-07-27,333.71,Agency,
4435,CAMP00000039,CH00000015,2024-07-28,258.79,Agency,
4436,CAMP00000039,CH00000005,2024-07-28,312.05,Agency,
4437,CAMP00000039,CH00000005,2024-07-29,258.1,Platform,
4438,CAMP00000039,CH00000010,2024-07-29,192.77,Agency,
4439,CAMP00000039,CH00000009,2024-07-29,301.85,Media,
4440,CAMP00000039,CH00000003,2024-07-30,326.62,Platform,
4441,CAMP00000039,CH00000002,2024-07-31,311.05,Media,
4442,CAMP00000039,ch00000006,2024-07-31,326.86,Agency,
4443,CAMP00000039,CH00000003,2024-08-01,287.23,Platform,
4444,CAMP00000039,CH00000010,2024-08-01,210.55,Platform,
4445,CAMP00000039,CH00000002,2024-08-02,188.97,Media,
4446,CAMP00000039,CH00000006,2024-08-02,235.02,Creative,
4447,CAMP00000039,CH00000001,2024-08-03,326.21,Creative,
4448,CAMP00000039,CH00000003,2024-08-04,337.64,Media,
4449,CAMP00000039,CH00000010,2024-08-05,320.89,Platform,
4450,CAMP00000039,CH00000010,2024-08-05,335.71,Media,
4451,CAMP00000039,CH00000005,2024-08-06,330.55,Agency,
4452,CAMP00000039,CH00000003,2024-08-06,240.97,Platform,
4453,CAMP  00000039,ch  00000001,2024-08-07,277.1,Agency,
4454,CAMP00000039,CH00000007,2024-08-07,239.65,Platform,
4455,CAMP00000039,CH  00000014,2024-08-07,214.98,Media,
4456,CAMP00000039,CH00000009,2024-08-08,335.02,Creative,
4457,CAMP00000039,CH00000007,2024-08-08,306.44,Media,
4458,CAMP00000039,CH00000014,2024-08-09,292.56,Creative,
4459,CAMP00000039,CH00000004,2024-08-09,340.99,Creative,
4460,CAMP00000039,CH00000009,2024-08-09,216.05,Platform,
4461,CAMP00000039,CH00000010,2024-08-10,339.37,Agency,
4462,CAMP00000039,CH00000002,2024-08-11,285.55,Platform,
4463,CAMP00000039,CH00000001,2024-08-11,303.06,Media,
4464,CAMP00000039,CH00000010,2024-08-11,346.19,Agency,
4465,CAMP00000039,CH00000003,2024-08-12,293.98,Agency,
4466,CAMP00000039,CH00000005,2024-08-12,238.31,Agency,
4467,CAMP00000039,CH00000001,2024-08-13,264.3,Agency,
4468,CAMP00000039,CH00000013,2024-08-13,301.21,Platform,
4469,camp00000039,CH  00000001,2024-08-13,301.38,Agency,
4470,CAMP00000039,CH00000001,2024-08-14,237.8,Agency,
4471,CAMP00000039,CH00000010,2024-08-15,214.12,Creative,
4472,CAMP00000039,CH00000001,2024-08-16,268.45,Media,
4473,CAMP00000039,CH00000006,2024-08-17,209.73,Platform,
4474,CAMP00000039,CH00000013,2024-08-17,223.25,Media,
4475,CAMP00000039,CH00000010,2024-08-17,225.49,Platform,
4476,CAMP00000040,CH00000010,2023-02-03,126.94,Agency,
4477,CAMP00000040,CH00000007,2023-02-03,115.29,Creative,
4478,CAMP00000040,CH00000011,2023-02-03,141.64,Media,
4479,CAMP00000040,CH00000008,2023-02-04,145.94,Creative,
4480,CAMP00000040,CH00000001,2023-02-04,88.53,Platform,
4481,CAMP00000040,CH00000015,2023-02-04,90.19,Platform,
4482,CAMP00000040,CH00000002,2023-02-05,118.14,Creative,
4483,CAMP00000040,CH00000007,2023-02-05,84.09,Agency,
4484,CAMP00000040,CH00000008,2023-02-06,114.93,Agency,
4485,CAMP00000040,CH00000001,2023-02-06,101.28,Agency,
4486,CAMP00000040,CH00000013,2023-02-06,103.05,,
4487,CAMP00000040,CH00000012,2023-02-07,96.33,Platform,
4488,CAMP00000040,CH00000012,2023-02-07,104.0,Media,
4489,CAMP00000040,CH00000002,2023-02-07,108.73,Platform,
4490,CAMP00000040,ch00000002,2023-02-08,129.2,Platform,
4491,CAMP  00000040,CH00000013,2023-02-09,88.14,Creative,
4492,CAMP00000040,CH00000014,2023-02-09,98.96,Media,
4493,CAMP00000040,ch00000004,2023-02-10,82.44,Creative,
4494,CAMP00000040,CH00000012,2023-02-10,117.99,Platform,
4495,CAMP00000040,CH00000007,2023-02-11,145.08,Agency,
4496,CAMP00000040,CH00000003,2023-02-12,120.82,Platform,
4497,CAMP00000040,CH00000002,2023-02-12,83.5,Creative,
4498,CAMP00000040,CH  00000008,2023-02-12,136.15,Platform,
4499,CAMP00000040,CH00000008,2023-02-13,108.63,Platform,
4500,CAMP  00000040,CH00000002,2023-02-13,105.58,Creative,
4501,CAMP  00000040,CH  00000013,2023-02-13,130.99,Media,
4502,CAMP00000040,CH  00000013,2023-02-14,129.16,Media,
4503,CAMP00000040,CH00000008,2023-02-15,128.56,Media,
4504,CAMP00000040,CH00000015,2023-02-15,103.43,Agency,
4505,CAMP00000040,CH00000015,2023-02-16,117.34,Creative,
4506,CAMP00000040,CH00000013,2023-02-17,107.13,Creative,
4507,CAMP00000040,CH00000011,2023-02-17,100.46,Platform,
4508,CAMP00000040,CH00000012,2023-02-17,147.22,Creative,
4509,CAMP00000040,CH00000013,2023-02-18,149.56,Creative,
4510,CAMP00000040,CH00000007,2023-02-18,143.79,Platform,
4511,CAMP00000040,CH00000014,2023-02-18,118.92,Platform,
4512,CAMP00000040,CH00000010,2023-02-19,128.04,Platform,
4513,CAMP00000040,CH00000011,2023-02-19,93.35,Creative,
4514,CAMP00000040,CH00000005,2023-02-19,115.8,Agency,
4515,CAMP00000040,CH00000002,2023-02-20,140.89,Agency,
4516,CAMP00000040,CH00000004,2023-02-21,93.59,Media,
4517,CAMP00000040,CH00000011,2023-02-21,102.3,Agency,
4518,CAMP00000040,CH00000005,2023-02-21,131.2,Media,
4519,CAMP00000040,CH00000014,2023-02-22,109.18,Platform,
4520,CAMP00000040,CH00000012,2023-02-22,88.33,Media,
4521,CAMP00000040,CH00000001,2023-02-23,119.93,Media,
4522,CAMP00000040,CH00000014,2023-02-23,83.92,Agency,
4523,CAMP00000040,CH00000003,2023-02-24,139.09,Agency,
4524,CAMP00000040,CH00000004,2023-02-24,113.53,Platform,
4525,CAMP00000040,CH00000003,2023-02-24,111.55,Media,
4526,CAMP00000040,CH00000014,2023-02-25,147.81,Creative,
4527,CAMP00000040,CH00000014,2023-02-25,126.1,Platform,
4528,CAMP00000040,CH00000005,2023-02-26,125.23,Platform,
4529,CAMP00000040,CH00000004,2023-02-26,85.16,Media,
4530,CAMP00000040,CH00000009,2023-02-27,133.85,Media,
4531,CAMP00000040,CH00000008,2023-02-27,95.05,Creative,
4532,CAMP00000040,CH00000002,2023-02-27,149.84,Media,
4533,CAMP00000040,CH00000002,2023-02-28,119.88,Platform,
4534,CAMP00000040,CH00000012,2023-03-01,105.76,Creative,
4535,CAMP00000040,CH00000011,2023-03-02,127.08,Agency,
4536,CAMP00000040,CH00000008,2023-03-02,110.1,Creative,
4537,CAMP00000040,CH00000015,2023-03-03,100.55,Media,
4538,CAMP00000040,CH00000001,2023-03-03,103.26,,
4539,CAMP00000040,CH00000004,2023-03-03,136.81,Platform,
4540,CAMP00000040,CH00000012,2023-03-04,101.97,Creative,
4541,CAMP00000040,CH00000005,2023-03-05,85.3,Media,
4542,CAMP00000040,CH00000015,2023-03-05,137.75,Media,
4543,CAMP00000040,CH00000015,2023-03-05,118.66,Creative,
4544,CAMP00000040,CH00000002,2023-03-06,133.66,Media,
4545,CAMP00000040,CH00000008,2023-03-07,97.97,Creative,
4546,CAMP00000040,CH00000004,2023-03-07,136.49,Creative,
4547,CAMP00000040,CH00000014,2023-03-08,127.0,Creative,
4548,CAMP00000040,CH00000002,2023-03-08,85.02,Platform,
4549,CAMP00000040,CH  00000011,2023-03-09,88.0,Agency,
4550,CAMP00000040,CH00000013,2023-03-10,117.23,Platform,
4551,CAMP00000040,CH00000004,2023-03-10,89.64,Platform,
4552,CAMP00000040,CH00000011,2023-03-10,141.44,Media,
4553,CAMP00000040,CH00000009,2023-03-11,86.9,Creative,
4554,CAMP00000040,CH00000005,2023-03-12,127.51,Agency,
4555,CAMP00000040,CH00000007,2023-03-12,123.39,Media,
4556,CAMP00000040,CH00000005,2023-03-12,81.14,Media,
4557,camp00000040,CH00000010,2023-03-13,126.99,Creative,
4558,CAMP00000040,CH00000007,2023-03-13,111.41,Creative,
4559,CAMP00000040,CH00000008,2023-03-14,105.09,Platform,
4560,CAMP00000040,CH00000010,2023-03-14,127.15,Agency,
4561,CAMP00000040,CH00000005,2023-03-15,93.39,Platform,
4562,CAMP00000040,CH00000006,2023-03-16,91.34,Media,
4563,CAMP00000040,CH00000008,2023-03-17,125.28,Platform,
4564,CAMP00000040,CH00000001,2023-03-17,119.99,Agency,
4565,CAMP00000040,CH00000009,2023-03-18,99.8,Media,
4566,CAMP00000040,CH00000013,2023-03-19,140.14,Platform,
4567,CAMP00000040,CH00000003,2023-03-19,102.96,Agency,
4568,CAMP00000040,CH00000005,2023-03-20,129.51,Creative,
4569,CAMP00000040,CH00000004,2023-03-20,87.4,Agency,
4570,CAMP00000040,CH00000011,2023-03-20,111.15,Creative,
4571,CAMP  00000040,CH00000006,2023-03-21,136.93,Agency,
4572,CAMP00000040,CH00000013,2023-03-21,108.09,Media,
4573,CAMP00000040,CH00000003,2023-03-21,125.42,Agency,
4574,CAMP00000040,CH00000008,2023-03-22,146.17,Creative,
4575,CAMP00000040,CH00000004,2023-03-22,113.9,Creative,
4576,CAMP00000040,CH00000015,2023-03-23,146.42,Platform,
4577,CAMP00000040,CH00000002,2023-03-24,102.37,Creative,
4578,CAMP00000040,CH00000011,2023-03-24,83.4,Platform,
4579,CAMP00000040,CH00000002,2023-03-24,99.17,Creative,
4580,CAMP00000040,CH00000012,2023-03-25,102.63,Agency,
4581,CAMP00000040,CH00000013,2023-03-26,105.27,Platform,
4582,CAMP00000040,CH00000003,2023-03-26,86.04,Agency,
4583,CAMP00000040,CH00000011,2023-03-26,131.97,Creative,
4584,CAMP00000040,CH00000009,2023-03-27,91.96,Platform,
4585,CAMP00000040,CH00000015,2023-03-27,110.3,Media,
4586,CAMP00000040,CH00000005,2023-03-28,119.06,Media,
4587,CAMP00000040,CH00000001,2023-03-28,85.7,Platform,
4588,CAMP00000040,CH00000004,2023-03-29,94.13,Agency,
4589,CAMP00000040,CH00000002,2023-03-29,96.51,Creative,
4590,CAMP00000040,CH00000005,2023-03-30,113.29,Platform,
4591,CAMP00000040,CH00000008,2023-03-31,96.48,Platform,
4592,CAMP00000040,CH00000005,2023-03-31,95.95,Agency,
4593,CAMP00000040,CH00000012,2023-03-31,93.02,Creative,
4594,CAMP00000040,CH00000003,2023-04-01,98.47,Creative,
4595,CAMP00000040,CH00000002,2023-04-01,81.8,Platform,
4596,CAMP00000040,CH00000007,2023-04-02,120.06,Platform,
4597,CAMP00000040,CH  00000015,2023-04-02,98.9,Media,
4598,CAMP00000040,CH00000006,2023-04-03,136.2,Creative,
4599,CAMP00000040,CH00000009,2023-04-03,92.26,Creative,
4600,CAMP00000040,CH00000014,2023-04-03,102.27,Agency,
4601,CAMP00000040,CH00000003,2023-04-04,100.89,Platform,
4602,CAMP00000040,CH00000008,2023-04-04,147.3,Creative,
4603,CAMP00000040,CH00000009,2023-04-04,97.16,Media,
4604,CAMP00000040,CH00000014,2023-04-05,135.22,Platform,
4605,CAMP00000040,CH00000009,2023-04-05,112.87,Platform,
4606,CAMP00000040,CH00000002,2023-04-06,112.75,Agency,
4607,CAMP00000040,CH00000009,2023-04-06,103.69,Creative,
4608,CAMP  00000040,CH00000015,2023-04-06,101.41,Creative,
4609,CAMP00000040,CH00000002,2023-04-07,97.67,Media,
4610,CAMP00000040,CH00000006,2023-04-08,127.21,Agency,
4611,CAMP00000040,CH00000005,2023-04-08,96.39,Agency,
4612,CAMP00000040,CH00000014,2023-04-09,117.68,Platform,
4613,CAMP00000040,CH00000013,2023-04-09,141.16,Platform,
4614,CAMP00000040,CH00000010,2023-04-09,140.96,Media,
4615,CAMP00000040,CH00000011,2023-04-10,120.53,Media,
4616,CAMP00000040,CH00000006,2023-04-11,124.93,Agency,
4617,CAMP00000040,CH  00000001,2023-04-12,114.83,Agency,
4618,CAMP00000040,CH00000014,2023-04-13,127.92,Platform,
4619,CAMP00000040,CH00000006,2023-04-13,104.11,Platform,
4620,CAMP00000040,CH00000003,2023-04-14,127.9,Agency,
4621,CAMP00000040,CH00000009,2023-04-14,94.33,Creative,
4622,CAMP00000040,CH00000014,2023-04-15,101.76,Creative,
4623,CAMP  00000040,CH00000012,2023-04-15,83.1,Creative,
4624,CAMP00000041,CH00000009,2023-09-30,161.9,Platform,
4625,CAMP00000041,CH00000002,2023-10-01,214.08,Platform,
4626,CAMP00000041,CH  00000011,2023-10-01,161.0,Creative,
4627,CAMP00000041,CH00000002,2023-10-02,212.84,Platform,
4628,CAMP00000041,CH00000012,2023-10-03,213.75,Media,
4629,CAMP00000041,CH00000015,2023-10-03,144.96,Creative,
4630,CAMP00000041,CH00000001,2023-10-04,127.07,Platform,
4631,CAMP00000041,CH00000010,2023-10-04,165.88,Media,
4632,CAMP00000041,CH00000001,2023-10-05,121.99,Creative,
4633,CAMP00000041,CH00000004,2023-10-05,196.65,Platform,
4634,CAMP00000041,CH00000002,2023-10-06,131.79,Creative,
4635,CAMP00000041,CH00000012,2023-10-06,152.54,Creative,
4636,CAMP  00000041,CH00000014,2023-10-06,158.36,Agency,
4637,CAMP00000041,CH00000013,2023-10-07,185.95,Agency,
4638,CAMP00000041,CH  00000005,2023-10-07,159.16,Creative,
4639,CAMP00000041,CH00000008,2023-10-07,161.29,Media,
4640,CAMP00000041,ch00000014,2023-10-08,191.31,Platform,
4641,CAMP00000041,CH00000007,2023-10-09,192.59,Platform,
4642,CAMP00000041,CH00000005,2023-10-10,160.58,Media,
4643,CAMP00000041,CH00000013,2023-10-11,145.12,Media,
4644,CAMP00000041,CH00000008,2023-10-12,178.15,Platform,
4645,CAMP00000041,CH00000012,2023-10-12,163.52,Creative,
4646,CAMP00000041,CH  00000011,2023-10-13,175.95,Media,
4647,CAMP  00000041,CH00000010,2023-10-13,122.3,Platform,
4648,CAMP00000041,CH00000005,2023-10-14,187.77,Agency,
4649,CAMP00000041,CH00000013,2023-10-14,129.95,Media,
4650,CAMP00000041,CH00000003,2023-10-15,154.33,Creative,
4651,CAMP00000041,CH00000002,2023-10-15,154.51,Agency,
4652,CAMP00000041,CH00000015,2023-10-16,120.55,Agency,
4653,CAMP00000041,CH00000008,2023-10-16,173.33,Agency,
4654,CAMP00000041,CH00000010,2023-10-16,135.95,Creative,
4655,CAMP00000041,CH00000014,2023-10-17,160.12,Creative,
4656,CAMP00000041,CH00000007,2023-10-17,197.09,Creative,
4657,CAMP00000041,CH00000010,2023-10-18,175.02,Creative,
4658,CAMP00000041,CH00000006,2023-10-19,125.69,Creative,
4659,CAMP00000041,CH00000013,2023-10-19,121.07,Media,
4660,CAMP00000041,CH00000010,2023-10-19,188.05,Platform,
4661,CAMP00000041,CH00000012,2023-10-20,212.64,Creative,
4662,CAMP00000041,CH00000009,2023-10-21,166.71,Platform,
4663,CAMP00000041,CH  00000003,2023-10-21,123.38,Agency,
4664,CAMP00000041,CH00000011,2023-10-22,158.23,,
4665,CAMP00000041,CH00000007,2023-10-23,208.85,Media,
4666,CAMP00000041,CH00000007,2023-10-24,165.47,Platform,
4667,CAMP00000041,CH00000008,2023-10-24,151.2,Creative,
4668,CAMP00000041,CH00000011,2023-10-25,200.86,Media,
4669,CAMP00000041,CH00000004,2023-10-25,155.47,Platform,
4670,CAMP00000041,CH  00000003,2023-10-26,212.83,Creative,
4671,CAMP00000041,CH00000005,2023-10-27,187.01,Media,
4672,CAMP00000041,CH00000012,2023-10-27,202.14,Media,
4673,CAMP00000041,CH00000007,2023-10-28,130.7,Platform,
4674,CAMP00000041,CH00000004,2023-10-28,161.81,Creative,
4675,CAMP00000041,CH00000003,2023-10-29,158.06,Agency,
4676,CAMP00000041,CH00000012,2023-10-29,213.5,Media,
4677,CAMP00000041,CH00000006,2023-10-29,130.48,Platform,
4678,CAMP00000041,CH00000014,2023-10-30,116.92,Media,
4679,CAMP  00000041,CH00000015,2023-10-30,145.05,Platform,
4680,CAMP00000041,CH  00000004,2023-10-31,178.59,Platform,
4681,CAMP00000041,CH00000006,2023-10-31,180.82,Media,
4682,CAMP00000041,CH00000001,2023-11-01,151.03,Creative,
4683,CAMP00000041,CH00000014,2023-11-01,120.7,Media,
4684,CAMP00000041,CH00000001,2023-11-02,171.51,Platform,
4685,CAMP00000041,CH00000010,2023-11-02,150.29,Media,
4686,CAMP00000041,CH  00000013,2023-11-02,179.2,Agency,
4687,CAMP00000041,CH00000002,2023-11-03,154.43,Media,
4688,CAMP00000041,CH00000014,2023-11-04,128.85,Creative,
4689,CAMP00000041,CH00000013,2023-11-04,122.46,Creative,
4690,CAMP00000041,CH00000008,2023-11-05,147.57,Agency,
4691,CAMP00000041,CH00000011,2023-11-05,196.25,Media,
4692,CAMP00000041,CH00000009,2023-11-05,188.99,Creative,
4693,CAMP00000041,CH00000014,2023-11-06,194.36,Agency,
4694,CAMP00000041,CH  00000006,2023-11-07,187.92,Creative,
4695,CAMP00000041,CH00000003,2023-11-07,195.15,Creative,
4696,CAMP00000041,ch  00000013,2023-11-08,142.6,Creative,
4697,CAMP00000041,CH00000004,2023-11-08,128.99,Media,
4698,CAMP00000041,CH00000014,2023-11-08,129.95,Media,
4699,CAMP00000041,CH00000007,2023-11-09,137.15,Platform,
4700,CAMP00000041,CH00000004,2023-11-09,211.44,Platform,
4701,CAMP00000041,CH00000001,2023-11-10,141.43,Creative,
4702,CAMP00000041,CH  00000005,2023-11-11,154.36,Creative,
4703,CAMP00000041,CH00000003,2023-11-11,164.44,Media,
4704,CAMP00000041,CH00000002,2023-11-12,145.81,Platform,
4705,CAMP00000041,CH00000014,2023-11-12,136.01,Agency,
4706,CAMP00000041,CH00000007,2023-11-13,150.55,Media,
4707,CAMP00000041,CH00000011,2023-11-13,208.64,Platform,
4708,CAMP00000041,CH00000015,2023-11-14,211.81,Creative,
4709,CAMP00000041,CH00000002,2023-11-14,189.18,Platform,
4710,CAMP00000041,CH00000015,2023-11-15,118.69,Agency,
4711,CAMP00000041,CH00000015,2023-11-15,128.43,Creative,
4712,CAMP00000041,CH00000012,2023-11-16,124.75,Agency,
4713,CAMP00000041,CH00000003,2023-11-17,143.3,Platform,
4714,CAMP00000041,CH00000014,2023-11-17,212.86,Platform,
4715,CAMP00000041,CH00000012,2023-11-17,162.68,Platform,
4716,CAMP00000041,CH00000014,2023-11-18,146.21,Media,
4717,CAMP00000041,CH00000009,2023-11-19,178.58,Media,
4718,CAMP00000041,CH00000002,2023-11-19,196.19,Platform,
4719,CAMP00000041,CH00000004,2023-11-20,129.42,Creative,
4720,CAMP00000041,CH00000006,2023-11-20,132.72,Media,
4721,CAMP00000041,CH00000009,2023-11-20,158.69,Agency,
4722,CAMP00000041,CH00000001,2023-11-21,143.89,Creative,
4723,CAMP00000041,CH00000011,2023-11-22,116.58,Media,
4724,CAMP00000041,CH00000014,2023-11-23,196.46,Agency,
4725,CAMP00000041,CH00000009,2023-11-23,134.5,Creative,
4726,CAMP00000041,CH00000012,2023-11-24,118.93,Platform,
4727,CAMP00000041,CH00000007,2023-11-24,209.78,Agency,
4728,camp00000041,CH00000005,2023-11-25,176.54,Media,
4729,CAMP00000041,CH00000007,2023-11-25,188.06,Creative,
4730,CAMP00000041,CH  00000007,2023-11-26,134.62,Platform,
4731,CAMP00000042,CH00000007,2024-09-22,7203.1,Agency,
4732,CAMP00000042,CH00000003,2024-09-22,8176.2,Creative,
4733,CAMP00000042,CH00000013,2024-09-23,8426.0,Platform,
4734,CAMP00000042,CH00000001,2024-09-23,13043.22,Platform,
4735,CAMP00000042,CH00000014,2024-09-23,7417.12,Media,
4736,CAMP00000042,CH00000009,2024-09-24,8580.13,Media,
4737,CAMP00000042,CH00000015,2024-09-24,12120.65,Platform,
4738,CAMP00000042,CH00000013,2024-09-25,8608.57,Creative,
4739,CAMP00000042,CH00000014,2024-09-26,11279.81,Platform,
4740,CAMP00000042,CH00000004,2024-09-26,8867.31,Agency,
4741,CAMP00000042,CH00000014,2024-09-26,10866.88,Agency,
4742,CAMP00000042,CH00000011,2024-09-27,8827.45,Media,
4743,CAMP00000042,CH00000002,2024-09-27,12785.06,Agency,
4744,CAMP00000042,CH00000005,2024-09-27,11414.74,Media,
4745,CAMP00000042,CH00000001,2024-09-28,10631.95,Agency,
4746,CAMP  00000042,CH00000012,2024-09-29,10497.33,Media,
4747,CAMP00000042,CH00000014,2024-09-30,10553.29,Agency,
4748,CAMP00000042,CH00000006,2024-10-01,11054.74,,
4749,CAMP00000042,CH00000002,2024-10-02,8491.03,Media,
4750,CAMP00000042,CH00000001,2024-10-03,9166.52,Platform,
4751,CAMP00000042,CH00000006,2024-10-03,7823.6,Platform,
4752,CAMP00000042,CH00000014,2024-10-04,11852.17,Media,
4753,CAMP00000042,CH00000009,2024-10-05,12596.79,Media,
4754,CAMP00000042,CH00000006,2024-10-05,11579.29,Agency,
4755,CAMP00000042,CH00000002,2024-10-06,11709.57,Agency,
4756,CAMP00000042,CH00000015,2024-10-06,8889.74,Media,
4757,CAMP00000042,CH00000004,2024-10-07,10549.35,Platform,
4758,CAMP00000042,CH00000013,2024-10-07,8189.56,Platform,
4759,CAMP00000042,CH00000013,2024-10-07,12612.42,Creative,
4760,CAMP00000042,CH00000001,2024-10-08,8018.15,Platform,
4761,CAMP00000042,CH00000001,2024-10-08,10529.94,Media,
4762,CAMP00000042,CH00000013,2024-10-09,13072.12,Platform,
4763,CAMP00000042,CH00000011,2024-10-09,9228.85,Media,
4764,CAMP00000042,CH00000008,2024-10-09,7200.64,Media,
4765,CAMP00000042,CH00000014,2024-10-10,11072.28,Media,
4766,CAMP00000042,CH00000002,2024-10-10,8347.09,Platform,
4767,CAMP00000042,CH00000003,2024-10-11,12958.2,Agency,
4768,CAMP00000042,CH00000001,2024-10-12,13030.51,Media,
4769,CAMP00000042,CH00000001,2024-10-12,12522.13,Agency,
4770,CAMP00000042,CH00000015,2024-10-12,11552.8,Creative,
4771,CAMP00000042,CH00000002,2024-10-13,12032.74,Media,
4772,CAMP00000042,CH00000015,2024-10-13,10942.63,Media,
4773,CAMP00000042,CH00000002,2024-10-14,9638.94,Platform,
4774,CAMP00000042,CH00000001,2024-10-14,12932.0,Media,
4775,CAMP00000042,CH00000005,2024-10-14,8737.58,Creative,
4776,CAMP00000042,CH00000015,2024-10-15,11122.74,Platform,
4777,CAMP00000042,CH00000002,2024-10-15,7640.47,Media,
4778,CAMP00000042,CH00000008,2024-10-16,11682.27,Creative,
4779,CAMP00000042,CH00000015,2024-10-16,12095.41,Platform,
4780,CAMP00000042,CH00000013,2024-10-16,12104.36,Platform,
4781,CAMP00000042,CH00000010,2024-10-17,10033.83,Platform,
4782,CAMP00000042,CH00000011,2024-10-17,8055.23,Media,
4783,CAMP00000042,CH00000005,2024-10-18,11033.72,Creative,
4784,CAMP00000042,CH00000006,2024-10-19,12283.2,Platform,
4785,CAMP  00000042,CH00000004,2024-10-20,8399.31,Platform,
4786,CAMP00000042,ch00000011,2024-10-21,9143.04,Creative,
4787,CAMP00000042,CH00000007,2024-10-21,9925.25,Creative,
4788,CAMP00000042,CH00000014,2024-10-22,10503.21,Agency,
4789,CAMP  00000042,CH00000010,2024-10-23,11895.58,Agency,
4790,CAMP00000042,CH00000005,2024-10-24,12107.3,Media,
4791,CAMP00000042,CH00000008,2024-10-25,8841.48,Creative,
4792,CAMP  00000042,CH00000002,2024-10-26,12932.21,Platform,
4793,CAMP00000042,CH00000006,2024-10-26,7378.35,Creative,
4794,CAMP00000042,CH00000010,2024-10-27,10042.16,Media,
4795,CAMP00000042,CH00000007,2024-10-27,9427.22,Platform,
4796,CAMP00000042,CH00000008,2024-10-28,10721.88,Creative,
4797,CAMP00000042,CH00000005,2024-10-28,10114.15,Agency,
4798,CAMP00000042,CH  00000014,2024-10-28,9647.16,Media,
4799,CAMP00000042,CH00000006,2024-10-29,7145.91,Agency,
4800,CAMP00000042,CH  00000004,2024-10-30,10678.57,Platform,
4801,CAMP00000042,CH00000007,2024-10-30,11049.07,Agency,
4802,CAMP00000042,ch00000011,2024-10-30,7915.36,Platform,
4803,CAMP00000042,CH00000006,2024-10-31,11990.51,Platform,
4804,CAMP00000042,CH00000008,2024-10-31,10892.44,Platform,
4805,CAMP00000042,CH  00000007,2024-11-01,8028.72,Platform,
4806,CAMP00000042,CH00000011,2024-11-01,10032.32,Media,
4807,CAMP00000042,CH00000004,2024-11-01,12725.35,Platform,
4808,CAMP00000042,CH00000007,2024-11-02,11766.94,Media,
4809,CAMP00000042,CH00000010,2024-11-03,12693.75,Platform,
4810,CAMP00000042,CH00000008,2024-11-03,10649.95,Agency,
4811,CAMP00000042,CH00000006,2024-11-04,12850.64,Platform,
4812,camp00000042,CH00000002,2024-11-05,8144.4,Media,
4813,CAMP00000042,CH00000006,2024-11-05,11406.97,Creative,
4814,CAMP00000042,CH00000007,2024-11-05,12004.06,Agency,
4815,CAMP00000042,CH00000011,2024-11-06,8884.83,Media,
4816,CAMP00000042,CH00000006,2024-11-06,10204.13,Creative,
4817,camp00000042,CH00000004,2024-11-07,10660.06,Creative,
4818,CAMP00000042,CH00000013,2024-11-07,11303.09,Creative,
4819,CAMP00000042,CH00000004,2024-11-08,12773.23,Platform,
4820,CAMP00000042,CH00000009,2024-11-08,12044.09,Creative,
4821,CAMP00000042,ch00000007,2024-11-09,7221.03,Agency,
4822,CAMP00000042,CH00000007,2024-11-10,7226.57,Platform,
4823,CAMP00000042,CH00000014,2024-11-10,10300.37,Agency,
4824,CAMP00000042,CH00000002,2024-11-11,10191.84,Creative,
4825,CAMP00000042,CH00000004,2024-11-11,8713.99,Agency,
4826,CAMP00000042,CH00000010,2024-11-12,7290.34,Agency,
4827,CAMP00000042,CH00000011,2024-11-12,12282.22,Media,
4828,CAMP00000042,CH00000006,2024-11-12,12881.8,Platform,
4829,CAMP00000042,CH00000003,2024-11-13,7811.87,Platform,
4830,CAMP00000042,CH00000010,2024-11-14,10380.49,Agency,
4831,CAMP00000042,CH00000004,2024-11-14,8113.24,Creative,
4832,CAMP00000042,CH00000011,2024-11-14,7483.97,Agency,
4833,CAMP  00000042,CH00000001,2024-11-15,10363.24,Media,
4834,CAMP00000042,CH00000007,2024-11-16,7783.51,Media,
4835,CAMP  00000042,CH00000002,2024-11-16,7252.19,Media,
4836,CAMP00000042,CH00000010,2024-11-16,8997.81,Agency,
4837,CAMP00000042,CH00000003,2024-11-17,9616.71,Agency,
4838,CAMP00000042,CH00000015,2024-11-17,11743.34,Media,
4839,CAMP00000042,CH00000003,2024-11-18,11662.31,Media,
4840,CAMP00000042,CH00000008,2024-11-19,11097.04,Platform,
4841,CAMP00000042,CH00000006,2024-11-19,10440.82,Platform,
4842,CAMP00000042,CH00000012,2024-11-19,12415.81,Media,
4843,CAMP00000042,CH00000002,2024-11-20,12317.46,Creative,
4844,CAMP00000042,CH00000014,2024-11-20,9239.62,Platform,
4845,CAMP00000042,CH00000003,2024-11-20,12325.67,Agency,
4846,CAMP00000042,CH00000002,2024-11-21,11565.34,Platform,
4847,CAMP00000042,CH00000006,2024-11-21,7813.91,Media,
4848,CAMP00000042,CH00000012,2024-11-22,11168.79,Platform,
4849,CAMP00000042,CH00000013,2024-11-22,13118.55,Media,
4850,CAMP00000042,CH00000015,2024-11-23,7691.16,Agency,
4851,CAMP00000042,CH00000015,2024-11-23,11866.36,Media,
4852,CAMP00000042,CH00000006,2024-11-23,10544.76,Platform,
4853,camp00000042,CH00000010,2024-11-24,8696.63,Platform,
4854,CAMP00000042,CH00000001,2024-11-24,11970.66,Creative,
4855,CAMP00000042,CH00000004,2024-11-25,10873.52,Platform,
4856,CAMP00000042,CH00000006,2024-11-25,7889.58,Platform,
4857,CAMP00000042,CH00000010,2024-11-26,10777.57,Media,
4858,CAMP00000042,CH00000005,2024-11-27,9535.66,Agency,
4859,CAMP00000042,CH00000015,2024-11-27,8425.31,Creative,
4860,CAMP00000042,CH00000011,2024-11-27,12988.02,,
4861,CAMP00000042,CH00000010,2024-11-28,11715.79,Agency,
4862,CAMP00000042,CH00000015,2024-11-28,7280.69,Media,
4863,CAMP00000043,CH00000014,2024-02-09,208.67,Agency,
4864,CAMP00000043,CH00000004,2024-02-10,232.06,Creative,
4865,CAMP00000043,CH  00000006,2024-02-10,207.98,Platform,
4866,CAMP00000043,CH00000011,2024-02-11,311.2,Creative,
4867,CAMP00000043,CH00000003,2024-02-12,182.74,Media,
4868,CAMP00000043,CH00000007,2024-02-13,329.06,Agency,
4869,CAMP00000043,CH00000005,2024-02-14,247.4,Agency,
4870,CAMP00000043,CH00000004,2024-02-15,243.64,Platform,
4871,CAMP00000043,CH00000004,2024-02-16,270.85,Media,
4872,CAMP00000043,CH00000013,2024-02-16,182.89,Media,
4873,CAMP00000043,CH00000005,2024-02-16,213.42,Platform,
4874,CAMP00000043,CH00000005,2024-02-17,279.22,Platform,
4875,CAMP00000043,CH  00000012,2024-02-17,182.83,Agency,
4876,CAMP00000043,CH00000003,2024-02-18,202.45,Creative,
4877,CAMP  00000043,CH00000015,2024-02-18,292.11,Media,
4878,CAMP00000043,CH00000007,2024-02-19,234.24,Media,
4879,CAMP00000043,CH00000015,2024-02-19,292.83,Media,
4880,CAMP00000043,CH00000009,2024-02-20,249.16,Agency,
4881,CAMP00000043,CH00000001,2024-02-21,188.74,Creative,
4882,CAMP00000043,CH00000007,2024-02-21,242.41,Creative,
4883,CAMP00000043,CH00000006,2024-02-22,230.68,Creative,
4884,CAMP00000043,CH00000015,2024-02-22,306.45,Media,
4885,CAMP00000043,CH00000011,2024-02-22,238.91,Creative,
4886,CAMP00000043,CH00000003,2024-02-23,214.21,Creative,
4887,CAMP00000043,CH00000006,2024-02-24,244.16,Media,
4888,CAMP00000043,CH00000001,2024-02-24,179.3,Agency,
4889,CAMP00000043,CH00000004,2024-02-25,280.2,Agency,
4890,camp00000043,CH00000009,2024-02-26,233.41,Platform,
4891,CAMP00000043,CH00000008,2024-02-27,231.96,Creative,
4892,CAMP00000043,CH00000011,2024-02-28,248.46,Media,
4893,CAMP00000043,CH00000015,2024-02-28,279.43,Agency,
4894,CAMP00000043,CH00000005,2024-02-29,314.79,Agency,
4895,CAMP00000043,CH00000004,2024-02-29,202.78,Platform,
4896,CAMP00000043,CH00000015,2024-02-29,295.82,Creative,
4897,CAMP00000043,CH00000003,2024-03-01,257.84,Platform,
4898,CAMP00000043,CH00000006,2024-03-01,212.05,Agency,
4899,CAMP00000043,CH00000008,2024-03-01,256.12,Platform,
4900,CAMP00000043,CH00000001,2024-03-02,186.27,Creative,
4901,CAMP00000043,CH  00000003,2024-03-02,225.75,Platform,
4902,CAMP00000043,CH00000010,2024-03-03,229.02,Agency,
4903,CAMP00000043,CH00000010,2024-03-03,258.98,Media,
4904,CAMP00000043,CH00000009,2024-03-03,305.48,Platform,
4905,CAMP00000043,CH00000001,2024-03-04,249.62,Agency,
4906,CAMP00000043,CH00000015,2024-03-04,296.87,Platform,
4907,CAMP00000043,CH00000015,2024-03-05,234.8,Creative,
4908,CAMP00000043,CH00000011,2024-03-05,294.82,Media,
4909,camp00000043,CH00000014,2024-03-05,200.73,Agency,
4910,CAMP00000043,CH00000015,2024-03-06,221.35,Platform,
4911,CAMP  00000043,CH00000014,2024-03-06,220.35,Platform,
4912,CAMP  00000043,CH00000005,2024-03-07,200.77,Media,
4913,CAMP00000043,CH00000008,2024-03-08,317.69,Agency,
4914,CAMP00000043,CH00000011,2024-03-08,252.95,Creative,
4915,CAMP00000043,CH00000004,2024-03-09,216.54,Media,
4916,CAMP00000043,CH00000010,2024-03-09,326.24,Platform,
4917,CAMP  00000043,CH00000012,2024-03-09,181.19,Agency,
4918,CAMP00000043,CH00000014,2024-03-10,286.43,Agency,
4919,CAMP00000043,CH00000006,2024-03-10,216.1,Agency,
4920,CAMP00000043,CH00000003,2024-03-10,325.05,Media,
4921,camp00000043,CH00000008,2024-03-11,326.21,Creative,
4922,CAMP00000043,CH00000005,2024-03-11,180.35,Media,
4923,CAMP00000043,CH00000014,2024-03-11,213.15,Agency,
4924,CAMP00000043,CH00000003,2024-03-12,266.86,Platform,
4925,CAMP  00000043,CH00000014,2024-03-12,315.05,Media,
4926,CAMP00000043,CH00000003,2024-03-12,193.14,Media,
4927,CAMP00000043,CH00000014,2024-03-13,259.53,Agency,
4928,CAMP00000043,CH00000010,2024-03-13,200.5,Platform,
4929,CAMP00000043,CH00000012,2024-03-14,329.06,Creative,
4930,CAMP00000043,CH00000004,2024-03-14,182.69,Platform,
4931,CAMP00000043,ch00000005,2024-03-15,321.36,Agency,
4932,CAMP00000043,CH00000014,2024-03-15,287.96,Agency,
4933,CAMP00000043,CH00000013,2024-03-15,292.79,Media,
4934,CAMP00000043,CH00000004,2024-03-16,292.07,Platform,
4935,CAMP00000043,CH00000006,2024-03-17,177.9,Creative,
4936,CAMP00000043,CH00000004,2024-03-18,254.84,Creative,
4937,CAMP00000043,CH00000005,2024-03-19,219.44,Media,
4938,CAMP00000043,CH00000011,2024-03-19,318.15,Platform,
4939,CAMP00000043,CH00000015,2024-03-20,326.25,Platform,
4940,CAMP00000043,CH00000013,2024-03-21,210.5,Media,
4941,CAMP00000043,CH00000003,2024-03-22,181.24,Platform,
4942,CAMP00000043,CH00000015,2024-03-23,305.89,Platform,
4943,CAMP00000043,CH00000007,2024-03-23,193.16,Platform,
4944,CAMP00000043,ch00000005,2024-03-23,189.91,Platform,
4945,CAMP00000043,ch00000007,2024-03-24,224.14,Platform,
4946,CAMP00000043,CH00000013,2024-03-24,277.78,Media,
4947,CAMP00000043,CH00000001,2024-03-24,322.68,Agency,
4948,CAMP00000043,CH00000013,2024-03-25,262.82,Platform,
4949,CAMP00000043,CH00000015,2024-03-26,267.66,Creative,
4950,camp00000043,CH00000011,2024-03-27,304.73,Media,
4951,CAMP00000043,CH00000004,2024-03-27,268.42,Creative,
4952,CAMP00000043,CH00000015,2024-03-28,277.56,Media,
4953,CAMP00000043,CH00000015,2024-03-29,310.71,Creative,
4954,CAMP00000043,CH00000007,2024-03-29,248.09,Media,
4955,CAMP00000043,CH00000002,2024-03-30,272.76,Creative,
4956,CAMP00000043,CH00000002,2024-03-30,270.24,Media,
4957,CAMP00000043,CH00000007,2024-03-31,273.01,Platform,
4958,CAMP00000043,CH00000003,2024-03-31,236.04,Agency,
4959,CAMP00000043,CH00000002,2024-03-31,221.32,Media,
4960,CAMP00000043,CH00000001,2024-04-01,303.59,Platform,
4961,CAMP00000043,CH00000013,2024-04-02,276.41,Agency,
4962,CAMP00000043,CH00000005,2024-04-02,277.66,Platform,
4963,CAMP00000043,CH00000002,2024-04-03,236.74,Media,
4964,CAMP00000043,CH00000012,2024-04-03,237.55,Media,
4965,CAMP00000043,CH00000012,2024-04-03,301.21,Media,
4966,CAMP00000043,CH00000008,2024-04-04,283.37,Creative,
4967,CAMP00000043,CH00000015,2024-04-04,308.95,Platform,
4968,CAMP00000043,CH00000013,2024-04-04,243.55,Creative,
4969,CAMP00000043,CH00000002,2024-04-05,237.64,Creative,
4970,CAMP00000043,CH00000003,2024-04-05,279.03,Creative,
4971,CAMP00000043,CH00000014,2024-04-06,290.79,Platform,
4972,CAMP00000043,CH00000001,2024-04-06,216.12,Creative,
4973,CAMP00000043,CH00000004,2024-04-06,233.64,Agency,
4974,CAMP00000043,CH00000011,2024-04-07,213.37,Creative,
4975,CAMP00000043,CH00000015,2024-04-08,239.44,Media,
4976,CAMP00000043,CH00000001,2024-04-08,312.7,Agency,
4977,CAMP00000043,CH00000003,2024-04-09,186.18,Creative,
4978,CAMP00000043,CH00000004,2024-04-09,245.0,Agency,
4979,CAMP00000043,CH00000011,2024-04-10,272.25,Creative,
4980,CAMP00000043,CH00000013,2024-04-11,243.09,Media,
4981,CAMP00000043,CH00000006,2024-04-11,308.94,Media,
4982,CAMP00000043,CH00000007,2024-04-11,206.13,Media,
4983,CAMP00000043,CH00000012,2024-04-12,264.91,Platform,
4984,CAMP00000043,CH00000012,2024-04-13,302.45,Agency,
4985,CAMP00000043,CH00000014,2024-04-14,322.42,Creative,
4986,CAMP  00000043,CH00000015,2024-04-14,302.77,Creative,
4987,CAMP00000043,CH00000006,2024-04-14,282.77,Creative,
4988,CAMP00000043,CH00000011,2024-04-15,312.53,Creative,
4989,CAMP00000043,CH00000002,2024-04-16,179.71,Media,
4990,CAMP00000043,CH00000013,2024-04-16,236.87,Agency,
4991,CAMP00000043,CH00000008,2024-04-17,222.85,Platform,
4992,CAMP00000043,CH00000003,2024-04-17,268.48,Creative,
4993,CAMP00000043,CH  00000010,2024-04-18,259.63,Agency,
4994,CAMP00000043,CH00000001,2024-04-18,210.82,Creative,
4995,CAMP00000043,CH00000009,2024-04-18,268.47,Platform,
4996,CAMP00000043,CH00000001,2024-04-19,225.72,Agency,
4997,CAMP00000043,CH00000004,2024-04-19,282.31,Agency,
4998,CAMP00000043,CH  00000006,2024-04-19,257.36,Platform,
4999,CAMP00000043,CH00000011,2024-04-20,293.7,Creative,
5000,CAMP00000043,CH00000001,2024-04-21,187.29,Creative,
5001,CAMP00000043,CH00000002,2024-04-22,202.98,Agency,
5002,CAMP00000043,CH00000011,2024-04-22,275.15,Agency,
5003,CAMP00000043,CH00000009,2024-04-23,262.88,Media,
5004,CAMP00000043,CH00000007,2024-04-24,254.61,Creative,
5005,CAMP00000043,CH00000005,2024-04-24,216.51,Creative,
5006,CAMP00000043,CH00000012,2024-04-24,279.11,Platform,
5007,CAMP00000043,CH00000012,2024-04-25,270.17,Media,
5008,CAMP00000043,CH00000001,2024-04-25,261.77,Platform,
5009,CAMP  00000043,CH00000007,2024-04-25,235.14,Media,
5010,CAMP00000043,CH00000002,2024-04-26,236.51,Creative,
5011,CAMP00000043,CH00000003,2024-04-26,237.13,Creative,
5012,CAMP00000043,CH00000011,2024-04-27,317.91,Platform,
5013,CAMP00000043,CH00000014,2024-04-27,227.22,Agency,
5014,CAMP00000043,CH00000004,2024-04-27,212.17,Agency,
5015,CAMP00000043,CH00000014,2024-04-28,284.21,Creative,
5016,CAMP00000043,CH00000005,2024-04-28,274.65,Media,
5017,CAMP00000043,CH00000015,2024-04-28,181.38,Creative,
5018,CAMP00000043,CH00000012,2024-04-29,328.13,Agency,
5019,CAMP00000043,CH00000003,2024-04-30,195.68,Platform,
5020,CAMP00000043,CH00000009,2024-05-01,179.5,Agency,
5021,CAMP00000043,CH00000011,2024-05-01,314.3,Creative,
5022,CAMP00000043,CH00000001,2024-05-01,232.79,Platform,
5023,CAMP00000043,CH00000013,2024-05-02,289.07,Agency,
5024,CAMP00000043,CH00000012,2024-05-02,285.35,Agency,
5025,CAMP00000043,CH00000007,2024-05-03,196.45,Media,
5026,CAMP00000043,CH00000012,2024-05-04,238.6,Creative,
5027,CAMP00000043,CH00000011,2024-05-05,206.97,Platform,
5028,CAMP00000043,CH00000015,2024-05-05,180.35,Media,
5029,CAMP00000043,CH00000003,2024-05-06,270.96,Agency,
5030,CAMP00000043,CH00000009,2024-05-07,303.72,Media,
5031,CAMP00000043,CH00000004,2024-05-08,240.99,Media,
5032,CAMP00000043,CH00000011,2024-05-08,327.73,Creative,
5033,CAMP00000043,CH00000009,2024-05-09,321.01,Media,
5034,CAMP00000044,CH00000003,2023-01-11,474.74,Platform,
5035,CAMP00000044,CH00000008,2023-01-11,409.61,Platform,
5036,CAMP00000044,CH00000002,2023-01-12,390.55,Platform,
5037,camp00000044,CH00000002,2023-01-13,374.55,Creative,
5038,CAMP  00000044,CH00000003,2023-01-14,330.69,Media,
5039,CAMP00000044,CH00000002,2023-01-15,363.93,Media,
5040,CAMP00000044,CH00000010,2023-01-15,285.6,Agency,
5041,CAMP00000044,CH00000009,2023-01-15,384.74,Media,
5042,CAMP00000044,CH00000001,2023-01-16,455.92,Agency,
5043,CAMP00000044,CH00000001,2023-01-16,398.86,Agency,
5044,camp00000044,CH00000012,2023-01-17,467.09,Creative,
5045,CAMP00000044,ch  00000007,2023-01-18,350.53,Agency,
5046,CAMP00000044,CH00000001,2023-01-18,381.94,Creative,
5047,CAMP00000044,CH00000006,2023-01-18,340.84,Creative,
5048,CAMP00000044,CH00000003,2023-01-19,445.95,Agency,
5049,CAMP00000044,CH00000009,2023-01-19,341.88,Creative,
5050,CAMP00000044,CH00000008,2023-01-20,383.95,Platform,
5051,CAMP00000044,CH00000013,2023-01-21,394.86,Media,
5052,CAMP00000044,CH  00000011,2023-01-22,352.1,Media,
5053,CAMP00000044,CH00000006,2023-01-22,311.99,Platform,
5054,CAMP00000044,CH00000007,2023-01-22,380.25,Agency,
5055,CAMP00000044,CH00000004,2023-01-23,365.16,Platform,
5056,CAMP00000044,CH00000012,2023-01-23,393.42,Agency,
5057,CAMP00000044,CH  00000011,2023-01-23,417.98,Media,
5058,CAMP00000044,CH00000009,2023-01-24,339.28,Media,
5059,CAMP00000044,CH00000013,2023-01-24,443.78,Agency,
5060,CAMP00000044,CH00000007,2023-01-25,349.85,Platform,
5061,CAMP00000044,CH00000002,2023-01-25,285.87,Creative,
5062,CAMP00000044,CH00000014,2023-01-25,432.96,Agency,
5063,CAMP00000044,CH00000012,2023-01-26,463.14,Creative,
5064,CAMP00000044,CH00000004,2023-01-27,471.97,Platform,
5065,CAMP00000044,CH00000010,2023-01-27,397.47,Platform,
5066,CAMP00000044,CH00000004,2023-01-28,313.44,Agency,
5067,CAMP00000044,CH  00000002,2023-01-29,402.01,Creative,
5068,CAMP00000044,CH00000007,2023-01-30,396.15,Platform,
5069,CAMP00000044,CH00000009,2023-01-31,363.09,Creative,
5070,CAMP00000044,CH00000009,2023-01-31,282.65,Creative,
5071,CAMP00000044,CH00000004,2023-02-01,262.48,Platform,
5072,CAMP00000044,CH00000004,2023-02-02,386.06,Platform,
5073,CAMP00000044,CH  00000013,2023-02-02,298.07,Creative,
5074,CAMP00000044,CH00000004,2023-02-02,368.08,Platform,
5075,CAMP00000044,CH00000015,2023-02-03,419.21,Agency,
5076,CAMP00000044,CH00000011,2023-02-04,282.32,Creative,
5077,CAMP00000044,CH00000011,2023-02-04,465.11,Creative,
5078,CAMP00000044,CH00000008,2023-02-05,474.7,Media,
5079,CAMP00000044,CH00000006,2023-02-05,404.99,Platform,
5080,CAMP00000044,CH00000011,2023-02-06,390.78,Agency,
5081,CAMP00000044,CH00000004,2023-02-07,347.11,Platform,
5082,CAMP00000044,CH00000005,2023-02-07,343.47,Agency,
5083,CAMP00000044,CH00000012,2023-02-08,475.57,Agency,
5084,CAMP00000044,CH00000008,2023-02-08,459.33,Agency,
5085,CAMP00000044,CH00000013,2023-02-09,447.68,Media,
5086,CAMP00000044,CH00000002,2023-02-09,387.43,Media,
5087,CAMP00000044,CH00000012,2023-02-10,410.68,Creative,
5088,CAMP00000044,CH00000002,2023-02-11,339.27,Platform,
5089,CAMP00000044,CH00000013,2023-02-11,279.95,Platform,
5090,CAMP00000044,CH00000014,2023-02-12,446.11,Creative,
5091,CAMP00000044,CH00000006,2023-02-12,396.66,Creative,
5092,CAMP00000044,CH00000011,2023-02-13,418.36,Media,
5093,CAMP00000044,ch00000013,2023-02-13,380.33,Media,
5094,CAMP00000044,CH00000006,2023-02-13,390.54,Platform,
5095,CAMP00000044,CH00000002,2023-02-14,349.66,Platform,
5096,CAMP00000044,CH00000001,2023-02-14,449.86,Platform,
5097,CAMP00000044,CH00000013,2023-02-15,299.7,Platform,
5098,CAMP00000044,ch00000007,2023-02-16,326.92,Creative,
5099,CAMP00000044,CH00000013,2023-02-16,416.63,Creative,
5100,CAMP00000044,CH00000001,2023-02-16,473.81,Creative,
5101,CAMP00000044,CH00000007,2023-02-17,325.21,Creative,
5102,CAMP00000044,CH00000003,2023-02-18,316.63,Platform,
5103,CAMP00000044,CH00000006,2023-02-18,334.67,Media,
5104,CAMP00000044,CH00000010,2023-02-19,302.33,Platform,
5105,CAMP00000044,CH00000001,2023-02-19,342.62,Platform,
5106,camp00000044,CH00000008,2023-02-19,357.84,Agency,
5107,CAMP00000044,CH00000005,2023-02-20,446.28,Media,
5108,CAMP00000044,CH00000005,2023-02-21,476.14,Platform,
5109,CAMP00000044,CH  00000015,2023-02-21,439.18,Creative,
5110,CAMP00000044,CH00000014,2023-02-22,325.45,Platform,
5111,CAMP00000044,CH00000015,2023-02-23,285.99,Creative,
5112,CAMP00000044,CH00000009,2023-02-23,446.43,Media,
5113,CAMP00000044,CH00000010,2023-02-23,324.22,Media,
5114,CAMP00000044,CH00000015,2023-02-24,354.45,Creative,
5115,CAMP00000044,CH00000004,2023-02-24,463.31,Media,
5116,CAMP00000044,CH00000011,2023-02-25,350.4,Agency,
5117,CAMP00000044,CH  00000010,2023-02-25,360.06,Creative,
5118,CAMP00000044,CH00000011,2023-02-25,319.3,Platform,
5119,CAMP00000044,CH00000004,2023-02-26,306.01,Media,
5120,CAMP00000044,CH00000011,2023-02-26,475.35,Media,
5121,CAMP00000044,CH00000015,2023-02-26,426.19,,
5122,CAMP00000044,CH00000006,2023-02-27,434.26,Platform,
5123,CAMP00000044,CH00000006,2023-02-28,392.7,Creative,
5124,CAMP00000044,CH00000007,2023-02-28,453.81,Platform,
5125,CAMP00000044,CH00000005,2023-03-01,379.65,Platform,
5126,CAMP00000044,CH00000012,2023-03-01,410.75,Platform,
5127,CAMP00000044,CH  00000010,2023-03-01,262.99,Media,
5128,CAMP00000044,CH00000004,2023-03-02,443.51,Platform,
5129,CAMP00000044,CH00000002,2023-03-02,329.04,Media,
5130,CAMP00000044,CH00000002,2023-03-03,395.98,Media,
5131,CAMP00000044,CH00000004,2023-03-03,347.98,Agency,
5132,CAMP00000044,CH00000004,2023-03-03,346.28,Platform,
5133,CAMP00000044,CH00000015,2023-03-04,439.13,Creative,
5134,CAMP00000044,CH00000006,2023-03-04,418.84,Platform,
5135,CAMP00000044,CH00000011,2023-03-04,299.81,Media,
5136,CAMP00000044,CH00000006,2023-03-05,397.35,Creative,
5137,CAMP00000044,CH00000009,2023-03-05,267.64,Agency,
5138,CAMP00000044,CH00000008,2023-03-05,263.95,Creative,
5139,camp00000044,CH00000006,2023-03-06,269.54,Creative,
5140,CAMP00000044,CH00000010,2023-03-06,425.48,Creative,
5141,CAMP00000044,CH00000014,2023-03-06,304.66,Platform,
5142,CAMP00000044,CH00000006,2023-03-07,452.1,Agency,
5143,CAMP00000044,CH00000008,2023-03-08,358.31,Creative,
5144,CAMP00000044,CH00000003,2023-03-09,372.46,Media,
5145,CAMP00000044,CH00000004,2023-03-09,403.27,Agency,
5146,CAMP00000044,CH00000011,2023-03-09,439.25,Agency,
5147,CAMP00000044,CH00000001,2023-03-10,361.8,Media,
5148,CAMP00000044,CH00000012,2023-03-10,324.22,Creative,
5149,CAMP00000044,CH00000013,2023-03-11,360.44,Agency,
5150,CAMP00000044,CH00000006,2023-03-12,320.37,Media,
5151,CAMP00000044,CH00000008,2023-03-12,400.95,Agency,
5152,camp00000044,CH00000008,2023-03-12,326.32,Creative,
5153,camp00000044,CH00000005,2023-03-13,447.0,Platform,
5154,CAMP00000044,CH00000004,2023-03-13,313.54,Media,
5155,CAMP00000045,ch00000014,2023-03-06,63.38,Media,
5156,CAMP00000045,CH00000015,2023-03-06,95.6,Platform,
5157,CAMP00000045,ch00000011,2023-03-06,87.06,Creative,
5158,CAMP00000045,CH00000003,2023-03-07,92.52,Platform,
5159,CAMP00000045,CH00000006,2023-03-08,64.35,Agency,
5160,CAMP  00000045,CH00000008,2023-03-09,92.24,Platform,
5161,CAMP00000045,CH00000010,2023-03-09,93.38,Agency,
5162,CAMP00000045,CH00000006,2023-03-09,87.23,Media,
5163,CAMP00000045,CH00000004,2023-03-10,60.12,Creative,
5164,CAMP00000045,CH00000004,2023-03-11,92.91,Platform,
5165,CAMP00000045,CH00000003,2023-03-11,79.13,Creative,
5166,CAMP00000045,CH00000008,2023-03-12,96.34,Platform,
5167,CAMP00000045,CH00000003,2023-03-12,58.48,Platform,
5168,CAMP00000045,CH00000009,2023-03-12,73.58,Platform,
5169,CAMP00000045,CH00000002,2023-03-13,79.43,Media,
5170,CAMP00000045,CH00000014,2023-03-14,69.16,Agency,
5171,CAMP00000045,CH00000004,2023-03-14,77.42,Platform,
5172,CAMP00000045,CH00000004,2023-03-14,103.56,Agency,
5173,CAMP  00000045,CH00000003,2023-03-15,69.38,Platform,
5174,CAMP00000045,CH00000011,2023-03-15,72.87,Platform,
5175,CAMP00000045,CH00000004,2023-03-16,103.43,Media,
5176,CAMP00000045,CH00000001,2023-03-16,61.1,Creative,
5177,CAMP00000045,CH00000010,2023-03-16,106.86,Media,
5178,CAMP00000045,CH00000008,2023-03-17,65.67,Platform,
5179,CAMP00000045,CH00000008,2023-03-17,73.25,Agency,
5180,CAMP  00000045,CH00000001,2023-03-17,93.84,Media,
5181,CAMP00000045,CH00000002,2023-03-18,64.62,Platform,
5182,CAMP00000045,CH00000009,2023-03-18,65.04,Platform,
5183,CAMP00000045,CH00000012,2023-03-19,61.54,Media,
5184,CAMP00000045,CH00000004,2023-03-19,79.14,Media,
5185,CAMP00000045,CH  00000007,2023-03-19,83.55,Media,
5186,CAMP00000045,CH00000013,2023-03-20,61.88,Platform,
5187,camp00000045,CH00000011,2023-03-20,62.12,Agency,
5188,CAMP00000045,CH00000007,2023-03-21,79.87,Platform,
5189,CAMP00000045,CH00000005,2023-03-22,69.91,Agency,
5190,CAMP00000045,CH00000007,2023-03-23,58.58,Agency,
5191,CAMP00000045,CH00000013,2023-03-24,94.52,Agency,
5192,CAMP00000045,CH00000002,2023-03-24,85.44,Agency,
5193,CAMP00000045,CH00000011,2023-03-24,62.35,Agency,
5194,CAMP00000045,CH00000003,2023-03-25,61.44,Platform,
5195,CAMP00000045,CH00000004,2023-03-26,93.04,Platform,
5196,CAMP00000045,CH00000010,2023-03-26,61.66,Creative,
5197,CAMP00000045,CH00000009,2023-03-27,90.46,Agency,
5198,CAMP00000045,CH00000006,2023-03-27,104.96,Creative,
5199,CAMP00000045,CH00000003,2023-03-28,68.81,Platform,
5200,CAMP00000045,CH00000007,2023-03-29,74.76,Platform,
5201,CAMP00000045,CH00000011,2023-03-30,67.75,Media,
5202,CAMP00000045,CH00000001,2023-03-30,74.47,Creative,
5203,CAMP00000045,CH00000014,2023-03-30,81.31,Agency,
5204,CAMP00000045,CH00000009,2023-03-31,101.28,Media,
5205,CAMP00000045,CH00000012,2023-03-31,58.67,Media,
5206,CAMP00000045,CH00000003,2023-04-01,82.56,Agency,
5207,CAMP00000045,CH00000010,2023-04-01,106.39,Platform,
5208,CAMP00000045,CH00000006,2023-04-02,78.76,Platform,
5209,CAMP00000045,CH00000010,2023-04-03,90.98,Creative,
5210,CAMP00000045,CH00000011,2023-04-04,58.78,Creative,
5211,CAMP00000045,CH00000004,2023-04-05,89.07,Platform,
5212,CAMP00000045,CH00000002,2023-04-06,94.07,Media,
5213,CAMP00000045,CH00000009,2023-04-06,82.69,Creative,
5214,CAMP00000045,CH00000008,2023-04-07,61.74,Media,
5215,CAMP00000045,CH00000015,2023-04-07,63.25,Creative,
5216,CAMP00000045,CH00000014,2023-04-07,90.48,Media,
5217,CAMP00000045,CH00000007,2023-04-08,59.98,Agency,
5218,CAMP00000045,CH00000002,2023-04-09,73.16,Agency,
5219,CAMP00000045,CH00000002,2023-04-10,85.75,Media,
5220,CAMP00000045,CH00000012,2023-04-10,100.22,Platform,
5221,CAMP00000045,CH00000006,2023-04-10,82.65,Platform,
5222,CAMP00000045,CH  00000008,2023-04-11,85.05,Creative,
5223,CAMP00000045,CH00000013,2023-04-11,68.47,Platform,
5224,CAMP00000045,CH00000015,2023-04-12,100.15,Media,
5225,CAMP00000045,CH00000012,2023-04-13,66.78,Agency,
5226,CAMP00000045,CH00000006,2023-04-13,83.96,Platform,
5227,CAMP00000045,CH  00000012,2023-04-14,103.47,Media,
5228,CAMP  00000045,CH00000014,2023-04-14,64.75,,
5229,CAMP00000045,CH00000011,2023-04-15,92.22,Agency,
5230,CAMP00000045,ch00000005,2023-04-16,85.65,Agency,
5231,CAMP00000045,CH00000008,2023-04-17,91.94,Platform,
5232,CAMP00000045,CH00000003,2023-04-17,63.0,Media,
5233,CAMP00000045,CH00000002,2023-04-17,75.64,Agency,
5234,CAMP00000045,CH00000003,2023-04-18,64.16,Media,
5235,CAMP00000045,CH00000015,2023-04-18,93.0,Media,
5236,CAMP00000045,CH00000008,2023-04-18,72.44,Media,
5237,CAMP00000045,CH00000012,2023-04-19,67.88,Agency,
5238,CAMP00000045,CH00000006,2023-04-20,69.74,Creative,
5239,CAMP00000046,CH00000003,2024-09-02,243.91,Creative,
5240,CAMP00000046,CH00000003,2024-09-02,239.51,Creative,
5241,CAMP00000046,CH00000007,2024-09-02,302.39,Creative,
5242,CAMP00000046,CH00000015,2024-09-03,241.49,Creative,
5243,CAMP00000046,CH00000003,2024-09-03,267.11,Agency,
5244,CAMP00000046,CH00000012,2024-09-03,275.18,Media,
5245,CAMP00000046,CH00000010,2024-09-04,267.71,Media,
5246,CAMP00000046,CH00000013,2024-09-05,352.43,Platform,
5247,CAMP00000046,CH00000011,2024-09-06,382.96,Media,
5248,CAMP00000046,CH00000015,2024-09-06,250.63,Media,
5249,CAMP00000046,CH00000014,2024-09-07,267.1,Media,
5250,CAMP00000046,CH00000004,2024-09-07,440.24,Creative,
5251,CAMP00000046,CH00000003,2024-09-07,405.78,Media,
5252,CAMP00000046,CH00000001,2024-09-08,418.62,Creative,
5253,CAMP00000046,CH00000007,2024-09-08,415.13,Media,
5254,CAMP00000046,CH00000002,2024-09-09,395.36,Platform,
5255,CAMP00000046,CH00000011,2024-09-10,266.9,Agency,
5256,CAMP00000046,CH00000015,2024-09-10,240.17,Creative,
5257,CAMP00000046,CH00000012,2024-09-11,319.98,Creative,
5258,CAMP00000046,CH00000013,2024-09-11,359.43,Platform,
5259,CAMP00000046,CH00000015,2024-09-11,319.6,Agency,
5260,CAMP00000046,CH00000005,2024-09-12,425.83,Agency,
5261,CAMP00000046,CH00000005,2024-09-13,381.01,Platform,
5262,CAMP00000046,CH00000011,2024-09-14,395.62,Creative,
5263,CAMP00000046,CH00000003,2024-09-14,414.14,Media,
5264,CAMP00000046,CH00000005,2024-09-14,297.89,Platform,
5265,CAMP00000046,CH00000002,2024-09-15,292.41,Creative,
5266,CAMP00000046,CH00000011,2024-09-15,425.4,Platform,
5267,CAMP00000046,CH00000013,2024-09-16,433.28,Creative,
5268,CAMP00000046,CH00000005,2024-09-17,320.84,Agency,
5269,CAMP00000046,CH00000005,2024-09-17,329.27,Creative,
5270,CAMP00000046,CH00000007,2024-09-18,308.87,Agency,
5271,CAMP00000046,CH00000004,2024-09-18,438.94,Platform,
5272,CAMP00000046,CH00000015,2024-09-19,378.13,Agency,
5273,CAMP00000046,CH  00000012,2024-09-19,376.84,Platform,
5274,CAMP00000046,CH00000009,2024-09-20,410.69,Media,
5275,CAMP00000046,CH00000009,2024-09-20,419.76,Creative,
5276,CAMP00000046,CH00000001,2024-09-20,441.26,Platform,
5277,CAMP00000046,CH00000013,2024-09-21,392.95,Creative,
5278,CAMP00000046,CH00000003,2024-09-21,369.11,Media,
5279,CAMP00000046,CH00000010,2024-09-21,348.01,Media,
5280,CAMP00000046,CH00000009,2024-09-22,273.5,Media,
5281,CAMP00000046,CH  00000010,2024-09-22,363.17,Agency,
5282,CAMP00000046,CH00000008,2024-09-22,406.36,Creative,
5283,CAMP00000046,CH00000013,2024-09-23,369.52,Platform,
5284,CAMP00000046,CH00000013,2024-09-23,289.16,Creative,
5285,CAMP00000046,CH00000013,2024-09-23,404.28,Creative,
5286,CAMP00000046,CH00000010,2024-09-24,418.06,Creative,
5287,CAMP00000046,CH00000006,2024-09-24,331.25,Agency,
5288,CAMP00000046,CH00000001,2024-09-24,261.05,Platform,
5289,CAMP  00000046,CH00000015,2024-09-25,402.39,Platform,
5290,CAMP00000046,CH00000015,2024-09-26,279.09,Agency,
5291,CAMP00000046,CH00000001,2024-09-26,314.94,Platform,
5292,CAMP00000046,CH00000013,2024-09-27,416.21,Platform,
5293,CAMP00000046,CH00000006,2024-09-27,330.38,Agency,
5294,CAMP00000046,CH00000004,2024-09-27,344.48,Agency,
5295,CAMP00000046,CH00000009,2024-09-28,319.25,Agency,
5296,CAMP00000046,CH00000004,2024-09-29,377.81,Creative,
5297,CAMP  00000046,CH00000002,2024-09-30,444.18,Agency,
5298,CAMP00000046,CH00000002,2024-09-30,403.88,Agency,
5299,CAMP00000046,CH00000002,2024-09-30,370.95,Media,
5300,CAMP00000046,CH00000005,2024-10-01,441.17,Platform,
5301,CAMP00000046,CH00000004,2024-10-01,307.84,Agency,
5302,CAMP00000046,CH00000012,2024-10-01,434.76,Platform,
5303,CAMP00000046,CH00000005,2024-10-02,341.67,Platform,
5304,CAMP00000046,CH00000004,2024-10-02,298.26,Platform,
5305,CAMP00000046,CH00000013,2024-10-02,340.83,Agency,
5306,CAMP00000046,CH00000003,2024-10-03,279.18,Media,
5307,CAMP00000046,CH00000002,2024-10-03,375.57,Media,
5308,CAMP00000047,CH00000008,2024-02-20,348.48,Platform,
5309,CAMP00000047,CH00000002,2024-02-21,380.12,Platform,
5310,CAMP00000047,CH00000007,2024-02-21,383.04,Creative,
5311,CAMP00000047,CH00000010,2024-02-22,467.57,Media,
5312,CAMP00000047,CH00000004,2024-02-23,317.93,Platform,
5313,CAMP00000047,CH00000003,2024-02-24,364.21,Agency,
5314,CAMP00000047,CH00000008,2024-02-24,399.06,Platform,
5315,CAMP00000047,CH00000003,2024-02-24,297.05,Media,
5316,CAMP00000047,CH00000002,2024-02-25,511.92,Agency,
5317,CAMP00000047,CH00000004,2024-02-25,296.37,Platform,
5318,CAMP00000047,CH00000015,2024-02-26,290.51,Agency,
5319,CAMP00000047,CH00000008,2024-02-26,408.02,Agency,
5320,CAMP00000047,CH00000003,2024-02-26,297.85,Platform,
5321,CAMP00000047,CH00000007,2024-02-27,325.69,Agency,
5322,CAMP00000047,CH00000005,2024-02-28,403.1,Creative,
5323,CAMP00000047,CH00000005,2024-02-28,384.14,Agency,
5324,CAMP  00000047,ch00000014,2024-02-28,378.14,Agency,
5325,CAMP  00000047,CH00000003,2024-02-29,338.47,,
5326,CAMP00000047,CH00000008,2024-03-01,406.38,Platform,
5327,CAMP00000047,CH00000013,2024-03-01,531.75,Agency,
5328,CAMP00000047,CH00000010,2024-03-02,526.08,Agency,
5329,CAMP00000047,CH00000012,2024-03-02,516.74,Creative,
5330,CAMP00000047,CH00000009,2024-03-02,314.17,Media,
5331,CAMP00000047,CH00000007,2024-03-03,426.06,Platform,
5332,CAMP00000047,CH00000013,2024-03-03,292.25,Agency,
5333,CAMP00000047,CH00000011,2024-03-04,422.28,Agency,
5334,CAMP00000047,CH00000011,2024-03-05,300.32,Agency,
5335,CAMP00000047,CH00000010,2024-03-05,297.06,Media,
5336,CAMP00000047,CH00000006,2024-03-06,342.2,Creative,
5337,CAMP00000047,CH00000013,2024-03-06,506.69,Agency,
5338,CAMP00000047,CH00000009,2024-03-06,456.84,Agency,
5339,camp00000047,CH  00000013,2024-03-07,322.73,Agency,
5340,CAMP00000047,CH00000014,2024-03-07,528.01,Media,
5341,CAMP00000047,CH00000002,2024-03-07,360.93,Creative,
5342,CAMP00000047,CH00000015,2024-03-08,415.68,Agency,
5343,CAMP00000047,CH00000010,2024-03-08,506.29,Creative,
5344,CAMP00000047,CH00000003,2024-03-08,348.11,Platform,
5345,CAMP00000047,CH00000002,2024-03-09,510.28,Platform,
5346,CAMP00000047,CH00000002,2024-03-09,421.03,Creative,
5347,CAMP00000047,CH00000013,2024-03-10,473.05,Agency,
5348,CAMP00000047,CH00000002,2024-03-11,527.17,Media,
5349,CAMP00000047,CH00000007,2024-03-12,393.29,Creative,
5350,CAMP00000047,CH00000009,2024-03-13,389.05,Agency,
5351,CAMP00000047,CH00000006,2024-03-13,386.11,Platform,
5352,camp00000047,CH00000010,2024-03-14,489.03,Agency,
5353,CAMP00000047,CH00000014,2024-03-14,427.19,Media,
5354,CAMP00000047,CH00000014,2024-03-14,472.23,Agency,
5355,camp00000047,CH00000010,2024-03-15,334.8,Agency,
5356,CAMP00000047,CH00000003,2024-03-16,413.0,Platform,
5357,CAMP00000047,CH00000004,2024-03-16,443.92,Agency,
5358,CAMP00000047,CH00000004,2024-03-16,340.87,Agency,
5359,CAMP00000047,CH00000014,2024-03-17,348.96,Agency,
5360,CAMP00000047,CH00000003,2024-03-17,329.27,Platform,
5361,CAMP00000047,CH00000012,2024-03-18,385.23,Platform,
5362,CAMP00000047,CH00000006,2024-03-18,429.56,Platform,
5363,CAMP00000047,CH00000013,2024-03-19,497.2,Platform,
5364,CAMP  00000047,CH00000002,2024-03-19,457.57,Agency,
5365,CAMP00000047,CH00000004,2024-03-19,381.8,Platform,
5366,CAMP00000047,CH00000011,2024-03-20,313.05,Platform,
5367,CAMP00000047,CH00000005,2024-03-20,356.59,Platform,
5368,CAMP00000047,CH  00000004,2024-03-20,532.87,Media,
5369,CAMP00000047,CH00000004,2024-03-21,318.6,Platform,
5370,CAMP00000047,CH00000012,2024-03-21,305.88,Media,
5371,CAMP00000047,CH00000013,2024-03-22,412.2,Media,
5372,CAMP00000047,CH00000008,2024-03-22,405.53,Creative,
5373,CAMP00000047,CH00000011,2024-03-23,317.69,Creative,
5374,CAMP  00000047,CH00000011,2024-03-23,324.15,Platform,
5375,CAMP00000047,CH00000009,2024-03-23,444.77,Agency,
5376,CAMP00000047,CH00000010,2024-03-24,505.32,Media,
5377,CAMP00000047,CH00000004,2024-03-24,514.8,Agency,
5378,CAMP00000047,CH00000008,2024-03-25,411.64,Platform,
5379,CAMP00000047,CH00000003,2024-03-26,333.23,Creative,
5380,CAMP00000047,CH00000001,2024-03-26,389.76,Platform,
5381,CAMP00000047,CH00000003,2024-03-27,320.2,Platform,
5382,CAMP00000047,CH00000009,2024-03-28,464.85,Creative,
5383,CAMP00000047,CH00000014,2024-03-29,374.66,Agency,
5384,CAMP00000047,CH00000005,2024-03-30,448.04,Media,
5385,CAMP00000047,CH  00000004,2024-03-31,443.15,Agency,
5386,CAMP00000047,CH00000005,2024-04-01,296.17,Media,
5387,CAMP00000047,CH00000011,2024-04-02,479.03,Agency,
5388,CAMP00000047,CH00000002,2024-04-02,293.61,Platform,
5389,CAMP00000047,CH00000013,2024-04-02,358.89,Agency,
5390,CAMP00000047,CH00000003,2024-04-03,513.28,Platform,
5391,CAMP00000047,CH00000006,2024-04-03,486.06,Creative,
5392,CAMP00000047,CH00000015,2024-04-04,484.14,Creative,
5393,CAMP00000047,CH00000005,2024-04-04,526.58,Media,
5394,CAMP00000047,CH00000015,2024-04-04,475.82,Media,
5395,CAMP00000047,CH00000012,2024-04-05,450.26,Media,
5396,CAMP00000047,CH00000008,2024-04-06,490.25,Agency,
5397,CAMP00000047,CH00000002,2024-04-06,364.15,Media,
5398,CAMP00000047,CH00000003,2024-04-06,298.84,Agency,
5399,CAMP00000047,CH00000003,2024-04-07,316.16,Platform,
5400,CAMP00000047,CH00000010,2024-04-07,313.86,Platform,
5401,CAMP00000047,CH00000011,2024-04-08,318.26,Media,
5402,CAMP00000047,CH00000014,2024-04-08,396.19,Creative,
5403,CAMP00000047,CH00000011,2024-04-08,356.22,Platform,
5404,CAMP  00000047,CH00000008,2024-04-09,358.76,Media,
5405,CAMP00000047,CH00000007,2024-04-09,339.48,Media,
5406,CAMP00000047,CH00000006,2024-04-10,363.16,Agency,
5407,CAMP00000047,CH00000001,2024-04-10,475.02,Media,
5408,CAMP00000048,CH  00000004,2024-05-28,141.94,Creative,
5409,CAMP00000048,CH00000005,2024-05-29,155.29,Creative,
5410,CAMP00000048,CH00000015,2024-05-29,162.49,Platform,
5411,CAMP  00000048,CH00000015,2024-05-29,116.06,Agency,
5412,CAMP00000048,ch00000008,2024-05-30,107.07,Agency,
5413,CAMP00000048,CH  00000003,2024-05-30,126.41,Agency,
5414,CAMP00000048,CH00000015,2024-05-31,102.46,Media,
5415,CAMP00000048,CH00000004,2024-05-31,151.42,Agency,
5416,CAMP00000048,CH00000005,2024-05-31,100.76,Creative,
5417,camp00000048,CH00000003,2024-06-01,148.38,Media,
5418,CAMP00000048,CH00000002,2024-06-02,107.51,Media,
5419,CAMP00000048,CH00000013,2024-06-02,143.48,Agency,
5420,CAMP00000048,CH00000012,2024-06-02,152.95,Agency,
5421,CAMP00000048,CH00000003,2024-06-03,116.66,Creative,
5422,CAMP00000048,CH00000010,2024-06-03,99.42,Media,
5423,CAMP00000048,CH00000003,2024-06-03,91.21,Agency,
5424,CAMP00000048,CH00000005,2024-06-04,144.23,Creative,
5425,CAMP00000048,CH00000005,2024-06-05,144.21,Creative,
5426,CAMP00000048,CH  00000007,2024-06-05,139.74,Platform,
5427,CAMP00000048,CH00000014,2024-06-05,120.38,Media,
5428,CAMP00000048,CH00000013,2024-06-06,104.44,Media,
5429,CAMP00000048,CH  00000009,2024-06-07,157.68,Media,
5430,camp00000048,CH00000012,2024-06-07,116.61,Media,
5431,CAMP00000048,CH00000002,2024-06-07,97.59,Creative,
5432,CAMP  00000048,CH00000007,2024-06-08,108.94,Agency,
5433,CAMP00000048,CH00000004,2024-06-08,90.67,Platform,
5434,CAMP00000048,CH00000008,2024-06-09,104.18,Media,
5435,CAMP00000048,CH00000004,2024-06-10,105.5,Platform,
5436,CAMP00000048,CH00000015,2024-06-10,154.57,Media,
5437,CAMP00000048,CH00000002,2024-06-10,104.24,Creative,
5438,CAMP00000048,CH00000012,2024-06-11,142.0,Agency,
5439,CAMP00000048,CH00000009,2024-06-11,89.19,Platform,
5440,CAMP00000048,CH00000001,2024-06-11,89.74,Creative,
5441,CAMP00000048,CH00000001,2024-06-12,89.43,Platform,
5442,CAMP00000048,CH00000015,2024-06-12,113.2,Agency,
5443,CAMP00000048,ch00000002,2024-06-13,105.17,Agency,
5444,CAMP00000048,CH00000012,2024-06-13,155.37,Media,
5445,CAMP00000048,CH00000008,2024-06-14,144.92,Platform,
5446,CAMP00000048,CH00000006,2024-06-14,126.6,Platform,
5447,CAMP00000048,CH00000013,2024-06-15,94.18,Creative,
5448,CAMP00000048,CH00000014,2024-06-16,120.47,Creative,
5449,CAMP00000048,CH00000011,2024-06-16,112.79,Creative,
5450,CAMP00000048,CH  00000008,2024-06-17,105.24,Media,
5451,CAMP00000048,CH00000007,2024-06-17,88.91,Media,
5452,CAMP00000048,CH00000014,2024-06-18,124.03,Creative,
5453,CAMP00000048,CH00000012,2024-06-19,117.24,Media,
5454,CAMP00000048,CH00000006,2024-06-19,159.01,Agency,
5455,CAMP00000048,CH  00000009,2024-06-19,122.82,Platform,
5456,camp00000048,CH00000002,2024-06-20,111.88,Media,
5457,CAMP00000048,CH00000015,2024-06-21,107.07,Media,
5458,CAMP  00000048,CH00000005,2024-06-21,148.34,Platform,
5459,CAMP00000048,CH00000001,2024-06-21,133.84,Media,
5460,CAMP00000048,CH00000010,2024-06-22,101.85,Media,
5461,CAMP00000048,CH00000007,2024-06-23,140.87,Media,
5462,CAMP00000048,CH00000011,2024-06-24,149.2,Creative,
5463,CAMP00000048,CH00000001,2024-06-25,105.27,Media,
5464,CAMP00000048,CH00000007,2024-06-26,92.75,Media,
5465,CAMP00000048,CH00000006,2024-06-27,154.69,Media,
5466,CAMP00000048,CH00000003,2024-06-28,93.1,Media,
5467,CAMP00000048,CH00000007,2024-06-28,146.53,Media,
5468,CAMP00000048,CH  00000003,2024-06-28,87.66,Creative,
5469,CAMP00000048,CH00000012,2024-06-29,161.11,Media,
5470,CAMP00000048,CH00000012,2024-06-30,112.08,Agency,
5471,CAMP00000048,CH00000005,2024-07-01,119.88,Agency,
5472,CAMP  00000048,CH00000011,2024-07-01,111.74,Media,
5473,CAMP00000048,CH00000014,2024-07-02,95.0,Media,
5474,CAMP00000048,CH00000006,2024-07-03,155.99,Agency,
5475,CAMP00000048,CH00000001,2024-07-04,152.89,Agency,
5476,CAMP00000048,CH  00000014,2024-07-05,150.39,Agency,
5477,CAMP00000048,CH00000010,2024-07-05,156.37,Media,
5478,CAMP00000048,CH00000005,2024-07-05,127.54,Platform,
5479,CAMP00000048,ch00000005,2024-07-06,137.6,Media,
5480,CAMP00000048,CH00000008,2024-07-07,111.76,Platform,
5481,camp00000048,CH00000004,2024-07-08,96.09,Creative,
5482,CAMP00000048,CH00000015,2024-07-08,137.56,Platform,
5483,CAMP00000048,CH00000004,2024-07-09,127.65,Platform,
5484,CAMP00000048,CH00000003,2024-07-10,103.28,Creative,
5485,CAMP00000048,CH00000013,2024-07-10,152.91,Agency,
5486,CAMP00000048,CH00000005,2024-07-10,111.36,Platform,
5487,CAMP00000048,CH00000005,2024-07-11,117.15,Media,
5488,CAMP  00000048,ch00000015,2024-07-11,143.89,Media,
5489,CAMP00000048,CH00000011,2024-07-12,119.37,Agency,
5490,CAMP00000048,CH  00000011,2024-07-12,134.06,Platform,
5491,CAMP00000048,CH00000001,2024-07-13,98.56,Agency,
5492,CAMP00000048,CH00000013,2024-07-13,92.29,Creative,
5493,CAMP00000048,CH00000002,2024-07-14,111.26,Agency,
5494,CAMP00000048,CH00000001,2024-07-14,161.55,Media,
5495,CAMP00000048,CH00000009,2024-07-15,112.43,Creative,
5496,CAMP00000048,CH00000003,2024-07-15,157.13,Platform,
5497,CAMP00000048,CH00000013,2024-07-16,96.72,Platform,
5498,CAMP00000048,CH00000002,2024-07-16,115.87,Creative,
5499,CAMP00000048,CH00000008,2024-07-16,112.68,Agency,
5500,CAMP00000048,CH00000007,2024-07-17,107.43,Creative,
5501,CAMP00000048,CH00000015,2024-07-17,100.96,Platform,
5502,CAMP00000048,CH00000015,2024-07-18,94.98,Agency,
5503,CAMP00000048,CH00000011,2024-07-18,93.52,Agency,
5504,CAMP00000048,CH00000002,2024-07-19,98.84,Platform,
5505,CAMP00000048,CH00000001,2024-07-19,118.41,Media,
5506,CAMP00000048,CH00000002,2024-07-20,101.02,Media,
5507,CAMP00000048,CH00000014,2024-07-20,141.43,Creative,
5508,CAMP00000048,CH00000001,2024-07-21,150.11,Creative,
5509,CAMP00000048,CH00000012,2024-07-21,97.26,Platform,
5510,CAMP00000048,CH00000010,2024-07-22,108.02,Media,
5511,CAMP00000048,CH00000005,2024-07-22,106.51,Media,
5512,CAMP00000048,CH00000015,2024-07-22,89.78,Platform,
5513,CAMP00000048,CH00000007,2024-07-23,144.47,Media,
5514,CAMP00000048,CH00000004,2024-07-23,91.63,Media,
5515,CAMP00000048,CH00000005,2024-07-24,109.08,Platform,
5516,CAMP00000048,CH00000006,2024-07-24,100.67,Platform,
5517,CAMP00000048,CH00000011,2024-07-24,89.02,Agency,
5518,CAMP  00000048,CH00000008,2024-07-25,147.9,Agency,
5519,CAMP00000048,CH00000002,2024-07-25,100.93,Media,
5520,CAMP00000048,CH00000002,2024-07-25,106.39,Media,
5521,CAMP00000048,CH00000012,2024-07-26,147.03,Creative,
5522,CAMP00000048,CH00000014,2024-07-26,101.22,Platform,
5523,CAMP00000048,CH00000004,2024-07-26,102.93,Media,
5524,CAMP00000048,CH00000001,2024-07-27,151.37,Creative,
5525,CAMP  00000048,CH00000012,2024-07-27,148.0,Agency,
5526,CAMP00000049,CH00000006,2023-04-25,393.27,,
5527,CAMP00000049,CH00000003,2023-04-26,385.73,Platform,
5528,CAMP00000049,CH00000013,2023-04-26,309.21,Platform,
5529,CAMP00000049,CH00000001,2023-04-27,373.31,Platform,
5530,CAMP00000049,CH00000008,2023-04-27,311.88,Agency,
5531,CAMP00000049,CH00000005,2023-04-28,346.09,Media,
5532,CAMP00000049,CH00000011,2023-04-29,243.4,Media,
5533,CAMP00000049,CH00000015,2023-04-29,380.16,Agency,
5534,CAMP00000049,CH00000015,2023-04-30,326.18,Creative,
5535,CAMP00000049,CH00000003,2023-04-30,414.35,Agency,
5536,CAMP00000049,CH00000013,2023-05-01,254.22,Creative,
5537,camp00000049,CH00000006,2023-05-01,241.09,Creative,
5538,CAMP00000049,CH00000004,2023-05-01,410.14,Agency,
5539,CAMP00000049,CH00000009,2023-05-02,283.1,Agency,
5540,CAMP00000049,CH00000002,2023-05-02,262.91,Platform,
5541,CAMP  00000049,CH00000012,2023-05-02,365.72,Agency,
5542,CAMP00000049,CH00000015,2023-05-03,322.07,Agency,
5543,CAMP00000049,CH00000006,2023-05-04,319.97,Creative,
5544,CAMP00000049,CH00000011,2023-05-04,294.72,Platform,
5545,CAMP00000049,CH00000010,2023-05-04,314.89,Media,
5546,CAMP00000049,CH00000005,2023-05-05,300.96,Agency,
5547,CAMP00000049,CH00000014,2023-05-05,328.96,Platform,
5548,CAMP00000049,CH00000003,2023-05-05,387.65,Creative,
5549,CAMP00000049,CH00000003,2023-05-06,262.75,Creative,
5550,CAMP00000049,CH00000009,2023-05-07,308.1,Creative,
5551,CAMP00000049,CH00000011,2023-05-07,269.25,Creative,
5552,CAMP00000049,CH  00000002,2023-05-08,407.62,Agency,
5553,CAMP00000049,CH00000006,2023-05-08,271.36,Creative,
5554,CAMP00000049,ch00000010,2023-05-08,396.34,Agency,
5555,CAMP00000049,CH00000012,2023-05-09,415.67,Media,
5556,CAMP00000049,CH00000006,2023-05-10,283.13,Agency,
5557,CAMP  00000049,CH00000001,2023-05-10,263.01,Creative,
5558,CAMP00000049,ch00000015,2023-05-10,236.34,Platform,
5559,CAMP00000049,CH  00000004,2023-05-11,292.76,Media,
5560,CAMP00000049,CH00000001,2023-05-11,356.76,Platform,
5561,CAMP00000049,CH00000006,2023-05-12,408.32,Media,
5562,CAMP00000049,CH00000005,2023-05-12,395.12,Creative,
5563,CAMP00000049,CH00000014,2023-05-12,329.27,Media,
5564,CAMP00000049,CH00000003,2023-05-13,380.77,Platform,
5565,CAMP00000049,CH00000011,2023-05-13,334.32,Media,
5566,CAMP00000049,CH00000015,2023-05-14,402.47,Creative,
5567,CAMP00000049,CH00000015,2023-05-15,294.09,Creative,
5568,CAMP00000049,CH00000014,2023-05-15,238.9,Agency,
5569,CAMP00000049,CH00000009,2023-05-15,287.38,Platform,
5570,CAMP00000049,CH  00000009,2023-05-16,275.83,Media,
5571,CAMP00000049,CH00000013,2023-05-16,291.46,Agency,
5572,CAMP00000049,CH00000009,2023-05-16,309.48,Media,
5573,CAMP00000049,CH00000001,2023-05-17,416.46,Agency,
5574,CAMP00000049,CH00000013,2023-05-17,334.44,Media,
5575,CAMP00000049,CH00000015,2023-05-18,260.21,Creative,
5576,CAMP00000049,CH00000014,2023-05-18,236.58,Creative,
5577,CAMP  00000049,CH00000007,2023-05-18,416.15,Agency,
5578,CAMP00000049,CH00000013,2023-05-19,382.26,Media,
5579,CAMP00000049,CH00000002,2023-05-19,409.76,Media,
5580,CAMP00000049,CH00000007,2023-05-20,284.51,Agency,
5581,CAMP00000049,CH00000007,2023-05-21,296.54,Media,
5582,CAMP00000049,CH00000002,2023-05-21,362.72,Agency,
5583,CAMP00000049,CH00000015,2023-05-22,330.5,Creative,
5584,CAMP00000049,CH00000010,2023-05-23,307.35,Creative,
5585,CAMP00000049,CH00000004,2023-05-24,317.74,Creative,
5586,CAMP00000049,CH00000005,2023-05-25,416.95,Platform,
5587,CAMP00000049,CH00000001,2023-05-25,410.91,Media,
5588,CAMP00000049,CH  00000004,2023-05-26,340.05,Agency,
5589,CAMP00000049,CH00000005,2023-05-26,294.54,Platform,
5590,CAMP00000049,CH00000005,2023-05-26,247.92,Creative,
5591,CAMP00000049,CH  00000008,2023-05-27,332.03,,
5592,CAMP00000049,CH  00000005,2023-05-27,274.18,Media,
5593,CAMP00000049,CH00000014,2023-05-27,236.18,Media,
5594,CAMP00000049,CH00000003,2023-05-28,289.84,Media,
5595,CAMP00000049,CH  00000011,2023-05-28,400.01,Creative,
5596,CAMP00000049,CH00000006,2023-05-29,287.46,Creative,
5597,CAMP00000049,CH00000004,2023-05-29,322.69,,
5598,CAMP00000049,CH00000005,2023-05-29,241.49,Media,
5599,CAMP00000049,CH00000004,2023-05-30,229.24,Creative,
5600,CAMP00000049,CH00000005,2023-05-30,419.45,Media,
5601,CAMP00000049,CH00000014,2023-05-30,311.55,Agency,
5602,camp00000049,CH00000015,2023-05-31,248.18,Agency,
5603,CAMP00000049,CH  00000009,2023-06-01,303.15,Media,
5604,CAMP00000049,CH00000008,2023-06-01,252.43,Media,
5605,CAMP00000049,CH00000013,2023-06-02,309.88,Platform,
5606,CAMP00000049,CH00000011,2023-06-03,387.53,Agency,
5607,CAMP00000049,CH00000014,2023-06-03,373.43,Creative,
5608,CAMP00000049,CH00000003,2023-06-03,339.71,Creative,
5609,CAMP00000049,CH00000004,2023-06-04,319.13,Creative,
5610,CAMP00000049,CH00000012,2023-06-05,284.92,Platform,
5611,CAMP00000049,CH00000007,2023-06-05,325.18,Agency,
5612,CAMP00000049,CH00000012,2023-06-05,395.19,Creative,
5613,CAMP00000049,CH00000007,2023-06-06,249.14,Platform,
5614,CAMP00000049,CH00000006,2023-06-06,384.68,Agency,
5615,CAMP00000049,CH00000012,2023-06-06,247.16,Creative,
5616,CAMP00000049,CH00000006,2023-06-07,279.25,Agency,
5617,CAMP00000049,CH00000007,2023-06-07,367.14,Platform,
5618,CAMP00000049,CH  00000005,2023-06-08,370.03,Creative,
5619,CAMP00000049,CH00000010,2023-06-09,319.25,Platform,
5620,CAMP00000049,CH00000011,2023-06-09,230.25,Agency,
5621,CAMP  00000049,CH00000003,2023-06-10,357.11,Creative,
5622,CAMP00000049,CH  00000005,2023-06-10,376.41,Platform,
5623,CAMP00000049,CH00000001,2023-06-10,356.04,Creative,
5624,CAMP00000049,CH00000003,2023-06-11,411.87,Platform,
5625,CAMP00000049,CH00000009,2023-06-11,397.09,Agency,
5626,CAMP00000049,CH00000007,2023-06-12,260.44,Platform,
5627,CAMP00000049,CH00000015,2023-06-12,274.85,Creative,
5628,CAMP00000049,CH00000014,2023-06-12,303.34,,
5629,CAMP00000049,CH00000004,2023-06-13,282.47,Agency,
5630,CAMP00000049,CH00000006,2023-06-13,250.93,Platform,
5631,CAMP00000049,CH00000002,2023-06-14,418.68,Creative,
5632,CAMP00000049,CH00000003,2023-06-15,278.43,Agency,
5633,CAMP00000049,CH00000010,2023-06-15,340.35,Creative,
5634,CAMP00000049,CH00000014,2023-06-15,268.1,Agency,
5635,CAMP00000049,CH00000013,2023-06-16,397.96,Creative,
5636,CAMP00000049,CH00000015,2023-06-16,274.69,Creative,
5637,CAMP00000049,CH00000014,2023-06-17,411.46,Agency,
5638,CAMP00000049,CH00000013,2023-06-17,250.42,Media,
5639,CAMP00000049,CH00000007,2023-06-18,341.27,Platform,
5640,CAMP00000049,CH00000003,2023-06-19,324.31,Platform,
5641,CAMP00000049,CH00000008,2023-06-19,321.83,Media,
5642,CAMP00000049,CH00000011,2023-06-19,409.81,Creative,
5643,CAMP00000049,CH  00000005,2023-06-20,242.86,Agency,
5644,CAMP00000049,CH00000010,2023-06-20,293.55,Creative,
5645,CAMP00000049,CH00000007,2023-06-21,284.81,Platform,
5646,CAMP00000049,CH00000004,2023-06-21,392.29,Agency,
5647,CAMP  00000049,CH00000001,2023-06-22,375.11,Media,
5648,CAMP00000049,CH00000007,2023-06-22,285.51,Media,
5649,CAMP00000049,CH00000006,2023-06-22,250.75,Creative,
5650,CAMP00000049,CH00000005,2023-06-23,342.98,Creative,
5651,CAMP00000049,CH00000004,2023-06-23,287.28,Creative,
5652,CAMP00000049,CH00000009,2023-06-24,424.41,Agency,
5653,CAMP00000049,CH00000003,2023-06-24,329.73,,
5654,CAMP00000049,CH00000007,2023-06-24,341.86,Media,
5655,CAMP00000049,CH00000015,2023-06-25,322.15,Media,
5656,CAMP00000049,CH00000001,2023-06-25,294.62,Platform,
5657,CAMP00000049,CH00000002,2023-06-26,382.5,Creative,
5658,CAMP00000049,ch00000012,2023-06-26,327.42,Agency,
5659,CAMP00000049,CH00000014,2023-06-26,410.87,Creative,
5660,CAMP00000049,CH00000003,2023-06-27,401.72,Media,
5661,CAMP00000049,CH00000006,2023-06-27,260.21,Platform,
5662,CAMP00000049,CH00000005,2023-06-27,324.86,Platform,
5663,CAMP00000049,CH00000012,2023-06-28,336.95,Creative,
5664,CAMP00000049,CH00000006,2023-06-28,254.76,Platform,
5665,CAMP00000049,CH00000002,2023-06-29,245.11,Creative,
5666,CAMP00000049,CH00000011,2023-06-29,318.04,Platform,
5667,CAMP00000049,CH00000005,2023-06-29,345.76,Agency,
5668,CAMP00000049,CH00000012,2023-06-30,333.29,,
5669,CAMP00000049,CH00000003,2023-07-01,324.83,Media,
5670,camp  00000049,CH00000006,2023-07-01,358.23,Creative,
5671,CAMP00000049,CH00000012,2023-07-01,275.23,Platform,
5672,CAMP00000049,CH00000013,2023-07-02,352.35,Agency,
5673,CAMP00000049,CH00000012,2023-07-02,422.62,Creative,
5674,CAMP00000049,CH00000012,2023-07-02,377.06,Creative,
5675,CAMP00000049,CH00000003,2023-07-03,419.38,Media,
5676,CAMP00000049,CH00000009,2023-07-04,417.07,Platform,
5677,camp00000049,CH00000010,2023-07-04,257.91,Agency,
5678,CAMP00000049,CH00000003,2023-07-04,256.07,Agency,
5679,camp00000049,CH00000013,2023-07-05,365.8,Creative,
5680,CAMP00000049,CH00000010,2023-07-05,307.09,Creative,
5681,CAMP00000049,CH00000005,2023-07-05,366.42,Creative,
5682,CAMP00000049,CH00000002,2023-07-06,412.94,Media,
5683,CAMP00000049,CH00000010,2023-07-07,293.0,Creative,
5684,CAMP00000049,CH00000012,2023-07-07,319.4,Creative,
5685,CAMP  00000049,CH00000011,2023-07-07,282.77,Agency,
5686,CAMP00000049,CH00000010,2023-07-08,279.15,Platform,
5687,CAMP00000049,CH00000006,2023-07-08,386.93,,
5688,CAMP00000050,CH00000013,2023-10-03,216.39,Creative,
5689,CAMP00000050,CH00000012,2023-10-03,259.09,Agency,
5690,camp00000050,CH  00000010,2023-10-03,180.96,Agency,
5691,CAMP00000050,CH00000007,2023-10-04,177.96,Agency,
5692,CAMP00000050,CH00000013,2023-10-04,252.29,Agency,
5693,CAMP00000050,CH00000014,2023-10-05,183.48,Media,
5694,CAMP00000050,CH00000009,2023-10-05,181.69,Media,
5695,CAMP00000050,CH00000001,2023-10-06,187.38,Media,
5696,CAMP00000050,CH00000010,2023-10-06,201.73,Creative,
5697,CAMP00000050,CH00000010,2023-10-07,232.81,Media,
5698,CAMP00000050,CH00000006,2023-10-07,217.81,Creative,
5699,CAMP00000050,CH00000009,2023-10-07,218.85,Creative,
5700,CAMP00000050,CH00000010,2023-10-08,201.68,Creative,
5701,CAMP00000050,CH00000005,2023-10-08,259.14,Media,
5702,CAMP00000050,CH00000007,2023-10-09,311.18,Agency,
5703,CAMP00000050,CH00000008,2023-10-09,184.19,Agency,
5704,CAMP00000050,CH00000001,2023-10-10,180.55,Creative,
5705,CAMP00000050,CH00000004,2023-10-10,208.78,Creative,
5706,CAMP00000050,CH00000009,2023-10-11,302.47,Agency,
5707,CAMP00000050,CH00000010,2023-10-11,313.0,Creative,
5708,camp00000050,CH00000003,2023-10-12,189.91,Media,
5709,CAMP00000050,CH00000009,2023-10-12,295.13,Creative,
5710,CAMP  00000050,CH00000012,2023-10-12,229.54,Media,
5711,CAMP00000050,CH00000004,2023-10-13,192.21,Creative,
5712,CAMP00000050,CH00000006,2023-10-13,233.17,Media,
5713,CAMP00000050,CH00000007,2023-10-14,215.38,Platform,
5714,CAMP00000050,CH  00000015,2023-10-15,312.42,Agency,
5715,CAMP00000050,CH00000008,2023-10-16,201.69,Creative,
5716,CAMP00000050,CH00000005,2023-10-16,220.05,Creative,
5717,CAMP00000050,CH00000006,2023-10-16,266.21,Agency,
5718,CAMP00000050,CH  00000008,2023-10-17,182.77,Media,
5719,CAMP00000050,CH00000015,2023-10-18,287.61,Platform,
5720,CAMP00000050,CH00000008,2023-10-18,234.83,Media,
5721,CAMP00000050,CH00000011,2023-10-18,266.65,Creative,
5722,CAMP00000050,CH00000013,2023-10-19,282.03,Media,
5723,CAMP  00000050,CH00000014,2023-10-19,204.96,Agency,
5724,CAMP00000050,CH00000004,2023-10-20,262.37,Platform,
5725,CAMP  00000050,CH00000003,2023-10-20,219.53,Media,
5726,CAMP00000050,CH00000012,2023-10-20,265.44,Creative,
5727,CAMP00000050,CH00000010,2023-10-21,280.61,Creative,
5728,CAMP00000050,CH00000012,2023-10-21,246.25,Agency,
5729,CAMP00000050,CH00000007,2023-10-21,296.34,Media,
5730,CAMP00000050,CH00000006,2023-10-22,285.78,Agency,
5731,CAMP00000050,CH  00000006,2023-10-23,207.47,Media,
5732,CAMP00000050,CH00000006,2023-10-23,309.67,Media,
5733,CAMP00000050,CH00000013,2023-10-23,196.74,Media,
5734,CAMP  00000050,CH00000006,2023-10-24,242.96,Agency,
5735,CAMP00000050,CH00000012,2023-10-24,253.2,Creative,
5736,CAMP00000050,CH  00000009,2023-10-25,291.51,Media,
5737,CAMP00000050,CH00000009,2023-10-25,265.41,Media,
5738,CAMP00000050,CH00000010,2023-10-25,287.97,Agency,
5739,CAMP00000050,ch00000012,2023-10-26,303.11,Creative,
5740,CAMP00000050,CH00000014,2023-10-27,214.03,Platform,
5741,CAMP00000050,CH00000014,2023-10-27,300.38,Agency,
5742,CAMP00000050,CH00000008,2023-10-27,194.29,Platform,
5743,CAMP00000050,CH00000015,2023-10-28,211.0,Agency,
5744,CAMP00000050,CH00000011,2023-10-29,222.58,Agency,
5745,CAMP00000050,CH00000010,2023-10-29,262.42,Media,
5746,CAMP00000050,CH00000012,2023-10-30,309.59,Creative,
5747,CAMP00000050,CH00000015,2023-10-30,237.55,Creative,
5748,CAMP00000050,CH00000003,2023-10-31,281.78,Media,
5749,CAMP00000050,CH  00000009,2023-10-31,177.38,Agency,
5750,CAMP00000050,CH00000005,2023-10-31,271.26,Creative,
5751,CAMP00000050,CH00000012,2023-11-01,175.35,Platform,
5752,CAMP00000050,CH00000003,2023-11-01,267.29,Media,
5753,CAMP00000050,CH00000014,2023-11-01,307.24,Creative,
5754,CAMP00000050,CH00000008,2023-11-02,192.15,Creative,
5755,CAMP00000050,CH00000011,2023-11-02,261.86,Platform,
5756,CAMP00000050,CH00000005,2023-11-03,292.19,Agency,
5757,CAMP00000051,CH00000001,2024-05-17,146.14,Creative,
5758,CAMP00000051,CH00000004,2024-05-17,130.18,Platform,
5759,CAMP00000051,CH00000013,2024-05-18,153.71,Media,
5760,CAMP00000051,CH00000010,2024-05-19,118.38,Agency,
5761,CAMP00000051,CH00000010,2024-05-20,120.03,Agency,
5762,CAMP00000051,CH00000012,2024-05-20,122.98,Platform,
5763,CAMP00000051,CH00000003,2024-05-21,105.16,Agency,
5764,CAMP00000051,CH00000006,2024-05-21,100.9,Creative,
5765,CAMP00000051,CH00000003,2024-05-22,105.94,Platform,
5766,CAMP00000051,CH00000001,2024-05-22,131.24,Creative,
5767,CAMP00000051,CH00000001,2024-05-22,157.83,Platform,
5768,CAMP00000051,CH00000011,2024-05-23,93.83,Platform,
5769,camp00000051,CH00000007,2024-05-23,151.64,Creative,
5770,CAMP00000051,CH  00000013,2024-05-24,93.3,Agency,
5771,camp00000051,CH00000004,2024-05-24,157.77,Platform,
5772,CAMP00000051,CH00000005,2024-05-25,126.99,Platform,
5773,CAMP00000051,CH00000002,2024-05-25,157.34,Media,
5774,CAMP00000051,CH00000008,2024-05-26,130.17,Platform,
5775,CAMP00000051,CH00000014,2024-05-26,139.82,Agency,
5776,CAMP00000051,CH00000003,2024-05-27,135.01,Platform,
5777,CAMP00000051,CH00000013,2024-05-28,125.42,Agency,
5778,CAMP00000051,CH  00000010,2024-05-28,91.2,Agency,
5779,CAMP00000051,CH00000010,2024-05-28,97.45,Media,
5780,CAMP  00000051,ch00000013,2024-05-29,166.14,Agency,
5781,CAMP  00000051,CH00000007,2024-05-29,162.73,Platform,
5782,CAMP00000051,CH00000011,2024-05-29,117.35,Agency,
5783,CAMP00000051,CH00000007,2024-05-30,124.34,Agency,
5784,CAMP00000051,CH00000009,2024-05-30,146.36,Media,
5785,CAMP00000051,CH00000006,2024-05-31,159.33,Platform,
5786,CAMP00000051,CH00000004,2024-05-31,156.25,Creative,
5787,CAMP00000051,CH00000013,2024-06-01,91.97,Media,
5788,CAMP00000051,CH00000013,2024-06-01,90.38,Platform,
5789,CAMP00000051,CH00000011,2024-06-02,137.52,Media,
5790,CAMP00000051,CH00000010,2024-06-02,159.29,Creative,
5791,CAMP00000051,CH00000007,2024-06-02,94.64,Agency,
5792,CAMP00000051,CH00000001,2024-06-03,143.48,Media,
5793,CAMP00000051,CH  00000014,2024-06-03,159.45,Platform,
5794,CAMP00000051,CH00000007,2024-06-03,156.68,Creative,
5795,CAMP00000051,CH00000002,2024-06-04,94.35,Creative,
5796,CAMP00000051,CH00000001,2024-06-04,145.77,Agency,
5797,CAMP00000051,ch00000012,2024-06-04,108.56,Media,
5798,CAMP00000051,CH00000003,2024-06-05,146.5,Media,
5799,CAMP00000051,CH00000007,2024-06-05,138.99,Creative,
5800,CAMP00000051,CH00000003,2024-06-05,122.39,Platform,
5801,CAMP00000051,CH00000014,2024-06-06,93.16,Platform,
5802,CAMP00000051,CH00000010,2024-06-06,100.38,Platform,
5803,CAMP00000051,CH  00000013,2024-06-06,140.07,Creative,
5804,CAMP00000051,CH00000009,2024-06-07,104.41,Media,
5805,CAMP00000051,CH00000012,2024-06-08,142.18,Platform,
5806,CAMP00000051,CH00000015,2024-06-08,147.72,Creative,
5807,camp  00000051,CH00000013,2024-06-09,128.95,Creative,
5808,CAMP00000051,CH00000012,2024-06-10,102.1,Media,
5809,CAMP00000051,CH00000004,2024-06-10,97.75,Platform,
5810,CAMP00000051,CH00000008,2024-06-11,160.77,Creative,
5811,CAMP00000051,CH00000011,2024-06-11,123.47,Creative,
5812,CAMP  00000051,CH00000006,2024-06-11,110.86,Media,
5813,CAMP00000051,CH00000011,2024-06-12,121.85,Creative,
5814,CAMP00000051,CH00000005,2024-06-12,104.59,Agency,
5815,CAMP00000051,CH00000006,2024-06-13,131.91,Creative,
5816,CAMP00000051,ch00000012,2024-06-13,92.28,Creative,
5817,CAMP00000051,CH00000002,2024-06-13,132.17,Platform,
5818,CAMP00000051,CH00000013,2024-06-14,110.34,Media,
5819,CAMP00000051,CH00000011,2024-06-14,156.84,Agency,
5820,CAMP00000051,CH00000004,2024-06-15,140.72,Agency,
5821,CAMP00000051,CH00000001,2024-06-15,148.52,Agency,
5822,CAMP00000051,CH00000007,2024-06-15,90.85,Media,
5823,CAMP00000051,CH00000003,2024-06-16,124.64,Media,
5824,CAMP00000051,CH00000005,2024-06-16,162.74,Platform,
5825,CAMP  00000051,CH00000010,2024-06-16,166.02,Creative,
5826,camp00000051,CH00000001,2024-06-17,94.82,Creative,
5827,CAMP00000051,CH00000013,2024-06-17,141.42,Platform,
5828,CAMP00000051,CH00000006,2024-06-18,134.14,Media,
5829,CAMP00000051,CH00000009,2024-06-19,158.48,Media,
5830,CAMP00000051,CH00000003,2024-06-19,118.87,Creative,
5831,CAMP00000051,CH00000001,2024-06-20,151.97,Creative,
5832,CAMP00000051,CH00000002,2024-06-20,112.65,Platform,
5833,CAMP00000051,CH00000015,2024-06-20,89.58,Agency,
5834,CAMP00000051,CH00000005,2024-06-21,159.04,Agency,
5835,CAMP00000051,CH00000006,2024-06-22,146.07,Agency,
5836,CAMP00000051,CH00000001,2024-06-23,145.11,Creative,
5837,CAMP00000051,CH00000002,2024-06-23,131.63,,
5838,CAMP00000051,CH00000001,2024-06-23,118.17,Agency,
5839,CAMP00000051,ch00000013,2024-06-24,107.54,Agency,
5840,CAMP00000051,CH00000011,2024-06-25,165.04,,
5841,CAMP00000051,CH00000013,2024-06-26,115.41,Agency,
5842,CAMP00000051,CH00000010,2024-06-26,119.95,Media,
5843,CAMP00000051,CH00000010,2024-06-26,144.22,Platform,
5844,CAMP  00000051,CH00000009,2024-06-27,141.45,Agency,
5845,CAMP00000051,CH00000015,2024-06-27,100.48,Platform,
5846,CAMP00000051,CH00000008,2024-06-27,95.91,Agency,
5847,CAMP00000051,CH00000013,2024-06-28,128.87,Agency,
5848,CAMP  00000051,CH  00000003,2024-06-28,99.72,,
5849,CAMP00000051,CH00000005,2024-06-28,118.42,Creative,
5850,CAMP00000051,CH00000007,2024-06-29,112.37,Media,
5851,CAMP00000051,CH00000001,2024-06-29,128.05,Media,
5852,CAMP00000051,CH00000010,2024-06-29,119.47,Media,
5853,CAMP00000051,CH00000012,2024-06-30,110.35,Agency,
5854,CAMP00000051,CH  00000012,2024-06-30,96.08,Creative,
5855,CAMP00000051,CH00000007,2024-07-01,115.48,Media,
5856,CAMP00000051,CH00000006,2024-07-02,149.31,Media,
5857,CAMP00000051,CH00000003,2024-07-02,138.61,Agency,
5858,CAMP00000051,CH00000009,2024-07-03,116.44,Creative,
5859,CAMP00000051,CH00000015,2024-07-04,102.37,Agency,
5860,CAMP  00000051,CH00000001,2024-07-04,112.44,Creative,
5861,CAMP00000051,CH00000012,2024-07-05,131.49,Media,
5862,CAMP  00000051,CH00000006,2024-07-05,97.86,Agency,
5863,CAMP00000051,CH00000014,2024-07-05,117.62,Media,
5864,CAMP00000051,CH00000001,2024-07-06,107.85,Agency,
5865,CAMP00000051,CH00000004,2024-07-06,111.51,Media,
5866,CAMP00000051,CH00000001,2024-07-06,94.97,Platform,
5867,CAMP00000051,CH00000007,2024-07-07,147.26,Platform,
5868,CAMP00000051,CH00000005,2024-07-07,134.27,Media,
5869,CAMP00000051,CH00000010,2024-07-08,134.09,Platform,
5870,CAMP00000051,CH00000012,2024-07-09,158.78,Platform,
5871,CAMP00000051,CH00000003,2024-07-09,119.45,Media,
5872,CAMP  00000051,CH00000001,2024-07-10,104.47,Creative,
5873,CAMP00000051,CH  00000007,2024-07-10,155.25,Creative,
5874,CAMP00000051,CH  00000003,2024-07-10,162.51,Creative,
5875,CAMP00000051,CH00000012,2024-07-11,135.9,Creative,
5876,CAMP  00000051,CH00000014,2024-07-11,120.54,Agency,
5877,CAMP00000051,CH00000009,2024-07-11,131.54,Platform,
5878,CAMP00000051,CH00000003,2024-07-12,111.36,Agency,
5879,CAMP00000051,CH00000004,2024-07-12,164.23,Platform,
5880,CAMP00000051,CH00000007,2024-07-13,145.02,Platform,
5881,CAMP00000051,CH00000006,2024-07-13,116.36,Creative,
5882,CAMP00000051,CH  00000015,2024-07-14,138.35,Media,
5883,CAMP00000051,CH00000013,2024-07-14,162.98,Platform,
5884,CAMP00000051,CH00000008,2024-07-15,118.58,Agency,
5885,CAMP00000051,CH00000014,2024-07-15,143.59,Media,
5886,CAMP00000051,CH00000013,2024-07-16,131.35,Creative,
5887,CAMP00000051,CH00000003,2024-07-17,142.7,Platform,
5888,CAMP00000051,CH  00000006,2024-07-18,138.63,Media,
5889,CAMP00000051,CH00000004,2024-07-19,155.0,Agency,
5890,CAMP00000051,CH00000015,2024-07-19,101.66,Platform,
5891,CAMP00000051,CH00000009,2024-07-19,113.2,Platform,
5892,CAMP00000051,CH00000010,2024-07-20,143.78,Agency,
5893,CAMP00000051,CH00000002,2024-07-20,115.65,Platform,
5894,CAMP00000051,CH00000014,2024-07-21,137.45,Platform,
5895,CAMP00000051,CH00000003,2024-07-22,89.74,Media,
5896,CAMP00000051,CH00000001,2024-07-23,152.7,Platform,
5897,CAMP00000051,CH00000005,2024-07-23,122.81,Agency,
5898,CAMP00000051,CH00000009,2024-07-23,103.72,Media,
5899,CAMP00000051,CH00000009,2024-07-24,116.5,Media,
5900,CAMP00000051,CH00000001,2024-07-24,160.63,Platform,
5901,CAMP00000051,CH00000002,2024-07-24,138.95,Creative,
5902,CAMP00000051,CH00000008,2024-07-25,164.26,Agency,
5903,CAMP00000051,CH00000014,2024-07-25,115.56,Platform,
5904,CAMP00000051,CH00000014,2024-07-26,113.66,Media,
5905,CAMP00000051,CH00000001,2024-07-26,95.3,Media,
5906,CAMP00000051,CH00000001,2024-07-26,93.2,Platform,
5907,CAMP00000051,CH00000013,2024-07-27,137.45,Agency,
5908,CAMP00000051,CH00000011,2024-07-28,90.53,Creative,
5909,CAMP00000051,CH00000001,2024-07-28,121.05,Platform,
5910,CAMP00000051,CH00000010,2024-07-29,150.88,Creative,
5911,CAMP  00000051,CH00000006,2024-07-30,130.96,,
5912,CAMP00000051,CH00000002,2024-07-31,165.63,Agency,
5913,CAMP00000051,CH00000007,2024-08-01,119.11,Agency,
5914,CAMP00000051,CH00000010,2024-08-02,158.73,Agency,
5915,CAMP00000051,CH00000006,2024-08-02,91.31,Media,
5916,CAMP  00000051,CH00000010,2024-08-02,137.44,Agency,
5917,CAMP00000051,CH00000013,2024-08-03,99.2,Agency,
5918,CAMP00000051,ch00000007,2024-08-03,162.48,Creative,
5919,CAMP00000051,CH00000003,2024-08-04,107.25,Agency,
5920,CAMP00000051,ch00000011,2024-08-04,98.41,Agency,
5921,CAMP00000051,CH00000011,2024-08-05,128.54,Creative,
5922,CAMP00000052,CH00000005,2024-06-15,432.61,Media,
5923,CAMP00000052,CH00000002,2024-06-15,322.0,Media,
5924,CAMP00000052,CH00000013,2024-06-16,436.01,Platform,
5925,CAMP00000052,CH00000008,2024-06-17,493.37,Platform,
5926,CAMP00000052,CH00000015,2024-06-18,336.99,Media,
5927,CAMP00000052,CH00000014,2024-06-19,450.28,Creative,
5928,CAMP00000052,CH00000007,2024-06-20,470.6,Platform,
5929,CAMP00000052,CH00000014,2024-06-20,456.14,Media,
5930,CAMP00000052,CH00000001,2024-06-20,516.68,Agency,
5931,CAMP  00000052,CH00000002,2024-06-21,358.89,Creative,
5932,CAMP  00000052,CH00000009,2024-06-22,517.64,Creative,
5933,CAMP00000052,CH00000007,2024-06-22,508.23,Agency,
5934,CAMP00000052,CH00000002,2024-06-22,469.76,Creative,
5935,CAMP00000052,CH00000004,2024-06-23,425.31,Creative,
5936,CAMP00000052,CH00000014,2024-06-23,328.38,Platform,
5937,CAMP00000052,CH00000007,2024-06-23,426.39,Agency,
5938,CAMP00000052,CH00000002,2024-06-24,482.49,Agency,
5939,CAMP00000052,CH00000009,2024-06-25,460.8,Creative,
5940,CAMP00000052,CH00000008,2024-06-25,538.41,Creative,
5941,CAMP00000052,CH00000008,2024-06-25,564.07,Media,
5942,CAMP00000052,CH00000004,2024-06-26,364.35,Agency,
5943,CAMP00000052,CH00000015,2024-06-26,329.01,Media,
5944,CAMP00000052,CH00000005,2024-06-27,342.42,Media,
5945,CAMP00000052,CH00000013,2024-06-28,528.44,Creative,
5946,CAMP00000052,CH00000001,2024-06-28,389.7,Agency,
5947,CAMP00000052,CH00000014,2024-06-29,558.39,Media,
5948,CAMP00000052,CH00000002,2024-06-29,479.93,,
5949,CAMP  00000052,CH00000005,2024-06-29,405.99,Media,
5950,CAMP00000052,CH00000007,2024-06-30,507.12,Creative,
5951,camp00000052,CH00000007,2024-07-01,581.64,Agency,
5952,CAMP00000052,CH00000015,2024-07-01,565.13,Creative,
5953,CAMP00000052,CH00000002,2024-07-01,487.7,Media,
5954,CAMP00000052,CH00000006,2024-07-02,395.57,Creative,
5955,CAMP00000052,CH00000003,2024-07-02,363.66,Agency,
5956,CAMP00000052,CH00000009,2024-07-02,423.63,Creative,
5957,CAMP00000052,CH00000013,2024-07-03,548.26,Platform,
5958,CAMP00000052,CH00000012,2024-07-03,537.38,Creative,
5959,CAMP00000052,CH00000010,2024-07-04,541.14,Agency,
5960,CAMP00000052,CH00000012,2024-07-04,471.83,Media,
5961,CAMP00000052,CH00000015,2024-07-05,352.99,Creative,
5962,CAMP00000052,CH00000003,2024-07-05,499.17,Creative,
5963,CAMP00000052,CH00000010,2024-07-05,437.02,Media,
5964,CAMP00000052,CH00000011,2024-07-06,542.59,Agency,
5965,CAMP  00000052,CH00000001,2024-07-06,555.75,Platform,
5966,CAMP00000052,CH00000006,2024-07-07,482.1,Platform,
5967,CAMP00000052,CH00000009,2024-07-07,327.94,Creative,
5968,CAMP00000052,CH00000007,2024-07-08,319.56,Platform,
5969,CAMP00000052,CH00000003,2024-07-08,564.06,Media,
5970,CAMP00000052,CH00000010,2024-07-08,325.02,Agency,
5971,CAMP  00000052,CH00000005,2024-07-09,489.5,Platform,
5972,CAMP00000052,CH00000013,2024-07-10,556.99,Creative,
5973,CAMP00000052,CH00000013,2024-07-11,439.72,Platform,
5974,CAMP00000052,CH00000008,2024-07-11,426.22,Creative,
5975,CAMP00000052,CH00000001,2024-07-12,560.56,Agency,
5976,CAMP00000052,CH00000004,2024-07-13,587.98,Platform,
5977,CAMP00000052,CH00000003,2024-07-13,333.35,Creative,
5978,CAMP00000052,CH00000003,2024-07-14,404.32,Media,
5979,CAMP00000052,CH00000014,2024-07-15,409.22,Creative,
5980,CAMP00000052,CH00000012,2024-07-16,582.34,Media,
5981,CAMP00000052,CH00000003,2024-07-16,536.16,Media,
5982,CAMP00000052,CH00000005,2024-07-16,590.21,Media,
5983,CAMP00000052,CH00000010,2024-07-17,363.0,Agency,
5984,CAMP00000052,CH00000002,2024-07-17,485.93,Platform,
5985,CAMP00000052,CH  00000004,2024-07-18,517.41,Media,
5986,CAMP00000052,CH00000011,2024-07-18,368.55,Platform,
5987,CAMP00000052,CH00000012,2024-07-18,347.82,Platform,
5988,CAMP00000052,CH00000004,2024-07-19,320.38,Creative,
5989,CAMP00000052,CH00000002,2024-07-20,498.29,Media,
5990,CAMP00000052,CH00000005,2024-07-20,588.55,Agency,
5991,CAMP  00000052,CH00000001,2024-07-20,320.71,Agency,
5992,CAMP00000052,CH00000008,2024-07-21,512.53,Media,
5993,CAMP00000052,CH00000001,2024-07-21,514.41,Agency,
5994,CAMP00000052,CH00000009,2024-07-22,553.17,Platform,
5995,CAMP00000052,CH00000014,2024-07-22,495.44,Media,
5996,CAMP00000052,CH00000007,2024-07-23,584.06,Media,
5997,CAMP00000052,CH00000012,2024-07-24,385.65,Creative,
5998,CAMP00000052,CH00000001,2024-07-24,524.11,Media,
5999,camp00000052,CH00000014,2024-07-24,415.68,Media,
6000,CAMP00000052,CH00000014,2024-07-25,386.13,Platform,
6001,CAMP00000052,CH00000013,2024-07-25,549.67,Media,
6002,CAMP00000052,CH00000014,2024-07-25,501.8,Creative,
6003,camp00000052,CH00000001,2024-07-26,331.19,Creative,
6004,CAMP00000052,CH00000001,2024-07-26,480.16,Creative,
6005,CAMP00000052,CH00000003,2024-07-27,340.41,Creative,
6006,CAMP00000052,CH00000005,2024-07-27,412.32,Platform,
6007,CAMP00000052,CH00000015,2024-07-28,369.39,Agency,
6008,CAMP00000052,CH00000013,2024-07-29,414.99,Agency,
6009,CAMP00000052,CH00000003,2024-07-29,433.54,Platform,
6010,CAMP00000052,ch00000014,2024-07-29,490.67,Creative,
6011,CAMP00000052,CH00000011,2024-07-30,332.74,Creative,
6012,CAMP00000052,CH00000007,2024-07-31,418.08,Platform,
6013,CAMP00000052,CH00000010,2024-07-31,359.07,Creative,
6014,CAMP00000052,CH00000003,2024-07-31,400.55,Media,
6015,CAMP00000052,CH00000015,2024-08-01,435.7,Media,
6016,CAMP00000052,CH00000012,2024-08-02,444.8,Platform,
6017,CAMP00000052,CH00000001,2024-08-03,460.41,Creative,
6018,CAMP00000052,CH00000013,2024-08-03,363.83,Creative,
6019,CAMP00000052,CH00000002,2024-08-03,383.89,Media,
6020,CAMP00000052,CH00000002,2024-08-04,439.08,Platform,
6021,CAMP00000052,CH00000010,2024-08-05,372.66,Media,
6022,camp00000052,CH00000010,2024-08-05,581.28,Agency,
6023,CAMP00000052,CH00000010,2024-08-06,495.58,Agency,
6024,CAMP00000052,CH00000006,2024-08-07,370.6,Creative,
6025,CAMP00000052,CH00000003,2024-08-08,367.36,Creative,
6026,CAMP00000053,CH00000003,2023-12-09,125.72,Media,
6027,CAMP00000053,CH00000007,2023-12-10,88.72,Platform,
6028,CAMP00000053,CH00000012,2023-12-10,107.12,Media,
6029,CAMP00000053,CH  00000014,2023-12-10,74.32,Agency,
6030,CAMP  00000053,CH00000004,2023-12-11,108.77,Agency,
6031,CAMP00000053,CH00000003,2023-12-12,74.09,Agency,
6032,CAMP00000053,CH00000001,2023-12-12,79.4,Media,
6033,CAMP00000053,CH00000013,2023-12-13,96.56,Platform,
6034,CAMP00000053,CH  00000001,2023-12-13,110.17,Agency,
6035,CAMP00000053,CH00000008,2023-12-14,116.91,Creative,
6036,CAMP00000053,CH00000014,2023-12-14,75.57,Agency,
6037,CAMP00000053,CH00000010,2023-12-15,83.48,Platform,
6038,CAMP00000053,CH00000008,2023-12-15,112.22,Agency,
6039,CAMP00000053,CH00000004,2023-12-16,72.28,Media,
6040,CAMP00000053,CH00000005,2023-12-17,106.89,Agency,
6041,CAMP00000053,CH00000006,2023-12-17,101.06,Creative,
6042,CAMP00000053,CH00000002,2023-12-17,76.88,Platform,
6043,camp00000053,CH00000011,2023-12-18,78.03,Agency,
6044,CAMP00000053,CH00000015,2023-12-19,76.57,Agency,
6045,CAMP00000053,CH00000003,2023-12-19,104.31,Media,
6046,CAMP00000053,CH00000004,2023-12-20,71.33,Platform,
6047,CAMP00000053,CH00000008,2023-12-21,97.16,Agency,
6048,CAMP00000053,ch  00000015,2023-12-22,68.15,Creative,
6049,CAMP00000053,CH  00000001,2023-12-23,69.69,Platform,
6050,CAMP00000053,CH00000004,2023-12-23,97.76,Creative,
6051,CAMP00000053,CH00000012,2023-12-24,69.73,Platform,
6052,CAMP00000053,CH00000009,2023-12-24,106.47,Agency,
6053,CAMP00000053,CH00000005,2023-12-25,115.05,Platform,
6054,CAMP00000053,CH00000001,2023-12-26,93.18,Creative,
6055,CAMP00000053,CH00000001,2023-12-26,91.87,Agency,
6056,CAMP00000053,CH00000014,2023-12-26,120.41,Creative,
6057,CAMP00000053,CH00000010,2023-12-27,77.31,Media,
6058,CAMP00000053,CH00000008,2023-12-28,109.72,Platform,
6059,CAMP00000053,CH00000007,2023-12-28,85.01,Agency,
6060,CAMP00000053,CH  00000013,2023-12-28,112.05,Agency,
6061,CAMP00000053,CH00000009,2023-12-29,83.62,Creative,
6062,CAMP00000053,ch00000009,2023-12-30,100.32,Platform,
6063,CAMP00000053,CH00000003,2023-12-30,111.84,Creative,
6064,CAMP00000053,CH00000011,2023-12-31,104.98,Media,
6065,CAMP00000053,CH00000011,2023-12-31,73.08,Creative,
6066,CAMP00000053,CH00000008,2023-12-31,77.25,Media,
6067,CAMP00000053,CH00000009,2024-01-01,80.98,Agency,
6068,CAMP00000053,CH00000001,2024-01-01,114.26,Agency,
6069,CAMP00000053,CH00000003,2024-01-02,125.39,Agency,
6070,CAMP00000053,CH00000003,2024-01-03,95.27,Agency,
6071,CAMP00000053,CH  00000007,2024-01-04,118.32,Media,
6072,CAMP00000053,CH00000013,2024-01-04,95.12,Media,
6073,CAMP00000053,CH00000015,2024-01-05,70.97,Media,
6074,CAMP00000053,CH00000001,2024-01-05,87.26,Agency,
6075,CAMP00000053,CH00000006,2024-01-05,100.36,Platform,
6076,CAMP00000053,CH00000015,2024-01-06,101.21,Agency,
6077,CAMP00000053,CH00000014,2024-01-07,100.92,Creative,
6078,CAMP00000053,CH  00000007,2024-01-07,80.36,Media,
6079,CAMP00000053,CH00000002,2024-01-07,103.6,Creative,
6080,CAMP00000053,CH00000004,2024-01-08,70.26,Media,
6081,CAMP00000053,CH00000010,2024-01-08,81.55,Media,
6082,CAMP00000053,CH00000008,2024-01-08,69.15,Agency,
6083,CAMP  00000053,CH00000001,2024-01-09,118.15,Creative,
6084,CAMP00000053,CH00000003,2024-01-09,91.81,Agency,
6085,CAMP00000053,CH00000004,2024-01-10,70.95,Platform,
6086,CAMP00000053,CH00000009,2024-01-11,96.8,Platform,
6087,CAMP00000053,CH00000006,2024-01-11,118.18,Creative,
6088,CAMP00000053,CH00000008,2024-01-12,122.65,Media,
6089,CAMP00000053,CH00000009,2024-01-13,113.04,Creative,
6090,CAMP00000053,CH00000015,2024-01-13,90.16,Agency,
6091,CAMP00000053,CH  00000002,2024-01-13,82.24,Platform,
6092,CAMP00000053,ch00000013,2024-01-14,98.81,Platform,
6093,CAMP00000053,CH00000005,2024-01-14,116.11,Agency,
6094,CAMP00000053,CH00000008,2024-01-15,124.7,Platform,
6095,CAMP00000053,CH00000011,2024-01-16,104.03,Agency,
6096,CAMP00000053,CH00000007,2024-01-17,108.36,Media,
6097,CAMP00000053,CH00000003,2024-01-17,78.14,Platform,
6098,CAMP00000053,CH  00000010,2024-01-18,116.74,Creative,
6099,CAMP00000053,CH00000012,2024-01-18,86.69,Agency,
6100,camp00000053,CH00000010,2024-01-18,89.83,Media,
6101,CAMP00000053,CH00000015,2024-01-19,93.24,Creative,
6102,CAMP00000053,CH00000013,2024-01-19,115.03,Media,
6103,CAMP00000053,CH00000003,2024-01-19,85.87,Media,
6104,CAMP00000053,CH00000006,2024-01-20,124.86,Creative,
6105,CAMP00000053,CH00000007,2024-01-21,105.35,Agency,
6106,CAMP00000053,CH00000014,2024-01-21,104.64,Platform,
6107,CAMP00000053,CH00000001,2024-01-22,97.31,Media,
6108,CAMP00000053,CH00000008,2024-01-22,125.61,Creative,
6109,CAMP00000053,CH00000008,2024-01-22,91.58,Platform,
6110,CAMP00000053,CH00000013,2024-01-23,113.41,Creative,
6111,CAMP00000053,CH00000012,2024-01-23,68.13,Platform,
6112,CAMP00000053,ch00000008,2024-01-23,82.42,Agency,
6113,CAMP00000053,CH00000012,2024-01-24,97.83,Media,
6114,CAMP00000053,CH00000007,2024-01-24,112.85,Media,
6115,CAMP00000053,CH00000014,2024-01-24,111.51,Platform,
6116,CAMP00000053,CH00000007,2024-01-25,121.42,Creative,
6117,CAMP00000053,CH00000003,2024-01-26,92.85,Creative,
6118,CAMP00000053,CH00000003,2024-01-27,76.0,Media,
6119,CAMP00000053,CH00000010,2024-01-27,82.85,Creative,
6120,CAMP00000053,CH00000007,2024-01-27,74.0,Media,
6121,CAMP00000053,CH00000012,2024-01-28,70.43,Platform,
6122,CAMP00000053,CH00000014,2024-01-29,71.92,Platform,
6123,CAMP00000053,CH00000004,2024-01-30,113.03,Creative,
6124,CAMP00000053,CH00000002,2024-01-30,72.44,Agency,
6125,CAMP00000053,CH00000011,2024-01-30,105.44,Agency,
6126,CAMP00000053,CH00000012,2024-01-31,91.01,Creative,
6127,CAMP00000053,CH00000002,2024-02-01,97.93,Media,
6128,CAMP00000053,CH  00000015,2024-02-01,123.59,Media,
6129,CAMP00000053,CH00000009,2024-02-02,92.88,Media,
6130,CAMP00000053,CH00000004,2024-02-03,96.09,Agency,
6131,CAMP00000053,CH00000007,2024-02-03,114.56,Platform,
6132,CAMP00000053,CH00000004,2024-02-03,121.73,Media,
6133,CAMP00000053,CH00000005,2024-02-04,105.98,Media,
6134,CAMP00000053,CH00000011,2024-02-04,82.47,Creative,
6135,CAMP00000053,CH00000004,2024-02-05,69.8,Creative,
6136,camp00000053,CH00000011,2024-02-06,99.92,Agency,
6137,CAMP00000053,CH00000005,2024-02-07,93.93,Media,
6138,CAMP  00000053,CH00000004,2024-02-07,109.81,Platform,
6139,CAMP00000053,CH  00000015,2024-02-07,104.44,Media,
6140,CAMP00000053,CH00000014,2024-02-08,114.24,Platform,
6141,CAMP00000053,CH00000011,2024-02-08,114.33,Media,
6142,CAMP  00000053,CH00000009,2024-02-09,102.85,Creative,
6143,CAMP00000053,CH00000015,2024-02-09,86.56,Agency,
6144,CAMP00000053,CH00000012,2024-02-09,84.03,Agency,
6145,CAMP00000053,CH00000014,2024-02-10,102.03,Creative,
6146,CAMP00000053,CH00000014,2024-02-11,78.92,Agency,
6147,CAMP00000053,CH00000009,2024-02-11,107.91,Agency,
6148,CAMP00000053,CH00000006,2024-02-12,121.91,Creative,
6149,CAMP00000053,CH00000004,2024-02-12,79.63,Creative,
6150,CAMP00000053,CH00000004,2024-02-13,82.76,Media,
6151,CAMP  00000053,CH00000009,2024-02-13,69.25,Creative,
6152,CAMP00000053,CH00000010,2024-02-14,79.9,Media,
6153,CAMP00000053,CH00000008,2024-02-15,72.26,Platform,
6154,CAMP00000053,CH00000003,2024-02-15,98.83,Media,
6155,CAMP00000053,CH00000007,2024-02-15,99.2,Media,
6156,CAMP00000053,CH  00000008,2024-02-16,79.6,Agency,
6157,CAMP00000053,CH00000015,2024-02-16,119.77,Media,
6158,CAMP00000053,CH  00000013,2024-02-16,119.82,Creative,
6159,CAMP00000053,CH00000009,2024-02-17,115.66,Creative,
6160,CAMP  00000053,CH00000013,2024-02-17,83.19,Creative,
6161,CAMP00000053,CH  00000012,2024-02-18,104.23,Agency,
6162,CAMP00000053,CH00000010,2024-02-18,90.92,Media,
6163,CAMP00000053,CH00000010,2024-02-18,86.37,Platform,
6164,CAMP00000053,CH00000007,2024-02-19,114.52,Agency,
6165,CAMP00000053,CH  00000014,2024-02-19,124.66,Platform,
6166,CAMP00000053,CH00000006,2024-02-20,104.25,Creative,
6167,CAMP00000053,CH00000011,2024-02-20,88.57,Media,
6168,CAMP00000053,CH  00000005,2024-02-20,125.28,Agency,
6169,CAMP00000053,CH  00000009,2024-02-21,84.08,Agency,
6170,CAMP00000053,CH00000009,2024-02-22,87.45,Platform,
6171,CAMP00000053,CH00000011,2024-02-22,124.27,Creative,
6172,CAMP00000053,CH00000001,2024-02-23,69.33,Media,
6173,CAMP00000053,CH00000002,2024-02-24,75.86,Creative,
6174,CAMP00000053,CH00000009,2024-02-24,103.11,Creative,
6175,CAMP00000053,CH00000003,2024-02-24,106.91,Agency,
6176,CAMP00000053,CH00000005,2024-02-25,72.57,Media,
6177,CAMP00000053,CH00000012,2024-02-25,97.37,Media,
6178,CAMP00000053,CH00000008,2024-02-25,77.85,Platform,
6179,CAMP00000053,CH00000004,2024-02-26,74.16,Platform,
6180,CAMP00000053,CH00000002,2024-02-26,100.52,Creative,
6181,CAMP00000053,CH00000002,2024-02-27,105.81,Creative,
6182,CAMP00000053,CH00000011,2024-02-28,91.34,Platform,
6183,CAMP00000053,CH00000008,2024-02-29,94.68,Platform,
6184,CAMP00000053,CH00000010,2024-03-01,85.12,Media,
6185,CAMP00000053,CH00000007,2024-03-01,98.11,Creative,
6186,CAMP00000053,ch00000015,2024-03-02,102.28,Platform,
6187,CAMP00000053,CH00000014,2024-03-02,122.82,Creative,
6188,CAMP00000053,CH00000010,2024-03-03,103.62,Agency,
6189,CAMP00000053,CH00000003,2024-03-04,71.92,Creative,
6190,CAMP00000053,CH00000012,2024-03-05,75.33,Creative,
6191,CAMP00000054,CH00000015,2023-11-14,99.88,Media,
6192,CAMP00000054,CH00000002,2023-11-14,181.51,Creative,
6193,CAMP00000054,CH00000010,2023-11-15,181.45,Platform,
6194,CAMP00000054,CH00000004,2023-11-15,157.53,Platform,
6195,CAMP00000054,CH00000013,2023-11-16,134.34,Agency,
6196,CAMP00000054,CH00000014,2023-11-17,127.36,Creative,
6197,CAMP00000054,CH00000012,2023-11-17,100.15,Agency,
6198,CAMP00000054,CH00000008,2023-11-17,173.17,Media,
6199,camp00000054,CH00000003,2023-11-18,121.13,Creative,
6200,CAMP00000054,CH  00000013,2023-11-18,135.75,Media,
6201,CAMP00000054,CH00000001,2023-11-18,108.3,Media,
6202,CAMP00000054,CH00000006,2023-11-19,130.02,Platform,
6203,CAMP00000054,CH00000003,2023-11-19,100.55,Agency,
6204,CAMP00000054,CH00000009,2023-11-19,106.9,Platform,
6205,CAMP00000054,CH00000007,2023-11-20,174.21,Creative,
6206,CAMP00000054,ch00000015,2023-11-20,156.82,Platform,
6207,CAMP00000054,CH00000003,2023-11-21,145.13,Platform,
6208,CAMP00000054,CH00000014,2023-11-22,148.03,Agency,
6209,CAMP00000054,CH00000012,2023-11-23,156.99,Platform,
6210,CAMP00000054,CH00000008,2023-11-23,115.53,Agency,
6211,CAMP00000054,CH00000015,2023-11-23,162.78,Platform,
6212,CAMP00000054,CH00000006,2023-11-24,178.81,Media,
6213,CAMP00000054,CH00000014,2023-11-24,126.68,Media,
6214,CAMP00000054,CH00000015,2023-11-25,125.74,Media,
6215,CAMP00000054,CH00000005,2023-11-26,161.38,Agency,
6216,CAMP00000054,CH  00000009,2023-11-26,176.76,Agency,
6217,CAMP00000054,CH00000004,2023-11-27,100.25,Creative,
6218,CAMP  00000054,CH00000004,2023-11-28,168.11,Media,
6219,CAMP00000054,CH00000013,2023-11-29,159.43,Agency,
6220,CAMP00000054,CH00000010,2023-11-29,164.34,Creative,
6221,CAMP  00000054,CH  00000012,2023-11-29,171.99,Platform,
6222,CAMP00000054,CH00000012,2023-11-30,119.97,Creative,
6223,CAMP  00000054,CH00000011,2023-11-30,172.1,Creative,
6224,CAMP00000054,CH00000013,2023-11-30,180.96,Creative,
6225,CAMP00000054,CH00000013,2023-12-01,179.24,Media,
6226,CAMP00000054,CH00000011,2023-12-02,149.02,Platform,
6227,CAMP00000054,CH00000010,2023-12-02,179.54,Platform,
6228,CAMP00000054,CH00000015,2023-12-03,132.29,Platform,
6229,CAMP00000054,CH00000011,2023-12-04,143.59,Creative,
6230,CAMP00000054,CH00000010,2023-12-04,151.39,Creative,
6231,CAMP00000054,CH  00000009,2023-12-05,143.52,Media,
6232,CAMP00000054,CH00000008,2023-12-06,177.22,Platform,
6233,CAMP00000054,CH00000001,2023-12-07,121.1,Agency,
6234,CAMP00000054,CH00000002,2023-12-07,153.53,Platform,
6235,CAMP00000054,CH00000005,2023-12-07,161.88,Platform,
6236,CAMP00000054,CH00000013,2023-12-08,100.41,Agency,
6237,CAMP00000054,CH00000006,2023-12-08,178.48,Agency,
6238,CAMP00000054,CH00000001,2023-12-08,140.35,Platform,
6239,CAMP  00000054,CH  00000008,2023-12-09,154.77,Platform,
6240,CAMP00000054,CH00000004,2023-12-09,126.57,Agency,
6241,CAMP00000054,CH00000010,2023-12-10,114.46,Creative,
6242,CAMP00000054,CH00000014,2023-12-10,127.97,Platform,
6243,CAMP00000054,CH00000003,2023-12-11,108.77,Media,
6244,CAMP00000054,CH00000006,2023-12-11,101.01,Agency,
6245,CAMP00000054,CH00000003,2023-12-11,141.53,Media,
6246,CAMP00000054,CH00000011,2023-12-12,147.73,Media,
6247,CAMP00000054,CH00000014,2023-12-12,180.62,Creative,
6248,CAMP00000054,CH00000011,2023-12-13,179.93,Agency,
6249,CAMP00000054,CH00000007,2023-12-13,119.54,Platform,
6250,CAMP00000054,CH00000003,2023-12-13,116.68,Platform,
6251,CAMP00000054,CH00000003,2023-12-14,151.31,Agency,
6252,camp00000054,CH00000008,2023-12-14,131.53,Platform,
6253,CAMP00000054,CH00000011,2023-12-15,144.37,Platform,
6254,CAMP00000054,CH00000015,2023-12-15,102.2,Creative,
6255,CAMP00000054,CH00000014,2023-12-15,159.28,Platform,
6256,CAMP00000054,CH00000014,2023-12-16,169.91,Creative,
6257,CAMP  00000054,CH00000008,2023-12-17,101.7,Agency,
6258,CAMP00000054,CH00000008,2023-12-17,131.31,Creative,
6259,CAMP00000054,CH00000002,2023-12-18,99.16,Agency,
6260,CAMP00000054,CH00000005,2023-12-18,124.74,Platform,
6261,CAMP00000054,CH00000013,2023-12-19,178.35,Platform,
6262,CAMP00000054,CH00000014,2023-12-19,121.27,Media,
6263,CAMP00000054,CH00000014,2023-12-20,172.0,Platform,
6264,CAMP00000054,CH00000002,2023-12-20,146.32,Platform,
6265,CAMP  00000054,CH00000004,2023-12-21,160.22,Agency,
6266,camp00000054,CH00000010,2023-12-21,112.36,Platform,
6267,CAMP00000054,CH00000004,2023-12-21,136.55,Creative,
6268,CAMP00000054,CH00000004,2023-12-22,139.55,Creative,
6269,CAMP  00000054,CH00000007,2023-12-22,145.7,Agency,
6270,CAMP00000054,CH00000004,2023-12-22,108.52,Creative,
6271,CAMP00000054,CH00000011,2023-12-23,161.87,Creative,
6272,CAMP00000054,CH00000014,2023-12-23,138.63,Creative,
6273,CAMP00000054,CH00000006,2023-12-23,178.37,Creative,
6274,CAMP00000054,CH00000011,2023-12-24,134.68,Agency,
6275,CAMP00000054,ch00000014,2023-12-24,171.85,Platform,
6276,CAMP00000054,CH00000004,2023-12-25,102.54,Media,
6277,CAMP00000054,CH00000008,2023-12-25,99.39,Creative,
6278,CAMP00000054,CH00000015,2023-12-25,127.08,Media,
6279,CAMP00000054,CH00000001,2023-12-26,144.93,Media,
6280,CAMP00000054,CH00000003,2023-12-27,143.22,Platform,
6281,CAMP00000054,CH00000013,2023-12-27,146.42,Platform,
6282,CAMP00000054,CH00000004,2023-12-28,128.49,Creative,
6283,CAMP00000054,CH00000004,2023-12-28,149.18,Creative,
6284,CAMP00000054,CH00000004,2023-12-29,167.69,Media,
6285,CAMP00000054,CH00000007,2023-12-29,106.8,Agency,
6286,CAMP00000054,CH00000014,2023-12-30,103.46,Platform,
6287,CAMP00000054,CH00000003,2023-12-31,105.67,Platform,
6288,CAMP00000054,CH00000003,2024-01-01,167.69,Platform,
6289,CAMP00000054,CH00000005,2024-01-01,136.06,Creative,
6290,CAMP00000054,CH00000004,2024-01-01,116.67,Platform,
6291,CAMP00000054,CH00000001,2024-01-02,170.65,Media,
6292,CAMP  00000054,CH00000008,2024-01-03,153.81,Media,
6293,CAMP  00000054,CH00000015,2024-01-03,170.39,Agency,
6294,CAMP00000054,CH00000009,2024-01-03,161.42,Platform,
6295,CAMP00000054,CH00000012,2024-01-04,101.29,Agency,
6296,CAMP00000054,CH00000001,2024-01-04,109.71,Agency,
6297,CAMP00000054,CH00000002,2024-01-05,112.49,Agency,
6298,camp00000054,CH00000011,2024-01-06,154.79,Agency,
6299,CAMP  00000054,CH00000006,2024-01-06,115.76,Agency,
6300,CAMP00000054,CH00000001,2024-01-06,167.74,Media,
6301,CAMP00000054,CH00000014,2024-01-07,165.53,Agency,
6302,CAMP00000054,CH00000005,2024-01-07,137.76,Agency,
6303,CAMP  00000054,CH00000012,2024-01-08,109.79,Creative,
6304,CAMP00000054,CH00000014,2024-01-09,181.74,Creative,
6305,CAMP00000054,CH00000001,2024-01-09,110.95,Creative,
6306,CAMP00000054,CH00000001,2024-01-09,181.15,Creative,
6307,CAMP00000054,CH00000004,2024-01-10,117.21,Platform,
6308,CAMP00000054,CH00000001,2024-01-10,110.7,Creative,
6309,CAMP00000054,CH00000004,2024-01-10,135.66,Media,
6310,CAMP00000054,CH00000011,2024-01-11,140.95,Agency,
6311,CAMP00000054,CH  00000010,2024-01-11,119.81,Agency,
6312,CAMP00000054,CH00000004,2024-01-11,134.43,Media,
6313,CAMP00000054,CH00000008,2024-01-12,172.12,Creative,
6314,CAMP00000054,CH00000008,2024-01-12,171.48,Media,
6315,CAMP00000054,CH00000005,2024-01-13,141.84,Agency,
6316,CAMP00000054,CH00000009,2024-01-13,160.6,Media,
6317,CAMP00000054,CH00000011,2024-01-13,146.8,Agency,
6318,CAMP00000054,CH00000010,2024-01-14,146.56,Media,
6319,CAMP  00000054,CH00000005,2024-01-14,169.52,Creative,
6320,CAMP00000054,CH00000005,2024-01-14,165.18,Media,
6321,CAMP00000054,CH00000014,2024-01-15,129.42,Agency,
6322,CAMP00000054,CH00000015,2024-01-16,145.76,Media,
6323,CAMP00000054,CH  00000006,2024-01-16,145.42,Creative,
6324,CAMP00000054,CH00000010,2024-01-17,157.53,Creative,
6325,CAMP00000054,CH  00000015,2024-01-18,123.43,Creative,
6326,CAMP00000054,CH00000007,2024-01-19,103.56,Platform,
6327,CAMP00000054,CH00000007,2024-01-19,106.82,Platform,
6328,CAMP00000054,CH  00000013,2024-01-19,125.93,Media,
6329,CAMP00000054,ch00000014,2024-01-20,151.34,Creative,
6330,CAMP00000054,CH00000015,2024-01-20,117.74,Platform,
6331,CAMP00000054,CH00000011,2024-01-20,118.11,Platform,
6332,CAMP00000054,CH00000014,2024-01-21,139.86,Media,
6333,CAMP00000054,CH00000003,2024-01-22,114.32,Platform,
6334,CAMP00000054,CH00000012,2024-01-23,181.64,Media,
6335,CAMP00000054,CH00000005,2024-01-23,129.95,Platform,
6336,CAMP00000054,CH00000003,2024-01-24,166.1,Media,
6337,CAMP00000054,CH00000006,2024-01-24,140.1,Platform,
6338,CAMP00000054,CH00000015,2024-01-24,159.31,Agency,
6339,CAMP00000055,CH00000009,2024-10-23,122.15,Creative,
6340,CAMP00000055,CH00000014,2024-10-23,88.88,Creative,
6341,CAMP00000055,CH00000008,2024-10-24,108.29,Media,
6342,CAMP00000055,CH00000011,2024-10-24,118.16,Creative,
6343,CAMP00000055,CH00000002,2024-10-24,147.4,Platform,
6344,camp00000055,CH00000014,2024-10-25,109.87,Creative,
6345,CAMP00000055,CH00000012,2024-10-25,154.97,Media,
6346,CAMP00000055,CH00000008,2024-10-26,103.83,Creative,
6347,CAMP00000055,CH00000010,2024-10-26,143.15,Platform,
6348,CAMP00000055,CH00000011,2024-10-27,96.91,Agency,
6349,CAMP00000055,CH00000003,2024-10-27,149.17,Agency,
6350,CAMP00000055,CH00000003,2024-10-27,146.63,Media,
6351,CAMP00000055,CH00000012,2024-10-28,112.08,Platform,
6352,CAMP00000055,CH00000004,2024-10-28,145.48,Media,
6353,CAMP  00000055,CH00000008,2024-10-29,137.16,Agency,
6354,CAMP00000055,CH00000005,2024-10-29,116.01,Media,
6355,CAMP00000055,CH00000014,2024-10-29,120.53,Agency,
6356,CAMP00000055,CH00000006,2024-10-30,123.59,Media,
6357,CAMP00000055,CH00000012,2024-10-30,84.78,Media,
6358,CAMP00000055,CH00000008,2024-10-31,135.99,Agency,
6359,CAMP00000055,CH00000012,2024-11-01,90.09,Platform,
6360,CAMP00000055,CH00000014,2024-11-02,96.99,Media,
6361,CAMP00000055,CH00000013,2024-11-02,110.77,Media,
6362,CAMP00000055,CH00000013,2024-11-02,103.3,Agency,
6363,camp00000055,CH00000014,2024-11-03,120.44,Agency,
6364,CAMP00000055,CH00000002,2024-11-04,153.89,Platform,
6365,CAMP00000055,CH00000006,2024-11-04,136.5,Platform,
6366,CAMP00000055,CH00000013,2024-11-05,107.62,Creative,
6367,CAMP00000055,CH00000008,2024-11-06,101.46,Platform,
6368,CAMP00000055,CH00000012,2024-11-06,131.31,Platform,
6369,CAMP00000055,CH00000004,2024-11-06,117.32,Agency,
6370,CAMP00000055,CH00000015,2024-11-07,144.72,Creative,
6371,CAMP00000055,ch00000010,2024-11-07,91.39,Agency,
6372,CAMP00000055,CH00000014,2024-11-08,154.6,Creative,
6373,CAMP00000055,CH00000004,2024-11-08,96.57,Agency,
6374,CAMP00000055,CH00000012,2024-11-08,142.52,Creative,
6375,CAMP  00000055,CH00000011,2024-11-09,154.15,Media,
6376,CAMP00000055,CH00000014,2024-11-09,136.93,Agency,
6377,CAMP00000055,CH00000007,2024-11-09,92.12,Agency,
6378,CAMP00000055,CH00000002,2024-11-10,100.47,Agency,
6379,CAMP00000055,CH00000005,2024-11-11,152.43,Agency,
6380,CAMP00000055,CH00000009,2024-11-11,156.04,Creative,
6381,CAMP00000055,CH00000005,2024-11-12,148.96,Creative,
6382,CAMP00000055,CH00000004,2024-11-12,100.81,Platform,
6383,CAMP00000055,CH00000004,2024-11-13,113.38,Creative,
6384,CAMP00000055,CH00000003,2024-11-14,120.11,Media,
6385,CAMP00000055,CH00000006,2024-11-14,109.54,Agency,
6386,CAMP00000055,CH00000011,2024-11-15,150.72,Platform,
6387,CAMP00000055,CH00000004,2024-11-15,85.53,Platform,
6388,CAMP00000055,CH00000005,2024-11-16,141.06,Platform,
6389,CAMP00000055,CH00000001,2024-11-17,138.77,Creative,
6390,CAMP00000055,CH00000013,2024-11-17,134.84,Creative,
6391,CAMP00000055,CH00000014,2024-11-17,132.53,Agency,
6392,CAMP00000055,CH00000003,2024-11-18,92.5,Media,
6393,CAMP00000055,CH00000014,2024-11-18,152.02,Platform,
6394,CAMP00000055,CH00000002,2024-11-19,93.22,Platform,
6395,CAMP00000055,CH  00000010,2024-11-20,109.81,Agency,
6396,CAMP00000055,CH00000004,2024-11-21,89.3,Creative,
6397,CAMP00000055,CH00000013,2024-11-21,111.2,Platform,
6398,CAMP  00000055,CH00000009,2024-11-22,153.95,Creative,
6399,CAMP00000055,CH00000001,2024-11-22,101.54,Platform,
6400,CAMP00000055,CH00000011,2024-11-22,112.47,Creative,
6401,CAMP00000055,CH00000008,2024-11-23,134.13,Creative,
6402,CAMP00000055,CH00000009,2024-11-23,84.89,Agency,
6403,CAMP00000055,CH00000015,2024-11-23,139.3,Creative,
6404,CAMP00000055,CH00000015,2024-11-24,85.94,Agency,
6405,CAMP00000055,CH00000011,2024-11-25,149.84,Media,
6406,camp00000055,CH00000008,2024-11-25,148.05,Media,
6407,CAMP00000055,CH00000008,2024-11-25,100.83,Platform,
6408,CAMP00000056,CH00000010,2024-04-29,705.58,Media,
6409,CAMP00000056,CH00000002,2024-04-30,627.55,Media,
6410,CAMP00000056,CH00000012,2024-04-30,630.11,Agency,
6411,CAMP00000056,CH00000014,2024-05-01,530.04,Media,
6412,CAMP00000056,CH00000012,2024-05-01,445.26,Creative,
6413,CAMP00000056,CH00000014,2024-05-02,491.69,Platform,
6414,CAMP00000056,CH00000007,2024-05-02,622.36,Media,
6415,CAMP00000056,CH00000006,2024-05-02,536.54,Agency,
6416,CAMP00000056,CH00000007,2024-05-03,502.88,Agency,
6417,CAMP00000056,CH00000002,2024-05-04,502.29,,
6418,CAMP00000056,CH00000014,2024-05-05,452.63,Media,
6419,CAMP00000056,CH00000005,2024-05-06,690.26,Media,
6420,CAMP00000056,CH00000010,2024-05-06,447.34,Platform,
6421,CAMP00000056,CH00000015,2024-05-07,689.1,Agency,
6422,CAMP00000056,CH00000003,2024-05-07,600.31,Media,
6423,CAMP00000056,CH00000003,2024-05-07,789.76,Media,
6424,CAMP00000056,CH00000006,2024-05-08,788.37,Agency,
6425,CAMP00000056,CH00000005,2024-05-09,778.54,Platform,
6426,CAMP00000056,CH00000014,2024-05-09,707.42,Creative,
6427,CAMP00000056,CH00000009,2024-05-10,632.26,Platform,
6428,CAMP00000056,CH00000008,2024-05-10,763.11,Platform,
6429,CAMP00000056,CH  00000011,2024-05-10,667.23,Platform,
6430,CAMP00000056,CH00000009,2024-05-11,673.48,Media,
6431,CAMP00000056,CH00000001,2024-05-11,535.28,Creative,
6432,CAMP00000056,CH00000012,2024-05-12,578.23,Agency,
6433,CAMP00000056,CH00000004,2024-05-12,610.73,Media,
6434,CAMP00000056,CH00000007,2024-05-12,526.17,Media,
6435,camp00000056,CH00000015,2024-05-13,512.72,Media,
6436,CAMP00000056,CH00000012,2024-05-13,543.44,Platform,
6437,CAMP00000056,CH00000015,2024-05-13,572.1,Creative,
6438,CAMP00000056,CH00000012,2024-05-14,446.48,Platform,
6439,CAMP00000056,CH00000007,2024-05-14,638.71,Media,
6440,CAMP00000056,CH00000003,2024-05-14,724.68,Creative,
6441,CAMP00000056,CH00000013,2024-05-15,690.34,Media,
6442,CAMP00000056,CH00000001,2024-05-16,593.45,Media,
6443,CAMP00000056,CH00000009,2024-05-16,520.96,Media,
6444,CAMP00000056,CH00000013,2024-05-16,512.35,Platform,
6445,CAMP00000056,CH00000001,2024-05-17,483.01,Platform,
6446,CAMP00000056,CH00000003,2024-05-17,462.26,Creative,
6447,CAMP00000056,CH00000005,2024-05-17,680.18,Media,
6448,CAMP00000056,CH00000015,2024-05-18,439.0,Agency,
6449,CAMP00000056,CH  00000005,2024-05-18,766.36,Media,
6450,CAMP00000056,CH00000003,2024-05-19,525.72,Creative,
6451,CAMP00000056,CH00000009,2024-05-19,448.6,Agency,
6452,CAMP00000056,CH00000006,2024-05-19,531.31,Agency,
6453,CAMP  00000056,CH00000004,2024-05-20,485.54,Media,
6454,CAMP00000056,CH00000011,2024-05-21,438.1,,
6455,CAMP00000056,CH00000015,2024-05-21,552.23,Agency,
6456,CAMP00000056,CH00000012,2024-05-21,610.13,Creative,
6457,CAMP00000056,CH00000008,2024-05-22,613.63,Platform,
6458,CAMP00000056,CH00000014,2024-05-22,429.51,Media,
6459,CAMP00000056,CH00000003,2024-05-22,646.75,Media,
6460,CAMP00000056,CH00000010,2024-05-23,461.33,Platform,
6461,CAMP00000056,CH00000004,2024-05-24,715.23,Platform,
6462,CAMP00000056,CH00000001,2024-05-24,625.46,Agency,
6463,CAMP00000056,CH00000011,2024-05-25,442.51,Creative,
6464,CAMP00000057,CH00000004,2023-12-18,275.69,Platform,
6465,CAMP00000057,CH00000010,2023-12-18,216.71,Platform,
6466,CAMP00000057,CH00000002,2023-12-18,322.25,Platform,
6467,CAMP00000057,CH00000013,2023-12-19,361.66,Agency,
6468,CAMP00000057,CH00000010,2023-12-19,225.56,Media,
6469,CAMP00000057,CH00000013,2023-12-19,211.17,Creative,
6470,CAMP00000057,CH00000003,2023-12-20,228.38,Media,
6471,CAMP00000057,CH00000003,2023-12-20,356.42,Platform,
6472,CAMP00000057,CH00000013,2023-12-20,368.94,Media,
6473,CAMP00000057,CH00000002,2023-12-21,254.67,Platform,
6474,CAMP00000057,CH00000013,2023-12-22,301.98,Agency,
6475,CAMP00000057,CH00000012,2023-12-22,236.91,Creative,
6476,CAMP00000057,CH00000006,2023-12-23,298.5,Media,
6477,CAMP  00000057,CH00000001,2023-12-23,281.96,Creative,
6478,CAMP00000057,CH00000002,2023-12-23,363.58,Agency,
6479,CAMP00000057,CH00000013,2023-12-24,278.52,,
6480,camp00000057,CH00000013,2023-12-24,314.22,Creative,
6481,CAMP00000057,CH00000013,2023-12-24,314.68,Creative,
6482,CAMP  00000057,CH00000004,2023-12-25,288.41,Creative,
6483,CAMP00000057,CH00000011,2023-12-25,321.17,Platform,
6484,CAMP00000057,CH00000001,2023-12-26,268.88,Media,
6485,CAMP00000057,CH00000015,2023-12-27,339.28,Creative,
6486,CAMP00000057,CH00000003,2023-12-27,223.87,Platform,
6487,CAMP00000057,CH00000001,2023-12-28,265.04,Media,
6488,CAMP00000057,CH00000013,2023-12-28,264.72,Agency,
6489,CAMP00000057,CH00000012,2023-12-28,307.54,Platform,
6490,CAMP00000057,CH00000013,2023-12-29,272.48,Platform,
6491,CAMP00000057,CH00000005,2023-12-29,339.56,Platform,
6492,CAMP00000057,CH00000010,2023-12-30,291.32,Media,
6493,CAMP00000057,CH00000003,2023-12-31,372.99,Media,
6494,CAMP00000057,ch00000008,2023-12-31,307.36,Creative,
6495,CAMP00000057,CH00000004,2023-12-31,305.37,Creative,
6496,CAMP00000057,CH00000004,2024-01-01,280.63,Media,
6497,CAMP00000057,CH00000004,2024-01-02,266.36,Media,
6498,CAMP00000057,CH00000008,2024-01-02,205.61,Agency,
6499,CAMP00000057,CH00000007,2024-01-02,259.52,Platform,
6500,CAMP00000057,CH00000002,2024-01-03,329.09,Creative,
6501,CAMP00000057,CH00000013,2024-01-03,276.99,Platform,
6502,CAMP00000057,CH00000003,2024-01-03,375.37,Creative,
6503,CAMP00000057,CH00000006,2024-01-04,271.28,Media,
6504,CAMP00000057,CH00000011,2024-01-04,374.34,Agency,
6505,CAMP00000057,CH00000009,2024-01-04,246.74,Media,
6506,CAMP00000057,CH00000008,2024-01-05,228.96,Creative,
6507,CAMP00000057,CH00000010,2024-01-06,220.49,Agency,
6508,CAMP00000057,CH00000006,2024-01-07,325.08,Agency,
6509,CAMP00000057,CH00000006,2024-01-07,207.28,Creative,
6510,CAMP00000057,ch00000007,2024-01-07,265.48,Creative,
6511,camp00000057,CH00000015,2024-01-08,239.71,Media,
6512,CAMP00000057,CH00000012,2024-01-09,222.91,Creative,
6513,CAMP00000057,CH00000002,2024-01-09,265.2,Platform,
6514,CAMP00000057,CH00000013,2024-01-10,299.8,Platform,
6515,CAMP00000057,CH00000005,2024-01-10,270.72,Media,
6516,CAMP00000057,CH00000006,2024-01-10,322.98,Media,
6517,CAMP00000057,CH00000005,2024-01-11,232.4,Platform,
6518,CAMP00000057,CH00000014,2024-01-11,272.25,Media,
6519,CAMP00000057,CH00000005,2024-01-12,267.47,Media,
6520,CAMP00000057,CH00000009,2024-01-13,327.6,Platform,
6521,CAMP00000057,CH00000008,2024-01-13,286.73,Agency,
6522,CAMP00000057,CH00000009,2024-01-13,327.7,Media,
6523,CAMP00000057,CH00000007,2024-01-14,306.03,Creative,
6524,CAMP00000057,CH00000015,2024-01-15,236.78,Media,
6525,CAMP00000057,CH00000008,2024-01-15,230.08,Media,
6526,CAMP00000057,CH00000010,2024-01-15,236.34,Media,
6527,CAMP00000057,CH00000015,2024-01-16,266.39,Media,
6528,CAMP00000057,CH00000008,2024-01-16,340.27,Agency,
6529,CAMP00000057,CH00000011,2024-01-16,217.71,Platform,
6530,CAMP00000057,CH00000001,2024-01-17,304.01,Media,
6531,CAMP  00000057,CH00000015,2024-01-18,362.73,Platform,
6532,CAMP00000057,CH00000013,2024-01-18,204.22,Platform,
6533,CAMP00000057,CH00000003,2024-01-19,223.01,Creative,
6534,CAMP00000057,CH00000014,2024-01-19,252.94,Creative,
6535,CAMP00000057,CH00000005,2024-01-19,272.1,Media,
6536,CAMP00000057,CH00000010,2024-01-20,351.7,Agency,
6537,CAMP00000057,CH00000004,2024-01-20,312.41,Platform,
6538,CAMP00000057,CH00000013,2024-01-21,292.45,Media,
6539,CAMP00000057,CH00000011,2024-01-21,304.86,Agency,
6540,CAMP00000057,CH00000012,2024-01-21,206.57,Agency,
6541,CAMP00000057,CH00000003,2024-01-22,263.64,Platform,
6542,CAMP00000057,CH00000008,2024-01-23,334.41,Agency,
6543,CAMP00000057,CH00000004,2024-01-23,245.45,Media,
6544,CAMP00000057,CH00000011,2024-01-23,358.86,Media,
6545,CAMP00000057,CH00000003,2024-01-24,363.79,Creative,
6546,CAMP00000057,CH00000008,2024-01-24,234.02,Media,
6547,CAMP  00000057,CH00000012,2024-01-24,262.22,Platform,
6548,CAMP00000057,CH00000004,2024-01-25,352.17,Agency,
6549,CAMP00000057,CH00000001,2024-01-26,350.6,Agency,
6550,camp00000057,CH00000007,2024-01-26,342.78,Media,
6551,CAMP00000057,CH00000010,2024-01-26,215.99,,
6552,CAMP00000057,CH  00000010,2024-01-27,255.08,Agency,
6553,CAMP00000057,CH00000011,2024-01-27,220.94,Creative,
6554,CAMP00000057,CH00000001,2024-01-27,370.89,Agency,
6555,CAMP00000057,CH00000011,2024-01-28,298.06,Agency,
6556,CAMP00000057,CH00000005,2024-01-28,350.44,Agency,
6557,CAMP  00000057,CH  00000014,2024-01-29,334.02,Media,
6558,CAMP00000057,CH00000014,2024-01-29,370.63,Media,
6559,CAMP00000057,CH00000004,2024-01-29,373.47,Platform,
6560,CAMP00000057,CH00000002,2024-01-30,221.05,Platform,
6561,CAMP00000057,CH00000013,2024-01-30,256.24,Creative,
6562,CAMP00000057,CH00000002,2024-01-30,300.73,Creative,
6563,CAMP00000057,CH00000001,2024-01-31,205.89,Platform,
6564,CAMP00000057,CH00000013,2024-02-01,259.77,Creative,
6565,CAMP00000057,CH00000008,2024-02-01,262.24,Media,
6566,CAMP00000057,CH00000008,2024-02-02,337.21,Creative,
6567,CAMP00000057,CH00000009,2024-02-02,347.16,Media,
6568,CAMP00000057,CH00000001,2024-02-02,261.91,Agency,
6569,CAMP00000057,CH00000009,2024-02-03,342.59,Creative,
6570,CAMP00000057,CH00000012,2024-02-04,292.88,Creative,
6571,CAMP00000058,CH00000005,2024-06-09,282.59,Creative,
6572,CAMP00000058,CH  00000003,2024-06-09,426.46,Media,
6573,CAMP00000058,CH00000013,2024-06-10,459.96,Creative,
6574,CAMP00000058,CH00000012,2024-06-10,334.48,Media,
6575,CAMP00000058,CH00000002,2024-06-11,478.4,Creative,
6576,CAMP00000058,CH00000006,2024-06-12,350.29,Agency,
6577,CAMP00000058,CH  00000002,2024-06-12,362.7,Agency,
6578,CAMP00000058,CH00000009,2024-06-13,354.23,Platform,
6579,CAMP00000058,CH00000009,2024-06-13,313.69,Platform,
6580,CAMP00000058,CH00000009,2024-06-14,411.5,Platform,
6581,CAMP00000058,CH  00000009,2024-06-14,352.07,Agency,
6582,CAMP00000058,CH00000014,2024-06-15,376.34,Platform,
6583,CAMP00000058,CH00000006,2024-06-16,421.78,Platform,
6584,CAMP00000058,CH00000014,2024-06-16,468.61,Agency,
6585,CAMP00000058,CH00000012,2024-06-17,375.97,Media,
6586,CAMP00000058,CH00000004,2024-06-17,418.18,Agency,
6587,CAMP00000058,CH00000010,2024-06-17,445.62,Platform,
6588,CAMP00000058,CH00000005,2024-06-18,391.87,Agency,
6589,CAMP  00000058,CH00000011,2024-06-18,347.35,Agency,
6590,CAMP00000058,CH00000003,2024-06-18,458.92,Agency,
6591,CAMP00000058,CH00000001,2024-06-19,433.26,Creative,
6592,CAMP  00000058,CH00000005,2024-06-19,364.58,Platform,
6593,CAMP00000058,CH00000002,2024-06-20,337.75,Media,
6594,CAMP00000058,CH00000001,2024-06-21,361.56,Agency,
6595,CAMP00000058,CH00000004,2024-06-22,353.4,Media,
6596,CAMP00000058,CH00000009,2024-06-23,316.95,Media,
6597,CAMP00000058,CH00000013,2024-06-24,264.73,Creative,
6598,CAMP00000058,CH00000011,2024-06-24,323.2,Platform,
6599,CAMP00000059,CH00000008,2024-08-10,269.04,Creative,
6600,CAMP00000059,CH00000008,2024-08-10,363.78,Agency,
6601,CAMP00000059,CH  00000006,2024-08-10,319.26,Media,
6602,CAMP00000059,CH00000001,2024-08-11,371.65,Agency,
6603,CAMP00000059,CH  00000007,2024-08-11,253.53,Media,
6604,camp00000059,CH00000003,2024-08-11,264.09,Media,
6605,CAMP00000059,CH00000009,2024-08-12,384.94,Agency,
6606,CAMP00000059,CH00000002,2024-08-13,249.05,Agency,
6607,CAMP00000059,CH00000009,2024-08-13,411.97,Agency,
6608,CAMP00000059,CH00000006,2024-08-13,373.89,Media,
6609,CAMP  00000059,CH00000007,2024-08-14,268.08,Platform,
6610,CAMP00000059,CH00000005,2024-08-15,397.54,Creative,
6611,CAMP  00000059,CH00000014,2024-08-15,328.55,Media,
6612,CAMP00000059,CH00000001,2024-08-15,383.92,Creative,
6613,CAMP00000059,ch00000008,2024-08-16,319.77,Platform,
6614,CAMP00000059,CH00000002,2024-08-17,319.11,Media,
6615,CAMP00000059,CH00000015,2024-08-17,268.22,Agency,
6616,CAMP00000059,CH00000003,2024-08-18,361.8,Creative,
6617,CAMP00000059,CH00000009,2024-08-19,374.77,Creative,
6618,CAMP00000059,CH00000007,2024-08-19,248.11,Creative,
6619,CAMP00000059,CH00000014,2024-08-20,385.32,Platform,
6620,CAMP00000059,CH00000001,2024-08-20,397.39,Agency,
6621,CAMP  00000059,CH  00000015,2024-08-21,259.69,Media,
6622,CAMP00000059,CH00000014,2024-08-21,281.08,Platform,
6623,CAMP00000059,CH00000011,2024-08-22,330.87,Platform,
6624,CAMP00000059,CH00000004,2024-08-22,300.47,Agency,
6625,CAMP00000059,CH00000010,2024-08-23,256.85,Creative,
6626,CAMP00000059,CH00000013,2024-08-24,239.44,Platform,
6627,CAMP00000059,CH00000006,2024-08-24,298.76,Media,
6628,CAMP00000059,CH00000001,2024-08-24,315.74,Platform,
6629,CAMP00000060,CH00000005,2024-09-23,248.92,Media,
6630,CAMP00000060,CH00000007,2024-09-23,275.52,Agency,
6631,CAMP00000060,CH00000008,2024-09-23,242.14,Platform,
6632,CAMP00000060,CH00000003,2024-09-24,208.71,Platform,
6633,CAMP00000060,CH00000014,2024-09-24,186.46,Platform,
6634,CAMP00000060,CH00000003,2024-09-25,234.27,Agency,
6635,CAMP00000060,CH00000001,2024-09-26,178.49,Platform,
6636,CAMP00000060,CH00000015,2024-09-26,240.45,Media,
6637,CAMP00000060,CH00000008,2024-09-26,205.82,Media,
6638,CAMP00000060,CH00000014,2024-09-27,240.01,Media,
6639,CAMP00000060,CH00000012,2024-09-27,194.96,Media,
6640,CAMP00000060,CH00000001,2024-09-28,253.55,Creative,
6641,CAMP00000060,CH00000014,2024-09-29,188.81,Platform,
6642,CAMP  00000060,CH00000004,2024-09-29,300.43,Platform,
6643,CAMP00000060,CH00000009,2024-09-30,285.79,Creative,
6644,CAMP00000060,CH00000013,2024-10-01,300.22,Agency,
6645,CAMP00000060,CH00000006,2024-10-01,281.68,Media,
6646,CAMP00000060,CH00000007,2024-10-02,244.58,Agency,
6647,CAMP00000060,CH00000004,2024-10-02,234.26,Media,
6648,CAMP00000060,CH00000008,2024-10-02,264.79,Platform,
6649,CAMP00000060,CH00000007,2024-10-03,179.72,Agency,
6650,CAMP00000060,CH00000015,2024-10-04,216.3,Media,
6651,CAMP00000060,CH00000002,2024-10-04,197.6,Platform,
6652,CAMP00000060,CH00000003,2024-10-04,323.96,Platform,
6653,camp00000060,CH00000002,2024-10-05,224.41,Platform,
6654,CAMP00000060,CH00000001,2024-10-05,307.94,Platform,
6655,CAMP00000060,CH00000010,2024-10-06,207.42,Media,
6656,CAMP00000060,CH00000014,2024-10-06,290.6,Creative,
6657,CAMP00000060,CH00000007,2024-10-07,180.33,Agency,
6658,CAMP00000060,CH00000014,2024-10-07,315.91,Agency,
6659,CAMP00000060,CH00000011,2024-10-08,179.42,Platform,
6660,CAMP00000060,CH00000009,2024-10-09,265.57,Creative,
6661,CAMP00000060,CH00000013,2024-10-10,292.98,Agency,
6662,CAMP00000060,CH00000006,2024-10-10,180.52,Creative,
6663,CAMP00000060,CH00000004,2024-10-10,287.28,Agency,
6664,CAMP00000060,CH00000012,2024-10-11,303.75,Agency,
6665,CAMP00000060,CH00000005,2024-10-12,295.46,Platform,
6666,CAMP  00000060,CH00000008,2024-10-12,222.34,Agency,
6667,CAMP00000060,CH00000005,2024-10-12,246.17,Creative,
6668,CAMP00000060,CH00000014,2024-10-13,328.09,Platform,
6669,CAMP00000060,CH00000013,2024-10-13,208.53,Creative,
6670,CAMP00000060,CH00000011,2024-10-13,230.55,Creative,
6671,CAMP00000060,CH00000005,2024-10-14,265.66,Agency,
6672,CAMP00000060,CH00000008,2024-10-14,293.06,Creative,
6673,CAMP00000060,CH00000005,2024-10-15,317.68,Agency,
6674,camp00000060,CH00000015,2024-10-16,208.41,Platform,
6675,CAMP00000060,CH00000008,2024-10-16,201.39,Agency,
6676,CAMP00000060,CH00000012,2024-10-17,250.43,Media,
6677,CAMP00000060,CH00000006,2024-10-18,271.57,Media,
6678,CAMP00000060,CH00000003,2024-10-18,225.24,Agency,
6679,CAMP00000060,CH00000012,2024-10-19,207.9,Agency,
6680,CAMP00000060,CH00000001,2024-10-19,255.06,Media,
6681,CAMP  00000060,CH00000005,2024-10-20,259.67,Creative,
6682,CAMP00000060,CH00000002,2024-10-20,249.26,Creative,
6683,CAMP00000060,CH00000007,2024-10-21,184.8,Agency,
6684,CAMP00000060,CH00000005,2024-10-21,282.01,Creative,
6685,CAMP00000060,CH00000011,2024-10-22,254.9,Creative,
6686,CAMP  00000060,CH00000015,2024-10-22,239.63,Agency,
6687,CAMP00000060,CH00000009,2024-10-23,286.67,Creative,
6688,CAMP00000060,CH00000008,2024-10-23,182.66,,
6689,CAMP00000060,CH00000001,2024-10-23,307.85,Creative,
6690,CAMP00000060,CH00000004,2024-10-24,312.54,Media,
6691,CAMP00000060,CH00000008,2024-10-24,248.08,Platform,
6692,CAMP00000060,CH00000015,2024-10-24,323.08,Media,
6693,CAMP00000060,CH00000015,2024-10-25,282.48,Agency,
6694,CAMP00000060,CH00000009,2024-10-25,313.62,Media,
6695,CAMP00000060,CH  00000009,2024-10-26,271.85,Creative,
6696,CAMP00000060,CH00000014,2024-10-26,259.59,Media,
6697,CAMP00000060,CH00000001,2024-10-27,284.89,Media,
6698,camp00000060,CH  00000004,2024-10-27,194.34,Media,
6699,CAMP00000060,CH00000006,2024-10-27,319.31,Agency,
6700,CAMP00000060,CH  00000001,2024-10-28,316.63,Media,
6701,CAMP00000060,CH00000003,2024-10-29,329.63,Agency,
6702,CAMP00000060,CH00000002,2024-10-29,224.37,Creative,
6703,CAMP00000060,CH00000007,2024-10-30,314.36,Agency,
6704,CAMP00000060,CH00000001,2024-10-30,317.24,Media,
6705,CAMP00000060,CH00000003,2024-10-31,212.55,Platform,
6706,CAMP00000060,CH00000005,2024-10-31,300.46,Agency,
6707,CAMP00000060,CH00000007,2024-10-31,200.63,Media,
6708,CAMP00000060,CH00000004,2024-11-01,252.49,,
6709,CAMP00000060,CH00000013,2024-11-01,321.86,Agency,
6710,CAMP00000060,CH00000012,2024-11-02,246.12,Creative,
6711,CAMP00000060,CH00000005,2024-11-02,180.82,Creative,
6712,CAMP00000060,CH00000013,2024-11-02,229.72,Media,
6713,CAMP00000060,CH00000014,2024-11-03,205.85,Platform,
6714,CAMP00000060,CH00000015,2024-11-04,299.49,Agency,
6715,CAMP  00000060,CH00000010,2024-11-04,326.68,Media,
6716,camp00000060,CH00000008,2024-11-04,327.01,Media,
6717,CAMP00000060,CH00000014,2024-11-05,244.47,Media,
6718,CAMP00000060,CH00000010,2024-11-05,201.37,Creative,
6719,CAMP00000060,CH00000007,2024-11-05,204.83,Creative,
6720,CAMP00000060,CH00000009,2024-11-06,186.94,Agency,
6721,CAMP00000060,CH00000009,2024-11-06,239.21,Platform,
6722,CAMP  00000060,CH00000007,2024-11-07,247.88,Media,
6723,CAMP00000060,CH  00000013,2024-11-07,237.78,Media,
6724,CAMP00000060,CH00000012,2024-11-07,209.28,Platform,
6725,CAMP00000060,CH00000010,2024-11-08,281.14,Media,
6726,CAMP00000060,CH00000008,2024-11-08,190.83,Creative,
6727,CAMP00000060,CH00000008,2024-11-08,212.14,Agency,
6728,camp00000060,CH00000013,2024-11-09,260.45,Platform,
6729,CAMP00000060,CH00000001,2024-11-10,201.83,Agency,
6730,CAMP00000060,CH00000011,2024-11-11,329.44,Platform,
6731,CAMP00000060,CH00000008,2024-11-11,188.49,Agency,
6732,CAMP00000060,CH00000003,2024-11-11,189.16,Agency,
6733,CAMP00000060,CH00000004,2024-11-12,263.56,Platform,
6734,CAMP  00000060,CH00000012,2024-11-12,262.25,Agency,
6735,CAMP00000060,CH00000012,2024-11-13,306.62,Platform,
6736,CAMP00000060,CH00000001,2024-11-13,180.56,Agency,
6737,CAMP00000060,CH00000007,2024-11-13,308.54,Platform,
6738,CAMP00000060,CH00000012,2024-11-14,325.16,Platform,
6739,camp00000060,CH00000007,2024-11-14,296.52,Media,
6740,CAMP00000060,CH00000007,2024-11-15,258.47,Platform,
6741,CAMP00000060,CH00000002,2024-11-15,313.1,Media,
6742,CAMP00000060,CH00000008,2024-11-16,215.43,Creative,
6743,camp00000060,CH00000015,2024-11-17,259.56,Creative,
6744,CAMP00000060,CH00000004,2024-11-17,244.75,Media,
6745,CAMP00000060,CH00000014,2024-11-17,313.36,Agency,
6746,CAMP00000060,CH00000005,2024-11-18,270.7,Agency,
6747,CAMP00000060,CH00000001,2024-11-19,306.26,Creative,
6748,CAMP00000060,CH00000015,2024-11-19,282.2,Agency,
6749,CAMP00000060,CH00000008,2024-11-20,208.01,Media,
6750,CAMP00000060,CH00000007,2024-11-21,238.85,Creative,
6751,CAMP00000060,ch00000001,2024-11-21,305.19,Platform,
6752,CAMP00000060,CH00000014,2024-11-22,235.61,Agency,
6753,CAMP00000060,CH00000009,2024-11-22,276.23,Creative,
6754,CAMP00000060,CH00000007,2024-11-23,225.91,Creative,
6755,CAMP00000060,CH00000001,2024-11-24,311.69,Creative,
6756,CAMP00000060,CH00000002,2024-11-24,319.66,Agency,
6757,CAMP00000060,CH00000011,2024-11-24,250.01,Creative,
6758,CAMP00000060,CH00000011,2024-11-25,312.62,Media,
6759,CAMP00000060,CH00000015,2024-11-25,251.46,Agency,
6760,CAMP00000060,CH00000006,2024-11-26,229.38,Agency,
6761,CAMP00000060,CH00000009,2024-11-27,246.46,Platform,
6762,CAMP00000060,CH00000014,2024-11-28,221.13,Platform,
6763,CAMP00000060,CH00000014,2024-11-28,248.83,Platform,
6764,CAMP00000060,CH00000011,2024-11-29,246.96,Agency,
6765,CAMP00000060,CH00000008,2024-11-29,240.49,Platform,
6766,CAMP00000060,CH00000005,2024-11-29,308.85,Media,
6767,CAMP00000060,CH00000003,2024-11-30,286.94,Creative,
6768,CAMP00000060,CH00000015,2024-11-30,228.23,Agency,
6769,CAMP00000060,CH00000009,2024-12-01,220.74,Creative,
6770,CAMP00000060,CH00000008,2024-12-01,313.96,Creative,
6771,CAMP00000060,CH00000011,2024-12-02,327.61,Creative,
6772,CAMP00000060,CH00000005,2024-12-03,293.23,Agency,
6773,CAMP00000060,CH00000009,2024-12-03,235.92,Agency,
6774,CAMP00000060,CH00000010,2024-12-04,218.05,Media,
6775,CAMP00000060,CH00000003,2024-12-04,223.59,Creative,
6776,CAMP00000060,CH00000005,2024-12-05,295.4,Creative,
6777,CAMP00000060,CH00000009,2024-12-05,246.9,Media,
6778,CAMP00000060,CH00000009,2024-12-05,194.59,Creative,
6779,CAMP00000060,CH  00000007,2024-12-06,244.49,Creative,
6780,CAMP00000060,CH00000002,2024-12-07,217.9,Agency,
6781,CAMP  00000060,CH00000006,2024-12-08,188.14,Agency,
6782,CAMP00000060,CH00000004,2024-12-09,270.26,Platform,
6783,CAMP00000060,CH00000014,2024-12-09,255.01,Agency,
6784,CAMP00000060,CH00000014,2024-12-09,318.8,Agency,
6785,CAMP00000060,CH00000004,2024-12-10,228.95,Media,
6786,CAMP00000060,CH00000001,2024-12-10,262.01,Creative,
6787,CAMP00000060,CH00000006,2024-12-10,227.71,Creative,
6788,CAMP00000060,CH00000007,2024-12-11,290.06,Media,
6789,CAMP00000060,CH00000003,2024-12-12,209.87,Creative,
6790,CAMP00000060,CH00000002,2024-12-12,328.6,Media,
6791,CAMP00000060,CH00000012,2024-12-13,236.74,Platform,
6792,CAMP00000060,CH00000007,2024-12-13,230.23,Platform,
6793,CAMP00000060,CH00000007,2024-12-14,223.58,Media,
6794,CAMP00000060,CH00000011,2024-12-14,325.02,Agency,
6795,CAMP00000060,CH00000004,2024-12-14,284.75,Platform,
6796,CAMP00000060,CH00000012,2024-12-15,268.57,Creative,
6797,CAMP00000060,CH00000003,2024-12-15,252.58,Platform,
6798,CAMP00000060,CH00000005,2024-12-15,248.35,Platform,
6799,CAMP00000060,CH00000012,2024-12-16,291.84,Platform,
6800,CAMP00000060,CH00000014,2024-12-16,216.29,Creative,
6801,CAMP00000060,CH00000007,2024-12-17,211.95,Agency,
6802,CAMP00000060,CH00000007,2024-12-18,233.83,Creative,
6803,CAMP00000061,CH00000002,2024-09-07,322.38,Creative,
6804,CAMP00000061,CH00000006,2024-09-07,370.43,Media,
6805,CAMP00000061,CH00000009,2024-09-08,381.48,Agency,
6806,CAMP00000061,CH00000005,2024-09-08,391.22,Creative,
6807,CAMP00000061,CH00000011,2024-09-09,257.87,Creative,
6808,CAMP00000061,CH00000006,2024-09-10,398.99,Creative,
6809,CAMP00000061,CH00000010,2024-09-11,273.68,Platform,
6810,CAMP00000061,CH00000014,2024-09-11,256.08,Creative,
6811,CAMP00000061,CH00000009,2024-09-12,394.43,Agency,
6812,CAMP00000061,CH00000010,2024-09-12,357.6,Platform,
6813,CAMP00000061,CH  00000009,2024-09-13,342.77,Platform,
6814,CAMP00000061,CH00000001,2024-09-13,244.28,Media,
6815,CAMP00000061,CH00000002,2024-09-14,397.1,Media,
6816,CAMP00000061,CH00000005,2024-09-15,333.03,Agency,
6817,CAMP00000061,CH00000015,2024-09-16,346.58,Creative,
6818,CAMP00000061,CH00000004,2024-09-17,225.82,Platform,
6819,CAMP00000061,CH00000010,2024-09-17,353.59,Creative,
6820,CAMP00000061,CH00000011,2024-09-18,400.98,Creative,
6821,CAMP00000061,CH00000015,2024-09-18,357.29,Creative,
6822,CAMP00000061,CH00000006,2024-09-18,401.17,Creative,
6823,CAMP00000061,CH00000002,2024-09-19,386.19,Platform,
6824,CAMP00000061,CH00000006,2024-09-20,307.71,Agency,
6825,CAMP00000061,CH00000001,2024-09-20,221.36,Agency,
6826,camp00000061,CH00000006,2024-09-20,371.61,Creative,
6827,CAMP00000061,CH00000014,2024-09-21,333.5,Creative,
6828,CAMP00000061,CH00000009,2024-09-21,389.09,Media,
6829,CAMP00000061,CH00000002,2024-09-22,290.02,Media,
6830,CAMP00000061,CH00000014,2024-09-22,259.76,Media,
6831,CAMP00000061,CH00000009,2024-09-22,257.11,Platform,
6832,CAMP00000061,CH00000014,2024-09-23,232.45,Media,
6833,CAMP00000061,CH00000010,2024-09-24,358.58,Media,
6834,CAMP00000061,CH00000010,2024-09-24,265.95,Platform,
6835,CAMP00000061,CH  00000003,2024-09-25,394.52,Platform,
6836,CAMP00000061,CH00000001,2024-09-26,259.22,Media,
6837,CAMP00000061,CH  00000001,2024-09-26,359.0,Agency,
6838,CAMP00000061,CH00000004,2024-09-27,390.62,,
6839,CAMP  00000061,CH00000001,2024-09-27,217.25,Platform,
6840,CAMP00000061,CH00000002,2024-09-27,344.72,Platform,
6841,CAMP00000061,CH00000004,2024-09-28,271.34,Creative,
6842,CAMP00000061,ch00000009,2024-09-28,307.75,Media,
6843,CAMP00000061,CH00000006,2024-09-28,278.59,Creative,
6844,CAMP00000061,CH00000006,2024-09-29,362.83,Media,
6845,CAMP00000061,CH00000015,2024-09-29,391.34,Agency,
6846,CAMP00000061,CH00000014,2024-09-29,304.9,Creative,
6847,CAMP00000061,CH00000013,2024-09-30,235.16,Creative,
6848,CAMP00000061,CH00000014,2024-09-30,240.9,Creative,
6849,CAMP00000061,CH00000013,2024-10-01,394.4,Media,
6850,CAMP00000061,CH00000003,2024-10-01,354.72,Platform,
6851,CAMP  00000061,CH00000001,2024-10-01,237.0,Media,
6852,CAMP00000061,CH00000002,2024-10-02,266.12,Agency,
6853,CAMP00000061,CH00000004,2024-10-03,323.85,Agency,
6854,CAMP00000061,CH00000002,2024-10-03,344.53,Agency,
6855,CAMP00000061,CH00000011,2024-10-04,337.82,Agency,
6856,CAMP00000061,CH00000004,2024-10-04,349.22,Media,
6857,CAMP00000061,CH00000013,2024-10-05,249.79,Platform,
6858,CAMP00000061,CH00000010,2024-10-06,378.32,Platform,
6859,CAMP  00000061,CH00000013,2024-10-06,220.88,Media,
6860,CAMP00000061,CH00000002,2024-10-07,219.46,Agency,
6861,CAMP00000061,CH00000015,2024-10-08,353.38,Media,
6862,CAMP00000061,CH00000002,2024-10-08,342.33,Creative,
6863,CAMP00000061,CH00000013,2024-10-09,374.29,Creative,
6864,CAMP00000061,CH00000013,2024-10-09,350.92,Platform,
6865,CAMP00000061,CH00000002,2024-10-09,293.24,Creative,
6866,CAMP00000061,CH00000012,2024-10-10,398.0,Platform,
6867,CAMP00000061,CH00000002,2024-10-10,360.97,Agency,
6868,CAMP00000061,CH00000010,2024-10-10,390.35,Media,
6869,CAMP00000061,CH00000008,2024-10-11,243.87,Agency,
6870,CAMP00000061,CH00000008,2024-10-11,399.34,Agency,
6871,CAMP  00000061,CH00000007,2024-10-12,216.68,Media,
6872,camp00000061,CH00000010,2024-10-12,355.45,Creative,
6873,CAMP00000061,CH00000011,2024-10-12,300.41,Creative,
6874,CAMP00000061,CH00000009,2024-10-13,380.49,Creative,
6875,CAMP00000061,CH00000015,2024-10-13,254.74,Media,
6876,CAMP00000061,CH00000008,2024-10-13,249.84,Agency,
6877,CAMP00000061,CH00000007,2024-10-14,261.41,Creative,
6878,camp00000061,CH00000009,2024-10-14,293.68,Creative,
6879,CAMP  00000061,CH00000015,2024-10-14,218.23,Creative,
6880,CAMP00000061,CH00000009,2024-10-15,276.19,Media,
6881,CAMP00000061,CH00000014,2024-10-15,385.07,Media,
6882,CAMP00000061,CH  00000012,2024-10-15,226.24,Agency,
6883,CAMP00000061,CH00000012,2024-10-16,243.39,Media,
6884,CAMP00000061,CH00000010,2024-10-16,339.96,Agency,
6885,CAMP00000062,CH00000012,2023-10-30,154.39,Media,
6886,CAMP00000062,CH00000011,2023-10-30,136.53,Platform,
6887,CAMP00000062,CH  00000010,2023-10-30,139.04,Creative,
6888,CAMP00000062,CH00000004,2023-10-31,151.45,Creative,
6889,CAMP00000062,CH00000002,2023-11-01,148.39,Media,
6890,CAMP00000062,CH00000009,2023-11-02,139.07,Agency,
6891,CAMP00000062,CH00000012,2023-11-03,139.83,Agency,
6892,CAMP00000062,CH00000005,2023-11-03,114.19,Creative,
6893,CAMP00000062,CH00000015,2023-11-03,102.98,Platform,
6894,CAMP00000062,CH00000003,2023-11-04,152.63,Creative,
6895,CAMP00000062,CH00000005,2023-11-04,136.59,Platform,
6896,CAMP00000062,CH00000002,2023-11-04,154.5,Creative,
6897,CAMP00000062,CH00000004,2023-11-05,92.79,Creative,
6898,CAMP00000062,CH00000014,2023-11-05,124.82,Platform,
6899,CAMP00000062,CH00000004,2023-11-05,104.19,Media,
6900,CAMP00000062,CH  00000011,2023-11-06,165.97,Platform,
6901,CAMP00000062,CH00000015,2023-11-06,155.48,Media,
6902,CAMP00000062,CH00000001,2023-11-06,99.75,Creative,
6903,CAMP00000062,CH00000003,2023-11-07,108.08,Media,
6904,CAMP00000062,CH00000007,2023-11-07,152.63,Agency,
6905,CAMP00000062,CH00000013,2023-11-08,118.59,Creative,
6906,CAMP00000062,CH00000011,2023-11-09,123.19,Media,
6907,CAMP00000062,CH00000008,2023-11-10,165.22,Platform,
6908,CAMP00000062,CH00000001,2023-11-10,92.19,Media,
6909,CAMP  00000062,CH00000011,2023-11-10,102.89,Creative,
6910,CAMP00000062,CH00000007,2023-11-11,127.43,Agency,
6911,CAMP00000062,CH00000007,2023-11-11,144.13,Creative,
6912,CAMP00000062,CH00000001,2023-11-12,155.52,Creative,
6913,CAMP00000062,CH00000006,2023-11-12,140.48,,
6914,CAMP00000062,CH00000003,2023-11-12,157.46,,
6915,CAMP00000062,CH00000015,2023-11-13,100.54,Creative,
6916,CAMP00000062,CH00000001,2023-11-13,108.27,Agency,
6917,CAMP00000062,CH  00000009,2023-11-14,157.54,Platform,
6918,CAMP00000062,CH00000004,2023-11-14,160.57,Agency,
6919,CAMP00000062,CH00000004,2023-11-14,110.51,Creative,
6920,CAMP00000062,CH00000014,2023-11-15,122.24,Creative,
6921,CAMP  00000062,CH00000011,2023-11-15,140.9,Creative,
6922,CAMP00000062,CH00000003,2023-11-15,162.42,Agency,
6923,CAMP  00000062,CH00000013,2023-11-16,104.97,Creative,
6924,CAMP00000062,CH00000009,2023-11-16,103.53,Media,
6925,CAMP00000062,CH00000013,2023-11-16,159.87,Platform,
6926,CAMP00000062,CH00000002,2023-11-17,160.37,Platform,
6927,CAMP00000062,CH00000013,2023-11-17,119.22,Platform,
6928,CAMP00000062,CH00000014,2023-11-18,97.08,Creative,
6929,CAMP00000062,CH00000015,2023-11-19,142.74,Agency,
6930,CAMP00000062,CH00000009,2023-11-19,99.01,Media,
6931,CAMP00000062,CH00000014,2023-11-19,99.12,Media,
6932,CAMP00000062,CH00000005,2023-11-20,100.01,Creative,
6933,CAMP00000062,CH00000005,2023-11-20,161.98,Media,
6934,CAMP00000062,CH00000015,2023-11-20,154.94,Media,
6935,CAMP00000062,CH  00000001,2023-11-21,101.38,Media,
6936,CAMP00000062,CH00000008,2023-11-22,149.15,Platform,
6937,CAMP00000062,CH00000008,2023-11-22,155.03,Agency,
6938,CAMP00000062,CH00000005,2023-11-23,146.26,Agency,
6939,CAMP00000062,CH00000008,2023-11-23,160.26,Creative,
6940,CAMP00000062,CH00000015,2023-11-23,160.02,Creative,
6941,CAMP00000062,CH00000014,2023-11-24,135.46,Platform,
6942,CAMP00000062,CH00000012,2023-11-24,143.43,Agency,
6943,CAMP00000062,CH00000013,2023-11-25,93.7,Platform,
6944,CAMP00000062,CH00000013,2023-11-25,135.06,Platform,
6945,CAMP00000062,CH00000007,2023-11-25,97.71,Platform,
6946,CAMP00000062,CH00000001,2023-11-26,153.57,Platform,
6947,CAMP00000062,CH00000012,2023-11-26,151.45,Platform,
6948,CAMP00000062,CH00000011,2023-11-27,110.11,Creative,
6949,CAMP00000062,CH00000006,2023-11-28,92.36,Platform,
6950,CAMP00000062,CH00000013,2023-11-28,98.54,Platform,
6951,camp00000062,CH00000002,2023-11-29,116.73,Agency,
6952,CAMP00000062,CH00000006,2023-11-30,121.86,Agency,
6953,CAMP00000062,CH00000005,2023-12-01,127.02,Media,
6954,CAMP00000062,CH00000011,2023-12-01,155.59,Agency,
6955,CAMP00000062,CH00000002,2023-12-02,145.79,Agency,
6956,CAMP00000062,CH00000013,2023-12-03,163.41,Platform,
6957,CAMP00000062,CH00000002,2023-12-04,137.77,Creative,
6958,CAMP00000062,CH00000002,2023-12-04,159.77,Platform,
6959,CAMP00000062,CH00000009,2023-12-05,164.69,Platform,
6960,CAMP00000062,CH00000015,2023-12-06,105.55,Platform,
6961,CAMP00000062,CH00000003,2023-12-06,164.55,Agency,
6962,CAMP00000062,CH00000015,2023-12-06,95.68,Creative,
6963,camp00000062,CH00000011,2023-12-07,156.3,Agency,
6964,CAMP00000062,CH  00000007,2023-12-07,136.71,Agency,
6965,CAMP00000062,CH00000009,2023-12-08,165.97,Creative,
6966,CAMP00000062,CH00000014,2023-12-09,164.03,Creative,
6967,CAMP00000062,CH00000013,2023-12-10,164.86,Agency,
6968,CAMP00000062,CH00000015,2023-12-10,94.74,Agency,
6969,CAMP00000062,CH00000010,2023-12-10,157.15,Platform,
6970,CAMP00000062,CH00000015,2023-12-11,140.26,Media,
6971,CAMP00000062,CH00000005,2023-12-11,108.37,Media,
6972,CAMP00000062,CH00000006,2023-12-11,114.98,Agency,
6973,CAMP00000062,CH00000003,2023-12-12,145.89,Agency,
6974,CAMP00000062,CH00000002,2023-12-13,106.99,Creative,
6975,CAMP00000062,CH00000006,2023-12-13,118.2,Platform,
6976,CAMP00000062,CH00000011,2023-12-13,100.64,Agency,
6977,CAMP00000062,CH00000015,2023-12-14,93.21,Media,
6978,CAMP00000062,CH00000010,2023-12-14,126.42,Media,
6979,CAMP00000062,CH00000008,2023-12-15,90.36,Platform,
6980,CAMP00000062,CH00000007,2023-12-15,131.42,Media,
6981,CAMP00000062,CH00000011,2023-12-16,120.8,Creative,
6982,CAMP00000062,CH00000014,2023-12-16,164.27,Creative,
6983,CAMP00000062,CH00000012,2023-12-16,127.9,Creative,
6984,camp00000062,CH00000004,2023-12-17,129.91,Agency,
6985,CAMP00000062,ch00000012,2023-12-17,107.55,,
6986,CAMP00000062,CH00000013,2023-12-17,136.34,Platform,
6987,CAMP00000062,CH00000015,2023-12-18,91.25,Creative,
6988,CAMP00000062,CH00000002,2023-12-18,124.5,Creative,
6989,CAMP00000062,CH00000006,2023-12-19,117.37,Agency,
6990,CAMP00000062,CH  00000014,2023-12-20,146.91,Platform,
6991,CAMP00000062,CH00000010,2023-12-20,135.39,Agency,
6992,CAMP00000062,CH00000012,2023-12-20,154.5,Creative,
6993,CAMP00000062,CH00000003,2023-12-21,133.56,Media,
6994,CAMP00000062,CH00000015,2023-12-22,116.76,Agency,
6995,CAMP00000062,CH00000007,2023-12-22,117.19,Platform,
6996,CAMP00000062,CH00000003,2023-12-23,124.84,Creative,
6997,CAMP00000062,CH00000003,2023-12-23,163.98,Creative,
6998,CAMP00000062,CH00000010,2023-12-24,146.0,Agency,
6999,CAMP00000062,CH  00000012,2023-12-25,148.61,Media,
7000,CAMP00000062,CH00000005,2023-12-25,109.17,Media,
7001,CAMP00000062,CH00000009,2023-12-26,104.49,Agency,
7002,CAMP00000062,CH00000002,2023-12-26,98.4,Platform,
7003,CAMP00000062,CH00000015,2023-12-26,159.56,Media,
7004,CAMP  00000062,CH00000008,2023-12-27,134.1,Media,
7005,CAMP00000062,CH00000014,2023-12-27,139.27,Media,
7006,CAMP00000062,CH00000004,2023-12-27,125.25,Media,
7007,CAMP00000062,CH00000007,2023-12-28,90.6,Agency,
7008,CAMP  00000062,ch00000001,2023-12-28,153.94,Platform,
7009,CAMP00000062,CH00000002,2023-12-29,123.4,Agency,
7010,CAMP00000062,CH00000011,2023-12-29,145.99,Media,
7011,CAMP00000062,CH00000014,2023-12-30,122.9,Agency,
7012,CAMP00000062,CH00000007,2023-12-30,125.53,Agency,
7013,CAMP00000062,CH00000001,2023-12-31,111.2,Media,
7014,CAMP00000062,CH00000015,2023-12-31,107.46,Platform,
7015,CAMP00000062,CH00000012,2023-12-31,132.25,Agency,
7016,CAMP00000062,CH00000006,2024-01-01,106.65,Creative,
7017,CAMP00000062,CH00000004,2024-01-01,106.97,Platform,
7018,CAMP00000062,CH00000010,2024-01-01,162.59,Platform,
7019,CAMP00000062,CH00000012,2024-01-02,115.84,Creative,
7020,CAMP00000062,CH00000010,2024-01-03,117.97,Media,
7021,CAMP00000062,CH00000015,2024-01-03,107.48,Creative,
7022,camp00000062,CH00000002,2024-01-04,111.2,Media,
7023,CAMP00000062,CH00000007,2024-01-04,147.03,Agency,
7024,CAMP00000062,CH00000008,2024-01-05,138.17,Platform,
7025,CAMP00000062,CH00000015,2024-01-06,148.76,Creative,
7026,CAMP00000062,CH00000002,2024-01-06,90.37,Media,
7027,CAMP00000062,CH00000014,2024-01-07,102.15,Media,
7028,CAMP  00000062,CH00000011,2024-01-07,107.53,Media,
7029,CAMP00000062,CH  00000001,2024-01-07,118.77,Agency,
7030,CAMP00000062,CH00000009,2024-01-08,103.2,Platform,
7031,CAMP00000062,CH00000003,2024-01-08,152.56,Agency,
7032,CAMP00000062,CH00000008,2024-01-09,146.77,Media,
7033,CAMP00000062,CH00000015,2024-01-09,147.72,Platform,
7034,CAMP00000062,CH00000012,2024-01-10,163.57,Platform,
7035,CAMP00000062,CH00000005,2024-01-10,105.4,Agency,
7036,CAMP00000063,CH00000008,2023-03-15,70.35,Agency,
7037,CAMP00000063,CH00000007,2023-03-15,70.19,Platform,
7038,CAMP00000063,CH00000004,2023-03-16,98.85,Platform,
7039,CAMP00000063,CH00000005,2023-03-16,80.18,Media,
7040,CAMP00000063,CH00000010,2023-03-17,98.95,Agency,
7041,CAMP00000063,CH00000005,2023-03-18,79.22,Platform,
7042,CAMP00000063,CH00000004,2023-03-18,85.18,Media,
7043,CAMP00000063,CH00000015,2023-03-19,84.55,Creative,
7044,CAMP00000063,CH00000002,2023-03-19,82.28,Agency,
7045,CAMP00000063,ch00000013,2023-03-20,77.33,Creative,
7046,CAMP00000063,CH00000008,2023-03-20,83.86,Agency,
7047,CAMP00000063,CH00000011,2023-03-21,88.19,Platform,
7048,CAMP00000063,CH00000012,2023-03-21,110.16,Creative,
7049,CAMP00000063,CH00000013,2023-03-22,76.0,Creative,
7050,CAMP00000063,CH00000013,2023-03-22,98.45,Media,
7051,CAMP00000063,CH00000002,2023-03-22,79.14,Creative,
7052,CAMP00000063,CH00000005,2023-03-23,95.72,Creative,
7053,CAMP00000063,CH00000004,2023-03-23,107.28,Creative,
7054,CAMP00000063,CH00000007,2023-03-23,71.41,Agency,
7055,CAMP00000063,CH00000015,2023-03-24,76.61,Creative,
7056,CAMP00000063,CH00000006,2023-03-25,78.18,Agency,
7057,CAMP00000063,CH00000011,2023-03-25,91.48,Agency,
7058,CAMP00000063,CH00000013,2023-03-26,78.14,Creative,
7059,CAMP00000063,CH00000002,2023-03-26,62.68,Platform,
7060,CAMP00000063,CH00000015,2023-03-26,105.44,Agency,
7061,CAMP00000063,CH00000015,2023-03-27,81.91,Media,
7062,CAMP00000063,CH00000015,2023-03-28,66.92,Agency,
7063,CAMP00000063,CH00000015,2023-03-29,90.05,Platform,
7064,CAMP00000063,CH00000014,2023-03-29,63.39,Creative,
7065,CAMP00000063,CH00000014,2023-03-30,95.65,Creative,
7066,CAMP00000063,CH00000003,2023-03-30,99.33,Creative,
7067,CAMP00000063,CH00000006,2023-03-31,90.61,Platform,
7068,CAMP00000063,CH00000001,2023-03-31,63.08,Agency,
7069,CAMP00000063,CH00000006,2023-03-31,100.7,Creative,
7070,CAMP00000063,CH00000007,2023-04-01,71.89,Platform,
7071,CAMP00000063,CH00000003,2023-04-01,89.6,Media,
7072,CAMP00000063,CH00000001,2023-04-02,105.87,Platform,
7073,CAMP00000063,CH00000002,2023-04-02,109.81,Creative,
7074,CAMP00000063,CH00000015,2023-04-02,103.07,Media,
7075,CAMP00000063,CH00000006,2023-04-03,84.54,Creative,
7076,CAMP00000063,CH00000007,2023-04-03,82.21,Media,
7077,CAMP00000063,CH00000009,2023-04-03,84.68,Media,
7078,CAMP00000063,CH00000015,2023-04-04,91.72,Media,
7079,CAMP00000063,CH00000011,2023-04-04,112.81,Agency,
7080,CAMP00000063,CH00000008,2023-04-04,72.26,Creative,
7081,CAMP00000063,CH00000003,2023-04-05,70.84,Platform,
7082,CAMP00000063,CH00000009,2023-04-05,96.66,Media,
7083,CAMP00000063,CH00000013,2023-04-06,108.07,Creative,
7084,CAMP00000063,CH00000010,2023-04-07,83.42,Media,
7085,CAMP00000063,CH00000006,2023-04-07,81.45,Platform,
7086,CAMP00000063,CH00000006,2023-04-07,98.92,Platform,
7087,CAMP  00000063,CH00000011,2023-04-08,105.68,Media,
7088,CAMP00000063,CH00000015,2023-04-08,72.15,Platform,
7089,CAMP00000063,CH00000006,2023-04-08,81.75,Agency,
7090,CAMP00000063,CH00000007,2023-04-09,113.57,Platform,
7091,CAMP00000063,CH00000015,2023-04-09,94.05,Agency,
7092,CAMP00000063,CH00000001,2023-04-09,105.54,Media,
7093,CAMP00000063,CH00000002,2023-04-10,78.71,Platform,
7094,CAMP00000063,CH00000005,2023-04-10,86.39,Agency,
7095,CAMP00000063,CH00000009,2023-04-11,99.9,Creative,
7096,CAMP00000063,CH00000005,2023-04-11,64.79,Platform,
7097,CAMP00000063,CH00000004,2023-04-12,68.82,Platform,
7098,CAMP00000063,CH00000014,2023-04-12,83.35,Agency,
7099,CAMP00000063,CH00000010,2023-04-12,65.27,Platform,
7100,CAMP00000063,CH00000008,2023-04-13,74.75,Creative,
7101,CAMP00000063,CH00000012,2023-04-14,95.62,Platform,
7102,CAMP00000063,CH00000010,2023-04-14,108.46,Agency,
7103,CAMP00000063,CH00000012,2023-04-14,82.87,Media,
7104,CAMP00000063,CH00000008,2023-04-15,77.77,Platform,
7105,CAMP00000063,CH00000012,2023-04-15,94.57,Platform,
7106,CAMP00000063,CH00000006,2023-04-15,107.51,Platform,
7107,CAMP00000063,CH00000001,2023-04-16,63.43,Platform,
7108,CAMP00000063,CH00000014,2023-04-17,98.96,Agency,
7109,CAMP00000063,CH00000009,2023-04-17,111.46,Media,
7110,CAMP00000063,CH00000013,2023-04-18,68.18,Platform,
7111,CAMP00000063,CH  00000003,2023-04-19,75.41,Agency,
7112,CAMP00000063,CH00000012,2023-04-19,83.87,Media,
7113,CAMP00000063,CH00000004,2023-04-20,69.95,Media,
7114,CAMP00000063,CH00000010,2023-04-21,113.72,Media,
7115,CAMP00000063,CH00000008,2023-04-21,77.04,Creative,
7116,CAMP00000063,CH00000001,2023-04-21,76.22,Agency,
7117,CAMP00000063,CH00000001,2023-04-22,85.03,Media,
7118,CAMP00000063,CH00000001,2023-04-23,99.71,Media,
7119,CAMP00000063,CH00000012,2023-04-23,93.47,Media,
7120,CAMP00000063,CH00000008,2023-04-24,113.81,Platform,
7121,CAMP00000063,CH00000002,2023-04-24,90.95,Agency,
7122,CAMP00000063,CH00000005,2023-04-25,89.93,Agency,
7123,CAMP00000063,CH00000011,2023-04-25,71.88,Creative,
7124,CAMP00000063,CH00000013,2023-04-26,87.46,Platform,
7125,CAMP00000063,CH00000002,2023-04-26,82.02,Media,
7126,CAMP00000063,CH00000003,2023-04-27,84.18,Creative,
7127,CAMP00000063,CH00000012,2023-04-27,72.65,Media,
7128,CAMP00000063,CH00000002,2023-04-28,80.24,Platform,
7129,CAMP00000063,CH00000012,2023-04-28,103.99,Creative,
7130,CAMP00000063,CH00000012,2023-04-28,66.73,Creative,
7131,CAMP00000063,CH00000013,2023-04-29,70.96,Media,
7132,CAMP00000063,CH00000014,2023-04-29,68.63,Agency,
7133,CAMP00000063,CH00000008,2023-04-29,81.31,Creative,
7134,CAMP00000063,CH00000001,2023-04-30,71.27,Platform,
7135,CAMP00000063,CH00000003,2023-04-30,80.84,Agency,
7136,CAMP00000063,CH00000005,2023-04-30,63.14,Creative,
7137,CAMP00000063,CH00000006,2023-05-01,111.68,Platform,
7138,CAMP00000063,CH00000009,2023-05-02,77.11,Creative,
7139,CAMP00000063,CH00000009,2023-05-03,112.99,Agency,
7140,CAMP00000063,CH00000003,2023-05-03,87.09,Platform,
7141,CAMP00000063,CH00000006,2023-05-04,108.65,Creative,
7142,CAMP00000063,CH00000011,2023-05-04,112.61,Agency,
7143,CAMP00000063,CH00000011,2023-05-04,86.38,Platform,
7144,CAMP00000063,CH  00000001,2023-05-05,111.66,Agency,
7145,CAMP  00000063,CH00000014,2023-05-06,83.71,Platform,
7146,CAMP00000063,CH00000007,2023-05-06,100.36,Creative,
7147,CAMP00000063,CH00000008,2023-05-07,66.26,Platform,
7148,CAMP00000063,CH00000003,2023-05-07,95.4,Media,
7149,CAMP00000063,CH  00000004,2023-05-07,82.7,Media,
7150,CAMP00000063,CH00000015,2023-05-08,90.66,Platform,
7151,CAMP00000063,CH00000009,2023-05-08,93.75,Creative,
7152,CAMP00000063,CH00000007,2023-05-09,69.68,Creative,
7153,CAMP00000063,CH00000002,2023-05-09,105.64,Creative,
7154,CAMP00000063,CH00000006,2023-05-10,76.24,Agency,
7155,CAMP00000063,CH00000011,2023-05-10,94.92,Media,
7156,CAMP00000063,CH00000003,2023-05-11,112.16,Platform,
7157,CAMP00000063,CH00000001,2023-05-12,70.91,Creative,
7158,CAMP00000063,CH00000006,2023-05-12,113.27,Platform,
7159,CAMP00000063,CH00000003,2023-05-13,99.53,Creative,
7160,CAMP00000063,CH00000008,2023-05-14,96.58,Platform,
7161,CAMP00000063,CH00000009,2023-05-15,70.28,Media,
7162,CAMP00000063,CH00000008,2023-05-16,82.57,Platform,
7163,CAMP00000063,CH00000013,2023-05-17,64.13,Platform,
7164,CAMP00000063,CH00000002,2023-05-17,79.27,Media,
7165,CAMP00000063,CH00000013,2023-05-18,79.94,Agency,
7166,CAMP00000063,CH00000007,2023-05-18,101.01,Media,
7167,CAMP00000063,CH00000007,2023-05-19,102.51,Platform,
7168,CAMP00000063,CH00000001,2023-05-19,73.95,Media,
7169,CAMP00000063,CH00000012,2023-05-19,79.88,Platform,
7170,CAMP00000063,CH00000014,2023-05-20,68.38,Media,
7171,CAMP00000063,CH00000008,2023-05-21,71.68,Creative,
7172,CAMP00000063,CH00000002,2023-05-22,112.55,Media,
7173,CAMP00000063,CH00000008,2023-05-22,112.92,Agency,
7174,CAMP00000063,CH00000006,2023-05-22,79.7,Creative,
7175,CAMP00000063,ch00000012,2023-05-23,107.04,Media,
7176,CAMP00000063,CH00000010,2023-05-24,96.24,Creative,
7177,CAMP00000063,CH00000015,2023-05-24,63.49,Platform,
7178,CAMP00000063,CH00000005,2023-05-25,105.46,Media,
7179,CAMP00000063,CH00000003,2023-05-25,111.42,Creative,
7180,CAMP00000063,CH00000008,2023-05-26,88.87,Agency,
7181,CAMP00000063,CH00000003,2023-05-26,62.12,Agency,
7182,CAMP00000063,CH00000005,2023-05-27,63.09,Creative,
7183,CAMP00000063,CH00000010,2023-05-27,74.77,Media,
7184,CAMP00000063,CH00000008,2023-05-28,103.0,Media,
7185,CAMP00000063,CH  00000002,2023-05-29,64.75,Media,
7186,CAMP00000063,CH00000008,2023-05-29,72.45,,
7187,CAMP00000063,CH00000005,2023-05-29,87.88,Media,
7188,CAMP  00000063,CH00000007,2023-05-30,105.94,Platform,
7189,CAMP00000063,CH00000011,2023-05-31,71.7,Media,
7190,CAMP00000063,CH00000002,2023-05-31,98.16,Agency,
7191,CAMP00000063,CH00000003,2023-06-01,88.34,Platform,
7192,CAMP00000064,CH00000007,2023-08-24,1761.26,Platform,
7193,CAMP00000064,CH00000012,2023-08-24,1332.52,Platform,
7194,CAMP00000064,CH00000006,2023-08-25,1685.55,Creative,
7195,CAMP00000064,CH  00000004,2023-08-26,2264.92,Media,
7196,CAMP00000064,CH00000001,2023-08-26,1884.41,Creative,
7197,CAMP00000064,CH00000015,2023-08-26,2196.13,Creative,
7198,CAMP00000064,CH  00000008,2023-08-27,1656.88,Platform,
7199,CAMP00000064,CH00000006,2023-08-27,1467.58,Agency,
7200,CAMP00000064,CH00000012,2023-08-28,1509.12,Platform,
7201,CAMP00000064,CH00000013,2023-08-28,2005.44,Media,
7202,CAMP00000064,CH00000013,2023-08-28,1880.47,Creative,
7203,CAMP00000064,CH00000010,2023-08-29,1415.71,Media,
7204,CAMP00000064,CH00000006,2023-08-29,1849.27,Creative,
7205,CAMP00000064,CH00000005,2023-08-30,1392.69,Creative,
7206,camp00000064,CH00000007,2023-08-30,2000.75,Media,
7207,CAMP00000064,CH  00000004,2023-08-30,1505.89,Creative,
7208,CAMP00000064,CH00000005,2023-08-31,1921.84,Agency,
7209,CAMP00000064,CH00000009,2023-08-31,1538.02,Platform,
7210,CAMP00000064,CH00000002,2023-08-31,1919.82,Creative,
7211,CAMP00000064,CH00000014,2023-09-01,2140.64,Media,
7212,CAMP00000064,CH00000003,2023-09-01,1793.7,Platform,
7213,CAMP00000064,CH00000013,2023-09-01,1335.65,Media,
7214,CAMP00000064,CH00000007,2023-09-02,2005.35,Agency,
7215,CAMP00000064,CH00000005,2023-09-02,1976.5,Platform,
7216,CAMP00000064,CH00000003,2023-09-02,1627.82,Agency,
7217,CAMP00000064,CH00000014,2023-09-03,1888.58,Media,
7218,CAMP00000064,CH00000009,2023-09-03,2178.1,Agency,
7219,CAMP00000064,CH00000015,2023-09-03,2241.42,Platform,
7220,CAMP00000065,CH00000003,2023-10-06,570.69,Agency,
7221,CAMP00000065,CH00000004,2023-10-06,363.87,Platform,
7222,CAMP00000065,CH00000009,2023-10-06,439.98,Agency,
7223,CAMP00000065,CH  00000006,2023-10-07,551.58,Platform,
7224,CAMP00000065,CH00000013,2023-10-07,378.3,Platform,
7225,CAMP00000065,CH00000014,2023-10-07,418.93,Agency,
7226,CAMP00000065,CH00000009,2023-10-08,477.13,Agency,
7227,CAMP00000065,CH00000007,2023-10-08,387.83,Platform,
7228,CAMP00000065,CH00000015,2023-10-08,360.22,Media,
7229,CAMP00000065,CH00000013,2023-10-09,501.82,Media,
7230,CAMP00000065,CH00000014,2023-10-09,486.61,Creative,
7231,CAMP00000065,CH00000015,2023-10-10,409.51,Agency,
7232,CAMP00000065,CH00000012,2023-10-11,618.6,Agency,
7233,CAMP00000065,CH00000004,2023-10-11,505.67,Platform,
7234,CAMP00000065,CH00000007,2023-10-12,514.71,Media,
7235,CAMP00000065,CH00000015,2023-10-12,469.12,Agency,
7236,CAMP00000065,CH00000014,2023-10-13,437.22,Media,
7237,CAMP00000065,CH00000012,2023-10-14,480.03,Media,
7238,CAMP00000065,CH00000012,2023-10-14,529.0,Agency,
7239,CAMP00000065,CH00000014,2023-10-15,359.48,Platform,
7240,CAMP00000065,CH00000011,2023-10-15,371.78,Media,
7241,CAMP00000065,CH00000007,2023-10-16,351.36,Media,
7242,CAMP00000065,CH00000008,2023-10-16,567.14,Media,
7243,CAMP00000065,CH00000012,2023-10-17,367.98,Platform,
7244,CAMP00000065,CH00000015,2023-10-17,554.63,Agency,
7245,CAMP00000065,CH00000008,2023-10-18,371.47,Platform,
7246,CAMP00000065,CH00000015,2023-10-18,512.58,Platform,
7247,CAMP00000065,CH00000005,2023-10-18,404.95,Creative,
7248,CAMP00000065,CH00000001,2023-10-19,395.12,Media,
7249,CAMP00000065,CH00000010,2023-10-19,516.68,Media,
7250,CAMP00000065,CH  00000003,2023-10-19,393.89,Platform,
7251,CAMP00000066,CH00000005,2023-08-22,1060.95,Platform,
7252,CAMP00000066,CH00000004,2023-08-23,1619.73,Media,
7253,CAMP00000066,CH00000002,2023-08-24,1385.17,Media,
7254,CAMP00000066,CH00000015,2023-08-24,1088.34,Media,
7255,CAMP00000066,CH00000009,2023-08-25,1018.77,Agency,
7256,CAMP00000066,CH00000013,2023-08-25,1634.27,Creative,
7257,CAMP00000066,CH00000015,2023-08-25,1516.05,Media,
7258,CAMP00000066,CH00000002,2023-08-26,959.14,Media,
7259,CAMP00000066,CH00000009,2023-08-26,1069.21,Creative,
7260,CAMP00000066,CH00000007,2023-08-27,1696.86,Creative,
7261,CAMP00000066,CH00000003,2023-08-28,1593.26,Media,
7262,CAMP00000066,CH00000014,2023-08-28,1525.08,Creative,
7263,CAMP00000066,CH00000014,2023-08-28,1756.07,Agency,
7264,CAMP00000066,CH00000013,2023-08-29,1138.89,Agency,
7265,CAMP00000066,CH00000001,2023-08-29,1340.81,Platform,
7266,CAMP00000067,CH00000009,2023-10-17,130.39,Platform,
7267,CAMP00000067,CH00000007,2023-10-17,104.9,Platform,
7268,CAMP00000067,ch00000007,2023-10-17,140.48,Creative,
7269,CAMP00000067,CH00000005,2023-10-18,88.22,Agency,
7270,CAMP00000067,CH00000001,2023-10-18,127.81,Agency,
7271,CAMP00000067,CH00000011,2023-10-19,126.17,Platform,
7272,CAMP00000067,CH00000010,2023-10-19,110.23,Agency,
7273,CAMP00000067,CH00000012,2023-10-20,123.34,Agency,
7274,CAMP00000067,CH00000010,2023-10-20,129.52,Creative,
7275,CAMP00000067,CH00000007,2023-10-20,139.44,Agency,
7276,CAMP00000067,CH00000012,2023-10-21,83.35,Creative,
7277,CAMP00000067,CH00000003,2023-10-21,132.1,Media,
7278,CAMP00000067,CH00000003,2023-10-22,111.39,Creative,
7279,CAMP00000067,CH00000002,2023-10-23,94.89,Creative,
7280,CAMP00000067,CH00000010,2023-10-24,92.99,Creative,
7281,CAMP00000067,CH00000003,2023-10-24,85.6,Agency,
7282,CAMP00000067,CH00000007,2023-10-25,108.46,Platform,
7283,CAMP00000067,CH00000002,2023-10-26,100.26,Platform,
7284,CAMP  00000067,CH00000007,2023-10-26,117.01,Creative,
7285,CAMP00000067,CH00000010,2023-10-26,95.71,Agency,
7286,CAMP00000067,CH00000002,2023-10-27,105.34,Creative,
7287,CAMP00000067,CH00000007,2023-10-27,84.1,Platform,
7288,CAMP00000067,CH00000003,2023-10-27,99.61,Platform,
7289,CAMP00000067,CH00000002,2023-10-28,143.36,Creative,
7290,CAMP00000067,CH00000005,2023-10-28,114.62,Creative,
7291,CAMP00000067,CH00000009,2023-10-29,112.79,Creative,
7292,CAMP00000067,CH00000001,2023-10-29,121.24,Platform,
7293,CAMP00000067,CH00000012,2023-10-29,139.49,Media,
7294,CAMP00000067,CH00000012,2023-10-30,119.08,Agency,
7295,CAMP00000067,CH00000013,2023-10-30,83.98,Agency,
7296,CAMP00000067,CH00000004,2023-10-31,117.57,Creative,
7297,CAMP00000067,CH00000007,2023-10-31,121.43,Platform,
7298,CAMP00000067,CH00000008,2023-11-01,98.08,Platform,
7299,CAMP00000067,CH00000005,2023-11-01,103.68,Platform,
7300,CAMP00000067,CH00000015,2023-11-01,137.49,Creative,
7301,CAMP00000067,CH00000008,2023-11-02,139.64,Creative,
7302,CAMP00000067,CH00000002,2023-11-02,123.19,Creative,
7303,CAMP00000067,CH00000011,2023-11-03,84.12,Creative,
7304,CAMP00000067,CH00000011,2023-11-03,91.29,Platform,
7305,CAMP00000067,CH00000012,2023-11-04,114.95,Agency,
7306,CAMP00000067,CH00000014,2023-11-05,105.43,Creative,
7307,CAMP00000067,CH00000008,2023-11-05,132.04,Agency,
7308,CAMP00000067,CH00000008,2023-11-05,116.72,Creative,
7309,CAMP00000067,CH00000006,2023-11-06,137.36,Agency,
7310,CAMP00000067,CH00000013,2023-11-07,137.35,Creative,
7311,CAMP00000067,CH00000009,2023-11-07,128.43,Media,
7312,CAMP00000067,CH00000010,2023-11-07,99.77,Media,
7313,CAMP00000067,CH00000003,2023-11-08,120.53,Platform,
7314,camp00000067,CH  00000003,2023-11-08,94.82,Media,
7315,CAMP00000067,CH00000009,2023-11-09,132.34,Agency,
7316,CAMP00000067,CH00000011,2023-11-09,119.93,Media,
7317,CAMP00000067,CH00000010,2023-11-09,99.23,Creative,
7318,CAMP00000067,CH00000006,2023-11-10,118.18,Platform,
7319,CAMP  00000067,CH00000005,2023-11-10,119.0,Agency,
7320,CAMP00000067,CH00000014,2023-11-11,108.4,Media,
7321,CAMP  00000067,CH00000008,2023-11-11,132.17,Media,
7322,CAMP00000067,CH00000002,2023-11-12,94.31,Media,
7323,camp00000067,CH00000007,2023-11-12,99.11,Creative,
7324,CAMP00000067,CH00000001,2023-11-13,98.94,Media,
7325,CAMP00000067,CH00000009,2023-11-14,134.88,Media,
7326,CAMP00000067,CH00000011,2023-11-14,123.76,Agency,
7327,CAMP00000067,CH00000001,2023-11-14,82.15,Agency,
7328,CAMP00000067,CH00000009,2023-11-15,101.48,Media,
7329,CAMP00000067,ch00000007,2023-11-15,113.57,Creative,
7330,CAMP00000067,CH00000001,2023-11-15,91.19,Platform,
7331,CAMP00000067,CH00000007,2023-11-16,109.95,Platform,
7332,CAMP00000067,CH00000008,2023-11-16,80.34,Creative,
7333,CAMP00000067,CH00000006,2023-11-16,82.63,Platform,
7334,CAMP00000067,CH00000006,2023-11-17,112.18,Creative,
7335,CAMP  00000067,CH00000012,2023-11-18,93.12,Platform,
7336,CAMP00000067,CH00000014,2023-11-18,105.91,Creative,
7337,CAMP00000067,CH00000013,2023-11-18,94.0,Agency,
7338,CAMP00000067,CH  00000004,2023-11-19,102.05,Creative,
7339,CAMP00000067,CH00000002,2023-11-20,133.24,Agency,
7340,CAMP00000067,CH00000012,2023-11-20,106.66,Platform,
7341,CAMP00000067,CH  00000002,2023-11-20,139.23,Platform,
7342,CAMP00000067,CH00000001,2023-11-21,97.87,Creative,
7343,CAMP00000067,CH00000004,2023-11-21,117.4,Agency,
7344,CAMP00000067,CH00000014,2023-11-22,139.01,Media,
7345,CAMP00000067,CH00000015,2023-11-22,101.95,Media,
7346,CAMP00000067,CH00000008,2023-11-22,101.51,Agency,
7347,CAMP00000067,CH00000006,2023-11-23,81.36,Creative,
7348,CAMP00000067,CH00000014,2023-11-23,120.57,Agency,
7349,CAMP00000067,CH00000011,2023-11-24,138.75,Media,
7350,CAMP00000067,CH00000010,2023-11-24,98.63,Creative,
7351,CAMP00000067,CH00000012,2023-11-24,81.25,Media,
7352,CAMP00000067,CH00000008,2023-11-25,79.88,Platform,
7353,CAMP00000067,CH00000006,2023-11-25,100.92,Agency,
7354,CAMP00000067,CH00000011,2023-11-26,104.54,Agency,
7355,CAMP00000067,CH00000005,2023-11-27,84.9,Media,
7356,CAMP00000067,CH00000001,2023-11-27,112.68,Platform,
7357,CAMP00000067,CH  00000009,2023-11-28,122.51,Platform,
7358,CAMP00000067,CH00000011,2023-11-29,85.95,Media,
7359,CAMP00000068,CH00000008,2023-07-03,1524.98,Creative,
7360,CAMP00000068,CH  00000012,2023-07-03,2221.63,Agency,
7361,CAMP00000068,CH00000009,2023-07-04,2669.84,Platform,
7362,CAMP00000068,CH00000012,2023-07-04,2157.22,Platform,
7363,CAMP00000068,CH00000011,2023-07-04,2186.57,Platform,
7364,CAMP00000068,CH00000002,2023-07-05,1722.85,Media,
7365,CAMP00000068,CH00000010,2023-07-06,2054.71,Media,
7366,CAMP00000068,CH00000013,2023-07-07,2093.72,Creative,
7367,CAMP00000068,CH00000002,2023-07-07,2582.13,Creative,
7368,CAMP  00000068,CH00000014,2023-07-08,1748.42,Platform,
7369,CAMP00000068,CH00000003,2023-07-08,2368.82,Agency,
7370,CAMP00000068,CH00000008,2023-07-09,1749.34,Platform,
7371,CAMP  00000068,CH00000009,2023-07-10,2478.37,Agency,
7372,CAMP00000068,CH00000011,2023-07-10,1444.46,Agency,
7373,CAMP00000068,CH00000015,2023-07-10,1847.0,Creative,
7374,CAMP00000068,CH00000010,2023-07-11,2072.23,Platform,
7375,CAMP00000068,ch00000009,2023-07-12,1862.44,Platform,
7376,CAMP00000068,CH00000014,2023-07-12,2320.34,Agency,
7377,CAMP00000068,CH00000006,2023-07-12,2627.22,Creative,
7378,CAMP00000068,CH00000001,2023-07-13,2044.62,Creative,
7379,CAMP00000068,CH  00000002,2023-07-13,2580.21,Media,
7380,CAMP00000068,CH00000007,2023-07-14,1843.9,Platform,
7381,camp00000068,CH00000003,2023-07-14,1774.98,Media,
7382,CAMP00000069,CH00000007,2024-07-27,257.56,Media,
7383,CAMP00000069,CH00000008,2024-07-27,442.1,Creative,
7384,CAMP00000069,CH00000012,2024-07-28,370.19,Media,
7385,CAMP00000069,CH00000010,2024-07-28,286.18,Agency,
7386,CAMP00000069,CH00000003,2024-07-29,277.21,Agency,
7387,CAMP00000069,CH00000014,2024-07-29,400.07,Creative,
7388,CAMP00000069,CH00000001,2024-07-30,348.06,Media,
7389,CAMP00000069,CH00000008,2024-07-31,402.02,Creative,
7390,CAMP00000069,CH00000005,2024-08-01,340.29,Platform,
7391,CAMP00000069,CH00000009,2024-08-01,359.95,Platform,
7392,CAMP00000069,CH00000013,2024-08-02,319.15,Media,
7393,CAMP00000069,CH00000002,2024-08-02,460.75,Creative,
7394,CAMP00000069,CH00000009,2024-08-03,337.31,Agency,
7395,CAMP00000069,CH00000002,2024-08-03,391.39,Platform,
7396,CAMP00000069,CH00000008,2024-08-04,276.54,Platform,
7397,CAMP00000069,CH00000012,2024-08-05,303.37,Creative,
7398,CAMP00000069,CH00000005,2024-08-05,288.64,Platform,
7399,CAMP00000069,CH00000015,2024-08-05,439.12,Media,
7400,CAMP00000069,CH00000013,2024-08-06,399.42,Creative,
7401,CAMP00000069,CH00000014,2024-08-06,443.38,Media,
7402,CAMP00000069,CH00000006,2024-08-07,299.68,Media,
7403,CAMP00000069,CH00000015,2024-08-08,291.16,Agency,
7404,CAMP00000069,CH00000014,2024-08-08,425.55,Platform,
7405,CAMP00000069,CH00000001,2024-08-08,400.51,Platform,
7406,CAMP00000069,CH00000011,2024-08-09,286.99,Platform,
7407,CAMP00000069,CH  00000001,2024-08-09,303.7,Media,
7408,CAMP00000069,CH00000013,2024-08-09,384.82,Media,
7409,CAMP00000069,CH00000005,2024-08-10,309.63,Creative,
7410,CAMP00000069,ch00000001,2024-08-11,323.08,Platform,
7411,CAMP00000069,CH00000003,2024-08-11,356.13,Creative,
7412,CAMP00000069,CH00000009,2024-08-11,414.06,Platform,
7413,CAMP00000069,CH00000007,2024-08-12,455.67,Platform,
7414,CAMP00000069,CH00000009,2024-08-12,308.26,Creative,
7415,CAMP00000069,CH00000003,2024-08-12,373.91,Media,
7416,CAMP00000069,CH  00000014,2024-08-13,325.44,Creative,
7417,CAMP00000069,CH00000012,2024-08-13,372.25,Media,
7418,camp00000069,CH00000006,2024-08-13,421.05,Agency,
7419,CAMP00000069,CH00000008,2024-08-14,261.31,Creative,
7420,CAMP00000069,ch00000009,2024-08-14,318.29,Platform,
7421,CAMP00000069,CH00000013,2024-08-14,324.05,Creative,
7422,CAMP00000069,CH00000003,2024-08-15,342.88,Creative,
7423,CAMP00000069,CH00000005,2024-08-15,448.99,Platform,
7424,CAMP  00000069,CH00000015,2024-08-16,388.61,Media,
7425,CAMP00000069,CH00000015,2024-08-16,426.34,Media,
7426,CAMP00000069,CH00000011,2024-08-16,400.03,Media,
7427,CAMP  00000069,CH00000004,2024-08-17,411.56,Agency,
7428,CAMP00000069,CH00000002,2024-08-17,256.81,Media,
7429,CAMP00000069,CH00000010,2024-08-18,431.1,Media,
7430,CAMP00000069,CH00000015,2024-08-18,309.84,Platform,
7431,camp00000069,CH00000004,2024-08-18,405.23,Agency,
7432,CAMP00000069,CH00000008,2024-08-19,308.89,Platform,
7433,CAMP00000069,CH00000003,2024-08-20,424.69,Platform,
7434,CAMP00000069,CH00000009,2024-08-20,302.29,Creative,
7435,CAMP00000069,CH00000004,2024-08-21,449.3,Media,
7436,CAMP00000069,CH00000008,2024-08-21,411.72,Media,
7437,CAMP00000069,CH00000011,2024-08-21,266.04,Platform,
7438,CAMP00000069,CH00000002,2024-08-22,347.61,Agency,
7439,camp00000069,CH00000015,2024-08-22,411.77,Agency,
7440,CAMP  00000069,CH00000005,2024-08-22,256.43,Creative,
7441,CAMP00000069,CH00000015,2024-08-23,331.46,Agency,
7442,CAMP00000069,CH00000003,2024-08-24,416.66,Platform,
7443,CAMP00000069,CH00000011,2024-08-25,379.7,Platform,
7444,CAMP00000069,CH00000005,2024-08-26,426.22,Media,
7445,CAMP00000069,CH00000012,2024-08-26,409.07,Agency,
7446,CAMP00000069,CH00000015,2024-08-26,265.65,Media,
7447,CAMP00000069,CH00000010,2024-08-27,405.46,Media,
7448,CAMP00000069,CH00000015,2024-08-27,272.4,Media,
7449,CAMP00000069,CH00000004,2024-08-27,462.33,Platform,
7450,CAMP00000069,CH00000002,2024-08-28,382.91,Platform,
7451,CAMP00000069,CH00000003,2024-08-28,272.06,Media,
7452,CAMP00000069,CH00000012,2024-08-28,384.44,Agency,
7453,CAMP00000069,CH00000015,2024-08-29,405.52,Agency,
7454,CAMP00000069,CH00000013,2024-08-30,303.27,Agency,
7455,CAMP00000069,CH00000014,2024-08-30,448.16,Media,
7456,CAMP00000069,CH00000004,2024-08-31,390.26,Agency,
7457,CAMP00000069,CH00000005,2024-09-01,340.28,Media,
7458,CAMP00000069,CH00000008,2024-09-02,358.36,Platform,
7459,CAMP00000069,CH00000001,2024-09-02,282.25,Agency,
7460,CAMP00000069,CH00000007,2024-09-02,355.92,Media,
7461,CAMP00000069,CH00000010,2024-09-03,324.16,Media,
7462,CAMP00000069,CH00000001,2024-09-03,458.31,Creative,
7463,CAMP00000069,CH00000010,2024-09-04,344.96,Platform,
7464,CAMP00000069,CH00000004,2024-09-04,390.94,Creative,
7465,CAMP00000069,CH00000006,2024-09-05,360.92,Platform,
7466,CAMP00000069,CH00000011,2024-09-05,389.49,Creative,
7467,CAMP00000069,CH00000009,2024-09-05,324.95,Creative,
7468,CAMP00000069,ch00000012,2024-09-06,395.09,Agency,
7469,CAMP00000069,CH00000014,2024-09-07,443.84,Creative,
7470,CAMP  00000069,CH00000003,2024-09-07,419.48,Platform,
7471,CAMP00000069,CH00000013,2024-09-08,258.44,Creative,
7472,CAMP00000069,CH00000003,2024-09-09,359.05,Media,
7473,CAMP00000069,CH00000009,2024-09-10,293.01,Agency,
7474,CAMP  00000069,CH00000012,2024-09-10,401.5,Agency,
7475,CAMP00000069,CH00000007,2024-09-11,374.48,Platform,
7476,CAMP00000069,CH00000015,2024-09-12,368.56,Platform,
7477,CAMP00000069,CH00000010,2024-09-12,342.28,Agency,
7478,CAMP00000069,CH00000015,2024-09-12,411.29,Platform,
7479,CAMP00000069,CH00000009,2024-09-13,447.51,Media,
7480,CAMP00000069,CH00000004,2024-09-13,356.54,Media,
7481,CAMP00000069,CH00000001,2024-09-14,324.6,Platform,
7482,CAMP00000069,CH00000013,2024-09-14,401.64,Creative,
7483,CAMP00000069,CH00000004,2024-09-14,320.68,Platform,
7484,CAMP00000070,CH00000007,2024-09-02,428.67,Agency,
7485,CAMP00000070,CH00000015,2024-09-02,434.92,Media,
7486,CAMP00000070,CH00000002,2024-09-03,384.01,Creative,
7487,CAMP00000070,CH00000001,2024-09-03,446.21,Creative,
7488,CAMP00000070,CH00000002,2024-09-04,302.41,Media,
7489,CAMP00000070,CH00000006,2024-09-04,314.02,Media,
7490,CAMP00000070,CH00000009,2024-09-04,435.89,Agency,
7491,CAMP00000070,CH00000001,2024-09-05,331.99,Agency,
7492,CAMP00000070,CH00000014,2024-09-05,396.72,Platform,
7493,CAMP00000070,CH00000009,2024-09-05,400.13,Agency,
7494,CAMP00000070,CH00000005,2024-09-06,414.76,Creative,
7495,CAMP00000070,CH  00000009,2024-09-06,403.56,Media,
7496,CAMP00000070,CH00000010,2024-09-06,339.93,Platform,
7497,CAMP00000070,CH00000012,2024-09-07,278.59,Platform,
7498,CAMP00000070,CH00000002,2024-09-08,372.5,Platform,
7499,CAMP00000070,CH00000001,2024-09-09,463.0,Media,
7500,CAMP00000070,CH00000002,2024-09-10,284.76,Creative,
7501,CAMP00000070,CH00000012,2024-09-10,334.54,Agency,
7502,CAMP00000070,CH00000004,2024-09-11,389.46,Agency,
7503,CAMP00000070,CH00000005,2024-09-11,259.23,Agency,
7504,CAMP00000070,CH00000004,2024-09-12,291.92,Media,
7505,CAMP00000070,CH00000009,2024-09-13,415.5,Creative,
7506,CAMP00000070,CH00000006,2024-09-13,313.79,Platform,
7507,CAMP00000070,CH00000001,2024-09-13,440.22,Creative,
7508,CAMP00000070,CH00000005,2024-09-14,313.62,Agency,
7509,CAMP00000070,CH00000012,2024-09-15,303.66,Creative,
7510,CAMP00000070,CH00000009,2024-09-15,369.59,Agency,
7511,CAMP00000070,CH00000012,2024-09-15,251.29,Platform,
7512,CAMP00000070,CH00000014,2024-09-16,375.32,Creative,
7513,CAMP00000070,CH00000008,2024-09-16,444.05,Platform,
7514,CAMP00000070,CH00000012,2024-09-16,430.21,Creative,
7515,CAMP00000070,CH00000003,2024-09-17,320.9,Creative,
7516,CAMP00000070,CH00000001,2024-09-18,308.47,Agency,
7517,CAMP00000070,CH00000005,2024-09-18,351.82,Platform,
7518,CAMP00000070,CH00000014,2024-09-18,379.07,Media,
7519,CAMP00000070,CH00000003,2024-09-19,330.69,Media,
7520,CAMP00000070,CH00000003,2024-09-20,387.55,Platform,
7521,CAMP00000070,CH00000006,2024-09-20,450.77,Creative,
7522,CAMP00000070,CH00000013,2024-09-20,369.07,Agency,
7523,CAMP00000070,CH00000001,2024-09-21,335.46,Agency,
7524,CAMP  00000070,CH00000002,2024-09-21,428.11,Creative,
7525,CAMP00000070,CH00000008,2024-09-22,286.49,Creative,
7526,CAMP00000070,CH00000009,2024-09-22,357.4,Agency,
7527,CAMP00000070,ch00000010,2024-09-22,453.26,Agency,
7528,CAMP00000070,CH00000010,2024-09-23,258.86,Creative,
7529,CAMP00000070,CH00000002,2024-09-23,458.05,Media,
7530,CAMP00000070,CH  00000014,2024-09-23,342.1,Creative,
7531,CAMP00000070,CH00000009,2024-09-24,436.02,Agency,
7532,CAMP00000070,CH00000009,2024-09-25,430.3,Media,
7533,CAMP00000070,CH00000008,2024-09-25,367.84,Agency,
7534,CAMP00000070,CH00000007,2024-09-26,347.74,Platform,
7535,CAMP00000070,CH00000009,2024-09-26,343.52,Platform,
7536,CAMP00000070,CH00000009,2024-09-27,282.85,Agency,
7537,camp00000070,CH00000001,2024-09-27,285.17,Creative,
7538,CAMP00000070,CH00000003,2024-09-27,287.81,Media,
7539,CAMP00000070,CH00000010,2024-09-28,356.06,Platform,
7540,CAMP00000070,CH00000007,2024-09-29,348.0,Platform,
7541,CAMP00000070,CH00000012,2024-09-29,401.04,Creative,
7542,CAMP00000070,CH00000004,2024-09-29,379.68,Media,
7543,CAMP00000070,CH00000012,2024-09-30,429.82,Media,
7544,CAMP00000070,CH00000007,2024-09-30,374.69,Media,
7545,CAMP00000070,CH00000015,2024-10-01,426.31,Agency,
7546,CAMP00000070,CH00000014,2024-10-01,345.43,Agency,
7547,CAMP00000070,CH00000009,2024-10-02,341.38,Platform,
7548,CAMP  00000070,CH00000009,2024-10-02,280.22,Media,
7549,CAMP00000070,CH00000003,2024-10-02,418.7,Media,
7550,CAMP00000070,CH00000007,2024-10-03,263.91,Platform,
7551,CAMP00000070,CH00000001,2024-10-03,451.59,Platform,
7552,CAMP00000070,CH00000014,2024-10-04,378.09,Agency,
7553,CAMP00000070,CH00000004,2024-10-05,434.73,Agency,
7554,CAMP00000070,CH00000014,2024-10-05,286.85,Media,
7555,CAMP00000070,CH00000006,2024-10-05,381.11,Agency,
7556,CAMP00000070,CH00000010,2024-10-06,278.93,Agency,
7557,CAMP00000070,CH00000007,2024-10-06,306.31,Media,
7558,CAMP00000070,CH00000002,2024-10-07,397.29,Agency,
7559,CAMP00000070,CH00000014,2024-10-07,263.57,Creative,
7560,CAMP00000070,CH00000014,2024-10-08,278.66,Platform,
7561,CAMP00000070,CH00000008,2024-10-08,337.89,Platform,
7562,CAMP00000070,CH00000012,2024-10-09,382.64,Platform,
7563,CAMP00000070,CH00000008,2024-10-09,263.93,Creative,
7564,CAMP00000070,CH00000014,2024-10-10,449.78,Media,
7565,CAMP00000070,CH00000012,2024-10-10,287.84,Agency,
7566,CAMP00000070,CH00000010,2024-10-11,357.94,Media,
7567,CAMP00000070,CH00000006,2024-10-11,325.91,Agency,
7568,CAMP00000070,CH00000015,2024-10-12,338.44,Media,
7569,CAMP00000070,CH00000009,2024-10-12,375.71,Agency,
7570,CAMP00000070,CH00000007,2024-10-13,407.49,Agency,
7571,CAMP00000070,CH00000006,2024-10-14,282.38,Creative,
7572,CAMP00000070,CH00000015,2024-10-14,332.29,Creative,
7573,CAMP00000070,CH00000004,2024-10-14,412.98,Platform,
7574,CAMP00000070,CH00000004,2024-10-15,389.13,Platform,
7575,CAMP00000070,CH00000008,2024-10-16,262.03,Creative,
7576,CAMP00000070,CH00000001,2024-10-17,279.05,Media,
7577,CAMP00000070,CH00000015,2024-10-17,402.67,Media,
7578,CAMP00000070,CH00000001,2024-10-17,379.36,Platform,
7579,CAMP00000070,CH00000014,2024-10-18,311.26,Media,
7580,CAMP00000070,CH00000010,2024-10-18,337.01,Media,
7581,CAMP00000070,CH00000002,2024-10-19,272.98,Platform,
7582,CAMP00000070,CH00000015,2024-10-19,276.75,Platform,
7583,CAMP  00000070,CH00000013,2024-10-20,343.24,Platform,
7584,CAMP00000070,CH00000002,2024-10-20,435.32,Agency,
7585,CAMP00000070,CH00000011,2024-10-21,404.13,Creative,
7586,CAMP00000070,CH00000011,2024-10-21,309.18,Creative,
7587,CAMP00000070,CH00000002,2024-10-21,312.78,Media,
7588,CAMP00000070,CH00000004,2024-10-22,252.83,Agency,
7589,CAMP00000070,CH00000011,2024-10-22,455.45,Media,
7590,CAMP00000070,CH00000014,2024-10-22,276.68,Agency,
7591,CAMP00000070,CH00000010,2024-10-23,266.9,Agency,
7592,CAMP00000070,CH00000002,2024-10-24,311.92,Creative,
7593,CAMP  00000070,CH  00000007,2024-10-25,405.91,Agency,
7594,CAMP00000070,CH00000011,2024-10-26,381.97,Creative,
7595,CAMP00000071,CH00000005,2023-06-30,332.41,Creative,
7596,CAMP00000071,CH00000006,2023-06-30,311.15,Media,
7597,CAMP00000071,CH00000008,2023-06-30,349.52,Agency,
7598,CAMP00000071,CH00000005,2023-07-01,224.75,Agency,
7599,camp00000071,CH00000012,2023-07-01,316.93,Creative,
7600,CAMP00000071,CH00000007,2023-07-02,327.88,Agency,
7601,CAMP00000071,CH00000007,2023-07-02,237.41,Platform,
7602,CAMP00000071,CH00000002,2023-07-03,370.79,Platform,
7603,CAMP00000071,CH00000013,2023-07-03,331.75,Platform,
7604,CAMP00000071,ch00000007,2023-07-03,218.01,Agency,
7605,CAMP00000071,CH00000007,2023-07-04,369.39,Creative,
7606,CAMP00000071,ch00000010,2023-07-04,371.07,Agency,
7607,CAMP00000071,CH00000003,2023-07-04,342.61,Creative,
7608,CAMP00000071,CH  00000004,2023-07-05,377.42,Media,
7609,CAMP00000071,CH00000005,2023-07-05,363.64,Media,
7610,CAMP00000071,CH00000005,2023-07-06,374.76,Platform,
7611,CAMP00000071,CH00000006,2023-07-06,332.65,Creative,
7612,CAMP00000071,CH00000013,2023-07-06,325.06,Platform,
7613,CAMP00000071,CH00000014,2023-07-07,283.48,Creative,
7614,CAMP00000071,CH00000015,2023-07-07,229.93,Media,
7615,CAMP00000071,CH00000003,2023-07-07,320.4,Agency,
7616,CAMP00000071,CH00000007,2023-07-08,317.52,Agency,
7617,CAMP00000071,CH00000006,2023-07-08,302.2,Platform,
7618,CAMP00000072,CH00000010,2024-02-07,746.73,Media,
7619,CAMP00000072,CH00000015,2024-02-07,732.8,Media,
7620,CAMP00000072,CH00000004,2024-02-08,725.06,Media,
7621,CAMP00000072,CH00000011,2024-02-08,541.71,Creative,
7622,CAMP00000072,CH  00000006,2024-02-08,607.72,,
7623,CAMP00000072,ch00000008,2024-02-09,575.65,Platform,
7624,CAMP00000072,CH00000007,2024-02-09,538.43,Media,
7625,CAMP00000072,CH00000003,2024-02-09,743.17,Agency,
7626,CAMP00000072,CH00000014,2024-02-10,482.28,Platform,
7627,CAMP00000072,CH00000009,2024-02-11,435.79,Platform,
7628,CAMP00000072,CH00000013,2024-02-11,681.57,Agency,
7629,CAMP00000072,CH00000014,2024-02-12,712.84,Agency,
7630,CAMP00000072,CH00000011,2024-02-13,662.99,Agency,
7631,CAMP00000072,CH00000007,2024-02-13,621.97,Media,
7632,CAMP00000072,CH00000010,2024-02-14,630.03,Creative,
7633,CAMP00000072,CH00000005,2024-02-14,551.87,Agency,
7634,CAMP00000072,CH00000011,2024-02-15,662.73,Agency,
7635,CAMP00000072,CH00000002,2024-02-15,645.18,Agency,
7636,CAMP00000072,CH00000015,2024-02-15,423.52,Creative,
7637,CAMP00000072,CH00000009,2024-02-16,422.34,Platform,
7638,CAMP00000072,CH00000006,2024-02-17,653.84,Media,
7639,CAMP00000072,CH00000007,2024-02-17,599.05,Agency,
7640,CAMP00000072,CH00000015,2024-02-18,740.96,Creative,
7641,CAMP00000072,CH00000013,2024-02-19,688.71,Agency,
7642,CAMP00000072,CH00000007,2024-02-19,524.72,Agency,
7643,CAMP00000072,CH00000001,2024-02-19,503.06,Creative,
7644,CAMP00000072,CH00000002,2024-02-20,497.07,Platform,
7645,CAMP00000072,CH00000013,2024-02-20,583.5,Agency,
7646,CAMP00000072,CH00000005,2024-02-20,696.07,Media,
7647,CAMP00000072,CH00000005,2024-02-21,749.11,Creative,
7648,CAMP00000072,CH00000013,2024-02-22,722.4,Media,
7649,CAMP00000072,CH00000007,2024-02-23,525.06,Platform,
7650,camp00000072,CH00000008,2024-02-23,549.26,Media,
7651,CAMP00000072,ch00000014,2024-02-24,736.3,Platform,
7652,CAMP00000072,CH00000004,2024-02-24,484.54,Creative,
7653,CAMP00000072,CH00000013,2024-02-25,512.23,Media,
7654,CAMP00000072,CH00000004,2024-02-25,601.95,Platform,
7655,CAMP00000072,CH00000010,2024-02-26,508.66,Platform,
7656,CAMP00000072,CH00000014,2024-02-26,650.77,Creative,
7657,CAMP00000072,CH  00000012,2024-02-26,559.9,Agency,
7658,CAMP00000072,CH00000010,2024-02-27,636.19,Agency,
7659,camp00000072,CH00000006,2024-02-27,707.32,Agency,
7660,CAMP00000072,CH00000005,2024-02-27,677.69,Agency,
7661,CAMP00000072,CH00000011,2024-02-28,594.13,Agency,
7662,CAMP00000072,CH00000005,2024-02-28,689.74,Platform,
7663,CAMP00000072,CH00000012,2024-02-28,525.7,Creative,
7664,CAMP00000072,CH00000012,2024-02-29,771.39,Creative,
7665,CAMP00000072,CH00000010,2024-02-29,511.31,Platform,
7666,CAMP00000072,CH00000009,2024-02-29,466.86,Media,
7667,CAMP00000072,CH00000001,2024-03-01,705.22,Media,
7668,CAMP00000072,CH00000014,2024-03-02,492.52,Media,
7669,CAMP00000073,CH00000008,2023-11-10,1455.89,Creative,
7670,camp00000073,CH00000012,2023-11-10,1921.44,Media,
7671,CAMP00000073,CH00000005,2023-11-11,1683.77,Platform,
7672,CAMP00000073,CH00000013,2023-11-11,2006.73,,
7673,CAMP00000073,CH00000014,2023-11-11,1954.09,Creative,
7674,CAMP00000073,CH00000015,2023-11-12,1259.84,Creative,
7675,CAMP00000073,CH00000006,2023-11-13,1101.71,Media,
7676,CAMP  00000073,CH00000011,2023-11-13,1668.91,Creative,
7677,CAMP00000073,CH00000002,2023-11-13,1334.31,Platform,
7678,CAMP00000073,CH00000006,2023-11-14,1195.56,Media,
7679,CAMP  00000073,CH00000014,2023-11-14,1990.21,Platform,
7680,CAMP00000073,CH00000007,2023-11-14,1526.5,Creative,
7681,CAMP00000073,CH00000012,2023-11-15,1423.92,Platform,
7682,CAMP00000073,CH00000012,2023-11-15,2036.18,Creative,
7683,CAMP00000073,CH00000001,2023-11-15,1703.6,Agency,
7684,CAMP00000073,CH00000012,2023-11-16,1319.34,Platform,
7685,CAMP00000073,CH00000006,2023-11-17,1674.33,Platform,
7686,CAMP00000073,CH00000007,2023-11-17,1350.8,Platform,
7687,CAMP00000073,CH00000013,2023-11-18,1633.58,Media,
7688,CAMP00000073,CH00000003,2023-11-19,1750.83,Agency,
7689,CAMP00000073,CH00000003,2023-11-19,1758.26,Media,
7690,CAMP00000073,CH00000002,2023-11-20,1539.87,Creative,
7691,CAMP00000074,CH00000008,2023-12-21,216.47,Creative,
7692,CAMP00000074,CH00000003,2023-12-21,338.56,Platform,
7693,CAMP00000074,CH00000001,2023-12-22,250.19,Platform,
7694,CAMP00000074,CH00000007,2023-12-23,219.14,Agency,
7695,CAMP00000074,CH00000009,2023-12-23,278.25,Agency,
7696,CAMP00000074,CH00000010,2023-12-24,265.23,Media,
7697,CAMP00000074,CH00000007,2023-12-25,310.24,Creative,
7698,CAMP00000074,CH00000007,2023-12-26,205.5,Media,
7699,CAMP00000074,CH00000001,2023-12-27,243.73,,
7700,CAMP  00000074,CH  00000011,2023-12-28,210.02,Media,
7701,CAMP00000074,CH00000008,2023-12-28,182.66,Creative,
7702,camp00000074,CH00000005,2023-12-29,242.46,Agency,
7703,CAMP00000074,CH00000004,2023-12-30,252.44,Agency,
7704,camp00000074,CH00000008,2023-12-31,318.8,Platform,
7705,CAMP  00000074,CH00000011,2023-12-31,274.29,Media,
7706,CAMP00000074,ch00000001,2024-01-01,337.79,Agency,
7707,CAMP00000074,CH00000012,2024-01-02,291.78,Platform,
7708,CAMP00000074,ch00000001,2024-01-02,307.92,Platform,
7709,CAMP00000074,CH00000008,2024-01-02,329.55,Creative,
7710,CAMP00000074,CH00000011,2024-01-03,229.13,Media,
7711,CAMP00000074,CH00000003,2024-01-04,252.52,Creative,
7712,CAMP00000074,ch00000003,2024-01-04,215.44,Media,
7713,CAMP00000074,CH00000013,2024-01-05,203.37,Media,
7714,CAMP00000074,CH00000012,2024-01-05,204.53,Creative,
7715,CAMP00000074,CH00000013,2024-01-06,288.77,Media,
7716,CAMP00000074,CH00000004,2024-01-07,263.95,Media,
7717,CAMP00000074,CH00000005,2024-01-07,337.78,Creative,
7718,CAMP00000074,CH00000015,2024-01-07,210.7,,
7719,CAMP00000074,CH00000007,2024-01-08,307.59,Platform,
7720,CAMP00000074,CH00000002,2024-01-09,241.15,Media,
7721,CAMP  00000074,CH00000008,2024-01-10,273.85,Creative,
7722,CAMP00000074,CH00000015,2024-01-10,199.32,Creative,
7723,CAMP00000074,CH00000005,2024-01-10,268.26,Media,
7724,CAMP00000074,CH  00000003,2024-01-11,293.85,Platform,
7725,CAMP00000074,CH00000015,2024-01-11,262.93,Platform,
7726,CAMP00000074,CH00000012,2024-01-12,228.16,Creative,
7727,camp00000074,CH00000011,2024-01-12,283.32,Agency,
7728,CAMP00000074,CH00000011,2024-01-12,264.01,Platform,
7729,CAMP00000074,CH00000009,2024-01-13,242.95,Creative,
7730,CAMP00000074,CH00000002,2024-01-13,265.2,Creative,
7731,CAMP00000074,CH  00000001,2024-01-13,224.81,Platform,
7732,CAMP00000074,CH00000005,2024-01-14,261.42,Media,
7733,CAMP00000074,CH00000002,2024-01-14,321.48,Agency,
7734,CAMP00000074,CH00000004,2024-01-15,262.9,Platform,
7735,CAMP00000074,CH00000002,2024-01-15,211.6,Media,
7736,CAMP00000074,CH00000013,2024-01-16,313.75,Agency,
7737,CAMP00000074,CH00000005,2024-01-16,266.43,Media,
7738,CAMP00000074,CH00000002,2024-01-17,315.83,Creative,
7739,CAMP00000074,CH00000010,2024-01-17,264.0,Platform,
7740,CAMP00000074,CH00000013,2024-01-18,321.68,Creative,
7741,CAMP00000074,CH00000001,2024-01-18,313.06,Platform,
7742,CAMP00000074,CH00000006,2024-01-19,281.34,Media,
7743,CAMP00000074,CH00000009,2024-01-19,307.02,Agency,
7744,CAMP  00000074,CH00000012,2024-01-20,306.98,Platform,
7745,CAMP00000074,CH00000013,2024-01-20,277.01,Creative,
7746,CAMP00000074,CH00000013,2024-01-21,317.08,Creative,
7747,CAMP00000074,CH00000011,2024-01-21,183.52,Platform,
7748,CAMP  00000074,CH00000001,2024-01-21,270.48,Platform,
7749,CAMP00000074,CH00000002,2024-01-22,296.6,Creative,
7750,CAMP00000074,CH00000001,2024-01-22,196.83,Creative,
7751,CAMP00000074,CH00000001,2024-01-23,297.18,Agency,
7752,CAMP00000074,CH00000007,2024-01-24,203.94,Platform,
7753,CAMP00000074,CH00000011,2024-01-24,244.6,Agency,
7754,CAMP00000074,CH00000004,2024-01-25,277.87,Media,
7755,CAMP00000074,CH00000002,2024-01-25,251.83,Creative,
7756,CAMP00000074,CH00000002,2024-01-26,268.01,Platform,
7757,CAMP00000074,CH00000003,2024-01-27,235.29,Media,
7758,CAMP00000074,CH00000007,2024-01-27,286.2,Media,
7759,CAMP00000074,CH00000006,2024-01-28,185.3,Creative,
7760,CAMP00000074,CH00000008,2024-01-29,275.6,Media,
7761,CAMP00000074,CH00000006,2024-01-30,222.86,Platform,
7762,CAMP00000074,CH00000005,2024-01-31,306.42,Creative,
7763,CAMP00000074,CH00000006,2024-02-01,263.31,Agency,
7764,CAMP00000074,CH00000010,2024-02-01,203.65,Agency,
7765,CAMP00000074,CH00000012,2024-02-01,336.38,Media,
7766,CAMP00000074,CH00000006,2024-02-02,199.56,Agency,
7767,CAMP00000074,CH00000012,2024-02-02,323.29,Creative,
7768,CAMP00000074,CH00000005,2024-02-03,185.76,Platform,
7769,CAMP00000074,CH00000003,2024-02-03,302.55,Platform,
7770,CAMP00000074,CH00000007,2024-02-04,293.83,Creative,
7771,CAMP00000074,CH00000011,2024-02-04,242.02,Platform,
7772,CAMP00000074,CH00000007,2024-02-05,285.34,Media,
7773,CAMP00000074,CH00000007,2024-02-05,192.27,Platform,
7774,CAMP00000074,CH00000015,2024-02-05,269.99,Media,
7775,CAMP00000074,CH00000015,2024-02-06,185.43,Creative,
7776,CAMP00000074,CH00000011,2024-02-07,244.64,Platform,
7777,CAMP00000074,CH00000007,2024-02-07,338.25,Media,
7778,CAMP00000074,CH00000012,2024-02-07,261.21,Platform,
7779,CAMP00000074,CH00000005,2024-02-08,334.0,Agency,
7780,CAMP00000074,CH00000006,2024-02-08,326.09,Agency,
7781,CAMP00000074,CH00000011,2024-02-09,191.98,Agency,
7782,CAMP00000074,CH00000006,2024-02-09,297.88,Platform,
7783,CAMP00000074,CH00000008,2024-02-10,253.06,Media,
7784,CAMP00000074,CH00000006,2024-02-10,253.35,Platform,
7785,CAMP00000074,CH00000014,2024-02-10,283.53,Media,
7786,CAMP00000074,CH00000001,2024-02-11,313.95,Platform,
7787,CAMP00000074,CH00000009,2024-02-11,213.94,Platform,
7788,CAMP00000074,CH00000012,2024-02-12,244.28,Creative,
7789,CAMP00000074,CH00000008,2024-02-12,274.64,Platform,
7790,CAMP00000074,CH00000002,2024-02-12,219.56,Creative,
7791,CAMP00000074,ch00000001,2024-02-13,300.6,Agency,
7792,CAMP00000074,CH00000002,2024-02-13,241.12,Platform,
7793,CAMP  00000074,CH00000004,2024-02-14,255.78,Creative,
7794,CAMP00000074,CH00000001,2024-02-15,191.03,Creative,
7795,CAMP  00000074,CH00000006,2024-02-16,241.87,Agency,
7796,CAMP  00000074,CH00000002,2024-02-16,338.83,Agency,
7797,CAMP00000074,CH00000001,2024-02-16,300.93,Creative,
7798,CAMP00000074,CH00000011,2024-02-17,273.74,Agency,
7799,CAMP00000074,CH00000007,2024-02-18,211.8,Platform,
7800,CAMP00000074,CH  00000008,2024-02-18,323.41,Agency,
7801,CAMP00000074,CH00000014,2024-02-19,283.81,Agency,
7802,CAMP00000074,CH00000003,2024-02-20,246.98,Agency,
7803,CAMP00000074,CH00000007,2024-02-20,231.12,Platform,
7804,CAMP00000074,CH00000002,2024-02-21,203.91,Agency,
7805,CAMP00000074,CH00000002,2024-02-22,241.85,Creative,
7806,CAMP00000074,CH00000001,2024-02-23,215.3,Creative,
7807,CAMP00000074,CH00000005,2024-02-24,271.08,Creative,
7808,CAMP00000074,CH00000009,2024-02-24,279.25,Creative,
7809,CAMP00000074,CH00000011,2024-02-24,195.07,Agency,
7810,CAMP00000074,CH00000008,2024-02-25,335.59,Creative,
7811,CAMP00000074,CH00000011,2024-02-25,250.81,Media,
7812,CAMP00000074,CH00000007,2024-02-25,250.86,Media,
7813,CAMP00000074,CH00000010,2024-02-26,230.95,Media,
7814,CAMP00000074,CH00000007,2024-02-26,236.8,Media,
7815,CAMP00000074,CH00000003,2024-02-26,190.99,Creative,
7816,CAMP00000074,CH00000004,2024-02-27,304.74,Platform,
7817,CAMP00000074,CH00000015,2024-02-27,334.68,Media,
7818,CAMP00000074,CH00000001,2024-02-27,290.83,Platform,
7819,CAMP00000074,CH00000004,2024-02-28,183.64,Platform,
7820,CAMP00000074,CH00000007,2024-02-29,327.64,Agency,
7821,CAMP00000074,CH00000009,2024-02-29,300.11,Media,
7822,CAMP00000074,CH00000010,2024-02-29,329.72,Platform,
7823,CAMP00000074,CH00000005,2024-03-01,297.59,Media,
7824,CAMP00000074,CH00000013,2024-03-02,280.93,Agency,
7825,CAMP00000074,CH00000003,2024-03-02,271.93,Agency,
7826,CAMP00000074,CH00000004,2024-03-02,194.78,Media,
7827,CAMP00000074,CH00000006,2024-03-03,201.25,Creative,
7828,CAMP00000074,CH00000008,2024-03-04,287.98,Platform,
7829,CAMP00000074,CH00000005,2024-03-05,251.79,Creative,
7830,CAMP00000074,CH00000002,2024-03-06,234.06,Media,
7831,CAMP00000075,CH00000004,2024-10-17,560.99,Media,
7832,CAMP00000075,CH00000004,2024-10-17,380.7,Platform,
7833,CAMP00000075,CH00000006,2024-10-17,351.54,Platform,
7834,CAMP00000075,CH00000002,2024-10-18,439.38,Media,
7835,CAMP00000075,CH00000015,2024-10-19,552.11,Media,
7836,CAMP00000075,CH00000015,2024-10-19,423.85,Agency,
7837,CAMP00000075,CH  00000009,2024-10-19,493.81,Platform,
7838,CAMP00000075,CH00000010,2024-10-20,345.06,Platform,
7839,CAMP00000075,CH00000004,2024-10-21,455.98,Media,
7840,CAMP00000075,CH00000012,2024-10-21,370.74,Media,
7841,CAMP00000075,CH00000004,2024-10-22,465.44,Creative,
7842,CAMP  00000075,CH00000015,2024-10-22,414.25,Platform,
7843,CAMP00000075,CH00000009,2024-10-23,522.7,Platform,
7844,CAMP00000075,ch00000002,2024-10-23,542.54,Platform,
7845,CAMP00000075,CH00000014,2024-10-23,317.16,Agency,
7846,CAMP00000075,CH00000015,2024-10-24,407.43,Media,
7847,CAMP00000075,CH00000003,2024-10-24,340.9,Media,
7848,CAMP00000075,CH00000012,2024-10-25,536.63,Media,
7849,CAMP00000075,CH00000015,2024-10-26,326.81,Agency,
7850,CAMP00000075,CH00000009,2024-10-26,558.37,Creative,
7851,CAMP00000075,CH00000008,2024-10-27,463.28,Platform,
7852,CAMP00000075,CH00000013,2024-10-28,441.05,Creative,
7853,CAMP00000075,CH00000010,2024-10-28,356.48,Creative,
7854,CAMP00000075,CH00000009,2024-10-29,359.96,Platform,
7855,CAMP00000075,CH00000012,2024-10-29,473.9,Agency,
7856,CAMP00000075,CH00000008,2024-10-29,571.96,Creative,
7857,CAMP00000075,CH00000010,2024-10-30,494.59,Agency,
7858,CAMP00000075,CH00000011,2024-10-30,414.19,Media,
7859,CAMP00000075,CH00000001,2024-10-30,368.61,Platform,
7860,CAMP00000075,CH00000005,2024-10-31,576.47,Creative,
7861,CAMP00000075,CH00000006,2024-10-31,328.39,Platform,
7862,CAMP00000075,CH00000010,2024-11-01,384.77,Creative,
7863,CAMP00000075,CH00000006,2024-11-01,378.47,Media,
7864,CAMP00000075,CH00000010,2024-11-02,567.78,Agency,
7865,CAMP00000075,CH00000006,2024-11-02,400.92,Creative,
7866,CAMP00000075,CH00000012,2024-11-02,372.67,Creative,
7867,CAMP00000075,CH00000008,2024-11-03,428.7,Media,
7868,CAMP00000075,CH  00000005,2024-11-03,469.2,Platform,
7869,CAMP00000075,CH00000008,2024-11-04,490.66,Creative,
7870,CAMP00000076,CH00000005,2024-11-07,840.42,Platform,
7871,CAMP00000076,CH00000008,2024-11-07,1405.59,Agency,
7872,CAMP00000076,CH00000007,2024-11-07,1209.98,Creative,
7873,CAMP00000076,CH00000015,2024-11-08,1382.06,Creative,
7874,CAMP00000076,CH00000013,2024-11-08,1136.47,Platform,
7875,CAMP00000076,CH00000011,2024-11-08,967.35,Creative,
7876,CAMP00000076,CH00000008,2024-11-09,1442.96,Platform,
7877,camp00000076,CH00000003,2024-11-09,1007.77,Creative,
7878,CAMP00000076,CH00000011,2024-11-09,1467.99,Creative,
7879,CAMP00000076,CH00000006,2024-11-10,993.24,Creative,
7880,CAMP00000076,CH00000004,2024-11-10,1079.73,Agency,
7881,CAMP00000076,CH00000003,2024-11-10,1035.38,Platform,
7882,CAMP00000076,CH00000003,2024-11-11,860.74,Creative,
7883,CAMP00000076,CH  00000014,2024-11-11,1272.97,Creative,
7884,CAMP00000076,CH00000012,2024-11-12,1439.47,Platform,
7885,CAMP00000076,CH00000013,2024-11-13,1238.51,Media,
7886,CAMP00000076,CH00000004,2024-11-13,1114.63,Media,
7887,CAMP00000076,CH00000003,2024-11-14,1180.69,Platform,
7888,CAMP00000076,CH  00000005,2024-11-14,1389.47,Platform,
7889,CAMP00000076,CH00000005,2024-11-15,1249.53,Creative,
7890,CAMP  00000076,CH00000009,2024-11-15,1014.43,Platform,
7891,CAMP00000076,CH  00000002,2024-11-15,1082.23,Creative,
7892,CAMP00000076,CH00000002,2024-11-16,813.72,Platform,
7893,CAMP00000076,CH00000002,2024-11-16,960.07,Creative,
7894,CAMP00000076,CH00000006,2024-11-17,1021.35,Agency,
7895,CAMP00000076,CH00000010,2024-11-17,1122.48,Media,
7896,CAMP00000077,CH00000007,2024-09-11,240.85,Media,
7897,CAMP00000077,CH00000003,2024-09-12,413.72,Platform,
7898,CAMP00000077,CH00000001,2024-09-12,393.55,Media,
7899,CAMP00000077,CH00000009,2024-09-13,374.93,Creative,
7900,CAMP00000077,CH00000001,2024-09-14,406.6,Creative,
7901,CAMP00000077,CH00000001,2024-09-14,429.8,Media,
7902,CAMP00000077,CH  00000014,2024-09-14,427.17,Agency,
7903,CAMP00000077,CH00000013,2024-09-15,325.58,Creative,
7904,CAMP00000077,CH00000003,2024-09-16,244.35,Platform,
7905,CAMP00000077,CH00000006,2024-09-17,433.0,Creative,
7906,CAMP00000077,CH00000006,2024-09-17,277.72,Platform,
7907,CAMP00000077,CH00000003,2024-09-17,282.43,Creative,
7908,CAMP00000077,CH00000012,2024-09-18,434.03,Platform,
7909,CAMP  00000077,CH00000001,2024-09-18,287.27,Media,
7910,CAMP00000077,CH00000002,2024-09-19,432.84,Agency,
7911,CAMP00000077,CH00000002,2024-09-19,354.83,Media,
7912,CAMP00000077,CH00000014,2024-09-19,293.2,Media,
7913,CAMP00000077,ch00000006,2024-09-20,437.3,Agency,
7914,CAMP00000077,CH00000004,2024-09-21,426.82,Creative,
7915,CAMP00000077,CH00000006,2024-09-21,299.39,Platform,
7916,CAMP00000077,CH00000013,2024-09-21,384.05,Agency,
7917,CAMP00000077,CH00000005,2024-09-22,412.9,Agency,
7918,CAMP00000077,CH00000015,2024-09-22,370.74,Creative,
7919,CAMP00000077,CH00000005,2024-09-23,314.49,Creative,
7920,CAMP00000077,CH00000011,2024-09-24,415.3,Creative,
7921,CAMP00000077,CH  00000005,2024-09-25,309.21,Media,
7922,CAMP00000077,CH00000006,2024-09-26,425.53,Platform,
7923,CAMP00000077,CH00000009,2024-09-26,265.35,Agency,
7924,CAMP00000077,CH00000012,2024-09-27,351.77,Media,
7925,CAMP00000077,CH00000003,2024-09-27,271.01,Agency,
7926,CAMP00000077,CH00000010,2024-09-27,337.58,Platform,
7927,CAMP00000077,CH  00000008,2024-09-28,372.84,Platform,
7928,CAMP00000077,CH00000013,2024-09-28,365.41,Platform,
7929,CAMP00000077,CH00000005,2024-09-28,401.07,Agency,
7930,CAMP00000077,CH00000009,2024-09-29,316.93,Media,
7931,CAMP00000077,CH00000009,2024-09-29,349.15,Media,
7932,CAMP00000077,CH00000003,2024-09-29,377.59,Platform,
7933,camp00000077,CH00000009,2024-09-30,322.12,Media,
7934,CAMP00000077,CH00000005,2024-09-30,333.86,Agency,
7935,CAMP00000077,CH00000014,2024-10-01,286.33,Creative,
7936,CAMP00000077,CH  00000002,2024-10-01,439.59,Agency,
7937,CAMP00000077,CH00000013,2024-10-01,423.29,Media,
7938,CAMP00000077,ch00000001,2024-10-02,422.91,Media,
7939,CAMP00000077,CH00000015,2024-10-02,313.47,Platform,
7940,CAMP00000077,CH00000002,2024-10-02,241.12,Agency,
7941,CAMP00000077,CH00000009,2024-10-03,301.77,Creative,
7942,CAMP00000077,CH00000013,2024-10-04,382.18,Media,
7943,CAMP00000077,CH00000014,2024-10-05,348.97,Creative,
7944,CAMP00000077,CH00000013,2024-10-05,318.43,Platform,
7945,CAMP00000077,CH00000005,2024-10-05,432.08,Agency,
7946,CAMP00000077,CH00000005,2024-10-06,309.06,Agency,
7947,CAMP00000077,CH00000010,2024-10-06,327.84,Creative,
7948,CAMP00000077,CH00000015,2024-10-07,415.35,Media,
7949,CAMP00000077,CH00000003,2024-10-07,258.14,Media,
7950,camp00000077,CH00000011,2024-10-07,379.97,Media,
7951,CAMP00000077,CH00000011,2024-10-08,398.67,Creative,
7952,CAMP00000077,CH00000004,2024-10-09,389.96,Agency,
7953,CAMP00000077,CH00000001,2024-10-10,379.9,Media,
7954,CAMP00000077,ch00000004,2024-10-10,415.56,Media,
7955,CAMP00000077,CH00000001,2024-10-10,399.74,Agency,
7956,CAMP00000077,CH00000012,2024-10-11,305.13,Media,
7957,CAMP00000077,CH00000008,2024-10-11,263.89,Platform,
7958,CAMP00000077,CH00000001,2024-10-11,331.55,Creative,
7959,CAMP00000077,CH00000010,2024-10-12,352.97,Agency,
7960,CAMP00000077,CH00000002,2024-10-13,248.64,Platform,
7961,CAMP00000077,CH00000002,2024-10-14,300.77,Agency,
7962,CAMP00000077,CH00000011,2024-10-14,288.11,Media,
7963,CAMP00000077,CH00000006,2024-10-15,305.66,Media,
7964,CAMP00000077,CH00000009,2024-10-15,354.56,Agency,
7965,CAMP00000077,CH00000011,2024-10-16,418.26,Agency,
7966,CAMP00000077,CH00000013,2024-10-16,333.77,Media,
7967,CAMP00000077,CH00000009,2024-10-17,392.55,Media,
7968,CAMP00000077,CH00000004,2024-10-17,395.4,Agency,
7969,CAMP00000077,CH00000010,2024-10-18,412.28,Creative,
7970,CAMP00000077,CH00000014,2024-10-19,392.79,Creative,
7971,CAMP00000077,CH00000008,2024-10-19,440.54,Media,
7972,CAMP00000078,CH00000009,2024-03-12,69.89,Agency,
7973,CAMP00000078,CH00000004,2024-03-12,83.0,Agency,
7974,CAMP00000078,CH00000005,2024-03-12,80.11,Agency,
7975,CAMP00000078,CH00000003,2024-03-13,104.68,Creative,
7976,CAMP  00000078,CH00000006,2024-03-13,88.48,Creative,
7977,CAMP00000078,CH00000003,2024-03-14,101.35,Media,
7978,CAMP00000078,CH00000009,2024-03-14,69.48,Media,
7979,CAMP00000078,CH00000004,2024-03-14,93.56,Agency,
7980,CAMP00000078,CH00000013,2024-03-15,94.25,Creative,
7981,CAMP00000078,CH00000011,2024-03-16,114.42,Media,
7982,CAMP00000078,CH00000008,2024-03-16,76.31,Agency,
7983,CAMP00000078,CH00000005,2024-03-16,91.73,Creative,
7984,CAMP00000078,CH00000005,2024-03-17,71.36,Agency,
7985,CAMP00000078,CH00000008,2024-03-18,100.71,Creative,
7986,CAMP00000078,CH00000007,2024-03-18,85.85,Platform,
7987,CAMP00000078,CH00000011,2024-03-18,98.75,Platform,
7988,CAMP00000078,CH00000012,2024-03-19,63.71,Platform,
7989,CAMP00000078,CH00000004,2024-03-19,92.16,Creative,
7990,CAMP00000078,CH00000010,2024-03-19,95.6,Agency,
7991,CAMP00000078,CH00000012,2024-03-20,72.63,Media,
7992,CAMP00000078,CH00000011,2024-03-20,69.89,Platform,
7993,CAMP00000078,CH00000014,2024-03-21,83.33,Media,
7994,CAMP00000078,CH00000009,2024-03-22,64.25,Media,
7995,CAMP00000078,CH00000010,2024-03-23,66.27,Platform,
7996,CAMP00000078,CH00000013,2024-03-23,103.94,Platform,
7997,CAMP00000078,CH00000002,2024-03-24,81.69,Media,
7998,CAMP00000078,CH00000002,2024-03-24,104.51,Platform,
7999,CAMP00000078,CH00000007,2024-03-24,103.11,Creative,
8000,CAMP00000078,ch00000001,2024-03-25,101.71,Platform,
8001,CAMP00000078,CH00000005,2024-03-25,71.46,Creative,
8002,CAMP00000078,CH00000005,2024-03-26,107.64,Creative,
8003,CAMP00000078,CH00000009,2024-03-26,72.24,Platform,
8004,CAMP00000078,CH00000010,2024-03-26,88.26,Platform,
8005,CAMP00000078,CH00000008,2024-03-27,72.25,Media,
8006,CAMP00000078,CH00000005,2024-03-27,104.08,Media,
8007,CAMP00000078,CH00000006,2024-03-27,70.41,Platform,
8008,CAMP00000078,CH  00000014,2024-03-28,83.99,Platform,
8009,CAMP00000078,CH00000012,2024-03-28,77.57,Creative,
8010,CAMP00000078,CH00000012,2024-03-28,71.81,Creative,
8011,CAMP00000078,CH00000007,2024-03-29,82.3,Creative,
8012,CAMP00000078,CH00000001,2024-03-29,114.51,Creative,
8013,CAMP00000078,CH00000005,2024-03-29,86.93,Media,
8014,CAMP00000078,CH00000006,2024-03-30,98.9,Creative,
8015,CAMP00000078,CH00000004,2024-03-30,103.61,Creative,
8016,CAMP  00000078,CH00000005,2024-03-31,91.34,Media,
8017,CAMP00000078,CH00000003,2024-03-31,94.12,Creative,
8018,CAMP  00000078,CH00000006,2024-04-01,82.56,Agency,
8019,CAMP00000078,CH00000013,2024-04-01,93.16,Agency,
8020,CAMP00000078,CH00000008,2024-04-01,94.21,Agency,
8021,CAMP00000078,CH00000012,2024-04-02,64.72,Platform,
8022,CAMP00000078,CH00000001,2024-04-03,92.22,Media,
8023,CAMP00000078,CH00000012,2024-04-03,83.75,Agency,
8024,CAMP00000078,CH00000004,2024-04-04,98.16,Agency,
8025,CAMP00000078,CH  00000013,2024-04-05,80.65,Creative,
8026,CAMP00000078,CH00000015,2024-04-05,67.72,Agency,
8027,CAMP  00000078,CH00000005,2024-04-05,111.34,Agency,
8028,CAMP00000078,CH00000009,2024-04-06,63.35,Creative,
8029,CAMP00000078,CH00000011,2024-04-06,93.75,Media,
8030,CAMP00000078,CH00000002,2024-04-07,87.97,Creative,
8031,CAMP00000078,CH00000001,2024-04-07,74.1,Media,
8032,CAMP00000078,CH00000006,2024-04-08,112.9,Creative,
8033,CAMP00000078,CH00000006,2024-04-08,85.45,Agency,
8034,CAMP00000078,CH00000012,2024-04-09,73.1,Agency,
8035,CAMP00000078,CH00000011,2024-04-09,63.82,Platform,
8036,CAMP00000078,CH00000006,2024-04-09,63.14,Media,
8037,CAMP00000078,CH00000004,2024-04-10,82.66,Creative,
8038,CAMP00000078,CH00000007,2024-04-10,91.62,Creative,
8039,CAMP00000078,CH00000008,2024-04-11,104.86,Agency,
8040,CAMP00000078,CH00000012,2024-04-11,62.38,Creative,
8041,camp00000078,CH00000011,2024-04-12,69.59,Media,
8042,CAMP00000078,CH00000002,2024-04-13,68.01,Creative,
8043,CAMP00000078,CH00000015,2024-04-13,83.66,Creative,
8044,CAMP00000078,ch00000009,2024-04-14,100.04,Agency,
8045,CAMP00000078,CH00000011,2024-04-14,73.87,,
8046,CAMP00000078,CH00000012,2024-04-14,102.42,Media,
8047,CAMP00000078,CH00000013,2024-04-15,107.2,Agency,
8048,CAMP00000078,CH00000013,2024-04-15,100.79,Agency,
8049,CAMP00000078,CH00000005,2024-04-16,82.6,Agency,
8050,CAMP00000078,CH00000001,2024-04-16,61.95,Agency,
8051,CAMP00000078,CH00000011,2024-04-17,70.89,Platform,
8052,camp  00000078,CH00000005,2024-04-18,87.71,Platform,
8053,CAMP00000078,CH00000011,2024-04-18,91.89,Creative,
8054,CAMP00000078,CH00000015,2024-04-18,98.2,Media,
8055,CAMP00000078,CH00000014,2024-04-19,80.99,Creative,
8056,CAMP00000078,CH00000012,2024-04-20,102.47,Agency,
8057,CAMP00000078,CH00000010,2024-04-20,68.89,Platform,
8058,CAMP00000078,CH00000002,2024-04-21,97.7,Agency,
8059,CAMP00000078,CH00000006,2024-04-21,70.34,Media,
8060,CAMP00000078,CH00000008,2024-04-22,80.34,Platform,
8061,CAMP00000078,CH00000008,2024-04-22,64.44,Media,
8062,CAMP00000078,CH00000003,2024-04-22,114.86,Platform,
8063,CAMP00000078,CH00000001,2024-04-23,94.88,Creative,
8064,CAMP00000078,CH00000002,2024-04-23,100.49,Creative,
8065,CAMP00000078,CH00000015,2024-04-23,96.84,Creative,
8066,CAMP00000078,CH00000007,2024-04-24,102.66,Media,
8067,CAMP00000078,CH00000006,2024-04-25,112.73,Platform,
8068,CAMP00000078,CH00000010,2024-04-25,100.47,Media,
8069,CAMP  00000078,CH00000010,2024-04-25,83.55,Platform,
8070,CAMP00000078,CH00000008,2024-04-26,89.61,Platform,
8071,CAMP00000078,CH00000001,2024-04-27,74.69,Platform,
8072,CAMP00000078,CH00000014,2024-04-27,80.7,Agency,
8073,CAMP00000078,CH00000014,2024-04-28,75.04,Creative,
8074,CAMP00000078,CH00000003,2024-04-29,63.89,Creative,
8075,CAMP00000078,CH00000015,2024-04-29,83.15,Creative,
8076,CAMP00000078,CH00000010,2024-04-30,103.29,Creative,
8077,CAMP00000078,CH00000009,2024-04-30,68.7,Platform,
8078,CAMP00000078,CH00000015,2024-04-30,110.2,Creative,
8079,CAMP00000078,CH00000015,2024-05-01,98.1,Agency,
8080,CAMP00000078,CH00000002,2024-05-01,107.87,Platform,
8081,CAMP00000078,CH00000001,2024-05-01,101.93,Creative,
8082,CAMP00000078,CH00000014,2024-05-02,107.47,Media,
8083,CAMP00000078,CH00000003,2024-05-02,100.96,Media,
8084,CAMP00000078,CH00000003,2024-05-03,95.64,Creative,
8085,CAMP00000078,CH00000004,2024-05-04,78.66,Creative,
8086,CAMP00000078,CH00000015,2024-05-04,69.39,Agency,
8087,CAMP00000078,CH00000008,2024-05-04,80.67,Media,
8088,CAMP  00000078,CH00000004,2024-05-05,98.34,Media,
8089,CAMP00000078,CH00000008,2024-05-06,79.7,Platform,
8090,CAMP00000078,CH00000012,2024-05-06,95.46,Platform,
8091,CAMP00000078,CH00000011,2024-05-07,69.48,Platform,
8092,CAMP00000078,CH  00000012,2024-05-07,62.55,Agency,
8093,CAMP00000078,ch00000002,2024-05-07,65.34,Platform,
8094,CAMP00000078,CH00000013,2024-05-08,70.84,Media,
8095,CAMP00000078,CH00000010,2024-05-08,108.65,Media,
8096,CAMP00000078,CH00000012,2024-05-08,64.32,Agency,
8097,CAMP00000078,CH00000006,2024-05-09,90.7,Agency,
8098,CAMP00000078,CH00000014,2024-05-10,103.56,Platform,
8099,CAMP00000078,CH00000013,2024-05-10,99.53,Media,
8100,CAMP  00000078,CH00000002,2024-05-10,83.09,Creative,
8101,CAMP00000078,CH00000013,2024-05-11,110.62,Media,
8102,CAMP  00000078,ch00000005,2024-05-11,99.53,Media,
8103,CAMP00000078,CH00000001,2024-05-12,101.09,Creative,
8104,CAMP00000078,CH00000015,2024-05-12,62.8,Platform,
8105,CAMP00000078,CH00000006,2024-05-12,80.3,Creative,
8106,CAMP00000078,CH00000008,2024-05-13,103.32,Media,
8107,camp00000078,CH00000003,2024-05-13,102.08,Creative,
8108,CAMP00000078,CH00000001,2024-05-13,86.89,Media,
8109,CAMP00000078,CH00000012,2024-05-14,87.63,Media,
8110,CAMP  00000078,CH00000014,2024-05-14,93.06,Agency,
8111,CAMP00000078,CH00000003,2024-05-15,112.84,Media,
8112,CAMP00000078,CH00000012,2024-05-15,82.57,Creative,
8113,CAMP00000078,CH00000003,2024-05-15,93.2,Agency,
8114,CAMP00000078,CH00000013,2024-05-16,77.99,Agency,
8115,CAMP00000078,CH00000005,2024-05-17,114.35,Creative,
8116,CAMP00000078,CH00000005,2024-05-18,93.12,Creative,
8117,CAMP00000078,CH00000008,2024-05-18,86.12,Agency,
8118,CAMP00000078,CH00000014,2024-05-18,74.34,Platform,
8119,CAMP00000078,CH00000006,2024-05-19,86.93,Creative,
8120,CAMP00000078,CH00000012,2024-05-19,98.78,Platform,
8121,CAMP00000078,CH00000013,2024-05-19,86.99,Media,
8122,CAMP00000078,CH00000003,2024-05-20,90.02,Creative,
8123,CAMP00000078,CH00000009,2024-05-21,67.78,Creative,
8124,CAMP00000078,CH00000006,2024-05-21,89.12,Agency,
8125,CAMP00000078,CH00000008,2024-05-22,90.57,Agency,
8126,CAMP00000078,CH00000005,2024-05-22,63.23,Creative,
8127,CAMP00000078,CH00000011,2024-05-23,89.63,Media,
8128,CAMP00000078,CH00000009,2024-05-24,83.79,Creative,
8129,CAMP00000078,CH00000009,2024-05-24,86.56,Agency,
8130,CAMP00000079,CH00000006,2024-11-20,217.76,Platform,
8131,CAMP00000079,CH00000011,2024-11-21,296.23,Agency,
8132,CAMP00000079,CH00000014,2024-11-22,364.96,Creative,
8133,CAMP00000079,CH00000011,2024-11-23,198.39,Creative,
8134,CAMP00000079,CH00000001,2024-11-23,345.22,Platform,
8135,CAMP00000079,CH00000005,2024-11-24,321.6,Platform,
8136,CAMP00000079,CH00000002,2024-11-24,284.43,Agency,
8137,CAMP00000079,CH00000001,2024-11-24,216.4,Creative,
8138,CAMP00000079,CH00000006,2024-11-25,316.92,Creative,
8139,CAMP00000079,CH00000005,2024-11-25,359.66,Agency,
8140,CAMP00000079,CH00000015,2024-11-26,242.55,Media,
8141,CAMP00000079,CH00000013,2024-11-26,327.19,Agency,
8142,CAMP00000079,CH00000003,2024-11-26,261.98,Agency,
8143,CAMP  00000079,CH00000010,2024-11-27,264.1,Platform,
8144,CAMP00000079,CH00000012,2024-11-27,338.89,Creative,
8145,CAMP00000079,ch00000009,2024-11-27,314.49,Creative,
8146,CAMP00000079,CH00000012,2024-11-28,218.1,Media,
8147,CAMP  00000079,CH00000008,2024-11-28,272.09,Media,
8148,CAMP00000079,CH00000014,2024-11-28,265.55,Platform,
8149,CAMP00000079,CH00000006,2024-11-29,331.31,Creative,
8150,CAMP00000079,CH00000014,2024-11-30,273.86,Creative,
8151,CAMP00000079,CH00000008,2024-12-01,246.11,Media,
8152,CAMP00000079,CH00000009,2024-12-02,233.19,Platform,
8153,CAMP00000079,CH00000008,2024-12-02,219.61,Agency,
8154,CAMP00000079,CH00000005,2024-12-03,280.77,Agency,
8155,CAMP00000079,CH00000005,2024-12-03,233.07,Platform,
8156,CAMP00000079,CH00000006,2024-12-03,204.19,Creative,
8157,CAMP00000079,CH00000003,2024-12-04,309.59,Media,
8158,CAMP00000079,ch00000014,2024-12-04,339.97,Agency,
8159,CAMP00000079,CH00000002,2024-12-05,285.41,Agency,
8160,CAMP00000079,CH00000005,2024-12-05,337.25,Creative,
8161,CAMP00000079,CH00000008,2024-12-05,317.44,Platform,
8162,CAMP00000079,CH00000013,2024-12-06,232.5,Platform,
8163,CAMP  00000079,CH00000010,2024-12-07,303.33,Creative,
8164,CAMP  00000079,CH00000002,2024-12-08,327.79,Creative,
8165,CAMP00000079,CH00000002,2024-12-09,319.35,Media,
8166,CAMP00000079,CH00000012,2024-12-09,267.72,Media,
8167,CAMP00000079,CH00000013,2024-12-10,242.75,Platform,
8168,CAMP00000079,CH00000003,2024-12-10,318.91,Agency,
8169,CAMP00000079,CH00000011,2024-12-10,344.73,Agency,
8170,CAMP00000079,CH00000001,2024-12-11,310.9,Agency,
8171,CAMP00000079,CH00000003,2024-12-11,324.95,Platform,
8172,CAMP00000079,CH00000006,2024-12-11,278.73,Media,
8173,CAMP00000079,CH00000006,2024-12-12,223.02,Agency,
8174,CAMP00000079,CH00000011,2024-12-12,211.19,Platform,
8175,CAMP  00000079,CH00000007,2024-12-13,311.87,Creative,
8176,CAMP00000079,CH00000010,2024-12-13,307.67,Agency,
8177,CAMP00000079,CH00000008,2024-12-14,254.48,Media,
8178,CAMP00000079,CH00000013,2024-12-14,316.57,Creative,
8179,CAMP00000079,CH  00000015,2024-12-15,329.89,Platform,
8180,CAMP00000079,CH00000011,2024-12-15,279.81,Creative,
8181,CAMP00000079,CH00000009,2024-12-15,210.01,Creative,
8182,CAMP00000079,CH00000013,2024-12-16,354.87,Creative,
8183,CAMP00000079,CH00000007,2024-12-16,199.31,Creative,
8184,CAMP00000079,CH00000014,2024-12-17,321.17,Agency,
8185,CAMP00000079,CH00000008,2024-12-18,280.43,Media,
8186,CAMP00000079,CH00000004,2024-12-18,266.78,Platform,
8187,CAMP00000079,CH00000001,2024-12-19,331.12,Creative,
8188,CAMP00000079,CH00000001,2024-12-19,234.32,Media,
8189,CAMP00000079,CH00000006,2024-12-19,260.77,Platform,
8190,camp00000079,CH00000008,2024-12-20,251.53,Agency,
8191,CAMP00000079,CH00000008,2024-12-20,318.27,Agency,
8192,CAMP00000079,CH00000002,2024-12-21,285.37,Creative,
8193,CAMP  00000079,CH00000012,2024-12-21,246.59,Platform,
8194,CAMP00000079,CH00000005,2024-12-21,346.06,Agency,
8195,CAMP00000079,CH00000001,2024-12-22,287.81,Creative,
8196,CAMP00000079,CH00000009,2024-12-22,231.59,Creative,
8197,CAMP00000079,CH00000010,2024-12-23,201.32,Agency,
8198,CAMP00000079,CH  00000008,2024-12-23,281.47,Media,
8199,CAMP00000079,CH00000014,2024-12-23,303.08,Creative,
8200,CAMP00000079,CH00000014,2024-12-24,231.5,Media,
8201,CAMP00000079,CH00000014,2024-12-24,354.78,Platform,
8202,CAMP  00000079,CH00000010,2024-12-24,318.72,Creative,
8203,CAMP  00000079,CH00000001,2024-12-25,352.47,Platform,
8204,CAMP00000079,CH00000005,2024-12-26,269.17,Media,
8205,CAMP00000079,CH00000009,2024-12-26,304.84,Agency,
8206,CAMP00000079,CH00000001,2024-12-27,264.88,Creative,
8207,CAMP00000079,CH00000004,2024-12-28,206.22,Agency,
8208,CAMP00000079,ch00000010,2024-12-28,247.35,Creative,
8209,CAMP00000079,CH00000011,2024-12-28,363.02,Platform,
8210,CAMP00000079,CH00000015,2024-12-29,359.24,Platform,
8211,CAMP00000079,CH  00000014,2024-12-29,243.8,Creative,
8212,CAMP00000079,CH00000008,2024-12-30,264.95,Media,
8213,CAMP00000079,CH00000009,2024-12-31,244.6,Platform,
8214,CAMP00000079,CH00000008,2025-01-01,320.87,Agency,
8215,CAMP00000079,CH00000011,2025-01-02,208.88,Agency,
8216,CAMP00000079,CH00000005,2025-01-03,220.26,Platform,
8217,CAMP00000079,CH00000009,2025-01-04,339.77,Platform,
8218,CAMP00000079,CH00000003,2025-01-04,265.45,Media,
8219,CAMP00000079,CH00000010,2025-01-04,336.24,Media,
8220,CAMP00000079,CH00000009,2025-01-05,210.78,Platform,
8221,CAMP00000079,CH00000015,2025-01-05,317.11,Media,
8222,CAMP00000079,CH00000003,2025-01-06,308.55,Agency,
8223,CAMP00000079,CH00000015,2025-01-06,255.44,Creative,
8224,CAMP00000079,CH00000012,2025-01-06,245.36,Media,
8225,CAMP00000079,CH00000006,2025-01-07,322.96,Creative,
8226,CAMP00000079,CH00000013,2025-01-07,298.3,Creative,
8227,CAMP  00000079,CH00000002,2025-01-08,361.97,Creative,
8228,CAMP00000079,CH00000015,2025-01-08,347.59,Platform,
8229,CAMP00000079,CH00000001,2025-01-09,198.18,Platform,
8230,CAMP00000079,CH00000004,2025-01-10,244.23,Agency,
8231,CAMP00000079,CH00000015,2025-01-10,198.63,Platform,
8232,CAMP00000079,CH00000001,2025-01-11,315.62,Creative,
8233,CAMP00000079,CH00000014,2025-01-11,197.14,Platform,
8234,CAMP00000079,CH  00000009,2025-01-11,303.15,Creative,
8235,CAMP00000079,CH00000006,2025-01-12,208.19,Creative,
8236,CAMP00000079,CH00000001,2025-01-12,226.76,Creative,
8237,CAMP00000079,CH00000010,2025-01-12,362.58,Creative,
8238,CAMP00000079,CH00000004,2025-01-13,325.09,,
8239,CAMP00000079,CH00000003,2025-01-13,298.88,Creative,
8240,CAMP00000079,ch00000001,2025-01-13,269.9,Media,
8241,CAMP00000079,CH00000011,2025-01-14,259.89,Media,
8242,CAMP00000079,CH00000006,2025-01-14,277.09,Agency,
8243,CAMP00000079,CH00000013,2025-01-15,285.77,Agency,
8244,CAMP00000079,CH00000002,2025-01-15,245.05,Media,
8245,CAMP00000079,CH00000006,2025-01-15,282.87,Platform,
8246,CAMP00000080,CH00000014,2024-06-16,651.45,Creative,
8247,CAMP00000080,CH00000013,2024-06-16,946.87,Platform,
8248,CAMP00000080,CH00000010,2024-06-16,669.16,Agency,
8249,CAMP00000080,CH00000004,2024-06-17,906.12,Agency,
8250,CAMP00000080,CH00000009,2024-06-17,635.91,Agency,
8251,CAMP00000080,CH00000005,2024-06-17,962.45,Platform,
8252,CAMP00000080,CH00000013,2024-06-18,686.1,Media,
8253,CAMP  00000080,CH00000007,2024-06-18,811.2,Media,
8254,CAMP00000080,CH00000015,2024-06-19,558.9,Creative,
8255,CAMP00000080,CH00000003,2024-06-20,868.63,Platform,
8256,CAMP00000080,CH00000006,2024-06-20,685.05,Creative,
8257,CAMP00000080,CH00000007,2024-06-21,552.71,Media,
8258,CAMP00000080,CH00000011,2024-06-21,815.84,Platform,
8259,CAMP00000080,CH00000014,2024-06-22,623.56,Creative,
8260,CAMP00000080,CH00000008,2024-06-23,852.39,Agency,
8261,CAMP00000080,CH00000007,2024-06-23,658.21,Media,
8262,CAMP00000080,CH00000005,2024-06-23,914.15,Agency,
8263,CAMP00000080,CH00000005,2024-06-24,783.99,Agency,
8264,CAMP00000080,CH00000002,2024-06-24,985.32,Media,
8265,CAMP00000080,CH00000002,2024-06-24,950.51,Creative,
8266,CAMP00000080,CH  00000004,2024-06-25,904.38,Agency,
8267,CAMP00000080,CH00000002,2024-06-25,625.25,Creative,
8268,CAMP00000080,CH00000005,2024-06-25,878.21,Creative,
8269,CAMP00000080,CH00000013,2024-06-26,817.02,Platform,
8270,CAMP00000080,CH  00000004,2024-06-26,969.84,Creative,
8271,CAMP00000081,CH  00000007,2024-03-26,317.74,Creative,
8272,CAMP00000081,CH00000015,2024-03-26,260.49,Media,
8273,CAMP00000081,CH  00000006,2024-03-26,222.81,Creative,
8274,CAMP00000081,CH00000001,2024-03-27,301.9,Agency,
8275,CAMP00000081,CH00000007,2024-03-28,190.37,Media,
8276,CAMP00000081,CH00000003,2024-03-28,210.57,Media,
8277,CAMP00000081,CH00000002,2024-03-29,297.5,Media,
8278,CAMP00000081,CH00000008,2024-03-30,194.51,Media,
8279,CAMP00000081,CH00000005,2024-03-30,195.69,Creative,
8280,CAMP00000081,CH00000011,2024-03-30,273.32,Agency,
8281,CAMP00000081,CH00000002,2024-03-31,183.63,Creative,
8282,CAMP00000081,CH00000013,2024-03-31,279.36,Agency,
8283,CAMP00000081,CH00000002,2024-04-01,201.85,Agency,
8284,CAMP00000081,CH00000001,2024-04-02,242.22,Agency,
8285,CAMP00000081,CH00000005,2024-04-02,221.87,Media,
8286,camp00000081,CH00000011,2024-04-03,236.84,Creative,
8287,CAMP00000081,CH00000002,2024-04-04,182.55,Media,
8288,CAMP00000081,CH00000004,2024-04-05,235.91,Platform,
8289,CAMP00000081,CH00000004,2024-04-06,275.86,Agency,
8290,CAMP00000081,CH00000004,2024-04-06,241.37,Creative,
8291,CAMP00000081,CH00000002,2024-04-07,208.9,Media,
8292,CAMP00000081,CH00000006,2024-04-08,313.64,Media,
8293,CAMP00000081,CH00000009,2024-04-08,234.36,Media,
8294,CAMP00000081,CH00000006,2024-04-09,246.1,Media,
8295,CAMP00000081,CH00000012,2024-04-10,240.95,Agency,
8296,CAMP00000081,CH00000011,2024-04-10,181.5,Creative,
8297,CAMP00000081,CH  00000015,2024-04-10,302.11,Platform,
8298,CAMP00000081,CH00000013,2024-04-11,194.75,Creative,
8299,CAMP00000081,CH00000003,2024-04-11,227.91,Media,
8300,CAMP  00000081,CH00000004,2024-04-12,178.63,Agency,
8301,CAMP00000081,ch00000009,2024-04-12,300.97,Media,
8302,CAMP00000081,CH00000006,2024-04-12,280.43,Media,
8303,CAMP00000081,CH00000003,2024-04-13,312.74,Platform,
8304,CAMP00000081,CH00000007,2024-04-13,220.22,Agency,
8305,CAMP00000081,CH00000012,2024-04-14,233.18,Platform,
8306,CAMP00000081,CH00000008,2024-04-15,276.36,Agency,
8307,CAMP00000081,CH00000013,2024-04-16,195.15,Agency,
8308,CAMP00000081,CH00000004,2024-04-17,249.23,Agency,
8309,CAMP00000081,CH00000013,2024-04-17,299.18,Platform,
8310,CAMP00000081,CH00000009,2024-04-18,223.78,Media,
8311,CAMP00000081,CH00000014,2024-04-18,260.04,Creative,
8312,camp00000081,CH00000008,2024-04-18,255.34,,
8313,CAMP00000081,CH00000011,2024-04-19,304.13,Agency,
8314,CAMP00000081,CH00000004,2024-04-20,309.72,Media,
8315,CAMP00000081,CH00000008,2024-04-20,227.32,Media,
8316,CAMP00000081,CH00000003,2024-04-21,235.82,Creative,
8317,CAMP00000081,CH00000001,2024-04-21,279.05,Agency,
8318,CAMP00000081,CH00000004,2024-04-22,183.59,Media,
8319,CAMP00000081,CH00000013,2024-04-22,297.53,Agency,
8320,CAMP00000081,CH00000002,2024-04-23,305.7,Agency,
8321,CAMP00000081,CH00000006,2024-04-23,310.48,Platform,
8322,CAMP00000081,CH00000015,2024-04-24,306.55,Agency,
8323,CAMP00000081,CH00000005,2024-04-25,190.59,Creative,
8324,CAMP00000081,CH00000012,2024-04-26,257.1,Media,
8325,CAMP00000081,CH00000004,2024-04-26,282.5,Creative,
8326,CAMP  00000081,CH00000007,2024-04-26,247.68,Creative,
8327,CAMP  00000081,CH00000002,2024-04-27,186.61,Creative,
8328,CAMP00000081,CH00000011,2024-04-27,182.85,Creative,
8329,CAMP00000081,CH00000004,2024-04-27,272.3,Media,
8330,CAMP00000081,CH00000002,2024-04-28,230.75,Platform,
8331,CAMP00000081,CH00000006,2024-04-29,306.98,Creative,
8332,CAMP00000081,CH00000001,2024-04-29,302.18,Agency,
8333,CAMP00000081,CH00000001,2024-04-29,285.9,Platform,
8334,CAMP00000081,CH00000014,2024-04-30,318.93,Media,
8335,CAMP00000081,CH00000001,2024-04-30,274.33,Creative,
8336,CAMP00000082,CH00000002,2023-10-13,863.33,Media,
8337,CAMP00000082,CH00000009,2023-10-13,899.48,Agency,
8338,CAMP00000082,CH00000007,2023-10-14,903.0,Platform,
8339,CAMP00000082,CH00000001,2023-10-14,875.74,Agency,
8340,CAMP00000082,CH00000001,2023-10-14,826.2,Platform,
8341,CAMP00000082,CH00000014,2023-10-15,697.82,Media,
8342,CAMP00000082,CH00000015,2023-10-15,1009.02,Media,
8343,CAMP00000082,CH00000004,2023-10-16,660.59,Media,
8344,CAMP00000082,CH00000012,2023-10-16,998.49,Platform,
8345,CAMP00000082,CH00000014,2023-10-16,896.24,Media,
8346,CAMP00000082,CH00000002,2023-10-17,735.96,Agency,
8347,CAMP00000082,CH00000007,2023-10-17,599.93,Creative,
8348,CAMP00000082,CH00000008,2023-10-18,850.73,Agency,
8349,CAMP00000082,CH00000011,2023-10-18,822.62,Agency,
8350,CAMP00000082,CH00000007,2023-10-18,939.08,Agency,
8351,CAMP00000082,CH00000005,2023-10-19,995.02,Media,
8352,CAMP00000082,CH00000007,2023-10-19,788.68,Creative,
8353,CAMP00000082,CH00000007,2023-10-20,1018.37,Agency,
8354,CAMP00000082,CH00000014,2023-10-20,727.81,Media,
8355,CAMP00000082,CH00000015,2023-10-21,607.81,Agency,
8356,CAMP00000082,CH00000006,2023-10-22,873.52,Media,
8357,CAMP00000082,CH00000010,2023-10-22,736.21,Agency,
8358,CAMP00000082,CH00000014,2023-10-22,895.8,Agency,
8359,CAMP  00000082,CH00000007,2023-10-23,745.39,Creative,
8360,CAMP00000082,CH00000009,2023-10-24,909.8,Creative,
8361,CAMP00000082,CH00000002,2023-10-24,830.47,Creative,
8362,CAMP00000082,CH00000010,2023-10-25,994.31,Agency,
8363,CAMP00000082,CH00000013,2023-10-25,928.01,Agency,
8364,CAMP00000082,CH00000011,2023-10-26,1042.44,Platform,
8365,CAMP00000082,CH00000013,2023-10-26,830.89,Media,
8366,CAMP00000082,CH00000012,2023-10-27,1080.18,Platform,
8367,CAMP00000082,CH00000011,2023-10-28,1088.11,Creative,
8368,CAMP00000082,CH00000012,2023-10-28,800.6,Platform,
8369,CAMP00000082,CH00000009,2023-10-28,1011.75,Creative,
8370,CAMP  00000082,CH00000001,2023-10-29,900.28,Agency,
8371,CAMP00000082,ch00000009,2023-10-30,626.23,Media,
8372,CAMP00000082,CH00000006,2023-10-30,1082.19,Platform,
8373,CAMP00000082,CH00000013,2023-10-31,947.45,Creative,
8374,CAMP00000082,CH00000008,2023-10-31,916.43,Creative,
8375,CAMP00000082,CH00000005,2023-11-01,1033.28,Platform,
8376,CAMP00000082,CH00000004,2023-11-01,964.03,Creative,
8377,CAMP00000082,CH00000012,2023-11-01,752.01,Creative,
8378,CAMP00000082,CH00000004,2023-11-02,665.59,Agency,
8379,CAMP00000083,CH00000012,2024-02-03,358.94,Media,
8380,CAMP00000083,CH00000012,2024-02-03,341.83,Agency,
8381,CAMP00000083,CH00000004,2024-02-03,387.22,Agency,
8382,CAMP00000083,CH00000009,2024-02-04,420.75,Creative,
8383,CAMP00000083,CH00000008,2024-02-04,543.29,Creative,
8384,CAMP00000083,CH00000004,2024-02-05,559.18,Creative,
8385,CAMP00000083,CH00000008,2024-02-06,537.07,Creative,
8386,CAMP00000083,ch00000007,2024-02-07,488.26,Platform,
8387,CAMP00000083,CH00000015,2024-02-07,312.57,Agency,
8388,CAMP00000083,CH00000013,2024-02-07,485.21,Platform,
8389,CAMP00000083,CH00000007,2024-02-08,412.63,Media,
8390,CAMP00000083,CH00000009,2024-02-08,552.38,Media,
8391,CAMP00000083,CH00000009,2024-02-09,320.14,Agency,
8392,CAMP00000083,CH00000002,2024-02-10,408.17,Agency,
8393,CAMP  00000083,CH00000003,2024-02-11,548.38,Agency,
8394,CAMP00000083,CH00000005,2024-02-11,434.75,Agency,
8395,CAMP00000083,CH00000002,2024-02-11,484.6,Media,
8396,CAMP00000083,CH00000009,2024-02-12,371.91,Media,
8397,CAMP00000083,CH00000010,2024-02-12,514.73,Platform,
8398,CAMP00000083,CH00000012,2024-02-13,479.55,Agency,
8399,CAMP00000083,CH00000007,2024-02-14,412.59,Platform,
8400,CAMP00000083,CH00000009,2024-02-14,452.71,Media,
8401,CAMP00000083,CH00000010,2024-02-14,529.49,Agency,
8402,CAMP00000083,CH00000003,2024-02-15,561.04,Creative,
8403,CAMP00000083,CH00000005,2024-02-16,350.77,Creative,
8404,CAMP00000083,CH00000009,2024-02-17,491.13,Creative,
8405,CAMP00000083,CH00000013,2024-02-17,348.22,Platform,
8406,CAMP00000083,CH00000015,2024-02-17,360.88,Creative,
8407,CAMP00000083,CH00000006,2024-02-18,341.11,Platform,
8408,CAMP00000083,CH00000013,2024-02-19,415.25,Creative,
8409,CAMP00000083,CH00000012,2024-02-20,328.74,Creative,
8410,CAMP00000083,CH00000010,2024-02-20,403.89,Agency,
8411,CAMP00000083,CH00000013,2024-02-21,508.68,Creative,
8412,camp00000083,CH00000015,2024-02-22,434.22,Creative,
8413,CAMP00000083,CH00000007,2024-02-22,474.07,Creative,
8414,CAMP00000083,CH00000007,2024-02-22,550.21,Platform,
8415,CAMP00000083,CH  00000013,2024-02-23,334.64,Platform,
8416,CAMP00000083,CH00000008,2024-02-23,412.27,Agency,
8417,CAMP  00000083,CH00000009,2024-02-24,496.08,Platform,
8418,CAMP00000083,CH00000004,2024-02-24,444.43,Media,
8419,CAMP00000083,CH00000012,2024-02-24,403.36,Media,
8420,CAMP00000083,CH00000005,2024-02-25,376.09,Agency,
8421,CAMP00000083,CH00000007,2024-02-25,323.48,Creative,
8422,CAMP00000083,CH00000012,2024-02-26,384.72,Media,
8423,CAMP00000083,CH00000005,2024-02-27,429.73,Media,
8424,CAMP00000083,CH00000001,2024-02-28,496.82,Media,
8425,CAMP00000083,CH00000001,2024-02-28,448.66,Agency,
8426,CAMP00000083,CH00000013,2024-02-29,458.71,Agency,
8427,CAMP00000083,CH00000005,2024-03-01,414.26,Platform,
8428,CAMP00000083,CH00000008,2024-03-01,377.13,Platform,
8429,CAMP00000083,CH00000011,2024-03-01,307.73,Creative,
8430,CAMP00000083,CH00000013,2024-03-02,332.41,Agency,
8431,CAMP00000083,CH00000001,2024-03-02,544.26,Creative,
8432,CAMP00000083,CH  00000010,2024-03-03,317.15,Agency,
8433,CAMP00000083,CH00000008,2024-03-03,534.77,Agency,
8434,CAMP00000083,CH00000003,2024-03-04,329.53,Media,
8435,CAMP00000083,CH00000003,2024-03-05,428.65,Creative,
8436,CAMP00000083,CH00000010,2024-03-05,378.61,Platform,
8437,CAMP00000084,ch00000015,2023-09-05,178.5,Platform,
8438,CAMP00000084,CH00000006,2023-09-05,137.94,Platform,
8439,CAMP00000084,CH00000007,2023-09-06,155.13,Media,
8440,CAMP00000084,CH00000009,2023-09-06,229.62,Creative,
8441,CAMP00000084,CH00000009,2023-09-06,139.35,Platform,
8442,CAMP  00000084,CH00000013,2023-09-07,225.47,Agency,
8443,CAMP00000084,CH00000013,2023-09-08,219.52,Media,
8444,CAMP00000084,ch00000015,2023-09-09,194.15,Agency,
8445,CAMP  00000084,CH00000011,2023-09-10,230.3,Creative,
8446,CAMP00000084,ch00000006,2023-09-10,137.84,Media,
8447,CAMP00000084,CH00000008,2023-09-10,237.12,Platform,
8448,CAMP00000084,CH00000001,2023-09-11,192.67,Media,
8449,CAMP00000084,CH00000013,2023-09-11,152.39,Platform,
8450,CAMP00000084,ch00000001,2023-09-12,142.57,Platform,
8451,CAMP00000084,CH00000013,2023-09-13,148.63,Agency,
8452,CAMP00000084,CH00000003,2023-09-13,169.12,Platform,
8453,CAMP00000084,CH00000015,2023-09-13,147.77,Platform,
8454,CAMP00000084,CH00000009,2023-09-14,141.79,Agency,
8455,CAMP00000084,CH00000006,2023-09-15,208.81,Media,
8456,CAMP00000084,CH00000003,2023-09-15,155.59,Media,
8457,CAMP  00000084,CH00000003,2023-09-15,235.68,Agency,
8458,CAMP00000084,CH00000002,2023-09-16,167.64,Agency,
8459,CAMP00000084,CH00000001,2023-09-16,176.44,Creative,
8460,CAMP00000084,CH00000015,2023-09-16,142.06,Agency,
8461,CAMP00000084,CH00000014,2023-09-17,160.81,Platform,
8462,CAMP00000084,CH00000009,2023-09-17,217.67,Agency,
8463,CAMP00000084,CH00000010,2023-09-17,147.74,Media,
8464,CAMP00000084,CH00000002,2023-09-18,232.55,Creative,
8465,CAMP00000084,CH00000002,2023-09-19,154.46,Creative,
8466,CAMP00000084,CH00000001,2023-09-19,181.21,Platform,
8467,CAMP00000084,CH00000012,2023-09-19,240.32,Platform,
8468,CAMP00000084,CH00000010,2023-09-20,230.44,Creative,
8469,CAMP00000084,CH00000006,2023-09-21,137.5,Creative,
8470,CAMP00000084,CH00000007,2023-09-21,237.97,Platform,
8471,CAMP00000084,CH00000002,2023-09-21,205.53,Creative,
8472,CAMP00000084,CH00000007,2023-09-22,148.03,Platform,
8473,CAMP00000084,CH  00000007,2023-09-22,165.48,Media,
8474,CAMP00000084,CH00000011,2023-09-23,178.91,Agency,
8475,CAMP00000084,CH00000009,2023-09-24,152.02,Platform,
8476,CAMP00000084,CH00000013,2023-09-24,187.33,Agency,
8477,CAMP00000084,CH  00000012,2023-09-25,243.68,Media,
8478,camp00000084,CH  00000014,2023-09-25,168.8,Platform,
8479,CAMP00000084,CH00000008,2023-09-26,236.72,Media,
8480,CAMP00000084,CH00000015,2023-09-26,158.36,Media,
8481,CAMP  00000084,CH00000010,2023-09-27,184.47,Platform,
8482,CAMP00000084,CH00000012,2023-09-27,207.67,Agency,
8483,CAMP00000084,CH00000009,2023-09-28,193.03,Agency,
8484,CAMP00000084,CH00000008,2023-09-29,220.26,Agency,
8485,CAMP00000084,CH00000001,2023-09-30,187.36,Creative,
8486,CAMP00000084,CH00000004,2023-10-01,161.01,Agency,
8487,CAMP00000084,CH00000008,2023-10-02,238.75,Agency,
8488,CAMP00000084,CH00000012,2023-10-02,196.21,Creative,
8489,CAMP00000084,CH00000010,2023-10-02,173.07,Media,
8490,CAMP00000084,CH00000014,2023-10-03,169.29,Media,
8491,CAMP00000084,CH00000002,2023-10-03,205.4,Platform,
8492,CAMP00000084,CH00000006,2023-10-03,239.07,Platform,
8493,CAMP00000084,CH00000002,2023-10-04,229.42,Media,
8494,CAMP  00000084,CH00000012,2023-10-04,163.64,Creative,
8495,CAMP00000084,CH00000008,2023-10-04,216.8,Agency,
8496,CAMP00000084,CH00000010,2023-10-05,211.23,Creative,
8497,CAMP00000084,CH00000012,2023-10-06,211.54,Platform,
8498,CAMP00000084,CH00000013,2023-10-06,237.9,Media,
8499,CAMP00000084,CH  00000002,2023-10-06,178.17,Creative,
8500,CAMP00000084,CH00000012,2023-10-07,182.16,Agency,
8501,CAMP00000084,CH00000014,2023-10-07,224.63,Agency,
8502,CAMP00000084,CH00000014,2023-10-07,170.96,Media,
8503,CAMP00000084,CH00000011,2023-10-08,157.21,Creative,
8504,CAMP00000084,ch  00000012,2023-10-08,176.36,Media,
8505,CAMP00000084,CH00000006,2023-10-08,189.38,Media,
8506,CAMP00000084,ch00000013,2023-10-09,231.53,Agency,
8507,CAMP00000084,CH00000015,2023-10-10,226.92,Platform,
8508,CAMP00000084,CH00000006,2023-10-10,154.32,Creative,
8509,CAMP00000084,CH00000006,2023-10-11,234.05,Agency,
8510,CAMP00000084,CH00000003,2023-10-12,139.24,Media,
8511,CAMP00000084,ch00000012,2023-10-13,153.52,Agency,
8512,CAMP00000084,CH00000004,2023-10-13,239.28,Platform,
8513,CAMP00000084,CH00000012,2023-10-14,177.54,Platform,
8514,CAMP00000084,CH00000001,2023-10-14,187.66,Media,
8515,CAMP00000084,CH00000015,2023-10-14,230.76,Platform,
8516,CAMP00000084,CH00000011,2023-10-15,232.82,Media,
8517,CAMP00000084,CH00000001,2023-10-16,210.64,Agency,
8518,CAMP00000084,CH00000004,2023-10-16,209.23,Platform,
8519,CAMP00000084,CH00000010,2023-10-16,195.32,Platform,
8520,CAMP00000084,CH00000002,2023-10-17,199.14,Creative,
8521,CAMP00000084,CH00000013,2023-10-17,207.45,Media,
8522,CAMP00000084,CH00000011,2023-10-18,227.03,Agency,
8523,CAMP00000084,CH00000002,2023-10-18,233.42,Creative,
8524,CAMP00000084,CH00000006,2023-10-19,177.35,Creative,
8525,CAMP00000084,CH00000010,2023-10-20,195.05,Agency,
8526,CAMP00000084,CH00000005,2023-10-20,157.16,Creative,
8527,CAMP00000084,CH00000006,2023-10-21,230.94,Creative,
8528,CAMP00000084,CH00000004,2023-10-21,183.29,Creative,
8529,CAMP00000084,CH00000006,2023-10-21,138.15,Agency,
8530,CAMP00000084,CH00000012,2023-10-22,186.3,Platform,
8531,CAMP00000084,ch00000002,2023-10-22,204.66,Agency,
8532,CAMP00000084,CH00000015,2023-10-22,159.22,Media,
8533,CAMP00000084,CH00000005,2023-10-23,179.76,Media,
8534,CAMP00000084,CH00000010,2023-10-23,212.83,Agency,
8535,CAMP00000084,CH00000002,2023-10-23,176.36,Creative,
8536,CAMP00000084,CH00000013,2023-10-24,172.73,Creative,
8537,CAMP00000084,CH00000015,2023-10-25,212.19,Platform,
8538,CAMP00000084,CH00000004,2023-10-25,162.58,Platform,
8539,CAMP00000084,CH00000005,2023-10-26,219.27,,
8540,CAMP  00000084,CH00000012,2023-10-26,189.65,Agency,
8541,CAMP00000084,CH00000001,2023-10-26,158.33,Creative,
8542,CAMP00000084,CH00000010,2023-10-27,198.88,Platform,
8543,CAMP00000084,CH00000013,2023-10-28,144.09,Creative,
8544,CAMP00000084,CH00000012,2023-10-28,225.12,Creative,
8545,CAMP00000084,CH00000014,2023-10-28,186.14,Creative,
8546,CAMP00000084,CH00000006,2023-10-29,143.63,Platform,
8547,CAMP00000084,CH00000014,2023-10-30,161.95,Media,
8548,CAMP00000084,CH00000011,2023-10-30,183.47,Platform,
8549,CAMP00000084,CH00000007,2023-10-30,190.89,Platform,
8550,CAMP00000084,CH00000005,2023-10-31,168.56,Creative,
8551,CAMP00000084,CH00000003,2023-10-31,236.02,Agency,
8552,CAMP00000084,CH00000003,2023-10-31,134.26,Platform,
8553,CAMP00000084,CH00000006,2023-11-01,179.33,Agency,
8554,CAMP00000084,CH00000013,2023-11-02,179.35,Agency,
8555,CAMP00000084,CH00000013,2023-11-02,162.7,Media,
8556,CAMP00000084,CH00000001,2023-11-02,205.58,Media,
8557,CAMP00000085,CH00000004,2024-01-27,80.52,Media,
8558,CAMP00000085,CH00000010,2024-01-27,61.36,Agency,
8559,CAMP00000085,CH00000006,2024-01-27,83.76,Agency,
8560,CAMP00000085,CH00000006,2024-01-28,66.35,Platform,
8561,CAMP00000085,CH00000012,2024-01-28,87.33,Media,
8562,CAMP00000085,CH00000001,2024-01-28,70.7,Media,
8563,CAMP00000085,CH00000010,2024-01-29,54.57,Media,
8564,CAMP00000085,CH00000006,2024-01-30,90.9,Creative,
8565,CAMP00000085,CH00000010,2024-01-30,71.98,Media,
8566,CAMP00000085,CH00000014,2024-01-31,52.42,Agency,
8567,CAMP00000085,CH00000001,2024-02-01,56.19,Platform,
8568,CAMP00000085,CH00000006,2024-02-01,59.61,Creative,
8569,CAMP00000085,CH00000013,2024-02-02,77.81,Platform,
8570,CAMP00000085,ch00000013,2024-02-02,92.59,Creative,
8571,CAMP00000085,CH00000002,2024-02-03,63.14,Media,
8572,CAMP00000085,CH00000004,2024-02-03,92.83,Agency,
8573,CAMP00000085,CH00000007,2024-02-04,64.94,Creative,
8574,CAMP00000085,CH00000010,2024-02-04,60.68,Agency,
8575,CAMP00000085,CH00000007,2024-02-05,91.92,Media,
8576,CAMP00000085,CH  00000007,2024-02-05,88.79,Platform,
8577,CAMP00000085,CH00000014,2024-02-05,70.51,Platform,
8578,CAMP00000085,CH00000004,2024-02-06,53.98,Creative,
8579,CAMP00000085,CH00000004,2024-02-06,90.4,Platform,
8580,CAMP00000085,CH00000008,2024-02-07,64.67,Agency,
8581,CAMP00000085,CH00000005,2024-02-08,87.24,,
8582,CAMP00000085,CH00000015,2024-02-09,69.33,Agency,
8583,CAMP00000085,CH00000005,2024-02-09,57.69,Platform,
8584,CAMP00000085,CH00000001,2024-02-09,74.08,Media,
8585,CAMP00000085,CH00000006,2024-02-10,90.67,Creative,
8586,CAMP00000085,ch00000006,2024-02-11,51.83,Agency,
8587,CAMP00000085,CH00000005,2024-02-12,87.88,Platform,
8588,CAMP00000085,CH00000003,2024-02-12,75.43,Platform,
8589,CAMP00000085,CH00000008,2024-02-12,92.33,Media,
8590,CAMP00000085,CH00000013,2024-02-13,56.94,Creative,
8591,CAMP  00000085,CH00000011,2024-02-14,53.86,Agency,
8592,CAMP00000085,CH00000010,2024-02-14,66.68,Media,
8593,CAMP00000085,CH00000011,2024-02-14,59.89,Creative,
8594,CAMP00000085,CH00000003,2024-02-15,89.9,Agency,
8595,CAMP00000085,CH00000012,2024-02-15,83.01,Creative,
8596,CAMP00000085,CH00000006,2024-02-16,86.1,Agency,
8597,CAMP  00000085,CH00000001,2024-02-16,87.8,Platform,
8598,CAMP00000085,CH00000007,2024-02-16,82.31,Creative,
8599,CAMP00000085,CH  00000013,2024-02-17,91.05,Platform,
8600,CAMP00000085,CH00000012,2024-02-17,61.2,Media,
8601,CAMP00000085,CH00000005,2024-02-17,65.51,Platform,
8602,CAMP00000085,ch00000001,2024-02-18,85.76,Agency,
8603,CAMP00000085,CH00000002,2024-02-18,94.38,Creative,
8604,CAMP00000085,CH00000012,2024-02-19,81.46,Platform,
8605,CAMP00000085,CH  00000012,2024-02-19,64.91,Platform,
8606,CAMP  00000085,CH00000013,2024-02-19,60.92,Platform,
8607,CAMP00000085,CH  00000008,2024-02-20,75.16,Platform,
8608,CAMP00000085,CH00000012,2024-02-20,88.64,Platform,
8609,CAMP00000085,CH00000004,2024-02-21,76.57,Platform,
8610,CAMP00000085,CH00000003,2024-02-22,75.25,Agency,
8611,CAMP00000085,ch00000009,2024-02-23,66.13,,
8612,CAMP00000085,CH00000005,2024-02-23,58.82,Creative,
8613,CAMP00000085,CH00000006,2024-02-24,61.88,Media,
8614,CAMP00000085,CH00000011,2024-02-24,57.9,Agency,
8615,CAMP00000085,CH00000013,2024-02-25,71.84,Media,
8616,CAMP00000085,CH00000003,2024-02-25,89.08,Agency,
8617,CAMP00000085,CH00000004,2024-02-26,65.11,Creative,
8618,CAMP00000085,CH00000010,2024-02-26,72.57,Platform,
8619,CAMP00000085,CH00000008,2024-02-26,70.37,Agency,
8620,CAMP00000085,CH00000015,2024-02-27,62.59,Agency,
8621,CAMP00000085,CH00000007,2024-02-27,72.75,Platform,
8622,CAMP00000085,CH00000007,2024-02-27,67.65,Platform,
8623,CAMP00000085,CH00000011,2024-02-28,76.5,Agency,
8624,CAMP00000085,CH00000003,2024-02-28,57.65,Creative,
8625,CAMP00000085,CH00000001,2024-02-29,78.88,Creative,
8626,CAMP00000085,CH00000014,2024-03-01,75.94,Agency,
8627,CAMP00000085,CH00000004,2024-03-01,76.11,Platform,
8628,CAMP00000085,CH  00000015,2024-03-02,92.3,Creative,
8629,CAMP00000085,CH00000011,2024-03-02,94.22,Agency,
8630,CAMP00000085,CH00000006,2024-03-02,63.45,Creative,
8631,CAMP00000085,CH00000012,2024-03-03,75.76,Creative,
8632,CAMP00000085,CH00000001,2024-03-03,63.8,Agency,
8633,CAMP00000085,CH  00000001,2024-03-04,93.45,Media,
8634,CAMP00000085,CH00000014,2024-03-05,61.34,Platform,
8635,CAMP00000085,CH00000006,2024-03-06,87.08,Media,
8636,CAMP00000085,ch00000014,2024-03-06,87.33,Platform,
8637,CAMP00000085,CH00000006,2024-03-07,88.53,Media,
8638,CAMP00000085,CH00000007,2024-03-07,90.79,Creative,
8639,CAMP00000085,CH00000014,2024-03-08,77.03,Agency,
8640,CAMP00000085,CH00000005,2024-03-08,90.9,Agency,
8641,CAMP00000085,CH00000004,2024-03-09,90.81,Media,
8642,CAMP00000085,CH00000003,2024-03-09,59.41,Media,
8643,CAMP00000085,CH00000008,2024-03-09,76.49,Platform,
8644,CAMP00000086,CH00000008,2024-09-02,786.53,Media,
8645,CAMP00000086,CH00000014,2024-09-02,788.15,Agency,
8646,CAMP00000086,CH00000004,2024-09-03,770.09,Creative,
8647,CAMP00000086,CH00000001,2024-09-03,1016.83,Media,
8648,CAMP00000086,CH00000001,2024-09-03,633.66,Creative,
8649,CAMP00000086,CH00000009,2024-09-04,589.66,Creative,
8650,CAMP00000086,CH00000013,2024-09-05,830.15,Creative,
8651,CAMP00000086,CH00000014,2024-09-05,1042.69,Agency,
8652,CAMP00000086,CH00000005,2024-09-06,897.44,Platform,
8653,CAMP  00000086,CH00000003,2024-09-07,629.3,Agency,
8654,CAMP00000086,CH00000014,2024-09-07,749.63,Platform,
8655,CAMP  00000086,CH00000012,2024-09-07,831.27,Agency,
8656,CAMP00000086,CH00000012,2024-09-08,715.36,Media,
8657,CAMP00000086,CH00000003,2024-09-08,681.76,Creative,
8658,CAMP00000086,CH00000007,2024-09-08,853.34,Platform,
8659,CAMP00000086,CH00000006,2024-09-09,796.39,Agency,
8660,CAMP00000086,CH00000014,2024-09-09,642.98,Creative,
8661,CAMP00000086,CH00000012,2024-09-09,947.06,Platform,
8662,CAMP00000086,CH00000001,2024-09-10,949.83,Media,
8663,CAMP00000086,CH00000008,2024-09-10,956.82,Creative,
8664,CAMP00000086,CH00000005,2024-09-10,636.47,Platform,
8665,CAMP00000086,CH00000013,2024-09-11,803.17,Platform,
8666,CAMP00000086,CH00000015,2024-09-12,1053.65,Platform,
8667,CAMP00000086,CH00000013,2024-09-12,904.97,Platform,
8668,CAMP00000086,CH00000008,2024-09-12,594.98,Media,
8669,CAMP  00000086,CH00000008,2024-09-13,962.66,Platform,
8670,CAMP00000086,CH00000008,2024-09-13,798.29,Platform,
8671,CAMP00000086,CH00000015,2024-09-14,595.71,Agency,
8672,CAMP  00000086,CH00000003,2024-09-14,1041.99,Agency,
8673,CAMP00000086,CH00000005,2024-09-15,929.55,Creative,
8674,CAMP00000086,CH00000003,2024-09-15,587.49,Media,
8675,CAMP00000086,CH00000011,2024-09-16,592.05,Platform,
8676,CAMP  00000086,CH  00000003,2024-09-16,926.79,Creative,
8677,CAMP00000086,CH00000009,2024-09-17,802.48,Media,
8678,CAMP00000086,CH00000003,2024-09-17,1014.54,Agency,
8679,CAMP00000086,CH00000014,2024-09-17,878.23,,
8680,CAMP00000086,CH  00000013,2024-09-18,634.15,Media,
8681,CAMP00000086,CH00000004,2024-09-18,1066.49,Creative,
8682,CAMP00000086,CH00000012,2024-09-19,617.77,Media,
8683,CAMP00000086,CH00000010,2024-09-19,791.16,Media,
8684,CAMP00000086,ch00000007,2024-09-20,596.15,Media,
8685,CAMP00000086,CH00000013,2024-09-21,667.84,Platform,
8686,CAMP00000086,CH00000013,2024-09-21,993.11,Media,
8687,CAMP00000086,CH00000013,2024-09-21,1053.98,Agency,
8688,CAMP00000086,CH00000010,2024-09-22,766.53,Media,
8689,CAMP00000086,CH00000013,2024-09-23,1028.31,Creative,
8690,CAMP00000086,CH00000014,2024-09-23,891.43,Media,
8691,CAMP00000086,CH00000001,2024-09-24,893.97,Media,
8692,CAMP00000087,CH00000013,2023-03-19,270.69,Media,
8693,CAMP00000087,CH00000005,2023-03-19,377.42,Creative,
8694,CAMP00000087,CH00000006,2023-03-20,411.4,Media,
8695,CAMP00000087,CH00000001,2023-03-20,383.09,Creative,
8696,CAMP00000087,CH00000003,2023-03-20,347.57,Platform,
8697,CAMP00000087,CH00000012,2023-03-21,477.06,Creative,
8698,CAMP00000087,CH00000007,2023-03-21,315.47,Creative,
8699,CAMP00000087,CH00000015,2023-03-21,473.46,Platform,
8700,CAMP00000087,CH00000002,2023-03-22,296.12,Agency,
8701,CAMP00000087,CH00000002,2023-03-23,371.39,Agency,
8702,CAMP00000087,CH00000012,2023-03-23,301.67,Platform,
8703,CAMP00000087,CH00000013,2023-03-23,375.53,Agency,
8704,CAMP00000087,ch00000002,2023-03-24,276.93,Media,
8705,CAMP00000087,CH00000010,2023-03-24,400.24,Creative,
8706,CAMP00000087,CH00000009,2023-03-25,425.92,Media,
8707,CAMP00000087,CH00000008,2023-03-25,444.73,Platform,
8708,CAMP00000087,CH00000005,2023-03-25,442.12,Media,
8709,CAMP00000087,CH00000009,2023-03-26,267.6,Media,
8710,CAMP00000087,CH  00000007,2023-03-27,382.89,Platform,
8711,CAMP00000087,CH00000004,2023-03-27,341.5,Creative,
8712,CAMP00000087,CH00000013,2023-03-28,282.54,Creative,
8713,camp00000087,CH00000005,2023-03-29,452.55,Media,
8714,CAMP00000087,CH00000008,2023-03-29,477.63,Media,
8715,CAMP00000087,CH00000014,2023-03-29,419.29,Agency,
8716,CAMP00000087,CH00000006,2023-03-30,369.13,Platform,
8717,CAMP00000087,CH00000003,2023-03-30,389.03,Platform,
8718,CAMP00000087,CH00000009,2023-03-30,326.58,Creative,
8719,CAMP00000087,CH00000012,2023-03-31,376.26,Agency,
8720,CAMP00000087,CH00000013,2023-03-31,453.09,Media,
8721,CAMP00000087,CH00000008,2023-04-01,358.78,Platform,
8722,CAMP00000087,CH00000002,2023-04-01,326.95,Creative,
8723,CAMP00000087,CH00000001,2023-04-02,263.61,Media,
8724,CAMP00000087,CH00000014,2023-04-03,380.44,Platform,
8725,CAMP00000087,CH00000006,2023-04-03,451.27,,
8726,CAMP00000087,CH00000008,2023-04-04,401.53,Creative,
8727,CAMP00000087,CH00000010,2023-04-04,314.06,Creative,
8728,CAMP00000087,CH00000008,2023-04-04,350.78,Agency,
8729,CAMP00000087,CH00000015,2023-04-05,431.8,Creative,
8730,CAMP00000087,CH00000011,2023-04-05,391.08,Creative,
8731,CAMP00000087,CH00000006,2023-04-05,380.91,Agency,
8732,CAMP00000087,CH  00000008,2023-04-06,403.03,Creative,
8733,CAMP00000087,CH00000011,2023-04-06,412.65,Creative,
8734,CAMP00000087,CH00000012,2023-04-06,454.7,Creative,
8735,CAMP00000087,CH00000015,2023-04-07,327.69,Media,
8736,CAMP00000087,CH00000006,2023-04-07,405.35,Platform,
8737,CAMP00000087,CH00000006,2023-04-08,361.74,Media,
8738,CAMP00000087,CH00000007,2023-04-08,466.99,Agency,
8739,CAMP00000087,CH00000010,2023-04-08,356.27,Agency,
8740,CAMP00000087,CH00000004,2023-04-09,422.68,Platform,
8741,CAMP00000087,CH00000011,2023-04-09,451.39,Media,
8742,CAMP00000087,CH00000012,2023-04-09,374.33,Agency,
8743,CAMP00000087,CH00000013,2023-04-10,448.41,Media,
8744,CAMP00000087,CH00000008,2023-04-10,464.51,Creative,
8745,CAMP00000087,CH00000008,2023-04-11,269.54,Platform,
8746,CAMP00000087,CH  00000014,2023-04-11,318.37,Media,
8747,CAMP00000087,CH00000013,2023-04-12,395.28,Agency,
8748,CAMP00000087,CH00000014,2023-04-12,461.01,Media,
8749,CAMP00000087,CH00000001,2023-04-12,417.32,Platform,
8750,CAMP00000087,CH00000008,2023-04-13,343.71,Platform,
8751,CAMP00000087,CH00000015,2023-04-13,320.61,Platform,
8752,CAMP00000087,CH00000006,2023-04-13,322.68,Agency,
8753,CAMP00000087,CH00000010,2023-04-14,290.74,Creative,
8754,CAMP00000087,CH00000003,2023-04-15,457.93,Agency,
8755,CAMP00000087,CH00000015,2023-04-15,298.97,Creative,
8756,CAMP00000087,CH00000009,2023-04-15,387.55,Platform,
8757,CAMP00000087,ch00000002,2023-04-16,406.03,Agency,
8758,CAMP00000087,CH  00000012,2023-04-16,383.61,Agency,
8759,CAMP00000087,CH00000001,2023-04-16,436.63,Media,
8760,CAMP00000087,CH00000008,2023-04-17,435.28,Media,
8761,CAMP00000087,CH00000009,2023-04-17,365.03,Platform,
8762,CAMP00000087,CH00000005,2023-04-18,474.51,Media,
8763,CAMP00000087,CH00000007,2023-04-18,445.87,Platform,
8764,CAMP00000087,CH00000008,2023-04-19,323.96,Agency,
8765,CAMP00000087,CH00000006,2023-04-20,413.21,Platform,
8766,CAMP00000087,CH00000007,2023-04-20,289.45,Media,
8767,CAMP00000087,CH00000013,2023-04-21,399.74,Platform,
8768,CAMP00000087,CH00000001,2023-04-21,479.66,Creative,
8769,CAMP00000087,CH00000006,2023-04-22,295.77,Creative,
8770,CAMP00000087,CH00000009,2023-04-22,447.55,Platform,
8771,CAMP  00000087,CH00000013,2023-04-23,336.04,Agency,
8772,CAMP00000087,CH00000009,2023-04-23,283.54,Creative,
8773,CAMP00000087,CH00000010,2023-04-24,407.86,Agency,
8774,CAMP00000087,CH  00000001,2023-04-24,290.22,Media,
8775,CAMP00000087,CH00000006,2023-04-24,468.14,Media,
8776,CAMP00000087,CH00000013,2023-04-25,352.78,Platform,
8777,CAMP00000087,CH00000002,2023-04-26,304.08,Media,
8778,CAMP00000087,CH00000008,2023-04-26,273.33,Media,
8779,CAMP00000087,CH00000010,2023-04-27,382.07,Platform,
8780,CAMP00000087,CH00000004,2023-04-27,395.85,Media,
8781,CAMP00000087,CH00000003,2023-04-28,331.18,Platform,
8782,CAMP00000087,CH00000010,2023-04-29,480.71,Creative,
8783,CAMP  00000087,CH00000011,2023-04-29,432.59,Agency,
8784,CAMP00000087,CH00000013,2023-04-29,264.47,Platform,
8785,CAMP00000087,CH00000007,2023-04-30,276.04,Creative,
8786,CAMP00000087,CH00000014,2023-04-30,343.55,Creative,
8787,CAMP00000087,CH00000007,2023-04-30,354.45,Agency,
8788,CAMP00000087,CH00000012,2023-05-01,329.93,Creative,
8789,CAMP00000087,CH00000004,2023-05-01,321.57,Media,
8790,CAMP00000087,CH00000009,2023-05-01,371.72,Creative,
8791,CAMP00000087,CH00000011,2023-05-02,303.86,Agency,
8792,CAMP00000087,CH00000009,2023-05-03,481.79,Platform,
8793,CAMP00000087,CH00000010,2023-05-03,299.36,Creative,
8794,CAMP00000087,CH00000009,2023-05-03,459.16,Platform,
8795,CAMP00000087,CH00000013,2023-05-04,427.31,Media,
8796,CAMP00000087,CH00000009,2023-05-05,328.77,Agency,
8797,CAMP00000087,CH  00000015,2023-05-06,365.11,Agency,
8798,CAMP00000087,CH00000004,2023-05-06,397.13,Agency,
8799,CAMP00000087,CH00000003,2023-05-07,419.95,Creative,
8800,CAMP00000087,CH00000004,2023-05-08,333.17,Creative,
8801,CAMP00000087,CH00000010,2023-05-08,397.49,Platform,
8802,CAMP00000087,CH00000010,2023-05-08,466.73,Media,
8803,CAMP  00000087,CH00000015,2023-05-09,392.14,Creative,
8804,CAMP00000088,CH00000013,2024-06-08,14.03,Media,
8805,CAMP00000088,CH00000005,2024-06-08,12.64,Creative,
8806,CAMP00000088,CH00000004,2024-06-08,9.82,Platform,
8807,CAMP00000088,CH00000006,2024-06-09,12.54,Creative,
8808,CAMP00000088,CH00000003,2024-06-09,9.32,Creative,
8809,CAMP00000088,CH00000001,2024-06-09,8.75,Platform,
8810,CAMP00000088,CH00000009,2024-06-10,11.03,Platform,
8811,CAMP00000088,CH00000005,2024-06-10,12.38,Agency,
8812,CAMP00000088,CH00000007,2024-06-11,13.65,Agency,
8813,CAMP00000088,CH00000003,2024-06-11,11.41,Creative,
8814,CAMP00000088,CH00000004,2024-06-11,11.46,Platform,
8815,CAMP00000088,CH00000013,2024-06-12,14.17,Media,
8816,CAMP00000088,CH00000008,2024-06-12,14.6,Agency,
8817,CAMP00000088,CH00000009,2024-06-13,11.36,Media,
8818,CAMP00000088,CH00000001,2024-06-13,13.21,Creative,
8819,CAMP00000088,CH00000009,2024-06-13,12.88,Media,
8820,CAMP00000088,CH00000010,2024-06-14,12.63,Creative,
8821,CAMP00000088,CH00000015,2024-06-14,12.46,Media,
8822,CAMP00000088,CH00000003,2024-06-14,10.87,Platform,
8823,CAMP00000088,CH00000001,2024-06-15,10.29,Agency,
8824,CAMP00000088,CH00000009,2024-06-15,8.65,Agency,
8825,CAMP00000088,CH00000008,2024-06-15,13.35,Platform,
8826,CAMP00000088,CH00000011,2024-06-16,9.41,Platform,
8827,CAMP00000088,CH00000015,2024-06-17,8.48,Creative,
8828,CAMP00000088,CH00000006,2024-06-17,9.97,Agency,
8829,CAMP00000088,CH00000002,2024-06-17,8.51,Creative,
8830,CAMP00000088,CH00000006,2024-06-18,9.81,Agency,
8831,CAMP00000088,CH00000002,2024-06-19,15.05,Media,
8832,CAMP  00000088,CH00000003,2024-06-19,9.15,Media,
8833,CAMP00000088,CH00000002,2024-06-19,8.85,Platform,
8834,CAMP00000088,CH00000001,2024-06-20,9.01,Agency,
8835,CAMP00000088,CH00000004,2024-06-21,14.12,Agency,
8836,CAMP00000088,CH00000005,2024-06-21,12.17,Media,
8837,CAMP00000088,CH00000007,2024-06-22,8.88,Creative,
8838,CAMP00000088,CH00000005,2024-06-22,14.85,Agency,
8839,CAMP00000088,CH00000001,2024-06-23,11.29,Agency,
8840,CAMP00000088,CH00000010,2024-06-23,11.77,Creative,
8841,CAMP00000088,CH00000013,2024-06-24,9.55,Agency,
8842,CAMP00000088,CH00000009,2024-06-24,15.14,Agency,
8843,CAMP00000088,CH00000005,2024-06-25,12.54,Agency,
8844,CAMP00000088,CH00000003,2024-06-25,12.4,Creative,
8845,camp00000088,CH00000011,2024-06-26,12.51,Media,
8846,CAMP00000088,CH  00000013,2024-06-26,13.48,Platform,
8847,CAMP00000088,CH00000011,2024-06-26,14.7,Creative,
8848,CAMP  00000088,CH00000014,2024-06-27,10.49,Creative,
8849,CAMP00000088,CH00000002,2024-06-27,13.61,Creative,
8850,CAMP00000088,CH00000006,2024-06-28,13.27,Media,
8851,CAMP00000088,CH00000006,2024-06-29,10.72,Creative,
8852,CAMP00000088,CH00000001,2024-06-29,10.26,Creative,
8853,CAMP00000088,CH00000001,2024-06-30,12.34,Platform,
8854,CAMP00000088,CH00000008,2024-06-30,10.72,,
8855,CAMP00000088,CH00000002,2024-06-30,14.32,Media,
8856,CAMP00000088,CH00000012,2024-07-01,10.82,Creative,
8857,CAMP00000088,CH00000004,2024-07-01,11.36,Platform,
8858,CAMP00000088,CH00000003,2024-07-02,14.82,Platform,
8859,CAMP00000088,CH00000004,2024-07-02,9.93,Platform,
8860,CAMP00000088,CH00000010,2024-07-02,15.23,Platform,
8861,CAMP00000088,CH00000006,2024-07-03,8.38,Creative,
8862,CAMP00000088,CH  00000005,2024-07-04,12.13,Creative,
8863,CAMP00000088,CH00000015,2024-07-04,9.21,Platform,
8864,CAMP00000088,CH00000002,2024-07-05,10.96,Agency,
8865,CAMP00000088,CH  00000004,2024-07-05,15.2,Creative,
8866,CAMP00000088,CH00000006,2024-07-05,14.81,Platform,
8867,CAMP00000088,CH00000002,2024-07-06,10.11,Media,
8868,CAMP00000088,CH00000003,2024-07-07,8.46,Media,
8869,CAMP00000088,CH00000011,2024-07-08,14.62,Creative,
8870,CAMP00000088,CH00000001,2024-07-08,12.21,Agency,
8871,CAMP00000088,CH00000008,2024-07-08,12.84,,
8872,CAMP00000088,ch00000009,2024-07-09,14.89,Media,
8873,CAMP00000088,CH00000004,2024-07-09,14.2,Platform,
8874,CAMP00000088,CH00000005,2024-07-09,12.07,Media,
8875,CAMP00000088,CH00000005,2024-07-10,9.39,Creative,
8876,CAMP00000088,CH00000007,2024-07-10,14.61,Platform,
8877,CAMP00000088,CH00000007,2024-07-11,10.35,Agency,
8878,CAMP  00000088,CH00000015,2024-07-12,11.97,Media,
8879,CAMP00000088,CH00000006,2024-07-12,9.79,Platform,
8880,CAMP00000088,CH00000009,2024-07-13,13.4,Media,
8881,CAMP00000088,CH00000011,2024-07-13,13.5,Media,
8882,CAMP  00000088,CH00000011,2024-07-13,14.39,Agency,
8883,CAMP00000088,CH00000010,2024-07-14,12.94,Agency,
8884,CAMP00000088,CH00000003,2024-07-14,9.78,Agency,
8885,CAMP00000088,CH00000003,2024-07-14,8.68,Creative,
8886,CAMP00000088,CH00000008,2024-07-15,12.55,Platform,
8887,CAMP00000088,CH00000007,2024-07-15,11.14,Agency,
8888,CAMP00000088,CH00000009,2024-07-16,11.7,Platform,
8889,CAMP00000088,CH00000013,2024-07-17,10.98,Media,
8890,CAMP00000088,CH00000006,2024-07-17,12.39,Agency,
8891,CAMP  00000088,CH00000013,2024-07-18,9.19,Media,
8892,CAMP  00000088,CH00000006,2024-07-18,9.06,Platform,
8893,CAMP00000089,CH00000006,2024-09-16,275.66,Creative,
8894,CAMP00000089,CH  00000011,2024-09-16,215.85,Creative,
8895,camp00000089,CH00000011,2024-09-17,293.55,Platform,
8896,CAMP00000089,CH00000005,2024-09-17,317.08,Media,
8897,CAMP00000089,CH00000013,2024-09-17,285.29,Agency,
8898,CAMP00000089,CH00000003,2024-09-18,293.34,Media,
8899,CAMP00000089,CH00000011,2024-09-18,193.94,Media,
8900,CAMP00000089,CH00000009,2024-09-18,314.89,Agency,
8901,CAMP00000089,CH00000007,2024-09-19,183.02,Creative,
8902,CAMP00000089,CH00000009,2024-09-19,226.07,Agency,
8903,CAMP00000089,CH00000014,2024-09-20,239.71,Platform,
8904,CAMP00000089,CH00000001,2024-09-20,309.94,Agency,
8905,CAMP00000089,CH00000009,2024-09-20,255.08,Creative,
8906,CAMP00000089,CH00000010,2024-09-21,254.08,Agency,
8907,CAMP00000089,CH00000015,2024-09-21,215.36,Media,
8908,CAMP00000089,CH00000015,2024-09-21,178.45,Platform,
8909,CAMP00000089,CH00000011,2024-09-22,196.6,Agency,
8910,CAMP00000089,CH00000015,2024-09-22,306.58,Creative,
8911,CAMP00000089,CH00000005,2024-09-22,266.84,Media,
8912,CAMP  00000089,CH00000010,2024-09-23,302.2,Media,
8913,CAMP00000089,CH00000015,2024-09-24,290.58,Platform,
8914,CAMP00000089,CH00000003,2024-09-25,233.04,Platform,
8915,CAMP00000089,CH00000005,2024-09-26,190.01,Agency,
8916,CAMP00000089,CH00000005,2024-09-27,315.22,Platform,
8917,CAMP00000089,CH00000008,2024-09-27,181.61,Creative,
8918,CAMP00000089,CH00000015,2024-09-28,233.08,Agency,
8919,camp00000089,CH00000006,2024-09-28,288.11,Media,
8920,CAMP  00000089,CH00000009,2024-09-28,215.51,Platform,
8921,camp00000089,CH00000012,2024-09-29,222.51,Platform,
8922,CAMP00000089,CH00000002,2024-09-29,293.14,Creative,
8923,CAMP00000089,CH00000015,2024-09-29,301.43,Agency,
8924,CAMP00000089,CH00000003,2024-09-30,235.7,Platform,
8925,CAMP00000089,CH00000010,2024-09-30,267.74,Agency,
8926,CAMP00000089,CH  00000001,2024-10-01,246.82,Agency,
8927,CAMP00000089,CH00000008,2024-10-01,301.24,Agency,
8928,CAMP00000089,CH00000001,2024-10-02,272.88,Creative,
8929,CAMP00000089,CH00000010,2024-10-02,198.62,Media,
8930,CAMP  00000089,CH00000001,2024-10-03,198.35,Agency,
8931,CAMP00000089,CH00000005,2024-10-03,244.46,Creative,
8932,CAMP00000089,CH00000014,2024-10-03,206.28,Media,
8933,CAMP00000089,CH00000002,2024-10-04,303.66,Platform,
8934,CAMP00000089,CH00000001,2024-10-04,239.43,Media,
8935,CAMP00000089,CH  00000001,2024-10-04,316.63,Media,
8936,CAMP00000089,CH00000006,2024-10-05,236.88,Media,
8937,CAMP00000089,CH00000008,2024-10-05,253.91,Agency,
8938,CAMP00000089,CH00000009,2024-10-05,220.94,Platform,
8939,CAMP00000089,CH00000005,2024-10-06,233.03,Creative,
8940,CAMP00000089,CH00000014,2024-10-07,207.44,Creative,
8941,CAMP00000089,CH00000010,2024-10-08,227.07,Platform,
8942,CAMP00000089,CH00000007,2024-10-09,272.4,Platform,
8943,CAMP00000089,CH00000012,2024-10-10,219.95,Creative,
8944,CAMP00000089,CH00000007,2024-10-10,255.56,Creative,
8945,CAMP00000089,CH00000014,2024-10-10,231.95,Creative,
8946,CAMP00000089,CH00000004,2024-10-11,172.73,Platform,
8947,CAMP00000089,CH00000010,2024-10-11,309.09,Media,
8948,CAMP00000089,CH00000015,2024-10-12,180.21,Agency,
8949,CAMP00000089,CH00000003,2024-10-13,253.39,Agency,
8950,CAMP00000089,CH00000015,2024-10-13,283.27,Agency,
8951,CAMP  00000089,CH00000006,2024-10-13,314.62,Creative,
8952,CAMP00000089,CH00000010,2024-10-14,307.14,Creative,
8953,CAMP00000089,CH00000005,2024-10-15,227.26,Creative,
8954,CAMP00000089,CH00000013,2024-10-16,278.16,Media,
8955,CAMP00000089,CH00000008,2024-10-17,245.66,Platform,
8956,CAMP00000089,CH00000014,2024-10-17,283.64,Creative,
8957,CAMP00000089,CH00000003,2024-10-17,306.74,Agency,
8958,CAMP00000089,CH00000005,2024-10-18,232.22,Platform,
8959,CAMP00000089,CH00000007,2024-10-18,190.67,Platform,
8960,CAMP00000089,CH00000005,2024-10-19,283.5,Media,
8961,CAMP00000089,CH00000005,2024-10-19,237.52,Media,
8962,CAMP00000089,CH00000013,2024-10-19,253.13,Platform,
8963,CAMP00000089,CH00000015,2024-10-20,283.03,Creative,
8964,CAMP00000089,CH00000007,2024-10-21,186.55,Agency,
8965,CAMP00000089,CH00000009,2024-10-21,203.91,Platform,
8966,CAMP00000089,CH00000012,2024-10-22,314.93,Media,
8967,CAMP00000089,CH00000009,2024-10-22,197.5,Creative,
8968,CAMP00000089,CH00000003,2024-10-22,202.84,Creative,
8969,camp00000089,CH00000005,2024-10-23,306.29,Creative,
8970,CAMP00000089,ch00000004,2024-10-24,297.44,Creative,
8971,CAMP00000089,CH00000012,2024-10-24,187.08,Creative,
8972,CAMP00000089,CH00000015,2024-10-24,184.06,Agency,
8973,CAMP00000089,CH00000004,2024-10-25,228.99,Creative,
8974,CAMP00000089,CH00000005,2024-10-25,211.19,Agency,
8975,CAMP00000089,CH00000004,2024-10-25,261.42,Creative,
8976,CAMP00000089,ch00000012,2024-10-26,227.61,Agency,
8977,CAMP00000089,CH00000013,2024-10-26,176.19,Agency,
8978,CAMP00000089,CH00000007,2024-10-26,240.37,Agency,
8979,CAMP00000089,CH00000004,2024-10-27,296.2,Media,
8980,CAMP00000089,CH00000013,2024-10-27,197.21,Media,
8981,CAMP00000089,CH00000005,2024-10-28,281.83,Media,
8982,CAMP00000089,CH00000003,2024-10-28,230.71,Creative,
8983,CAMP00000089,CH00000003,2024-10-28,304.71,Creative,
8984,CAMP00000089,CH00000015,2024-10-29,219.75,Platform,
8985,CAMP00000089,CH00000010,2024-10-29,226.15,Platform,
8986,CAMP00000089,CH00000011,2024-10-30,296.07,Creative,
8987,CAMP00000089,CH00000002,2024-10-30,302.24,Creative,
8988,CAMP00000089,CH00000003,2024-10-31,179.6,Creative,
8989,CAMP00000089,CH00000008,2024-10-31,179.63,Media,
8990,CAMP00000089,CH00000012,2024-11-01,184.28,Media,
8991,CAMP00000089,CH00000012,2024-11-01,301.44,Creative,
8992,CAMP00000089,CH00000002,2024-11-01,263.09,Creative,
8993,CAMP00000089,CH00000011,2024-11-02,317.29,Creative,
8994,CAMP  00000089,CH00000005,2024-11-02,189.38,Media,
8995,CAMP  00000089,CH  00000006,2024-11-03,225.77,Agency,
8996,CAMP00000089,CH00000013,2024-11-03,213.29,Platform,
8997,CAMP00000089,CH00000012,2024-11-03,279.23,Agency,
8998,CAMP00000089,CH00000002,2024-11-04,228.42,Creative,
8999,CAMP00000089,CH00000013,2024-11-05,181.34,Media,
9000,CAMP00000089,CH00000001,2024-11-05,301.89,Media,
9001,CAMP00000089,CH00000010,2024-11-05,264.12,Media,
9002,CAMP  00000089,CH00000014,2024-11-06,296.46,Creative,
9003,CAMP00000089,CH00000003,2024-11-06,206.48,Media,
9004,CAMP00000089,CH00000004,2024-11-06,299.09,Media,
9005,CAMP00000089,CH00000012,2024-11-07,214.89,Platform,
9006,CAMP00000089,CH00000001,2024-11-07,228.56,Creative,
9007,CAMP00000089,CH00000003,2024-11-08,298.56,Creative,
9008,CAMP00000089,CH00000008,2024-11-09,291.78,Creative,
9009,CAMP00000089,CH00000010,2024-11-09,271.62,Platform,
9010,CAMP00000089,ch00000011,2024-11-09,269.78,Creative,
9011,CAMP00000089,CH00000002,2024-11-10,276.18,Agency,
9012,CAMP00000090,CH00000001,2024-02-15,663.85,Creative,
9013,CAMP00000090,CH00000012,2024-02-15,547.26,Media,
9014,CAMP00000090,CH00000004,2024-02-16,478.3,Creative,
9015,CAMP00000090,CH00000007,2024-02-16,455.79,Creative,
9016,CAMP00000090,CH00000007,2024-02-16,408.88,Media,
9017,CAMP00000090,CH  00000005,2024-02-17,658.7,Platform,
9018,CAMP00000090,CH00000002,2024-02-17,518.11,Creative,
9019,CAMP00000090,CH00000009,2024-02-17,464.01,Media,
9020,CAMP00000090,CH00000002,2024-02-18,408.13,Agency,
9021,CAMP00000090,CH00000011,2024-02-19,615.29,Agency,
9022,CAMP00000090,CH00000010,2024-02-20,689.7,Media,
9023,camp00000090,CH00000005,2024-02-20,383.76,Platform,
9024,CAMP00000090,CH00000008,2024-02-21,426.79,Media,
9025,CAMP00000090,CH00000007,2024-02-21,381.47,Creative,
9026,CAMP00000090,CH00000006,2024-02-21,677.56,Creative,
9027,CAMP  00000090,CH00000010,2024-02-22,510.92,Platform,
9028,CAMP00000090,CH00000005,2024-02-23,482.01,Platform,
9029,CAMP00000090,CH00000005,2024-02-23,657.75,Creative,
9030,CAMP00000090,CH00000010,2024-02-23,399.05,Media,
9031,CAMP00000090,CH00000006,2024-02-24,532.53,Media,
9032,CAMP  00000090,CH00000010,2024-02-24,665.49,Platform,
9033,CAMP00000090,CH00000010,2024-02-25,482.51,Media,
9034,CAMP00000090,CH00000014,2024-02-25,521.79,Media,
9035,CAMP00000090,CH00000002,2024-02-25,483.26,Media,
9036,CAMP00000090,CH00000015,2024-02-26,622.3,Media,
9037,CAMP00000090,CH00000001,2024-02-26,688.49,Agency,
9038,CAMP00000090,CH00000011,2024-02-26,551.18,Agency,
9039,CAMP00000090,CH00000001,2024-02-27,385.64,Creative,
9040,CAMP00000090,CH00000014,2024-02-27,553.34,Creative,
9041,CAMP00000090,CH00000004,2024-02-28,636.28,Creative,
9042,CAMP00000090,CH00000009,2024-02-28,616.25,Agency,
9043,CAMP00000090,CH00000013,2024-02-29,475.51,Platform,
9044,CAMP00000090,CH00000005,2024-02-29,477.63,,
9045,CAMP00000090,CH  00000015,2024-03-01,687.71,Media,
9046,CAMP00000090,CH00000004,2024-03-01,641.89,Creative,
9047,CAMP00000090,CH00000002,2024-03-01,440.13,Media,
9048,CAMP00000090,CH00000002,2024-03-02,436.74,Media,
9049,CAMP00000090,CH00000004,2024-03-03,588.16,Media,
9050,CAMP00000090,CH00000014,2024-03-03,609.26,Media,
9051,CAMP  00000090,CH00000004,2024-03-04,392.42,Media,
9052,CAMP00000090,CH00000007,2024-03-05,554.89,Agency,
9053,CAMP00000090,CH00000005,2024-03-05,541.03,Platform,
9054,CAMP00000090,CH00000006,2024-03-05,464.64,Platform,
9055,CAMP00000090,CH00000003,2024-03-06,561.07,Media,
9056,CAMP00000090,CH00000014,2024-03-06,620.4,Creative,
9057,CAMP00000090,CH00000012,2024-03-06,584.16,Agency,
9058,CAMP00000090,CH  00000002,2024-03-07,555.61,Creative,
9059,CAMP00000090,CH00000001,2024-03-07,398.92,Platform,
9060,CAMP00000090,CH00000009,2024-03-08,641.58,Creative,
9061,CAMP00000090,CH00000008,2024-03-08,540.07,Media,
9062,CAMP00000090,CH00000004,2024-03-08,375.58,Agency,
9063,CAMP00000090,CH00000011,2024-03-09,555.29,Agency,
9064,CAMP00000090,CH00000013,2024-03-10,685.12,Media,
9065,CAMP00000090,CH00000001,2024-03-11,582.58,Platform,
9066,CAMP00000090,CH00000015,2024-03-11,679.12,Platform,
9067,CAMP00000090,CH00000015,2024-03-12,450.34,Media,
9068,CAMP00000090,CH00000003,2024-03-12,672.17,Agency,
9069,CAMP00000090,CH00000001,2024-03-13,609.09,Creative,
9070,CAMP00000090,CH00000002,2024-03-14,442.13,Platform,
9071,CAMP00000090,CH00000014,2024-03-15,629.97,Agency,
9072,CAMP00000090,CH00000001,2024-03-16,467.54,Creative,
9073,CAMP00000090,CH00000013,2024-03-17,378.93,Agency,
9074,CAMP00000090,CH00000014,2024-03-17,512.73,Platform,
9075,CAMP00000090,CH00000010,2024-03-17,643.26,Agency,
9076,CAMP00000090,CH00000002,2024-03-18,459.78,Agency,
9077,CAMP  00000090,CH00000005,2024-03-18,474.11,Media,
9078,camp00000090,CH00000008,2024-03-19,619.29,Platform,
9079,CAMP00000090,CH00000004,2024-03-19,673.48,Media,
9080,CAMP00000090,CH00000008,2024-03-19,585.12,Media,
9081,CAMP00000090,CH00000008,2024-03-20,657.4,Media,
9082,CAMP00000090,CH00000001,2024-03-20,416.4,Platform,
9083,CAMP00000090,CH00000011,2024-03-21,670.75,Creative,
9084,CAMP00000090,CH00000015,2024-03-21,690.95,Creative,
9085,CAMP00000090,CH00000015,2024-03-22,558.95,Platform,
9086,CAMP00000090,CH00000015,2024-03-22,466.58,Media,
9087,CAMP00000090,CH00000014,2024-03-23,539.5,Platform,
9088,CAMP00000090,CH00000015,2024-03-24,640.24,Media,
9089,CAMP00000090,CH00000005,2024-03-25,677.64,Agency,
9090,CAMP00000090,CH00000004,2024-03-25,440.86,Agency,
9091,CAMP00000090,CH00000011,2024-03-25,401.65,Platform,
9092,CAMP00000090,CH00000015,2024-03-26,408.67,Platform,
9093,CAMP00000090,CH00000005,2024-03-26,472.19,Agency,
9094,CAMP00000090,CH00000011,2024-03-27,402.53,Platform,
9095,CAMP00000090,CH00000011,2024-03-28,392.46,Media,
9096,CAMP00000090,CH00000001,2024-03-28,502.86,Creative,
9097,camp00000091,CH00000002,2024-10-15,212.97,Agency,
9098,CAMP00000091,CH00000003,2024-10-15,274.48,Creative,
9099,CAMP00000091,CH00000014,2024-10-15,290.08,Agency,
9100,CAMP  00000091,CH00000012,2024-10-16,190.41,Creative,
9101,CAMP00000091,CH00000002,2024-10-17,253.66,Platform,
9102,CAMP00000091,CH00000001,2024-10-18,284.63,Media,
9103,CAMP00000091,CH00000006,2024-10-19,175.96,Agency,
9104,CAMP00000091,CH00000012,2024-10-19,261.78,Platform,
9105,CAMP00000091,CH00000009,2024-10-20,227.54,Platform,
9106,CAMP  00000091,CH00000011,2024-10-20,172.59,Creative,
9107,CAMP00000091,CH00000012,2024-10-21,275.03,Agency,
9108,CAMP00000091,CH00000007,2024-10-21,246.47,Creative,
9109,CAMP00000091,CH00000009,2024-10-22,226.3,Media,
9110,CAMP00000091,CH00000002,2024-10-23,215.83,Agency,
9111,CAMP00000091,CH00000004,2024-10-24,284.17,Agency,
9112,CAMP00000091,CH00000007,2024-10-24,234.78,Media,
9113,CAMP00000091,CH00000005,2024-10-24,270.52,Platform,
9114,CAMP  00000091,CH  00000002,2024-10-25,264.35,Media,
9115,CAMP00000091,CH00000010,2024-10-26,192.01,Agency,
9116,CAMP00000091,CH00000008,2024-10-26,298.37,Platform,
9117,CAMP  00000091,CH00000006,2024-10-27,184.58,Agency,
9118,CAMP00000091,CH00000010,2024-10-27,209.8,Media,
9119,CAMP00000091,CH00000014,2024-10-28,241.08,Platform,
9120,CAMP00000091,CH00000013,2024-10-29,277.94,Creative,
9121,CAMP00000091,CH00000014,2024-10-29,233.51,Creative,
9122,CAMP00000091,CH  00000007,2024-10-30,220.57,Platform,
9123,CAMP00000091,CH00000001,2024-10-31,196.94,Agency,
9124,CAMP00000091,CH00000009,2024-10-31,211.78,Agency,
9125,CAMP00000091,CH00000002,2024-10-31,227.41,Creative,
9126,CAMP00000091,CH00000005,2024-11-01,173.32,Creative,
9127,CAMP00000091,CH00000004,2024-11-01,298.69,Platform,
9128,CAMP00000091,CH00000008,2024-11-02,228.22,Media,
9129,CAMP00000091,CH00000007,2024-11-03,281.22,Platform,
9130,CAMP00000091,CH00000010,2024-11-04,286.79,Platform,
9131,CAMP00000091,CH00000014,2024-11-04,255.14,Platform,
9132,CAMP00000091,CH00000004,2024-11-05,190.3,Agency,
9133,CAMP00000091,CH00000006,2024-11-05,275.07,Creative,
9134,CAMP00000091,CH00000007,2024-11-06,295.63,Agency,
9135,CAMP00000091,CH00000009,2024-11-06,267.65,Creative,
9136,CAMP00000091,CH00000008,2024-11-06,173.49,Creative,
9137,CAMP00000091,CH00000004,2024-11-07,215.57,Agency,
9138,CAMP00000091,CH00000015,2024-11-07,221.13,Creative,
9139,CAMP  00000091,CH00000010,2024-11-08,192.21,Media,
9140,CAMP00000091,CH00000012,2024-11-09,294.99,Platform,
9141,CAMP00000091,CH  00000012,2024-11-09,292.49,Media,
9142,CAMP00000091,CH00000003,2024-11-09,175.03,Media,
9143,CAMP00000091,CH00000013,2024-11-10,214.6,Platform,
9144,CAMP00000091,CH00000012,2024-11-11,172.78,Agency,
9145,CAMP00000091,CH00000002,2024-11-11,161.56,Platform,
9146,CAMP00000091,CH00000002,2024-11-12,296.15,Creative,
9147,CAMP00000091,CH00000004,2024-11-12,223.04,Media,
9148,CAMP  00000091,CH00000008,2024-11-12,182.15,Agency,
9149,CAMP00000091,CH00000001,2024-11-13,197.49,Platform,
9150,CAMP00000091,CH00000014,2024-11-13,269.38,Agency,
9151,CAMP00000091,CH00000007,2024-11-14,172.31,Platform,
9152,CAMP00000091,CH00000014,2024-11-15,221.59,Platform,
9153,CAMP00000091,CH00000002,2024-11-15,268.1,Media,
9154,CAMP00000091,ch00000008,2024-11-16,246.14,Creative,
9155,CAMP00000091,CH00000011,2024-11-16,233.59,Platform,
9156,CAMP00000091,CH00000007,2024-11-17,227.87,Platform,
9157,CAMP00000091,CH00000014,2024-11-17,169.97,Platform,
9158,CAMP00000091,CH00000015,2024-11-17,286.45,Agency,
9159,camp00000091,CH00000002,2024-11-18,292.89,Platform,
9160,CAMP00000091,CH00000002,2024-11-19,258.94,Creative,
9161,CAMP00000091,CH00000010,2024-11-19,267.29,Media,
9162,CAMP00000091,CH00000012,2024-11-19,227.84,Creative,
9163,CAMP  00000091,CH  00000011,2024-11-20,281.15,Platform,
9164,CAMP00000091,CH00000008,2024-11-20,215.02,Platform,
9165,CAMP00000091,CH00000006,2024-11-21,278.37,Agency,
9166,CAMP00000091,CH00000011,2024-11-21,289.6,Creative,
9167,CAMP00000091,CH00000015,2024-11-21,173.24,Media,
9168,CAMP00000091,CH00000012,2024-11-22,287.02,Platform,
9169,CAMP00000091,CH00000004,2024-11-22,222.56,Creative,
9170,CAMP00000091,CH00000011,2024-11-22,233.73,Media,
9171,CAMP00000091,CH00000012,2024-11-23,278.37,Agency,
9172,CAMP00000091,CH00000010,2024-11-23,174.75,Media,
9173,CAMP00000091,ch00000005,2024-11-23,167.63,Media,
9174,CAMP00000091,CH00000012,2024-11-24,226.48,Platform,
9175,CAMP00000091,CH00000010,2024-11-24,280.08,Agency,
9176,CAMP00000091,CH00000005,2024-11-24,255.46,Agency,
9177,CAMP00000091,CH00000011,2024-11-25,171.64,Agency,
9178,CAMP00000091,CH00000013,2024-11-26,180.07,Agency,
9179,CAMP00000091,CH00000002,2024-11-26,274.45,Creative,
9180,CAMP00000091,CH00000014,2024-11-27,282.85,Media,
9181,CAMP00000091,CH00000010,2024-11-28,246.67,Platform,
9182,CAMP00000091,CH  00000006,2024-11-28,213.35,Creative,
9183,CAMP00000091,CH00000013,2024-11-29,161.55,Creative,
9184,CAMP00000091,CH00000014,2024-11-29,243.91,Media,
9185,CAMP  00000091,CH00000013,2024-11-29,198.77,Media,
9186,CAMP00000091,CH00000003,2024-11-30,224.07,Creative,
9187,CAMP00000091,CH00000006,2024-11-30,226.97,Media,
9188,CAMP00000091,CH00000010,2024-11-30,245.77,Creative,
9189,CAMP00000091,CH00000001,2024-12-01,180.73,Creative,
9190,CAMP00000091,CH00000005,2024-12-02,251.69,Platform,
9191,CAMP00000091,CH00000004,2024-12-02,202.16,Media,
9192,CAMP00000091,CH00000002,2024-12-02,290.28,Agency,
9193,CAMP00000091,CH00000010,2024-12-03,264.82,Creative,
9194,CAMP00000091,CH00000007,2024-12-04,218.57,Media,
9195,CAMP00000091,CH00000008,2024-12-05,228.82,Platform,
9196,CAMP00000091,CH00000004,2024-12-06,215.76,Media,
9197,CAMP00000091,CH00000008,2024-12-06,162.82,Platform,
9198,CAMP00000091,CH00000007,2024-12-07,284.65,Creative,
9199,CAMP00000091,CH00000003,2024-12-07,276.92,Creative,
9200,CAMP00000091,CH00000007,2024-12-08,211.33,Agency,
9201,CAMP00000091,CH00000005,2024-12-09,193.95,Platform,
9202,CAMP00000091,CH00000015,2024-12-09,208.99,Media,
9203,CAMP00000091,CH00000015,2024-12-10,271.63,Platform,
9204,CAMP00000091,CH00000012,2024-12-11,198.23,Agency,
9205,CAMP00000091,CH00000004,2024-12-11,244.36,Creative,
9206,CAMP00000091,CH00000001,2024-12-12,197.27,Agency,
9207,CAMP00000091,CH00000001,2024-12-12,234.39,Agency,
9208,CAMP00000091,CH00000010,2024-12-12,211.61,Agency,
9209,CAMP00000091,CH00000002,2024-12-13,273.88,Media,
9210,CAMP00000091,CH00000002,2024-12-14,267.69,Platform,
9211,CAMP00000091,CH00000015,2024-12-14,214.49,Media,
9212,CAMP00000091,CH00000012,2024-12-15,233.25,Agency,
9213,CAMP  00000091,CH00000015,2024-12-15,230.2,Agency,
9214,CAMP00000091,CH00000009,2024-12-15,177.15,Platform,
9215,CAMP00000091,CH00000014,2024-12-16,177.95,Media,
9216,CAMP00000091,CH00000011,2024-12-16,281.89,Creative,
9217,CAMP00000091,CH00000012,2024-12-16,252.96,Platform,
9218,CAMP00000091,ch00000006,2024-12-17,270.03,Agency,
9219,CAMP00000091,CH  00000009,2024-12-18,226.6,Creative,
9220,CAMP00000091,CH00000014,2024-12-18,222.56,Platform,
9221,CAMP00000091,CH00000004,2024-12-19,266.28,Media,
9222,CAMP00000091,ch00000007,2024-12-20,270.88,Agency,
9223,CAMP00000091,CH00000007,2024-12-20,220.49,Agency,
9224,CAMP00000091,CH00000013,2024-12-20,248.72,Agency,
9225,CAMP00000091,CH00000007,2024-12-21,283.76,Agency,
9226,CAMP00000091,CH00000012,2024-12-21,253.33,Creative,
9227,CAMP00000091,CH00000005,2024-12-21,274.83,Media,
9228,CAMP00000091,CH00000013,2024-12-22,250.39,Media,
9229,CAMP00000091,CH  00000003,2024-12-23,230.77,Media,
9230,CAMP00000091,CH00000006,2024-12-24,182.58,Media,
9231,CAMP00000091,CH00000013,2024-12-24,178.18,Media,
9232,CAMP00000091,CH00000015,2024-12-25,218.77,Agency,
9233,CAMP00000091,CH  00000003,2024-12-26,228.1,Media,
9234,camp00000091,CH00000005,2024-12-26,219.95,Agency,
9235,CAMP00000091,CH00000010,2024-12-27,192.39,Platform,
9236,CAMP00000091,CH00000013,2024-12-27,275.1,Creative,
9237,CAMP00000091,CH00000002,2024-12-27,204.11,Creative,
9238,CAMP00000091,CH00000012,2024-12-28,248.67,Platform,
9239,CAMP00000091,CH00000001,2024-12-28,261.17,Agency,
9240,CAMP00000091,CH00000003,2024-12-28,269.1,Agency,
9241,CAMP00000091,CH00000001,2024-12-29,216.57,Creative,
9242,camp00000091,CH00000011,2024-12-30,284.9,Creative,
9243,CAMP00000091,CH00000001,2024-12-30,194.11,Platform,
9244,CAMP00000091,CH00000003,2024-12-30,176.23,Creative,
9245,CAMP00000091,CH00000006,2024-12-31,195.53,Media,
9246,CAMP00000091,CH00000012,2024-12-31,287.41,Media,
9247,CAMP00000091,CH00000011,2025-01-01,216.09,Creative,
9248,CAMP00000091,CH00000009,2025-01-01,262.7,Agency,
9249,CAMP00000091,CH00000001,2025-01-01,188.65,Media,
9250,CAMP  00000091,CH00000001,2025-01-02,225.89,Media,
9251,CAMP00000091,CH00000013,2025-01-03,170.38,Creative,
9252,CAMP00000091,CH00000015,2025-01-04,296.68,Media,
9253,CAMP00000091,CH00000011,2025-01-04,186.31,Agency,
9254,CAMP00000092,CH  00000005,2023-06-18,9.65,Creative,
9255,CAMP00000092,CH00000005,2023-06-18,6.96,Agency,
9256,CAMP00000092,CH00000002,2023-06-19,8.67,Agency,
9257,CAMP00000092,CH00000002,2023-06-19,6.78,Platform,
9258,CAMP00000092,CH00000005,2023-06-19,6.74,Creative,
9259,CAMP00000092,CH00000002,2023-06-20,9.45,Agency,
9260,CAMP00000092,CH00000007,2023-06-21,5.78,Platform,
9261,CAMP00000092,CH00000006,2023-06-22,8.62,Agency,
9262,CAMP00000092,CH  00000013,2023-06-22,8.4,Platform,
9263,CAMP00000092,CH00000010,2023-06-22,8.81,Platform,
9264,CAMP00000092,CH00000006,2023-06-23,9.19,Platform,
9265,CAMP00000092,CH00000008,2023-06-23,9.88,Agency,
9266,CAMP00000092,CH00000003,2023-06-23,6.09,Agency,
9267,CAMP00000092,CH00000006,2023-06-24,8.64,Platform,
9268,CAMP00000092,CH00000009,2023-06-24,6.36,Creative,
9269,CAMP00000092,CH00000013,2023-06-25,6.74,Agency,
9270,CAMP00000092,CH  00000013,2023-06-25,6.16,Media,
9271,CAMP00000092,CH00000002,2023-06-26,8.53,Agency,
9272,CAMP00000092,CH00000013,2023-06-26,9.88,Agency,
9273,CAMP00000092,CH00000002,2023-06-27,7.99,Agency,
9274,CAMP00000092,CH00000002,2023-06-27,6.13,Creative,
9275,CAMP  00000092,CH  00000015,2023-06-28,9.26,Agency,
9276,CAMP00000092,CH00000009,2023-06-28,8.35,Creative,
9277,CAMP00000092,CH00000003,2023-06-28,5.58,Agency,
9278,CAMP00000092,CH  00000005,2023-06-29,9.15,Creative,
9279,CAMP00000092,CH  00000015,2023-06-29,6.62,Media,
9280,CAMP00000092,CH00000007,2023-06-29,8.5,Media,
9281,CAMP00000092,CH  00000014,2023-06-30,9.81,Platform,
9282,CAMP00000092,CH00000015,2023-07-01,6.47,Platform,
9283,CAMP00000092,CH00000005,2023-07-01,5.57,Agency,
9284,CAMP00000092,CH00000001,2023-07-02,7.14,Platform,
9285,CAMP00000092,CH00000013,2023-07-03,8.84,Agency,
9286,CAMP00000092,CH00000012,2023-07-04,9.1,Creative,
9287,CAMP00000092,CH00000007,2023-07-05,8.43,Media,
9288,CAMP00000092,CH00000005,2023-07-05,9.12,Agency,
9289,CAMP00000092,CH00000010,2023-07-05,5.67,Platform,
9290,CAMP00000092,CH00000007,2023-07-06,6.99,Platform,
9291,CAMP00000092,CH00000013,2023-07-07,7.85,Media,
9292,CAMP00000092,CH00000010,2023-07-07,9.56,Agency,
9293,CAMP00000092,CH00000009,2023-07-08,7.38,Agency,
9294,CAMP00000092,CH00000015,2023-07-08,6.05,Agency,
9295,CAMP00000092,CH00000002,2023-07-09,5.68,Platform,
9296,CAMP00000092,CH00000007,2023-07-09,8.08,Media,
9297,CAMP00000092,CH00000008,2023-07-09,9.39,Creative,
9298,CAMP00000092,CH00000003,2023-07-10,6.4,Platform,
9299,CAMP00000092,CH00000009,2023-07-10,7.6,Media,
9300,CAMP00000092,CH00000015,2023-07-11,9.04,Creative,
9301,CAMP00000092,CH00000008,2023-07-11,6.23,Platform,
9302,CAMP00000092,CH00000008,2023-07-11,8.62,Agency,
9303,CAMP00000092,CH00000011,2023-07-12,6.45,Agency,
9304,CAMP00000092,CH00000007,2023-07-12,6.07,Platform,
9305,CAMP00000092,CH00000014,2023-07-13,8.5,Platform,
9306,CAMP00000092,CH  00000014,2023-07-13,9.0,Media,
9307,CAMP00000092,CH00000005,2023-07-13,7.8,Platform,
9308,CAMP  00000092,CH00000005,2023-07-14,5.39,Creative,
9309,CAMP00000092,CH00000005,2023-07-14,9.45,Agency,
9310,CAMP  00000092,CH00000004,2023-07-15,7.31,Platform,
9311,CAMP00000092,CH00000014,2023-07-15,5.8,Platform,
9312,CAMP00000092,CH00000011,2023-07-16,9.34,Platform,
9313,CAMP00000092,CH00000010,2023-07-16,6.88,Platform,
9314,CAMP00000092,CH00000013,2023-07-16,6.4,Agency,
9315,CAMP00000092,CH00000005,2023-07-17,8.56,Platform,
9316,CAMP00000092,CH  00000006,2023-07-17,8.78,Media,
9317,CAMP00000092,CH00000004,2023-07-17,9.42,Creative,
9318,CAMP00000092,CH00000010,2023-07-18,6.09,Agency,
9319,CAMP00000092,CH00000013,2023-07-18,6.24,Media,
9320,CAMP00000092,CH00000012,2023-07-18,6.16,Creative,
9321,CAMP00000092,CH00000014,2023-07-19,8.75,Creative,
9322,CAMP00000092,CH00000012,2023-07-19,6.47,Agency,
9323,CAMP00000092,CH00000012,2023-07-19,5.52,Agency,
9324,CAMP00000092,CH  00000013,2023-07-20,7.84,Platform,
9325,CAMP00000092,CH00000011,2023-07-20,8.82,Agency,
9326,CAMP00000092,CH00000005,2023-07-20,5.7,Platform,
9327,CAMP00000092,CH00000008,2023-07-21,8.44,Agency,
9328,CAMP00000092,CH00000005,2023-07-21,7.6,,
9329,CAMP00000092,ch00000012,2023-07-22,6.05,Media,
9330,CAMP00000092,CH00000007,2023-07-23,7.79,Media,
9331,CAMP00000092,CH00000015,2023-07-23,5.77,Agency,
9332,CAMP00000093,CH00000015,2023-05-17,97.08,Creative,
9333,CAMP00000093,CH  00000010,2023-05-18,113.85,Media,
9334,CAMP00000093,CH00000014,2023-05-19,140.97,Media,
9335,CAMP00000093,CH00000005,2023-05-19,146.51,Creative,
9336,CAMP00000093,CH00000009,2023-05-19,145.51,Creative,
9337,CAMP00000093,CH00000003,2023-05-20,122.95,Media,
9338,CAMP00000093,CH00000015,2023-05-20,99.41,Creative,
9339,CAMP00000093,CH00000002,2023-05-20,127.05,Media,
9340,CAMP00000093,CH00000012,2023-05-21,94.32,Creative,
9341,CAMP00000093,CH00000007,2023-05-22,120.0,Media,
9342,CAMP00000093,CH  00000010,2023-05-23,145.54,Media,
9343,CAMP00000093,CH00000014,2023-05-23,121.96,Agency,
9344,CAMP00000093,CH00000003,2023-05-23,123.68,Platform,
9345,CAMP00000093,CH00000010,2023-05-24,89.99,Platform,
9346,CAMP00000093,CH00000015,2023-05-24,98.78,Platform,
9347,CAMP00000093,CH00000008,2023-05-25,105.66,Agency,
9348,CAMP00000093,CH00000003,2023-05-26,116.26,Platform,
9349,CAMP00000093,CH00000004,2023-05-26,120.5,Agency,
9350,CAMP00000093,CH00000003,2023-05-27,104.42,Platform,
9351,CAMP00000093,CH  00000002,2023-05-27,106.6,Media,
9352,CAMP00000093,ch00000010,2023-05-28,110.71,Platform,
9353,CAMP00000093,CH00000003,2023-05-28,119.45,Media,
9354,CAMP00000093,CH00000013,2023-05-28,93.3,Platform,
9355,CAMP00000093,CH00000003,2023-05-29,107.91,Creative,
9356,CAMP00000093,CH00000014,2023-05-30,110.32,Agency,
9357,CAMP00000093,CH00000005,2023-05-30,118.21,Creative,
9358,CAMP00000093,CH00000005,2023-05-30,84.52,Media,
9359,CAMP00000093,CH00000010,2023-05-31,105.69,Platform,
9360,CAMP00000093,CH00000014,2023-05-31,149.82,Media,
9361,CAMP00000093,CH00000001,2023-06-01,109.78,Platform,
9362,CAMP00000093,CH00000008,2023-06-01,105.05,Media,
9363,CAMP00000093,CH00000009,2023-06-01,145.73,Agency,
9364,CAMP00000093,CH00000003,2023-06-02,131.09,Platform,
9365,CAMP00000093,CH00000010,2023-06-02,111.73,Creative,
9366,CAMP  00000093,CH00000012,2023-06-03,128.58,Media,
9367,CAMP00000093,CH00000009,2023-06-04,149.76,Agency,
9368,CAMP00000093,CH00000013,2023-06-04,100.14,Agency,
9369,CAMP00000093,CH00000015,2023-06-04,85.79,Agency,
9370,CAMP00000093,CH00000005,2023-06-05,118.68,Creative,
9371,CAMP00000093,CH00000015,2023-06-05,121.68,Creative,
9372,CAMP00000093,CH00000004,2023-06-05,128.39,Platform,
9373,CAMP00000093,CH00000004,2023-06-06,121.66,Media,
9374,CAMP00000093,CH00000009,2023-06-06,130.73,Agency,
9375,CAMP00000093,CH00000008,2023-06-06,101.58,Media,
9376,CAMP00000093,CH00000005,2023-06-07,149.75,Platform,
9377,CAMP00000093,CH00000006,2023-06-07,107.11,,
9378,CAMP00000093,CH00000011,2023-06-07,127.46,Platform,
9379,CAMP00000093,CH00000014,2023-06-08,101.95,Creative,
9380,CAMP00000093,CH00000002,2023-06-08,131.77,Media,
9381,CAMP00000093,CH00000001,2023-06-08,126.81,Media,
9382,CAMP00000093,CH00000014,2023-06-09,131.42,Agency,
9383,CAMP00000093,CH00000005,2023-06-09,142.57,Creative,
9384,CAMP00000093,CH00000003,2023-06-09,128.57,Creative,
9385,CAMP00000093,CH00000012,2023-06-10,108.21,Platform,
9386,CAMP00000093,CH00000002,2023-06-11,153.21,Agency,
9387,CAMP00000093,CH00000004,2023-06-11,143.03,Agency,
9388,CAMP00000093,CH00000012,2023-06-11,114.59,Media,
9389,CAMP00000093,CH00000007,2023-06-12,131.69,Platform,
9390,CAMP00000093,CH00000004,2023-06-12,113.72,Creative,
9391,CAMP00000093,CH00000014,2023-06-12,137.77,Creative,
9392,CAMP00000093,CH00000003,2023-06-13,135.12,Creative,
9393,CAMP00000093,CH00000009,2023-06-13,135.59,Media,
9394,CAMP00000093,CH00000014,2023-06-13,125.87,Agency,
9395,CAMP00000093,CH00000005,2023-06-14,138.87,Creative,
9396,CAMP00000093,CH00000004,2023-06-14,122.95,Creative,
9397,CAMP00000093,ch00000009,2023-06-14,83.49,Agency,
9398,CAMP00000093,CH00000002,2023-06-15,106.29,Platform,
9399,CAMP00000093,CH00000005,2023-06-15,96.97,Creative,
9400,CAMP00000093,CH00000008,2023-06-16,151.82,Creative,
9401,CAMP00000093,CH  00000012,2023-06-17,88.77,Media,
9402,CAMP00000093,CH00000012,2023-06-18,123.77,Platform,
9403,CAMP00000093,CH00000014,2023-06-18,102.27,Creative,
9404,CAMP  00000093,CH00000010,2023-06-18,146.58,Platform,
9405,CAMP  00000093,CH00000005,2023-06-19,94.39,Agency,
9406,CAMP00000093,CH00000014,2023-06-19,151.05,Creative,
9407,CAMP00000093,CH  00000014,2023-06-20,141.72,Agency,
9408,CAMP00000093,CH00000012,2023-06-20,150.99,Creative,
9409,CAMP00000093,CH00000012,2023-06-20,101.56,Platform,
9410,CAMP00000093,CH00000007,2023-06-21,93.21,Media,
9411,CAMP00000093,CH00000004,2023-06-22,143.26,Platform,
9412,CAMP00000093,CH00000013,2023-06-22,115.96,Creative,
9413,CAMP00000093,CH00000007,2023-06-22,85.81,Platform,
9414,CAMP00000093,CH00000013,2023-06-23,102.61,Creative,
9415,CAMP00000093,CH00000001,2023-06-23,129.38,Media,
9416,CAMP00000093,CH00000008,2023-06-24,91.33,Creative,
9417,CAMP00000093,CH00000015,2023-06-25,133.91,Media,
9418,CAMP00000093,CH00000001,2023-06-25,122.71,Platform,
9419,CAMP00000093,CH00000015,2023-06-25,128.63,Agency,
9420,CAMP  00000093,CH00000004,2023-06-26,114.98,Creative,
9421,CAMP00000093,CH00000001,2023-06-27,86.92,Platform,
9422,CAMP00000093,CH00000003,2023-06-27,94.02,Media,
9423,CAMP00000093,CH00000012,2023-06-27,97.8,Creative,
9424,CAMP00000093,CH00000002,2023-06-28,91.33,Media,
9425,CAMP00000093,CH00000003,2023-06-28,102.98,Media,
9426,CAMP00000093,CH00000005,2023-06-28,137.86,Platform,
9427,CAMP00000093,CH00000014,2023-06-29,138.59,Agency,
9428,CAMP00000093,CH00000002,2023-06-30,90.9,Creative,
9429,CAMP00000093,CH00000008,2023-06-30,128.11,Media,
9430,CAMP00000093,CH00000002,2023-06-30,113.32,Media,
9431,CAMP00000093,CH00000003,2023-07-01,143.74,Platform,
9432,CAMP00000093,CH00000015,2023-07-01,90.25,Creative,
9433,CAMP00000093,CH00000015,2023-07-01,138.91,Media,
9434,CAMP00000093,CH00000005,2023-07-02,120.77,Creative,
9435,CAMP  00000093,CH00000003,2023-07-02,115.71,Media,
9436,CAMP00000093,CH00000004,2023-07-02,145.65,Agency,
9437,CAMP00000093,CH00000010,2023-07-03,134.01,Creative,
9438,CAMP00000093,CH00000010,2023-07-03,152.48,Creative,
9439,CAMP00000093,CH00000001,2023-07-03,91.46,Creative,
9440,CAMP00000093,ch00000005,2023-07-04,94.06,Creative,
9441,CAMP00000093,CH00000002,2023-07-05,128.71,Agency,
9442,CAMP  00000093,ch00000003,2023-07-05,125.88,Agency,
9443,CAMP00000093,CH00000008,2023-07-06,86.17,Agency,
9444,CAMP00000093,CH00000010,2023-07-06,120.07,Agency,
9445,CAMP00000093,CH00000008,2023-07-06,121.85,Creative,
9446,CAMP00000093,CH00000012,2023-07-07,128.69,Creative,
9447,CAMP00000093,CH00000011,2023-07-07,98.7,Media,
9448,CAMP00000093,CH00000009,2023-07-08,108.49,Media,
9449,CAMP00000093,CH00000015,2023-07-09,133.5,Creative,
9450,CAMP00000093,CH00000001,2023-07-09,101.28,Agency,
9451,CAMP00000093,CH00000007,2023-07-09,120.97,Media,
9452,CAMP00000093,CH00000005,2023-07-10,111.22,Creative,
9453,CAMP00000093,CH00000015,2023-07-10,88.71,Creative,
9454,CAMP00000093,CH00000005,2023-07-11,134.34,Creative,
9455,CAMP00000093,CH00000011,2023-07-11,100.82,Creative,
9456,CAMP00000093,CH00000009,2023-07-11,131.91,Media,
9457,CAMP00000093,CH00000014,2023-07-12,102.59,Agency,
9458,CAMP00000093,CH00000003,2023-07-12,96.6,Creative,
9459,CAMP00000093,ch00000001,2023-07-13,96.39,Media,
9460,CAMP00000093,CH00000011,2023-07-13,139.04,Platform,
9461,CAMP00000093,CH00000007,2023-07-14,111.79,Media,
9462,CAMP00000093,CH00000011,2023-07-15,103.7,Agency,
9463,CAMP00000093,CH00000008,2023-07-16,113.7,Media,
9464,CAMP00000093,CH00000003,2023-07-17,109.79,Agency,
9465,CAMP00000093,CH00000004,2023-07-18,91.14,Creative,
9466,CAMP00000093,CH00000008,2023-07-19,140.76,Creative,
9467,CAMP00000093,CH00000008,2023-07-20,96.51,Media,
9468,CAMP00000093,CH00000013,2023-07-20,119.62,Media,
9469,CAMP00000093,CH00000013,2023-07-20,114.14,Media,
9470,camp00000093,CH00000012,2023-07-21,146.88,Agency,
9471,CAMP00000093,ch00000005,2023-07-22,102.5,Media,
9472,CAMP00000093,CH00000014,2023-07-22,135.47,Media,
9473,CAMP00000093,CH00000012,2023-07-23,142.25,,
9474,CAMP00000093,CH00000009,2023-07-24,152.15,Creative,
9475,CAMP00000093,CH00000005,2023-07-24,137.28,Agency,
9476,CAMP  00000093,CH00000012,2023-07-24,82.76,Agency,
9477,CAMP00000093,CH00000002,2023-07-25,82.92,Creative,
9478,CAMP00000093,CH00000002,2023-07-26,133.0,Platform,
9479,CAMP00000093,CH00000006,2023-07-26,129.2,Platform,
9480,CAMP00000093,CH00000005,2023-07-27,125.07,Platform,
9481,CAMP00000093,CH00000015,2023-07-28,116.49,Agency,
9482,CAMP00000093,CH00000015,2023-07-28,132.86,Creative,
9483,CAMP00000093,CH00000014,2023-07-28,103.99,Creative,
9484,CAMP00000093,CH00000002,2023-07-29,123.97,Platform,
9485,CAMP00000093,ch00000010,2023-07-29,124.32,Platform,
9486,CAMP00000093,CH00000013,2023-07-29,102.21,Media,
9487,CAMP00000093,CH00000005,2023-07-30,150.19,Platform,
9488,CAMP00000093,CH  00000015,2023-07-31,103.27,Media,
9489,CAMP00000093,CH00000003,2023-07-31,141.74,Agency,
9490,CAMP00000093,CH00000013,2023-07-31,100.27,Media,
9491,CAMP  00000093,CH00000002,2023-08-01,122.46,Creative,
9492,CAMP00000093,CH00000003,2023-08-02,138.07,Agency,
9493,CAMP  00000093,CH00000003,2023-08-02,85.82,Agency,
9494,CAMP  00000093,CH00000001,2023-08-03,151.76,Platform,
9495,CAMP00000093,CH  00000003,2023-08-03,145.86,Creative,
9496,CAMP00000093,CH00000015,2023-08-03,145.97,Platform,
9497,CAMP00000093,CH00000013,2023-08-04,140.71,Creative,
9498,CAMP00000093,CH00000014,2023-08-05,147.82,Agency,
9499,CAMP00000093,CH00000014,2023-08-05,98.91,Media,
9500,CAMP00000093,CH00000008,2023-08-06,101.46,Creative,
9501,CAMP00000093,CH00000009,2023-08-06,93.96,Creative,
9502,CAMP00000093,CH00000006,2023-08-06,117.46,Platform,
9503,CAMP00000093,CH00000012,2023-08-07,90.99,Agency,
9504,CAMP00000093,CH00000012,2023-08-07,91.83,Creative,
9505,CAMP00000093,ch  00000010,2023-08-08,136.12,Platform,
9506,CAMP00000094,CH00000013,2023-07-16,83.06,Creative,
9507,CAMP00000094,CH00000003,2023-07-17,96.48,Platform,
9508,CAMP00000094,CH00000002,2023-07-17,101.52,Agency,
9509,camp00000094,CH00000003,2023-07-17,133.4,Media,
9510,CAMP00000094,CH00000011,2023-07-18,98.38,Agency,
9511,CAMP00000094,CH00000013,2023-07-18,95.26,Creative,
9512,CAMP00000094,CH00000003,2023-07-19,140.39,Media,
9513,CAMP00000094,CH00000009,2023-07-20,131.08,Media,
9514,CAMP00000094,CH00000005,2023-07-20,97.64,Media,
9515,CAMP  00000094,CH00000011,2023-07-21,147.23,Creative,
9516,CAMP00000094,CH00000011,2023-07-22,119.89,Media,
9517,CAMP00000094,CH00000001,2023-07-22,130.12,Platform,
9518,CAMP00000094,CH00000013,2023-07-23,109.91,Media,
9519,CAMP00000094,CH00000007,2023-07-23,90.93,Creative,
9520,CAMP00000094,CH00000001,2023-07-23,146.55,Creative,
9521,CAMP00000094,CH00000006,2023-07-24,135.18,Agency,
9522,camp00000094,CH  00000001,2023-07-25,118.64,Agency,
9523,CAMP00000094,CH00000001,2023-07-25,93.3,Media,
9524,CAMP00000094,CH00000004,2023-07-26,107.03,Agency,
9525,CAMP00000094,CH00000002,2023-07-27,118.38,Media,
9526,CAMP00000094,CH00000011,2023-07-28,95.16,Media,
9527,CAMP00000094,CH00000003,2023-07-28,134.78,Media,
9528,CAMP00000094,CH00000003,2023-07-28,100.75,Creative,
9529,CAMP00000094,CH00000007,2023-07-29,84.91,Creative,
9530,CAMP00000094,CH00000005,2023-07-29,138.97,Creative,
9531,CAMP00000094,CH00000013,2023-07-30,121.74,Creative,
9532,camp00000094,CH00000011,2023-07-30,114.92,Platform,
9533,CAMP00000094,CH00000001,2023-07-31,125.44,Agency,
9534,CAMP00000094,CH00000009,2023-07-31,104.49,Platform,
9535,CAMP00000094,CH00000008,2023-07-31,118.27,Platform,
9536,CAMP00000094,CH00000009,2023-08-01,111.2,Media,
9537,CAMP00000094,CH00000005,2023-08-01,134.0,Platform,
9538,CAMP00000094,CH00000008,2023-08-01,82.49,Creative,
9539,CAMP00000094,CH00000001,2023-08-02,124.59,Platform,
9540,CAMP00000094,CH00000002,2023-08-02,146.99,Media,
9541,CAMP00000094,CH00000006,2023-08-03,135.29,Agency,
9542,CAMP00000094,CH00000007,2023-08-04,143.93,Agency,
9543,CAMP00000094,CH00000005,2023-08-04,94.1,Media,
9544,CAMP00000094,CH00000011,2023-08-04,100.15,Media,
9545,CAMP00000094,ch00000004,2023-08-05,111.64,Agency,
9546,CAMP00000094,CH  00000008,2023-08-05,139.89,Platform,
9547,CAMP00000094,CH00000002,2023-08-06,146.37,Platform,
9548,CAMP00000094,CH00000015,2023-08-07,146.61,Creative,
9549,CAMP00000094,CH00000006,2023-08-07,139.27,Platform,
9550,camp00000094,CH00000004,2023-08-07,110.48,Creative,
9551,CAMP00000094,CH00000008,2023-08-08,82.36,Creative,
9552,CAMP00000094,CH00000002,2023-08-08,86.88,Creative,
9553,CAMP00000094,CH  00000014,2023-08-08,144.32,Platform,
9554,CAMP00000094,CH00000002,2023-08-09,139.42,Media,
9555,CAMP00000094,CH00000008,2023-08-09,121.79,Agency,
9556,CAMP00000094,CH  00000011,2023-08-09,135.16,Creative,
9557,CAMP00000094,CH00000008,2023-08-10,138.92,Creative,
9558,CAMP00000094,CH00000012,2023-08-10,106.74,Agency,
9559,CAMP  00000094,CH00000015,2023-08-10,135.33,Agency,
9560,CAMP  00000094,CH00000010,2023-08-11,133.27,Platform,
9561,CAMP00000094,CH00000005,2023-08-11,145.46,Media,
9562,CAMP00000094,CH00000007,2023-08-11,93.12,Media,
9563,CAMP00000094,CH00000014,2023-08-12,111.59,Platform,
9564,CAMP00000094,CH00000008,2023-08-12,104.43,Platform,
9565,CAMP00000094,CH00000009,2023-08-13,116.46,Platform,
9566,CAMP00000094,CH00000011,2023-08-13,82.37,Media,
9567,CAMP00000094,CH00000002,2023-08-14,85.41,Agency,
9568,CAMP00000094,CH00000014,2023-08-15,126.75,Platform,
9569,CAMP00000094,CH00000011,2023-08-15,115.93,Platform,
9570,CAMP00000094,CH00000008,2023-08-16,121.11,Platform,
9571,CAMP00000094,CH00000005,2023-08-16,136.65,Agency,
9572,CAMP00000094,CH00000001,2023-08-16,83.26,Creative,
9573,CAMP00000094,CH00000012,2023-08-17,86.49,Platform,
9574,CAMP00000094,CH00000001,2023-08-17,142.32,Media,
9575,CAMP00000094,CH00000004,2023-08-17,102.32,Media,
9576,CAMP00000094,CH00000007,2023-08-18,94.09,Creative,
9577,CAMP00000094,CH00000005,2023-08-18,132.01,Agency,
9578,CAMP00000094,CH00000006,2023-08-18,79.84,Media,
9579,CAMP00000094,CH00000008,2023-08-19,98.53,Media,
9580,CAMP00000094,CH00000015,2023-08-19,83.78,Media,
9581,CAMP00000094,CH00000011,2023-08-19,144.88,Agency,
9582,CAMP00000094,CH00000006,2023-08-20,117.81,Platform,
9583,CAMP00000094,CH00000004,2023-08-20,98.88,Media,
9584,CAMP00000094,CH00000011,2023-08-20,99.18,Creative,
9585,CAMP00000094,CH00000006,2023-08-21,117.85,Media,
9586,CAMP00000094,CH00000001,2023-08-21,113.33,Creative,
9587,CAMP00000094,CH  00000013,2023-08-21,80.39,Creative,
9588,CAMP00000094,CH00000010,2023-08-22,128.91,Creative,
9589,CAMP00000094,CH00000002,2023-08-23,91.2,Media,
9590,CAMP00000094,CH00000007,2023-08-24,142.05,Media,
9591,CAMP00000094,CH00000005,2023-08-24,140.15,Creative,
9592,CAMP00000094,CH  00000015,2023-08-25,126.98,Media,
9593,CAMP00000094,CH00000001,2023-08-25,123.18,Agency,
9594,CAMP00000094,CH00000006,2023-08-25,135.09,Agency,
9595,CAMP00000094,CH00000005,2023-08-26,140.79,Media,
9596,CAMP00000094,CH00000002,2023-08-27,119.93,Creative,
9597,CAMP00000094,CH00000012,2023-08-27,118.12,Creative,
9598,CAMP00000094,CH00000008,2023-08-28,128.15,Platform,
9599,CAMP00000094,CH  00000007,2023-08-28,137.85,Platform,
9600,CAMP00000094,CH00000009,2023-08-28,129.05,Creative,
9601,CAMP00000094,CH00000003,2023-08-29,102.22,Platform,
9602,CAMP00000094,CH00000007,2023-08-30,115.5,Platform,
9603,CAMP00000094,CH00000007,2023-08-31,126.31,Agency,
9604,CAMP  00000094,CH00000014,2023-08-31,129.73,Platform,
9605,camp00000094,CH  00000006,2023-08-31,107.08,Platform,
9606,CAMP00000094,CH00000015,2023-09-01,138.1,Media,
9607,CAMP00000094,CH00000007,2023-09-02,135.99,Creative,
9608,CAMP00000094,CH00000006,2023-09-02,127.37,Agency,
9609,CAMP00000094,CH00000004,2023-09-02,139.38,Platform,
9610,CAMP00000094,CH00000004,2023-09-03,91.19,Platform,
9611,CAMP00000094,CH00000001,2023-09-03,91.53,Platform,
9612,CAMP00000094,CH00000015,2023-09-03,114.63,Creative,
9613,CAMP00000094,CH00000013,2023-09-04,132.99,Media,
9614,CAMP00000094,CH00000006,2023-09-04,83.9,Media,
9615,CAMP00000094,CH00000009,2023-09-04,116.79,,
9616,CAMP00000094,CH00000001,2023-09-05,119.64,Creative,
9617,CAMP00000094,CH00000003,2023-09-05,129.97,Platform,
9618,CAMP00000094,CH00000013,2023-09-05,98.98,Creative,
9619,CAMP00000094,ch00000010,2023-09-06,85.83,Platform,
9620,CAMP00000094,CH00000010,2023-09-07,83.88,Media,
9621,CAMP00000094,CH00000008,2023-09-07,92.06,Agency,
9622,CAMP00000094,CH00000008,2023-09-08,99.35,Agency,
9623,CAMP00000094,CH00000001,2023-09-08,89.75,Agency,
9624,CAMP00000094,CH00000007,2023-09-09,100.68,Creative,
9625,CAMP00000094,CH00000013,2023-09-09,132.43,Platform,
9626,CAMP00000095,CH00000012,2023-10-10,68.36,Creative,
9627,CAMP00000095,CH00000001,2023-10-11,84.5,Media,
9628,CAMP00000095,CH00000014,2023-10-12,64.82,Media,
9629,CAMP00000095,CH00000006,2023-10-12,70.58,Creative,
9630,CAMP00000095,CH00000001,2023-10-13,86.67,Media,
9631,CAMP  00000095,CH00000013,2023-10-13,54.63,Creative,
9632,CAMP00000095,CH00000007,2023-10-14,88.62,Creative,
9633,CAMP00000095,CH  00000007,2023-10-14,61.19,Creative,
9634,CAMP00000095,CH00000011,2023-10-14,74.55,Media,
9635,CAMP00000095,CH00000006,2023-10-15,73.24,Agency,
9636,CAMP00000095,CH00000007,2023-10-15,63.03,Media,
9637,CAMP00000095,ch00000003,2023-10-15,74.32,Agency,
9638,CAMP00000095,CH00000008,2023-10-16,79.13,Creative,
9639,CAMP00000095,CH00000006,2023-10-16,76.41,Creative,
9640,camp00000095,CH00000015,2023-10-17,85.78,Media,
9641,CAMP00000095,CH00000006,2023-10-18,50.42,Agency,
9642,CAMP00000095,CH00000002,2023-10-18,59.01,Platform,
9643,CAMP00000095,CH00000005,2023-10-18,72.81,Media,
9644,CAMP00000095,CH00000009,2023-10-19,51.48,Media,
9645,CAMP00000095,CH00000009,2023-10-19,60.15,Platform,
9646,CAMP00000095,CH00000014,2023-10-19,53.99,Media,
9647,CAMP00000095,CH00000008,2023-10-20,68.12,Agency,
9648,camp00000095,CH00000010,2023-10-21,71.25,Media,
9649,CAMP00000095,CH00000006,2023-10-21,86.15,Creative,
9650,CAMP00000095,CH00000012,2023-10-22,70.83,Media,
9651,CAMP00000095,CH00000011,2023-10-23,64.71,Media,
9652,CAMP00000095,ch00000008,2023-10-23,73.16,Media,
9653,CAMP00000095,CH00000015,2023-10-24,90.08,Agency,
9654,CAMP00000095,CH00000008,2023-10-24,80.08,Agency,
9655,CAMP00000095,CH00000005,2023-10-24,61.16,Agency,
9656,CAMP00000095,CH00000011,2023-10-25,69.16,,
9657,CAMP  00000095,CH00000004,2023-10-26,65.13,Agency,
9658,CAMP00000095,CH00000015,2023-10-27,62.14,Agency,
9659,CAMP00000095,CH00000011,2023-10-27,82.47,Agency,
9660,CAMP00000095,CH00000002,2023-10-28,86.77,Creative,
9661,camp00000095,CH00000008,2023-10-28,90.01,Platform,
9662,CAMP00000095,CH00000003,2023-10-28,51.15,Agency,
9663,CAMP00000095,CH00000014,2023-10-29,70.45,Platform,
9664,CAMP00000095,CH00000010,2023-10-30,82.89,Creative,
9665,CAMP00000095,CH00000005,2023-10-30,59.75,Platform,
9666,CAMP00000095,CH00000002,2023-10-30,86.55,Creative,
9667,CAMP00000095,CH00000006,2023-10-31,68.91,Creative,
9668,CAMP00000095,CH00000009,2023-11-01,83.34,Agency,
9669,CAMP  00000095,CH00000003,2023-11-01,53.13,Agency,
9670,CAMP00000095,CH00000013,2023-11-02,66.3,Agency,
9671,CAMP  00000095,CH00000004,2023-11-02,49.99,Agency,
9672,CAMP00000095,CH  00000007,2023-11-02,66.73,,
9673,CAMP00000095,CH00000004,2023-11-03,86.64,Agency,
9674,CAMP00000095,CH00000008,2023-11-04,81.16,Media,
9675,CAMP00000095,CH00000007,2023-11-04,57.81,Media,
9676,CAMP00000095,CH00000010,2023-11-04,61.16,Media,
9677,CAMP  00000095,CH00000009,2023-11-05,62.18,Creative,
9678,CAMP  00000095,CH00000010,2023-11-05,67.21,Creative,
9679,CAMP00000095,CH00000011,2023-11-05,80.3,Agency,
9680,CAMP00000095,CH00000011,2023-11-06,60.08,Platform,
9681,CAMP00000095,CH00000014,2023-11-06,55.23,Media,
9682,CAMP00000095,CH00000008,2023-11-07,82.35,Media,
9683,CAMP00000095,CH  00000010,2023-11-07,77.2,Creative,
9684,CAMP00000095,CH00000001,2023-11-07,77.14,Agency,
9685,CAMP00000095,CH00000007,2023-11-08,61.56,Creative,
9686,CAMP00000095,CH00000007,2023-11-09,62.78,Platform,
9687,CAMP00000095,CH00000004,2023-11-09,87.96,Platform,
9688,CAMP00000095,ch00000013,2023-11-09,64.34,Media,
9689,CAMP00000095,CH00000013,2023-11-10,73.3,Media,
9690,CAMP00000095,CH00000012,2023-11-10,65.62,Platform,
9691,CAMP00000095,CH00000002,2023-11-10,66.02,Media,
9692,CAMP00000095,CH00000004,2023-11-11,51.26,Media,
9693,CAMP00000095,CH00000015,2023-11-11,50.62,Platform,
9694,CAMP00000095,CH00000008,2023-11-12,50.86,Agency,
9695,CAMP00000095,CH00000007,2023-11-12,86.04,Platform,
9696,CAMP00000095,CH00000011,2023-11-13,48.77,Media,
9697,CAMP00000095,CH  00000001,2023-11-14,70.1,Media,
9698,CAMP00000095,CH00000010,2023-11-15,55.55,Creative,
9699,CAMP00000095,CH00000009,2023-11-15,53.57,Agency,
9700,CAMP00000095,CH00000002,2023-11-16,79.29,Media,
9701,CAMP00000095,CH00000013,2023-11-17,69.71,Platform,
9702,CAMP00000095,CH00000011,2023-11-17,76.7,Media,
9703,CAMP00000095,CH00000011,2023-11-18,58.18,Platform,
9704,CAMP00000095,CH00000015,2023-11-18,84.04,Platform,
9705,CAMP00000095,CH00000012,2023-11-18,87.33,Creative,
9706,CAMP00000095,CH00000012,2023-11-19,82.46,Agency,
9707,CAMP00000095,CH00000004,2023-11-19,75.97,Creative,
9708,CAMP00000095,CH00000013,2023-11-20,80.95,Creative,
9709,CAMP00000095,CH  00000014,2023-11-20,51.79,Agency,
9710,CAMP00000095,CH00000005,2023-11-20,72.07,Platform,
9711,CAMP00000095,CH00000015,2023-11-21,79.91,Creative,
9712,CAMP00000095,CH00000009,2023-11-22,78.43,Agency,
9713,CAMP00000095,ch00000012,2023-11-22,90.16,Agency,
9714,CAMP00000095,CH00000010,2023-11-22,78.87,Creative,
9715,CAMP00000095,CH00000014,2023-11-23,80.21,Platform,
9716,CAMP00000095,CH00000010,2023-11-24,88.9,Media,
9717,CAMP00000095,CH00000006,2023-11-24,77.92,Platform,
9718,CAMP00000095,CH00000003,2023-11-24,69.45,Platform,
9719,CAMP00000095,CH00000004,2023-11-25,75.92,Creative,
9720,CAMP00000095,CH00000008,2023-11-25,86.44,Creative,
9721,CAMP00000095,CH00000006,2023-11-26,50.77,Media,
9722,CAMP00000095,CH00000008,2023-11-27,87.92,Creative,
9723,CAMP00000095,CH00000010,2023-11-27,85.95,Media,
9724,CAMP00000095,CH00000013,2023-11-27,74.6,Agency,
9725,CAMP00000095,CH00000012,2023-11-28,69.97,Agency,
9726,CAMP00000095,CH00000013,2023-11-28,80.79,Platform,
9727,CAMP00000095,CH00000013,2023-11-28,76.6,Creative,
9728,CAMP00000095,CH00000003,2023-11-29,84.21,Creative,
9729,CAMP00000096,CH00000003,2024-10-23,262.66,Agency,
9730,CAMP00000096,CH00000013,2024-10-23,415.16,Creative,
9731,CAMP00000096,CH00000012,2024-10-24,355.26,Platform,
9732,CAMP00000096,CH00000009,2024-10-24,359.65,Creative,
9733,CAMP00000096,CH00000003,2024-10-24,388.68,Media,
9734,CAMP00000096,CH00000014,2024-10-25,252.79,Creative,
9735,CAMP00000096,CH00000015,2024-10-26,300.65,Creative,
9736,CAMP00000096,CH00000001,2024-10-26,294.51,Platform,
9737,CAMP00000096,CH00000003,2024-10-27,447.22,Platform,
9738,CAMP00000096,CH00000009,2024-10-28,252.95,Agency,
9739,CAMP00000096,CH00000006,2024-10-28,347.68,Media,
9740,CAMP00000096,CH00000005,2024-10-29,306.16,Agency,
9741,CAMP00000096,CH00000013,2024-10-29,248.45,Platform,
9742,CAMP00000096,CH  00000001,2024-10-29,303.44,Media,
9743,camp00000096,CH00000012,2024-10-30,293.39,Media,
9744,CAMP00000096,CH00000001,2024-10-30,292.57,Agency,
9745,CAMP00000096,CH00000010,2024-10-31,341.78,Creative,
9746,CAMP00000096,CH00000003,2024-10-31,428.29,Agency,
9747,CAMP00000096,CH00000003,2024-11-01,443.76,Platform,
9748,CAMP00000096,CH00000008,2024-11-01,397.92,Platform,
9749,CAMP00000096,ch00000007,2024-11-02,400.8,Platform,
9750,CAMP00000096,CH00000004,2024-11-02,371.92,Media,
9751,CAMP00000096,CH00000002,2024-11-03,326.15,Agency,
9752,CAMP00000096,CH00000001,2024-11-03,330.97,Agency,
9753,CAMP00000096,CH00000003,2024-11-04,314.85,Media,
9754,CAMP00000096,CH00000002,2024-11-05,382.22,Creative,
9755,CAMP00000096,CH00000009,2024-11-05,272.05,Media,
9756,CAMP00000096,CH00000010,2024-11-05,334.67,Media,
9757,CAMP00000096,CH00000008,2024-11-06,427.92,Agency,
9758,CAMP00000096,CH00000002,2024-11-06,316.36,Media,
9759,CAMP00000096,CH00000014,2024-11-06,446.49,Creative,
9760,CAMP00000096,CH00000015,2024-11-07,326.74,Agency,
9761,CAMP00000096,CH00000012,2024-11-08,411.04,Creative,
9762,CAMP00000096,CH00000008,2024-11-08,397.31,Media,
9763,CAMP00000096,CH00000006,2024-11-09,317.25,Platform,
9764,CAMP00000096,CH00000003,2024-11-09,429.96,Agency,
9765,CAMP00000096,CH00000002,2024-11-09,253.49,Media,
9766,CAMP00000096,CH00000003,2024-11-10,341.26,Media,
9767,CAMP00000096,CH00000007,2024-11-10,260.27,Agency,
9768,CAMP00000096,CH00000003,2024-11-11,384.78,Media,
9769,CAMP00000096,CH00000008,2024-11-12,381.75,Creative,
9770,CAMP00000096,CH00000006,2024-11-13,413.91,Platform,
9771,CAMP00000096,CH00000014,2024-11-13,330.35,Media,
9772,CAMP00000096,CH00000013,2024-11-14,324.14,Creative,
9773,CAMP00000096,CH00000012,2024-11-14,393.73,Creative,
9774,CAMP00000096,CH00000004,2024-11-15,415.08,Platform,
9775,CAMP00000096,CH00000006,2024-11-16,305.79,Agency,
9776,CAMP00000096,CH00000001,2024-11-16,244.87,Media,
9777,CAMP00000096,CH00000012,2024-11-17,308.72,Creative,
9778,CAMP00000096,CH00000011,2024-11-18,333.63,Platform,
9779,CAMP00000096,CH00000015,2024-11-18,302.51,Agency,
9780,CAMP00000096,CH00000002,2024-11-18,434.16,Platform,
9781,CAMP00000096,ch00000008,2024-11-19,247.42,Media,
9782,CAMP00000096,CH00000013,2024-11-20,438.2,Agency,
9783,CAMP00000096,CH00000014,2024-11-20,299.02,Agency,
9784,camp00000096,CH00000003,2024-11-21,388.75,Media,
9785,CAMP00000096,CH00000010,2024-11-21,396.92,Creative,
9786,CAMP00000096,CH00000003,2024-11-22,372.8,Creative,
9787,CAMP00000096,ch00000006,2024-11-23,366.02,Platform,
9788,CAMP00000096,CH00000006,2024-11-23,247.21,Platform,
9789,CAMP00000096,CH00000011,2024-11-23,441.94,Media,
9790,CAMP00000096,CH00000012,2024-11-24,255.85,Agency,
9791,CAMP00000096,CH00000003,2024-11-24,315.47,Agency,
9792,CAMP00000096,CH00000003,2024-11-25,345.46,,
9793,CAMP00000096,CH00000010,2024-11-25,273.66,Media,
9794,CAMP00000096,CH00000013,2024-11-26,246.83,Media,
9795,CAMP00000096,CH  00000013,2024-11-26,291.76,Media,
9796,CAMP00000096,CH00000008,2024-11-26,265.46,Media,
9797,CAMP00000096,CH00000010,2024-11-27,331.87,Creative,
9798,CAMP00000096,CH00000008,2024-11-27,327.98,Agency,
9799,CAMP00000096,CH00000011,2024-11-27,406.6,Creative,
9800,CAMP  00000096,CH00000001,2024-11-28,247.51,Platform,
9801,CAMP00000096,CH00000012,2024-11-29,351.81,Platform,
9802,CAMP00000096,CH00000004,2024-11-30,449.52,,
9803,CAMP00000096,ch00000004,2024-12-01,263.92,Agency,
9804,CAMP00000096,CH00000008,2024-12-01,407.64,Media,
9805,CAMP00000096,CH00000001,2024-12-01,439.78,Creative,
9806,CAMP00000096,CH00000009,2024-12-02,320.31,Creative,
9807,CAMP00000096,CH00000001,2024-12-02,343.23,Platform,
9808,CAMP  00000096,CH00000011,2024-12-03,416.07,Agency,
9809,CAMP00000096,CH00000010,2024-12-04,281.39,Agency,
9810,camp00000096,CH00000005,2024-12-05,431.79,Creative,
9811,CAMP00000096,CH00000014,2024-12-05,375.65,Platform,
9812,CAMP00000096,CH00000008,2024-12-05,244.37,Media,
9813,CAMP00000096,CH00000001,2024-12-06,275.44,Media,
9814,CAMP00000096,CH00000009,2024-12-07,264.78,Platform,
9815,CAMP00000096,CH00000006,2024-12-07,414.51,Platform,
9816,CAMP00000096,CH00000012,2024-12-07,418.53,Creative,
9817,CAMP00000096,CH00000014,2024-12-08,338.63,Media,
9818,CAMP00000096,CH00000008,2024-12-08,437.82,Platform,
9819,CAMP00000096,CH00000006,2024-12-08,366.38,Agency,
9820,CAMP00000096,CH00000011,2024-12-09,278.91,Creative,
9821,CAMP00000096,CH00000003,2024-12-09,306.5,Creative,
9822,CAMP00000097,CH00000002,2024-02-09,194.81,Agency,
9823,CAMP  00000097,CH00000013,2024-02-09,143.02,Agency,
9824,CAMP00000097,CH00000010,2024-02-09,182.74,Platform,
9825,CAMP  00000097,CH00000001,2024-02-10,177.72,Creative,
9826,CAMP00000097,CH00000006,2024-02-11,199.31,Agency,
9827,CAMP00000097,CH00000010,2024-02-11,157.06,Agency,
9828,CAMP00000097,CH00000011,2024-02-11,162.21,Agency,
9829,CAMP00000097,CH00000003,2024-02-12,170.71,Agency,
9830,CAMP  00000097,ch00000015,2024-02-12,251.55,Platform,
9831,CAMP00000097,CH00000004,2024-02-13,160.33,Creative,
9832,CAMP00000097,CH00000004,2024-02-13,219.01,,
9833,CAMP00000097,CH00000013,2024-02-13,255.33,Platform,
9834,CAMP00000097,CH00000009,2024-02-14,172.84,Agency,
9835,CAMP00000097,CH00000003,2024-02-15,141.48,Creative,
9836,CAMP00000097,CH00000015,2024-02-16,147.37,Creative,
9837,CAMP00000097,CH00000007,2024-02-17,212.71,Agency,
9838,CAMP00000097,CH00000005,2024-02-17,241.26,Agency,
9839,CAMP00000097,CH  00000001,2024-02-17,251.09,Creative,
9840,camp00000097,CH00000012,2024-02-18,218.73,Platform,
9841,CAMP00000097,CH00000007,2024-02-18,175.29,Platform,
9842,CAMP00000097,CH00000003,2024-02-18,254.92,Agency,
9843,CAMP00000097,CH00000014,2024-02-19,189.02,,
9844,CAMP00000097,CH  00000007,2024-02-20,218.2,Media,
9845,CAMP00000097,CH00000006,2024-02-21,172.05,Agency,
9846,CAMP00000097,CH00000004,2024-02-22,158.21,Media,
9847,CAMP00000097,CH00000013,2024-02-23,215.94,Creative,
9848,CAMP00000097,CH00000009,2024-02-23,157.03,Agency,
9849,CAMP00000097,CH00000011,2024-02-24,250.91,Creative,
9850,CAMP00000097,CH  00000011,2024-02-24,149.21,Creative,
9851,CAMP00000097,CH00000004,2024-02-24,153.37,Agency,
9852,CAMP00000097,CH00000009,2024-02-25,237.72,Agency,
9853,CAMP00000097,CH00000015,2024-02-26,157.98,Platform,
9854,CAMP  00000097,CH00000001,2024-02-26,230.4,Media,
9855,camp00000097,CH00000002,2024-02-26,159.57,Media,
9856,CAMP00000097,CH00000012,2024-02-27,159.51,Platform,
9857,CAMP00000097,CH00000004,2024-02-27,142.2,Media,
9858,CAMP00000097,CH00000007,2024-02-27,234.89,Creative,
9859,CAMP00000097,CH00000007,2024-02-28,256.41,Media,
9860,CAMP00000097,CH00000003,2024-02-28,192.46,Media,
9861,CAMP00000097,CH00000008,2024-02-28,193.24,Media,
9862,CAMP00000097,CH00000013,2024-02-29,203.58,Platform,
9863,CAMP00000097,CH00000011,2024-02-29,169.32,Platform,
9864,CAMP  00000097,CH00000007,2024-02-29,255.73,Platform,
9865,CAMP00000097,CH00000007,2024-03-01,216.34,Platform,
9866,CAMP00000097,CH00000014,2024-03-01,201.08,Creative,
9867,CAMP00000097,CH00000009,2024-03-02,216.25,Media,
9868,CAMP00000097,CH00000004,2024-03-03,205.19,Creative,
9869,CAMP00000097,CH00000002,2024-03-03,176.87,Creative,
9870,CAMP00000097,CH00000007,2024-03-04,156.22,Media,
9871,CAMP00000097,CH00000002,2024-03-04,241.51,Creative,
9872,CAMP00000097,CH00000011,2024-03-05,213.4,Agency,
9873,CAMP00000097,CH00000015,2024-03-05,209.03,Creative,
9874,CAMP00000097,ch00000012,2024-03-05,183.64,Platform,
9875,CAMP00000097,CH00000015,2024-03-06,240.77,Creative,
9876,CAMP00000097,CH00000007,2024-03-07,221.13,Platform,
9877,CAMP00000097,CH00000007,2024-03-07,250.23,Platform,
9878,CAMP00000097,CH00000006,2024-03-08,150.1,Creative,
9879,CAMP00000097,CH00000006,2024-03-08,228.07,Media,
9880,CAMP00000097,CH00000009,2024-03-08,220.0,Platform,
9881,CAMP00000097,CH00000001,2024-03-09,166.06,Agency,
9882,CAMP00000097,CH00000007,2024-03-09,155.17,Platform,
9883,CAMP00000097,CH00000002,2024-03-10,243.46,Creative,
9884,CAMP00000097,CH00000001,2024-03-10,143.78,Media,
9885,CAMP00000097,CH00000005,2024-03-10,199.26,Agency,
9886,CAMP00000097,CH00000008,2024-03-11,175.42,Creative,
9887,CAMP  00000097,CH00000009,2024-03-11,253.4,Agency,
9888,CAMP00000097,CH00000012,2024-03-11,146.15,Media,
9889,CAMP00000097,CH00000011,2024-03-12,187.5,Platform,
9890,CAMP00000097,CH00000009,2024-03-12,169.73,Media,
9891,CAMP00000097,CH00000010,2024-03-12,247.44,Media,
9892,CAMP00000097,CH  00000011,2024-03-13,168.9,Creative,
9893,CAMP00000097,CH00000006,2024-03-13,145.05,Creative,
9894,CAMP00000097,CH00000013,2024-03-14,168.41,Agency,
9895,CAMP00000097,CH00000001,2024-03-14,152.18,Media,
9896,CAMP00000097,CH00000003,2024-03-15,169.63,Agency,
9897,CAMP00000097,CH00000004,2024-03-15,171.09,Platform,
9898,CAMP00000097,CH00000015,2024-03-16,217.7,Media,
9899,CAMP00000097,CH00000006,2024-03-17,221.0,Platform,
9900,CAMP00000097,CH  00000010,2024-03-17,219.07,Media,
9901,CAMP00000097,CH00000002,2024-03-18,246.59,Media,
9902,CAMP00000097,CH  00000004,2024-03-19,141.97,Creative,
9903,CAMP00000097,CH00000008,2024-03-20,228.1,Media,
9904,CAMP00000097,CH00000010,2024-03-20,219.36,Platform,
9905,CAMP00000097,CH00000002,2024-03-21,226.68,Platform,
9906,CAMP00000097,CH00000005,2024-03-22,160.84,Agency,
9907,CAMP00000097,CH00000010,2024-03-22,243.63,Agency,
9908,CAMP00000097,CH00000002,2024-03-23,144.87,Media,
9909,CAMP00000097,CH00000015,2024-03-23,222.57,Agency,
9910,CAMP00000097,CH00000008,2024-03-23,226.57,Creative,
9911,CAMP00000097,CH  00000012,2024-03-24,173.77,Platform,
9912,CAMP00000097,CH00000015,2024-03-24,183.85,Media,
9913,CAMP00000097,CH00000004,2024-03-24,208.94,Agency,
9914,CAMP  00000097,CH00000004,2024-03-25,231.96,Agency,
9915,CAMP00000097,CH00000003,2024-03-26,225.58,Media,
9916,CAMP00000097,CH  00000010,2024-03-27,204.81,Platform,
9917,CAMP00000097,CH00000011,2024-03-27,241.72,Creative,
9918,CAMP00000097,CH00000005,2024-03-28,166.46,Agency,
9919,CAMP00000097,CH00000002,2024-03-29,247.23,Creative,
9920,CAMP00000097,CH00000008,2024-03-29,183.59,Platform,
9921,CAMP00000097,CH00000011,2024-03-30,210.54,Media,
9922,CAMP00000097,CH00000015,2024-03-30,144.73,Agency,
9923,CAMP00000097,CH00000009,2024-03-30,189.09,Media,
9924,CAMP00000097,CH00000002,2024-03-31,167.97,Creative,
9925,CAMP00000097,CH00000014,2024-04-01,211.79,Creative,
9926,CAMP00000097,CH00000012,2024-04-01,167.99,Media,
9927,CAMP00000097,CH00000003,2024-04-01,222.77,Creative,
9928,CAMP00000097,CH00000009,2024-04-02,198.06,Platform,
9929,CAMP00000097,CH00000010,2024-04-02,244.7,Media,
9930,CAMP00000097,CH00000005,2024-04-03,248.31,Agency,
9931,CAMP  00000097,CH00000002,2024-04-03,171.86,Media,
9932,camp00000098,CH00000008,2024-03-18,154.57,Agency,
9933,CAMP00000098,CH00000013,2024-03-19,170.15,Media,
9934,CAMP00000098,CH00000009,2024-03-19,163.06,Creative,
9935,CAMP  00000098,CH00000006,2024-03-20,135.38,Creative,
9936,CAMP  00000098,CH00000003,2024-03-20,123.48,Media,
9937,CAMP00000098,CH00000007,2024-03-20,186.18,Media,
9938,CAMP00000098,CH00000005,2024-03-21,124.34,Media,
9939,CAMP00000098,CH00000001,2024-03-22,146.04,Platform,
9940,CAMP00000098,CH00000004,2024-03-23,165.75,Platform,
9941,CAMP00000098,CH  00000008,2024-03-24,169.21,Platform,
9942,CAMP00000098,CH00000010,2024-03-25,180.24,Media,
9943,CAMP00000098,CH00000001,2024-03-25,178.14,Creative,
9944,CAMP00000098,CH00000015,2024-03-26,190.14,Creative,
9945,CAMP00000098,CH00000008,2024-03-27,150.27,Creative,
9946,CAMP00000098,CH00000012,2024-03-28,165.65,Agency,
9947,CAMP00000098,CH  00000001,2024-03-29,172.61,Media,
9948,CAMP00000098,CH00000007,2024-03-29,133.94,Agency,
9949,CAMP00000098,CH00000015,2024-03-30,175.6,Platform,
9950,CAMP00000098,CH00000012,2024-03-30,148.54,Creative,
9951,CAMP00000098,CH00000007,2024-03-31,177.31,Platform,
9952,CAMP00000098,CH00000012,2024-04-01,151.95,Media,
9953,CAMP00000098,CH00000002,2024-04-01,116.37,Creative,
9954,CAMP00000098,CH00000007,2024-04-02,143.2,Agency,
9955,CAMP00000098,CH00000007,2024-04-03,144.26,Agency,
9956,CAMP00000098,CH00000015,2024-04-03,184.01,Media,
9957,CAMP00000098,CH00000013,2024-04-03,144.89,Creative,
9958,CAMP00000098,CH00000012,2024-04-04,151.0,Platform,
9959,CAMP00000098,CH00000003,2024-04-04,130.04,Creative,
9960,CAMP00000098,CH00000003,2024-04-05,152.34,Agency,
9961,CAMP00000098,CH00000001,2024-04-05,141.97,Media,
9962,camp00000098,CH00000006,2024-04-06,175.09,Creative,
9963,CAMP00000098,CH00000012,2024-04-06,181.55,Creative,
9964,CAMP00000098,CH00000001,2024-04-06,143.57,Creative,
9965,CAMP00000098,CH00000008,2024-04-07,160.54,Creative,
9966,CAMP00000098,CH00000001,2024-04-07,108.14,Media,
9967,CAMP00000098,CH00000014,2024-04-07,170.21,Platform,
9968,CAMP00000098,CH00000008,2024-04-08,183.26,Platform,
9969,CAMP00000098,CH00000011,2024-04-08,153.54,Agency,
9970,CAMP00000098,CH00000001,2024-04-09,141.82,Creative,
9971,CAMP00000098,CH00000003,2024-04-09,170.66,Agency,
9972,CAMP00000098,CH00000008,2024-04-10,129.23,Media,
9973,CAMP00000098,CH00000013,2024-04-10,181.09,Platform,
9974,CAMP00000098,CH00000005,2024-04-11,127.56,Agency,
9975,CAMP00000098,CH00000004,2024-04-11,170.69,Media,
9976,CAMP00000098,CH00000013,2024-04-12,178.96,Media,
9977,CAMP00000098,CH00000005,2024-04-13,127.88,Platform,
9978,CAMP00000098,CH00000011,2024-04-13,136.58,Media,
9979,CAMP00000098,CH00000008,2024-04-13,126.34,Agency,
9980,CAMP00000098,CH00000011,2024-04-14,181.81,Agency,
9981,CAMP00000098,CH00000011,2024-04-15,162.84,Creative,
9982,CAMP00000098,CH00000013,2024-04-15,136.37,Creative,
9983,CAMP00000098,CH00000013,2024-04-16,126.94,Creative,
9984,CAMP00000098,CH00000004,2024-04-16,117.8,Media,
9985,CAMP00000098,CH  00000011,2024-04-16,162.91,Platform,
9986,CAMP00000098,CH00000002,2024-04-17,189.2,Media,
9987,CAMP00000098,CH00000003,2024-04-17,175.07,Creative,
9988,CAMP00000098,CH00000002,2024-04-17,137.9,Media,
9989,CAMP00000098,CH00000003,2024-04-18,134.65,Platform,
9990,CAMP00000098,CH00000010,2024-04-19,114.52,Creative,
9991,CAMP00000098,CH00000012,2024-04-19,130.65,Platform,
9992,CAMP00000098,CH00000008,2024-04-20,115.8,Agency,
9993,CAMP00000098,CH00000002,2024-04-21,106.49,Agency,
9994,CAMP00000098,CH00000007,2024-04-21,181.84,Creative,
9995,CAMP00000098,CH00000004,2024-04-22,132.47,Platform,
9996,CAMP  00000098,CH  00000015,2024-04-22,141.09,Creative,
9997,CAMP00000098,CH00000013,2024-04-23,154.94,,
9998,camp00000098,CH00000013,2024-04-23,146.7,Platform,
9999,CAMP00000098,CH00000013,2024-04-23,190.61,Platform,
10000,CAMP00000098,CH00000006,2024-04-24,117.08,Creative,
10001,CAMP00000098,CH00000012,2024-04-25,161.42,Creative,
10002,CAMP00000098,CH00000015,2024-04-26,127.6,Creative,
10003,CAMP00000098,CH00000010,2024-04-26,178.51,Creative,
10004,CAMP00000098,CH00000004,2024-04-27,171.61,Agency,
10005,CAMP00000098,CH00000002,2024-04-28,116.75,Agency,
10006,camp00000098,CH00000008,2024-04-28,107.42,Agency,
10007,CAMP00000098,CH  00000013,2024-04-28,161.93,Platform,
10008,CAMP00000098,CH  00000002,2024-04-29,157.36,Creative,
10009,camp00000098,CH00000006,2024-04-29,185.67,Media,
10010,CAMP00000098,CH00000014,2024-04-30,150.75,Media,
10011,CAMP00000098,CH  00000015,2024-04-30,130.88,Platform,
10012,CAMP00000098,CH00000006,2024-05-01,151.65,Platform,
10013,CAMP  00000098,CH00000013,2024-05-01,178.64,Agency,
10014,CAMP00000098,CH00000001,2024-05-02,183.6,Media,
10015,CAMP00000098,CH00000006,2024-05-03,189.03,Media,
10016,CAMP00000098,CH00000012,2024-05-04,168.04,Agency,
10017,CAMP00000098,CH00000011,2024-05-05,149.3,Agency,
10018,CAMP00000098,CH00000015,2024-05-05,119.54,Platform,
10019,CAMP00000098,CH00000004,2024-05-06,138.42,Creative,
10020,CAMP00000098,CH00000010,2024-05-06,173.04,Creative,
10021,CAMP00000098,CH00000001,2024-05-07,160.73,Creative,
10022,CAMP00000098,CH00000014,2024-05-08,168.93,Agency,
10023,CAMP00000098,CH00000013,2024-05-09,131.95,Agency,
10024,CAMP00000098,CH00000007,2024-05-09,132.49,Agency,
10025,CAMP00000098,CH00000009,2024-05-09,140.66,Platform,
10026,CAMP00000098,CH00000013,2024-05-10,140.68,Creative,
10027,CAMP00000098,CH00000005,2024-05-11,110.15,Agency,
10028,CAMP00000098,CH00000013,2024-05-12,144.17,Agency,
10029,CAMP00000098,CH00000010,2024-05-13,180.35,Creative,
10030,CAMP00000098,CH00000002,2024-05-13,166.73,Media,
10031,CAMP00000098,CH00000013,2024-05-13,125.83,Platform,
10032,CAMP00000098,CH00000010,2024-05-14,108.08,Media,
10033,CAMP00000098,CH00000010,2024-05-15,171.0,Agency,
10034,CAMP00000098,CH00000013,2024-05-15,153.49,Platform,
10035,CAMP  00000098,CH00000003,2024-05-15,153.29,Creative,
10036,CAMP00000098,CH  00000005,2024-05-16,163.33,Platform,
10037,CAMP00000098,CH00000005,2024-05-16,151.04,Creative,
10038,CAMP00000098,CH00000008,2024-05-17,177.67,Creative,
10039,CAMP00000098,CH00000015,2024-05-17,162.98,Creative,
10040,CAMP00000098,CH00000013,2024-05-18,189.57,Platform,
10041,CAMP00000098,CH00000015,2024-05-18,183.2,Creative,
10042,CAMP00000098,CH00000004,2024-05-18,180.51,Agency,
10043,CAMP00000098,CH00000004,2024-05-19,187.55,Agency,
10044,CAMP00000098,CH00000015,2024-05-19,157.68,Creative,
10045,CAMP00000098,CH00000005,2024-05-19,106.99,Platform,
10046,CAMP00000098,CH00000001,2024-05-20,109.27,Platform,
10047,CAMP00000098,CH00000014,2024-05-21,173.9,Media,
10048,CAMP00000098,CH00000003,2024-05-21,141.54,Creative,
10049,CAMP00000098,CH00000008,2024-05-22,116.8,Platform,
10050,CAMP00000098,CH00000010,2024-05-22,181.93,Agency,
10051,CAMP00000098,CH00000014,2024-05-22,116.14,Agency,
10052,CAMP  00000098,CH00000003,2024-05-23,127.66,Agency,
10053,CAMP00000098,CH00000014,2024-05-24,162.45,Media,
10054,CAMP00000098,CH00000012,2024-05-25,158.17,Platform,
10055,CAMP00000098,CH00000012,2024-05-26,130.13,Media,
10056,CAMP00000098,CH00000004,2024-05-27,128.9,Agency,
10057,camp00000098,CH00000006,2024-05-28,146.44,Platform,
10058,CAMP00000098,CH00000007,2024-05-29,169.11,Creative,
10059,CAMP00000098,CH00000012,2024-05-29,169.8,Platform,
10060,CAMP00000098,CH00000007,2024-05-30,152.37,Platform,
10061,CAMP00000098,CH00000006,2024-05-31,131.42,Agency,
10062,CAMP00000098,CH00000011,2024-05-31,117.67,Media,
10063,CAMP00000098,CH00000009,2024-06-01,145.47,Creative,
10064,CAMP00000098,CH00000004,2024-06-01,113.64,Agency,
10065,CAMP00000098,CH00000003,2024-06-01,175.53,Agency,
10066,CAMP00000098,CH00000010,2024-06-02,132.95,Creative,
10067,CAMP  00000098,CH00000012,2024-06-02,195.46,Media,
10068,CAMP00000098,CH00000011,2024-06-02,108.65,Media,
10069,CAMP00000098,CH00000008,2024-06-03,132.05,Platform,
10070,CAMP00000098,CH00000010,2024-06-04,154.55,Platform,
10071,CAMP00000098,CH00000010,2024-06-04,110.54,Platform,
10072,camp00000098,CH00000005,2024-06-04,124.54,Media,
10073,CAMP00000098,CH00000001,2024-06-05,121.75,Creative,
10074,CAMP00000098,CH00000001,2024-06-06,127.32,Platform,
10075,CAMP00000098,CH00000008,2024-06-06,153.84,Creative,
10076,CAMP00000098,CH00000003,2024-06-07,184.78,Media,
10077,CAMP00000098,CH00000005,2024-06-08,172.25,Agency,
10078,CAMP00000098,CH00000002,2024-06-08,110.16,Platform,
10079,CAMP00000098,CH00000007,2024-06-09,108.4,Creative,
10080,CAMP00000099,CH00000008,2024-04-15,322.35,Agency,
10081,CAMP00000099,CH  00000011,2024-04-16,412.92,Creative,
10082,CAMP00000099,CH  00000003,2024-04-16,400.9,Platform,
10083,CAMP00000099,CH00000009,2024-04-16,372.41,Platform,
10084,CAMP00000099,CH00000015,2024-04-17,320.77,Platform,
10085,CAMP00000099,CH00000012,2024-04-18,329.62,Media,
10086,CAMP00000099,CH00000006,2024-04-19,291.74,Media,
10087,CAMP00000099,CH00000005,2024-04-19,272.22,Platform,
10088,CAMP00000099,CH00000007,2024-04-20,291.01,Platform,
10089,CAMP00000099,CH00000010,2024-04-20,283.07,Creative,
10090,CAMP00000099,CH00000010,2024-04-20,360.02,Creative,
10091,CAMP00000099,CH00000003,2024-04-21,389.11,Platform,
10092,CAMP  00000099,CH00000002,2024-04-22,342.57,Platform,
10093,CAMP00000099,CH00000005,2024-04-22,277.75,Creative,
10094,CAMP  00000099,CH00000008,2024-04-23,463.37,Creative,
10095,CAMP00000099,CH00000004,2024-04-23,441.64,Creative,
10096,CAMP00000099,CH  00000002,2024-04-24,274.47,Creative,
10097,CAMP00000099,CH00000004,2024-04-24,378.53,Creative,
10098,CAMP00000099,CH00000010,2024-04-25,258.99,Agency,
10099,CAMP00000099,CH00000010,2024-04-25,318.16,Media,
10100,CAMP00000099,CH00000005,2024-04-26,464.94,Creative,
10101,CAMP00000099,CH00000005,2024-04-27,446.2,Agency,
10102,CAMP00000099,CH00000008,2024-04-27,263.46,Media,
10103,CAMP00000099,CH00000009,2024-04-28,345.8,Platform,
10104,CAMP00000099,CH00000012,2024-04-28,260.12,Platform,
10105,CAMP00000099,CH00000013,2024-04-29,426.09,Creative,
10106,CAMP00000099,CH  00000010,2024-04-30,357.35,Platform,
10107,CAMP00000099,CH00000013,2024-05-01,303.14,Agency,
10108,CAMP00000099,CH00000004,2024-05-01,430.12,Agency,
10109,CAMP00000099,CH00000012,2024-05-02,459.12,Platform,
10110,CAMP00000099,CH00000006,2024-05-03,322.69,Media,
10111,CAMP00000099,CH00000004,2024-05-03,261.74,Agency,
10112,CAMP00000099,CH00000013,2024-05-04,412.87,Media,
10113,CAMP00000099,CH00000007,2024-05-04,387.76,Agency,
10114,CAMP00000099,CH00000002,2024-05-04,329.09,Media,
10115,CAMP00000099,CH00000005,2024-05-05,309.23,Agency,
10116,CAMP00000099,CH00000004,2024-05-06,309.98,Platform,
10117,CAMP00000099,CH00000010,2024-05-07,344.31,Creative,
10118,CAMP00000099,CH00000001,2024-05-08,402.39,Media,
10119,CAMP00000099,CH00000013,2024-05-08,267.12,Creative,
10120,CAMP00000099,CH00000010,2024-05-08,254.9,Agency,
10121,CAMP00000099,ch00000002,2024-05-09,344.31,Creative,
10122,CAMP00000099,CH00000009,2024-05-10,341.12,Creative,
10123,CAMP00000099,CH  00000010,2024-05-10,382.45,Platform,
10124,CAMP00000099,CH00000006,2024-05-11,303.4,Creative,
10125,CAMP00000099,CH  00000004,2024-05-12,256.97,Agency,
10126,CAMP00000099,CH00000011,2024-05-12,427.58,Platform,
10127,CAMP00000099,CH00000001,2024-05-12,429.0,Creative,
10128,CAMP00000099,CH00000012,2024-05-13,321.47,Creative,
10129,CAMP00000099,CH00000010,2024-05-13,414.17,Platform,
10130,CAMP00000099,CH00000003,2024-05-14,333.16,Media,
10131,CAMP00000099,CH00000005,2024-05-14,317.71,Media,
10132,CAMP00000099,CH00000004,2024-05-15,309.04,Platform,
10133,CAMP00000099,CH00000009,2024-05-15,447.78,Agency,
10134,CAMP00000099,CH00000006,2024-05-16,251.7,Platform,
10135,CAMP00000099,CH00000013,2024-05-16,334.22,Creative,
10136,CAMP00000099,CH00000007,2024-05-17,289.18,Platform,
10137,CAMP00000099,CH00000009,2024-05-17,386.07,Creative,
10138,CAMP  00000099,CH00000004,2024-05-17,433.83,Creative,
10139,CAMP00000099,CH00000006,2024-05-18,427.14,Platform,
10140,CAMP00000099,CH00000002,2024-05-18,352.8,Media,
10141,CAMP00000099,CH00000002,2024-05-19,460.21,Media,
10142,CAMP00000099,CH00000015,2024-05-19,359.37,Agency,
10143,camp00000099,CH00000010,2024-05-20,419.67,Creative,
10144,CAMP00000099,CH00000007,2024-05-21,409.88,Creative,
10145,CAMP00000099,CH00000011,2024-05-21,403.0,Media,
10146,CAMP00000099,CH00000003,2024-05-21,426.17,Creative,
10147,CAMP00000099,CH00000001,2024-05-22,311.52,Platform,
10148,CAMP00000099,CH00000009,2024-05-22,371.95,Platform,
10149,CAMP00000099,CH00000012,2024-05-23,354.15,Agency,
10150,CAMP00000099,CH00000012,2024-05-23,397.46,Platform,
10151,CAMP00000100,CH00000015,2024-11-23,258.4,Agency,
10152,CAMP00000100,CH00000009,2024-11-23,231.36,Agency,
10153,CAMP00000100,CH00000008,2024-11-24,409.46,Media,
10154,CAMP00000100,CH00000009,2024-11-24,336.62,Agency,
10155,CAMP00000100,CH00000010,2024-11-25,269.46,Media,
10156,camp00000100,CH00000011,2024-11-25,426.75,Media,
10157,CAMP00000100,CH00000001,2024-11-25,351.43,Agency,
10158,CAMP00000100,CH00000008,2024-11-26,273.48,Media,
10159,CAMP00000100,CH  00000013,2024-11-26,352.0,Platform,
10160,CAMP00000100,CH00000005,2024-11-26,259.98,Platform,
10161,CAMP00000100,CH00000011,2024-11-27,342.18,Creative,
10162,CAMP00000100,CH00000005,2024-11-27,237.59,Creative,
10163,CAMP00000100,CH00000008,2024-11-28,297.91,Agency,
10164,CAMP00000100,CH00000005,2024-11-28,302.23,Agency,
10165,CAMP00000100,CH00000006,2024-11-29,328.11,Creative,
10166,CAMP00000100,CH00000011,2024-11-30,342.3,Creative,
10167,CAMP00000100,CH00000004,2024-11-30,375.5,Agency,
10168,CAMP00000100,CH  00000006,2024-11-30,374.29,Platform,
10169,CAMP00000100,CH00000012,2024-12-01,395.53,Creative,
10170,CAMP00000100,CH00000004,2024-12-02,321.73,Platform,
10171,CAMP00000100,CH00000011,2024-12-02,403.06,Creative,
10172,CAMP00000100,CH00000002,2024-12-03,291.52,Agency,
10173,CAMP00000100,CH00000015,2024-12-03,410.11,Platform,
10174,CAMP00000100,CH00000011,2024-12-03,337.76,Creative,
10175,CAMP00000100,CH00000013,2024-12-04,310.34,Creative,
10176,CAMP00000100,CH00000012,2024-12-05,424.32,Media,
10177,CAMP00000100,CH00000015,2024-12-05,260.41,Creative,
10178,CAMP  00000100,CH00000014,2024-12-06,392.28,Creative,
10179,CAMP00000100,CH00000002,2024-12-06,398.12,Media,
10180,CAMP00000100,CH00000006,2024-12-07,232.29,Agency,
10181,CAMP00000100,CH00000008,2024-12-08,233.1,Platform,
10182,CAMP  00000100,CH00000009,2024-12-08,351.65,Media,
10183,CAMP00000100,CH00000010,2024-12-08,243.31,Creative,
10184,CAMP00000100,CH00000006,2024-12-09,344.2,Media,
10185,CAMP  00000100,CH00000002,2024-12-09,319.8,Agency,
10186,CAMP00000100,CH00000003,2024-12-10,276.59,Platform,
10187,CAMP00000100,CH00000015,2024-12-11,327.95,Creative,
10188,CAMP00000100,CH00000001,2024-12-11,354.66,Media,
10189,CAMP00000100,CH00000003,2024-12-11,274.1,Agency,
10190,CAMP00000100,CH00000006,2024-12-12,232.86,Agency,
10191,CAMP00000100,CH00000007,2024-12-12,364.32,Platform,
10192,CAMP00000100,CH00000013,2024-12-12,257.79,Media,
10193,CAMP00000100,CH00000006,2024-12-13,234.66,Creative,
10194,CAMP00000100,CH00000010,2024-12-14,328.11,Media,
10195,CAMP00000100,CH00000010,2024-12-15,403.32,Creative,
10196,CAMP  00000100,CH00000002,2024-12-15,244.75,Media,
10197,CAMP00000100,CH00000011,2024-12-16,338.29,Media,
10198,CAMP00000100,CH00000013,2024-12-16,263.94,Agency,
10199,CAMP00000100,CH00000006,2024-12-16,300.73,Media,
10200,CAMP00000100,CH00000011,2024-12-17,287.12,Creative,
10201,CAMP00000100,CH00000003,2024-12-18,321.35,Media,
10202,CAMP00000100,CH00000005,2024-12-19,419.3,Creative,
10203,CAMP00000100,CH00000014,2024-12-19,246.26,Agency,
10204,CAMP00000100,CH00000013,2024-12-19,340.42,Media,
10205,CAMP00000100,CH00000014,2024-12-20,420.47,Agency,
10206,CAMP00000100,CH00000008,2024-12-21,241.01,Platform,
10207,CAMP00000100,CH00000006,2024-12-21,305.3,Media,
10208,CAMP00000100,CH00000014,2024-12-22,316.72,Agency,
10209,CAMP00000100,CH00000004,2024-12-23,291.99,,
10210,CAMP00000100,CH00000012,2024-12-24,234.01,Creative,
10211,CAMP00000100,CH00000003,2024-12-25,343.43,Platform,
10212,CAMP00000100,CH00000002,2024-12-26,412.1,Agency,
10213,CAMP00000100,CH00000009,2024-12-26,409.34,Creative,
10214,CAMP00000100,ch  00000005,2024-12-26,420.25,Creative,
10215,CAMP00000100,CH00000011,2024-12-27,413.55,Media,
10216,CAMP00000100,CH00000002,2024-12-27,427.22,Agency,
10217,CAMP00000100,CH00000004,2024-12-27,263.79,Agency,
10218,CAMP00000100,CH00000007,2024-12-28,422.65,Platform,
10219,CAMP00000100,CH00000011,2024-12-28,404.57,Agency,
10220,CAMP00000100,CH00000004,2024-12-28,384.95,Creative,
10221,CAMP00000100,CH00000009,2024-12-29,343.01,Media,
10222,CAMP00000100,CH00000013,2024-12-29,393.42,Platform,
10223,CAMP00000100,CH00000006,2024-12-29,307.93,Media,
10224,CAMP00000100,CH00000011,2024-12-30,254.37,Media,
10225,CAMP00000100,CH00000013,2024-12-30,278.46,Creative,
10226,CAMP00000100,CH00000009,2024-12-31,305.66,Creative,
10227,CAMP00000100,CH00000012,2025-01-01,303.9,Creative,
10228,CAMP00000100,CH00000010,2025-01-02,322.5,Creative,
10229,CAMP00000100,CH00000009,2025-01-02,390.81,Agency,
10230,CAMP00000100,CH00000005,2025-01-03,413.42,Creative,
10231,CAMP00000100,CH00000010,2025-01-03,425.76,Media,
10232,CAMP00000100,CH00000001,2025-01-04,235.84,Agency,
10233,CAMP00000100,CH00000012,2025-01-04,264.28,Platform,
10234,CAMP00000100,CH00000011,2025-01-04,359.38,Creative,
10235,CAMP00000100,CH00000015,2025-01-05,319.92,Creative,
10236,CAMP00000100,CH00000011,2025-01-06,342.39,Platform,
10237,CAMP00000100,CH00000001,2025-01-07,288.37,Agency,
10238,CAMP00000100,CH00000012,2025-01-07,317.48,Creative,
10239,CAMP00000100,CH00000002,2025-01-07,423.28,Agency,
10240,CAMP00000100,ch00000008,2025-01-08,336.51,Creative,
10241,CAMP00000100,CH00000001,2025-01-09,325.44,Platform,
10242,CAMP00000100,CH00000009,2025-01-09,305.44,Creative,
10243,CAMP00000100,CH00000004,2025-01-09,344.69,Media,
10244,CAMP00000100,CH00000011,2025-01-10,377.89,Media,
10245,CAMP00000100,CH00000002,2025-01-11,332.89,Media,
10246,CAMP00000100,CH00000014,2025-01-11,283.27,Agency,
10247,CAMP00000100,CH00000010,2025-01-11,270.57,Agency,
10248,CAMP  00000100,CH00000002,2025-01-12,307.07,Media,
10249,camp00000100,CH00000015,2025-01-13,416.54,Platform,
10250,CAMP00000100,CH00000005,2025-01-13,412.57,Media,
10251,CAMP00000100,CH00000001,2025-01-14,360.46,Creative,
10252,CAMP00000100,CH00000010,2025-01-14,308.38,Platform,
10253,CAMP00000100,CH00000005,2025-01-14,392.63,Media,
10254,CAMP00000100,CH00000005,2025-01-15,361.01,Creative,
