click_key,campaign_id,channel_id,click_timestamp,click_id,impression_id,user_id,device_type,landing_page_url,cost
1,CAMP00000004,CH00000003,2022-06-05 17:17:26,CLK00000001,IMP00019591,USR00050349,Desktop,https://bookhoarder.com/home,1.6609
2,CAMP00000005,CH00000014,2022-07-10 18:06:34,clk00000002,IMP00021008,USR00116439,Desktop,https://bookhoarder.com/deals,2.3625
3,CAMP00000006,CH00000011,2022-05-18 00:23:30,CLK00000003,IMP00026346,USR00119221,Tablet,https://bookhoarder.com/bestsellers,0.4124
4,CAMP00000016,CH00000014,2021-05-06 16:16:51,CLK00000004,IMP00075250,USR00081503,Tablet,https://bookhoarder.com/home,1.1483
5,CAMP00000001,CH00000008,2023-01-15 05:37:04,CLK00000005,IMP00004558,USR00072675,Tablet,https://bookhoarder.com/bestsellers,1.3645
6,CAMP00000015,CH00000013,2021-04-19 00:48:41,CLK00000006,IMP00074535,USR00140931,Tablet,https://bookhoarder.com/deals,1.5447
7,CAMP00000008,CH00000011,2022-12-03 00:52:47,CLK00000007,IMP  00037589,USR00003734,Desktop,https://bookhoarder.com/home,0.3451
8,CAMP00000014,CH00000012,2021-12-04 12:07:33,CLK00000008,IMP00065251,USR00074931,Desktop,https://bookhoarder.com/deals,0.7891
9,CAMP00000017,CH00000010,2022-08-22 05:15:06,CLK00000009,IMP00082254,USR00003085,Desktop,https://bookhoarder.com/deals,1.0959
10,CAMP00000020,CH00000006,2022-08-10 16:39:01,CLK00000010,IMP00095835,USR00006649,Desktop,https://bookhoarder.com/bestsellers,2.3286
11,CAMP00000013,CH00000004,2021-03-29 15:48:38,CLK00000011,IMP00060180,USR00049077,Mobile,https://bookhoarder.com/deals,2.2814
12,CAMP00000017,CH00000005,2022-07-21 03:25:25,CLK00000012,IMP00083602,USR00020100,Desktop,https://bookhoarder.com/bestsellers,2.4844
13,CAMP00000016,CH00000007,2021-04-26 00:23:33,CLK00000013,IMP00075871,USR00023663,Tablet,https://bookhoarder.com/deals,0.9637
14,CAMP00000019,CH00000009,2021-03-25 11:52:53,CLK00000014,IMP00092365,USR00089679,Tablet,https://bookhoarder.com/home,0.22
15,CAMP00000002,CH00000015,2022-11-10 13:09:07,CLK00000015,IMP00007476,USR00024772,Mobile,https://bookhoarder.com/deals,1.9775
16,CAMP00000010,CH00000005,2022-09-22 01:10:48,CLK00000016,IMP00045738,USR00148473,Tablet,https://bookhoarder.com/bestsellers,0.5179
17,CAMP00000009,CH00000003,2021-10-10 03:28:38,CLK00000017,IMP00043086,USR00131942,Mobile,https://bookhoarder.com/deals,1.8275
18,CAMP00000005,CH00000015,2022-07-09 20:09:09,CLK00000018,IMP00021729,USR00021845,Desktop,https://bookhoarder.com/deals,0.625
19,CAMP00000015,CH00000002,2021-04-28 09:31:24,CLK00000019,IMP00074313,USR00009818,Mobile,https://bookhoarder.com/bestsellers,2.1024
20,CAMP00000014,CH00000002,2022-01-19 01:00:51,CLK00000020,IMP00066451,USR00132971,Desktop,https://bookhoarder.com/bestsellers,2.0064
21,CAMP00000005,ch00000009,2022-07-18 23:56:10,CLK00000021,IMP00022813,USR00036637,Desktop,https://bookhoarder.com/bestsellers,0.7377
22,CAMP00000002,CH00000010,2022-11-06 04:07:54,CLK00000022,IMP00006851,USR00041050,Desktop,https://bookhoarder.com/bestsellers,1.4838
23,CAMP00000005,CH00000002,2022-07-28 14:06:13,CLK00000023,IMP00022267,USR00072400,Tablet,https://bookhoarder.com/deals,1.769
24,CAMP00000003,CH00000008,2022-02-13 13:49:17,CLK00000024,IMP00013077,USR00122521,Mobile,https://bookhoarder.com/bestsellers,1.5164
25,CAMP00000007,CH00000004,2021-12-15 14:18:34,CLK00000025,IMP00030265,USR00063544,Desktop,https://bookhoarder.com/home,2.4112
26,CAMP00000014,CH00000002,2021-11-21 22:04:04,CLK00000026,IMP00066316,USR00114449,Mobile,https://bookhoarder.com/home,0.8201
27,CAMP  00000017,CH  00000002,2022-07-23 09:28:48,CLK00000027,IMP00084489,USR00084383,Mobile,https://bookhoarder.com/home,0.3554
28,CAMP00000014,CH00000004,2022-01-18 21:57:41,CLK00000028,IMP00068271,USR00029638,Tablet,https://bookhoarder.com/bestsellers,0.3189
29,CAMP00000001,CH  00000007,2023-01-17 07:13:50,CLK00000029,IMP00002312,USR00084704,Desktop,https://bookhoarder.com/deals,1.3127
30,CAMP  00000014,CH00000002,2021-12-27 17:52:06,CLK00000030,IMP00066148,USR00004719,Mobile,https://bookhoarder.com/bestsellers,2.2922
31,CAMP00000018,CH00000015,2021-07-14 20:06:42,CLK00000031,IMP00087254,USR00085680,Desktop,https://bookhoarder.com/home,0.6111
32,CAMP00000011,CH00000004,2021-03-11 17:06:31,CLK00000032,IMP00054032,USR00043522,Tablet,https://bookhoarder.com/deals,0.2966
33,CAMP00000003,CH00000012,2021-12-11 13:39:56,CLK00000033,IMP00011179,USR00011888,Mobile,https://bookhoarder.com/home,1.9199
34,CAMP00000013,CH00000003,2021-03-04 23:37:33,CLK00000034,IMP00061491,USR00009854,Tablet,https://bookhoarder.com/deals,0.6441
35,CAMP00000017,CH00000001,2022-08-24 17:25:29,CLK00000035,IMP00081884,USR00008454,Tablet,https://bookhoarder.com/bestsellers,1.6664
36,CAMP00000007,CH00000014,2021-12-14 03:36:31,CLK00000036,IMP00033496,USR00033840,Desktop,https://bookhoarder.com/deals,0.177
37,CAMP00000001,ch00000012,2023-01-13 03:47:12,CLK00000037,IMP00000747,USR00020448,Tablet,https://bookhoarder.com/deals,0.8141
38,CAMP00000016,CH00000012,2021-03-18 19:06:38,CLK00000038,IMP00078310,USR00075129,Desktop,https://bookhoarder.com/deals,0.3766
39,CAMP00000014,CH00000010,2022-01-07 19:21:19,CLK00000039,IMP00068665,USR00008784,Desktop,https://bookhoarder.com/bestsellers,1.2825
40,CAMP00000014,CH00000002,2021-12-28 19:34:23,CLK00000040,IMP00067369,USR00121876,Mobile,https://bookhoarder.com/bestsellers,0.8362
41,CAMP00000013,CH00000014,2021-02-07 09:34:26,CLK00000041,IMP00062058,USR00119203,Tablet,https://bookhoarder.com/deals,1.7881
42,CAMP00000017,CH  00000007,2022-07-31 08:30:04,CLK00000042,IMP00080641,USR00012205,Desktop,https://bookhoarder.com/home,2.3357
43,CAMP00000005,CH  00000004,2022-07-15 03:49:15,CLK00000043,IMP00022154,USR00105179,Desktop,https://bookhoarder.com/deals,1.0542
44,CAMP00000003,CH00000008,2022-02-05 17:01:16,CLK00000044,IMP00010961,USR00114980,Mobile,https://bookhoarder.com/deals,2.3501
45,CAMP00000012,CH00000004,2022-01-18 23:44:13,CLK00000045,IMP00056261,USR00125661,Desktop,https://bookhoarder.com/bestsellers,2.1019
46,CAMP00000001,CH00000001,2023-01-09 16:24:17,CLK00000046,IMP00003434,USR00147066,Mobile,https://bookhoarder.com/bestsellers,2.3132
47,CAMP  00000001,ch00000013,2022-12-28 22:44:09,CLK00000047,IMP00002978,USR00024761,Tablet,https://bookhoarder.com/home,0.6675
48,CAMP00000004,ch00000011,2022-07-08 04:19:26,CLK00000048,IMP00017494,USR00049302,Desktop,https://bookhoarder.com/deals,0.9998
49,CAMP00000004,CH00000015,2022-07-08 13:09:57,CLK00000049,IMP00016251,USR00093690,Tablet,https://bookhoarder.com/home,2.4705
50,CAMP00000015,CH00000001,2021-04-30 05:33:25,CLK00000050,IMP00072679,USR00143172,Mobile,https://bookhoarder.com/home,0.9371
51,CAMP00000019,CH00000009,2021-03-28 09:22:38,CLK00000051,IMP00092157,USR00099745,Mobile,https://bookhoarder.com/home,2.0424
52,CAMP00000001,CH00000012,2023-01-13 16:46:59,clk00000052,IMP00000981,USR00018725,Desktop,https://bookhoarder.com/bestsellers,2.0973
53,CAMP00000010,CH00000008,2022-10-09 15:29:54,CLK00000053,IMP00047152,USR00018825,Mobile,https://bookhoarder.com/deals,1.9896
54,CAMP00000019,CH00000002,2021-02-27 23:19:02,CLK  00000054,IMP00091592,USR00098427,Mobile,https://bookhoarder.com/bestsellers,1.7969
55,CAMP00000004,CH00000013,2022-05-26 14:42:23,CLK00000055,IMP00017076,USR00070576,Mobile,https://bookhoarder.com/bestsellers,2.3712
56,CAMP00000009,CH00000012,2021-10-14 16:07:12,CLK00000056,IMP00043891,USR00139591,Tablet,https://bookhoarder.com/bestsellers,0.3026
57,CAMP00000017,CH00000006,2022-08-29 19:28:26,CLK00000057,IMP00080183,USR00129298,Desktop,https://bookhoarder.com/deals,0.4574
58,CAMP00000018,CH00000008,2021-07-22 02:10:08,CLK00000058,IMP00085297,USR00088483,Mobile,https://bookhoarder.com/deals,2.1302
59,CAMP00000008,CH00000012,2022-12-16 17:30:16,CLK00000059,IMP00038530,USR00105154,Desktop,https://bookhoarder.com/deals,2.0285
60,CAMP00000004,CH00000004,2022-06-13 13:04:09,CLK00000060,IMP00018624,USR00004991,Mobile,https://bookhoarder.com/bestsellers,2.3211
61,CAMP00000002,CH00000005,2022-10-29 08:24:09,CLK00000061,IMP00005038,USR00024728,Tablet,https://bookhoarder.com/deals,0.2296
62,CAMP00000017,CH00000013,2022-08-14 07:17:51,CLK00000062,IMP00081756,USR00039378,Desktop,https://bookhoarder.com/deals,2.0537
63,CAMP00000018,CH00000008,2021-07-13 09:28:52,CLK00000063,IMP00088316,USR00088585,Mobile,https://bookhoarder.com/deals,0.3483
64,CAMP00000014,CH00000011,2021-11-30 06:03:26,CLK00000064,IMP00067037,USR00091638,Tablet,https://bookhoarder.com/home,1.6255
65,CAMP00000008,CH00000011,2022-12-03 06:38:00,CLK00000065,IMP00039417,USR00125570,Tablet,https://bookhoarder.com/bestsellers,2.0642
66,CAMP00000005,CH00000004,2022-08-13 07:29:20,CLK00000066,IMP00024889,USR00110764,Mobile,https://bookhoarder.com/home,1.5789
67,CAMP00000010,CH00000004,2022-11-12 11:05:43,CLK00000067,IMP00048332,USR00027071,Desktop,https://bookhoarder.com/deals,1.8305
68,CAMP00000007,CH00000011,2021-12-18 06:05:58,CLK  00000068,IMP00032838,USR00143345,Mobile,https://bookhoarder.com/deals,1.9063
69,CAMP  00000001,CH00000006,2023-01-16 00:00:47,CLK00000069,IMP00001134,USR00039737,Tablet,https://bookhoarder.com/deals,2.3133
70,CAMP00000006,CH00000015,2022-05-14 07:05:10,CLK00000070,IMP00025100,USR00099804,Tablet,https://bookhoarder.com/deals,0.2794
71,CAMP00000016,CH00000001,2021-02-28 09:47:46,CLK00000071,IMP00075303,USR00084884,Mobile,https://bookhoarder.com/bestsellers,1.4331
72,CAMP00000008,CH00000015,2022-12-04 21:35:21,CLK00000072,IMP00038076,USR00033789,Tablet,https://bookhoarder.com/deals,0.3567
73,CAMP00000001,CH00000008,2022-12-27 03:05:11,CLK00000073,IMP00001174,USR00044130,Tablet,https://bookhoarder.com/home,0.6044
74,CAMP00000008,CH00000010,2023-01-20 20:53:57,CLK00000074,IMP00038726,USR00106672,Desktop,https://bookhoarder.com/home,0.8721
75,CAMP00000008,CH00000012,2022-12-21 14:47:49,CLK00000075,IMP00036501,USR00100678,Desktop,https://bookhoarder.com/home,1.1003
76,CAMP00000020,CH00000015,2022-08-25 02:15:56,CLK00000076,IMP00098116,USR00030739,Desktop,https://bookhoarder.com/bestsellers,1.5259
77,CAMP00000006,CH00000012,2022-05-21 04:16:36,CLK  00000077,IMP00028346,USR00015577,Desktop,https://bookhoarder.com/home,1.8707
78,CAMP00000011,CH  00000009,2021-02-14 10:31:54,CLK00000078,IMP00052287,USR00106650,Desktop,https://bookhoarder.com/bestsellers,0.4512
79,CAMP00000005,CH00000011,2022-07-27 03:59:54,CLK00000079,IMP00020180,USR00067972,Tablet,https://bookhoarder.com/deals,0.3593
80,CAMP00000003,CH00000006,2022-01-25 13:13:38,CLK00000080,IMP00013392,USR00013388,Desktop,https://bookhoarder.com/deals,1.0932
81,CAMP00000016,CH00000005,2021-04-01 01:31:22,CLK00000081,IMP00077751,USR00018561,Mobile,https://bookhoarder.com/home,1.5868
82,CAMP00000009,CH00000011,2021-10-09 06:18:45,CLK00000082,IMP00044050,USR00019794,Desktop,https://bookhoarder.com/home,1.5
83,CAMP00000016,CH00000005,2021-04-15 10:59:55,CLK00000083,IMP00076575,USR00148387,Desktop,https://bookhoarder.com/bestsellers,2.4398
84,CAMP00000014,CH00000013,2021-12-15 15:36:43,CLK00000084,IMP00068109,USR00087484,Mobile,https://bookhoarder.com/deals,1.6773
85,CAMP00000015,CH00000013,2021-04-16 13:00:34,CLK00000085,IMP00074779,USR00045565,Desktop,https://bookhoarder.com/home,2.188
86,CAMP00000011,CH00000012,2021-01-24 14:44:13,CLK00000086,IMP00052050,USR00123476,Tablet,https://bookhoarder.com/home,0.2616
87,CAMP00000019,CH00000013,2021-03-02 12:18:06,CLK00000087,IMP00092114,USR00117352,Mobile,https://bookhoarder.com/home,0.2067
88,CAMP00000001,CH00000015,2022-12-30 20:19:43,CLK00000088,IMP00003193,USR00087596,Desktop,https://bookhoarder.com/home,1.9148
89,camp00000015,CH00000003,2021-04-25 23:01:26,CLK00000089,IMP00074853,USR00014711,Desktop,https://bookhoarder.com/home,0.4935
90,CAMP00000011,CH00000012,2021-01-13 11:22:17,CLK00000090,imp00051988,USR00016405,Mobile,https://bookhoarder.com/bestsellers,1.6374
91,CAMP00000010,CH00000006,2022-10-14 15:00:54,CLK  00000091,IMP00046814,USR00106350,Mobile,https://bookhoarder.com/home,1.1077
92,CAMP00000014,CH00000006,2021-11-24 01:24:57,CLK00000092,IMP00068555,USR00019797,Desktop,https://bookhoarder.com/home,0.9311
93,CAMP00000003,CH00000014,2022-02-14 22:43:10,CLK00000093,IMP00011613,USR00132872,Mobile,https://bookhoarder.com/deals,1.7647
94,CAMP00000005,CH00000014,2022-08-13 10:33:28,CLK00000094,IMP00020323,USR00139237,Desktop,https://bookhoarder.com/bestsellers,0.3773
95,CAMP00000015,CH00000013,2021-04-13 15:44:01,CLK00000095,IMP00073083,USR00003208,Mobile,https://bookhoarder.com/bestsellers,0.6379
96,CAMP00000017,CH00000014,2022-08-10 14:31:06,CLK00000096,IMP00082680,USR00149750,Tablet,https://bookhoarder.com/home,0.9657
97,CAMP00000004,CH00000013,2022-06-27 11:09:00,CLK00000097,IMP00018350,USR00080488,Desktop,https://bookhoarder.com/bestsellers,0.6338
98,CAMP00000004,CH00000014,2022-05-30 05:06:39,CLK00000098,IMP00017902,USR00046494,Desktop,https://bookhoarder.com/bestsellers,1.0684
99,CAMP00000017,CH00000012,2022-08-15 12:47:20,clk00000099,IMP00080599,USR00106350,Desktop,https://bookhoarder.com/home,2.1691
100,CAMP00000019,CH00000002,2021-02-25 19:42:21,CLK00000100,IMP  00090136,USR00124231,Tablet,https://bookhoarder.com/bestsellers,0.848
101,CAMP00000005,CH00000010,2022-07-19 13:20:37,CLK00000101,IMP  00023444,USR00021884,Desktop,https://bookhoarder.com/deals,1.5926
102,CAMP00000017,CH00000011,2022-08-08 22:07:18,CLK  00000102,IMP  00081774,USR00102713,Desktop,https://bookhoarder.com/bestsellers,0.1824
103,CAMP00000008,CH00000004,2023-01-05 14:22:43,CLK00000103,IMP00039179,USR00017578,Tablet,https://bookhoarder.com/home,2.3481
104,CAMP00000014,CH00000014,2021-12-02 16:39:10,CLK00000104,IMP00069097,USR00128705,Desktop,https://bookhoarder.com/home,1.9064
105,CAMP00000012,CH00000003,2022-03-04 02:22:18,CLK00000105,IMP00058896,USR00055738,Mobile,https://bookhoarder.com/bestsellers,0.6515
106,CAMP00000005,CH00000014,2022-08-20 07:50:57,clk00000106,IMP00024874,USR00079578,Desktop,https://bookhoarder.com/deals,2.0016
107,CAMP00000014,CH00000011,2021-12-11 08:14:13,CLK00000107,IMP  00068036,USR00117955,Mobile,https://bookhoarder.com/home,1.471
108,CAMP00000015,CH00000010,2021-04-21 01:16:01,CLK00000108,IMP00072985,USR00047155,Desktop,https://bookhoarder.com/home,2.3748
109,CAMP00000013,CH00000015,2021-03-24 23:57:10,CLK00000109,IMP00060076,USR00108801,Desktop,https://bookhoarder.com/deals,2.2757
110,CAMP00000002,CH00000013,2022-10-07 00:24:04,CLK00000110,IMP00008304,USR00082382,Tablet,https://bookhoarder.com/deals,1.5477
111,CAMP00000020,CH00000011,2022-08-11 16:53:36,CLK  00000111,IMP00097245,USR00039324,Mobile,https://bookhoarder.com/deals,0.9548
112,CAMP00000013,CH00000015,2021-02-28 14:02:56,CLK00000112,IMP00060112,USR00065789,Desktop,https://bookhoarder.com/home,0.58
113,CAMP00000012,CH00000007,2022-01-23 19:30:25,CLK00000113,IMP00056519,USR00039841,Mobile,https://bookhoarder.com/home,2.31
114,CAMP00000010,CH00000012,2022-10-14 22:47:05,CLK00000114,IMP  00045144,USR00077788,Desktop,https://bookhoarder.com/home,0.3659
115,CAMP00000001,CH00000005,2023-01-23 21:29:29,CLK00000115,IMP00004738,USR00041067,Tablet,https://bookhoarder.com/home,2.3108
116,CAMP00000018,CH00000014,2021-07-28 07:57:21,CLK00000116,IMP00087074,USR00057165,Mobile,https://bookhoarder.com/deals,0.6942
117,CAMP00000005,CH00000001,2022-08-02 03:11:45,CLK00000117,IMP00021850,USR00021815,Desktop,https://bookhoarder.com/home,1.1709
118,CAMP00000020,CH00000007,2022-08-14 19:13:27,CLK00000118,IMP  00098554,USR00114203,Desktop,https://bookhoarder.com/deals,0.4653
119,CAMP00000013,CH00000010,2021-02-25 07:19:49,CLK00000119,IMP00063267,USR00025531,Mobile,https://bookhoarder.com/bestsellers,0.6955
120,CAMP00000012,CH00000009,2022-01-10 08:34:45,CLK00000120,IMP00056111,USR00098675,Tablet,https://bookhoarder.com/bestsellers,0.6049
121,CAMP00000007,CH00000003,2021-12-09 15:43:15,CLK00000121,IMP00030547,USR00111599,Mobile,https://bookhoarder.com/deals,0.5116
122,CAMP00000020,CH00000003,2022-08-17 07:52:34,CLK00000122,IMP00097161,USR00046180,Mobile,https://bookhoarder.com/deals,1.0212
123,CAMP00000018,CH00000006,2021-08-03 14:25:10,CLK00000123,IMP00085284,USR00023883,Desktop,https://bookhoarder.com/deals,0.8028
124,CAMP  00000014,CH00000006,2021-12-17 18:32:58,CLK00000124,IMP00066917,USR00148111,Mobile,https://bookhoarder.com/deals,0.6408
125,CAMP00000011,ch00000014,2021-01-05 23:55:44,CLK00000125,IMP00053003,USR00148321,Desktop,https://bookhoarder.com/home,0.9599
126,CAMP00000007,CH00000015,2021-11-22 02:19:48,CLK00000126,IMP00032614,USR00088789,Desktop,https://bookhoarder.com/home,1.292
127,CAMP00000001,CH00000008,2023-01-20 19:20:36,CLK00000127,IMP00004289,USR00062543,Desktop,https://bookhoarder.com/bestsellers,1.4052
128,CAMP00000011,CH00000008,2021-03-09 04:49:19,CLK00000128,IMP00052712,USR00109340,Mobile,https://bookhoarder.com/deals,0.2227
129,CAMP00000002,CH00000003,2022-11-01 10:23:05,CLK00000129,IMP00008262,USR00119641,Tablet,https://bookhoarder.com/home,2.179
130,CAMP00000015,CH00000014,2021-04-24 12:51:53,CLK00000130,IMP00070445,USR00076544,Tablet,https://bookhoarder.com/bestsellers,0.3307
131,CAMP00000020,CH00000005,2022-08-15 15:38:27,CLK00000131,IMP00096282,USR00026281,Tablet,https://bookhoarder.com/home,1.6385
132,CAMP00000003,CH00000010,2021-12-16 02:07:02,CLK00000132,IMP00013987,USR00016428,Desktop,https://bookhoarder.com/bestsellers,0.7926
133,CAMP00000010,CH00000007,2022-11-20 18:59:15,CLK00000133,IMP  00047520,USR00136783,Tablet,https://bookhoarder.com/home,0.734
134,CAMP00000004,CH00000015,2022-06-20 18:51:06,CLK00000134,IMP00016477,USR00120383,Tablet,https://bookhoarder.com/bestsellers,0.8635
135,CAMP00000016,CH00000006,2021-04-03 07:32:44,CLK00000135,IMP00075658,USR00124350,Desktop,https://bookhoarder.com/deals,1.6885
136,CAMP00000019,CH00000007,2021-03-27 15:05:17,CLK00000136,IMP00094412,USR00140812,Tablet,https://bookhoarder.com/bestsellers,0.5177
137,CAMP00000013,CH00000015,2021-03-29 09:52:27,CLK00000137,imp00061411,USR00013284,Mobile,https://bookhoarder.com/deals,0.648
138,CAMP  00000013,CH00000011,2021-03-10 04:24:54,CLK00000138,IMP00064235,USR00010372,Tablet,https://bookhoarder.com/deals,2.4339
139,CAMP  00000011,CH00000007,2021-01-17 04:20:52,CLK00000139,IMP00052592,USR00067672,Mobile,https://bookhoarder.com/deals,0.2709
140,CAMP00000006,CH00000012,2022-05-12 09:56:09,CLK00000140,IMP  00029768,USR00106770,Desktop,https://bookhoarder.com/home,0.6421
141,CAMP00000018,ch00000014,2021-08-01 23:51:17,CLK00000141,IMP00086053,USR00061004,Desktop,https://bookhoarder.com/deals,1.041
142,CAMP00000001,CH00000007,2022-12-23 14:53:07,clk00000142,IMP00004180,USR00010905,Desktop,https://bookhoarder.com/bestsellers,0.2513
143,CAMP00000009,CH00000015,2021-10-19 00:52:33,CLK  00000143,IMP00041995,USR00040413,Desktop,https://bookhoarder.com/bestsellers,0.905
144,CAMP00000008,CH00000005,2022-12-18 18:14:33,CLK00000144,imp00036590,USR00105421,Desktop,https://bookhoarder.com/bestsellers,1.4602
145,CAMP00000003,CH00000010,2021-12-30 14:49:17,CLK00000145,IMP00014078,USR00042363,Desktop,https://bookhoarder.com/bestsellers,1.5051
146,CAMP00000007,CH00000010,2021-12-27 23:28:33,CLK00000146,IMP00032592,USR00095230,Tablet,https://bookhoarder.com/deals,1.8643
147,CAMP00000001,CH00000002,2023-02-17 03:27:42,CLK00000147,IMP00004235,USR00106087,Mobile,https://bookhoarder.com/bestsellers,2.0461
148,CAMP00000016,CH  00000003,2021-04-27 23:01:48,CLK00000148,IMP00075392,USR00111663,Tablet,https://bookhoarder.com/deals,2.4292
149,CAMP00000018,CH00000004,2021-07-13 13:54:31,CLK00000149,IMP00089150,USR00101658,Tablet,https://bookhoarder.com/bestsellers,0.8511
150,CAMP00000017,CH00000006,2022-07-27 21:29:53,CLK00000150,IMP00082023,USR00060435,Tablet,https://bookhoarder.com/bestsellers,1.257
151,CAMP00000019,ch00000003,2021-04-06 12:33:10,CLK00000151,imp00094267,USR00042871,Desktop,https://bookhoarder.com/home,1.9121
152,CAMP00000009,CH00000001,2021-10-18 21:42:21,CLK00000152,IMP00040039,USR00108363,Tablet,https://bookhoarder.com/home,1.8062
153,CAMP00000009,CH00000006,2021-10-14 03:32:48,CLK00000153,IMP00040111,USR00149576,Desktop,https://bookhoarder.com/deals,0.3135
154,CAMP00000006,CH00000006,2022-05-19 20:53:51,CLK00000154,IMP00025696,USR00088817,Mobile,https://bookhoarder.com/bestsellers,1.0466
155,CAMP00000009,CH00000010,2021-10-10 06:32:40,CLK00000155,IMP00042801,USR00139551,Mobile,https://bookhoarder.com/home,0.6898
156,CAMP00000019,CH00000013,2021-03-19 09:05:32,CLK00000156,IMP00092487,USR00107618,Tablet,https://bookhoarder.com/home,0.704
157,CAMP00000002,CH00000013,2022-11-23 21:57:19,CLK00000157,IMP00005125,USR00100700,Mobile,https://bookhoarder.com/deals,2.0162
158,CAMP00000015,CH00000003,2021-04-15 15:57:03,CLK00000158,IMP00072800,USR00111224,Mobile,https://bookhoarder.com/home,0.8837
159,CAMP00000009,CH00000001,2021-10-14 20:01:57,CLK00000159,IMP00043127,USR00132309,Desktop,https://bookhoarder.com/home,1.0173
160,CAMP00000009,CH00000013,2021-10-25 04:09:02,CLK00000160,IMP00044939,USR00043565,Desktop,https://bookhoarder.com/deals,0.5985
161,CAMP00000016,CH00000008,2021-03-07 07:59:38,CLK00000161,IMP00077036,USR00059129,Tablet,https://bookhoarder.com/home,1.9254
162,CAMP00000003,CH00000013,2022-01-30 00:17:22,CLK00000162,IMP00011842,USR00081145,Desktop,https://bookhoarder.com/bestsellers,0.2293
163,CAMP00000006,CH00000010,2022-05-12 22:14:12,CLK00000163,IMP00029718,USR00142395,Desktop,https://bookhoarder.com/deals,1.8679
164,CAMP00000005,CH00000011,2022-08-31 16:55:01,CLK00000164,IMP00020504,USR00033487,Mobile,https://bookhoarder.com/bestsellers,1.5205
165,CAMP00000006,CH00000011,2022-05-17 07:50:40,CLK00000165,IMP00028786,USR00091614,Desktop,https://bookhoarder.com/deals,1.8406
166,CAMP00000020,CH00000001,2022-08-09 06:13:28,CLK00000166,IMP00096877,USR00112041,Mobile,https://bookhoarder.com/deals,0.6938
167,CAMP00000011,CH00000012,2021-02-08 17:59:43,CLK00000167,IMP00051947,USR00001027,Mobile,https://bookhoarder.com/deals,0.1468
168,CAMP00000004,CH00000007,2022-05-14 01:16:44,CLK00000168,IMP00018334,USR00056882,Mobile,https://bookhoarder.com/deals,0.7582
169,CAMP00000009,CH00000012,2021-10-16 22:45:55,CLK00000169,IMP00043703,USR00072302,Tablet,https://bookhoarder.com/bestsellers,1.6771
170,CAMP00000005,CH00000014,2022-07-16 20:37:57,CLK00000170,IMP00021672,USR00119978,Tablet,https://bookhoarder.com/bestsellers,0.1298
171,CAMP00000005,CH00000006,2022-07-08 22:24:25,CLK00000171,IMP00023703,USR00016024,Desktop,https://bookhoarder.com/home,1.9473
172,CAMP00000012,CH00000012,2022-02-23 02:02:25,CLK00000172,IMP00058391,USR00080313,Mobile,https://bookhoarder.com/bestsellers,0.9569
173,CAMP00000017,CH00000005,2022-08-28 02:16:07,CLK00000173,IMP00083740,USR00089659,Desktop,https://bookhoarder.com/bestsellers,0.5008
174,camp00000010,CH00000002,2022-10-03 19:58:31,CLK00000174,IMP00049893,USR00125701,Tablet,https://bookhoarder.com/home,0.6172
175,CAMP00000020,CH00000002,2022-08-17 01:43:53,CLK00000175,IMP00097862,USR00055884,Tablet,https://bookhoarder.com/home,0.359
176,CAMP  00000002,CH00000014,2022-10-06 23:17:30,CLK00000176,IMP00005437,USR00098137,Tablet,https://bookhoarder.com/bestsellers,1.8408
177,CAMP00000016,CH00000003,2021-03-07 19:53:39,CLK00000177,IMP00078358,USR00116400,Desktop,https://bookhoarder.com/home,2.0105
178,CAMP00000006,CH00000004,2022-05-19 16:19:19,CLK00000178,IMP00025468,USR00063802,Desktop,https://bookhoarder.com/deals,1.1155
179,CAMP00000005,CH  00000001,2022-07-12 20:01:21,CLK  00000179,IMP00020406,USR00094654,Mobile,https://bookhoarder.com/bestsellers,2.0167
180,CAMP00000005,CH00000004,2022-08-09 13:03:15,CLK00000180,IMP00020778,USR00085432,Mobile,https://bookhoarder.com/home,1.3291
181,CAMP00000004,CH00000011,2022-05-22 10:57:27,CLK00000181,IMP00017161,USR00014487,Desktop,https://bookhoarder.com/bestsellers,1.6128
182,CAMP00000010,CH00000005,2022-10-26 09:19:05,CLK00000182,IMP00049631,USR00020517,Desktop,https://bookhoarder.com/deals,0.9509
183,CAMP00000005,CH00000015,2022-08-23 07:10:21,clk00000183,IMP00021866,USR00060858,Tablet,https://bookhoarder.com/home,0.7283
184,CAMP00000010,CH00000012,2022-09-22 15:09:08,CLK00000184,IMP00045362,USR00090198,Mobile,https://bookhoarder.com/bestsellers,1.6839
185,CAMP00000011,CH00000009,2021-01-09 14:56:18,CLK00000185,IMP00054954,USR00122238,Mobile,https://bookhoarder.com/home,1.2541
186,CAMP00000009,CH00000002,2021-10-14 03:29:56,CLK00000186,IMP00043928,USR00060429,Desktop,https://bookhoarder.com/bestsellers,2.4796
187,CAMP00000015,CH00000007,2021-04-13 17:35:11,CLK  00000187,IMP00073006,USR00067662,Tablet,https://bookhoarder.com/bestsellers,1.4573
188,CAMP00000002,CH00000003,2022-10-17 12:00:51,CLK00000188,IMP00009622,USR00121901,Mobile,https://bookhoarder.com/home,0.7266
189,CAMP00000019,CH00000001,2021-03-02 17:13:27,CLK00000189,IMP00093181,USR00075935,Desktop,https://bookhoarder.com/deals,1.4833
190,CAMP00000004,CH00000008,2022-05-12 21:28:33,CLK00000190,IMP00018108,USR00089316,Desktop,https://bookhoarder.com/bestsellers,1.9526
191,CAMP00000001,CH00000004,2023-01-16 03:54:38,CLK00000191,IMP00001767,USR00034440,Desktop,https://bookhoarder.com/bestsellers,1.9857
192,CAMP00000011,CH00000010,2021-03-15 16:06:45,CLK00000192,IMP00053349,USR00146155,Tablet,https://bookhoarder.com/home,1.9148
193,CAMP00000001,CH00000007,2023-02-04 09:01:14,CLK00000193,IMP00002485,USR00054175,Desktop,https://bookhoarder.com/deals,2.2472
194,CAMP00000010,CH00000006,2022-10-28 08:04:47,CLK00000194,IMP00047210,USR00042958,Mobile,https://bookhoarder.com/bestsellers,1.1261
195,CAMP00000018,CH00000006,2021-07-29 03:32:18,CLK00000195,IMP00086333,USR00036571,Desktop,https://bookhoarder.com/deals,0.3937
196,CAMP00000006,CH00000002,2022-05-11 01:05:49,CLK00000196,IMP00028926,USR00067969,Tablet,https://bookhoarder.com/deals,0.4111
197,CAMP  00000005,CH00000006,2022-08-06 08:06:41,CLK00000197,IMP00024630,USR00109562,Mobile,https://bookhoarder.com/home,0.4387
198,CAMP00000010,CH00000002,2022-10-22 02:40:10,CLK00000198,IMP00046902,USR00019098,Tablet,https://bookhoarder.com/home,1.8506
199,CAMP00000019,CH00000011,2021-02-20 00:09:44,CLK00000199,IMP00091824,USR00143519,Mobile,https://bookhoarder.com/home,0.2408
200,CAMP00000010,CH00000003,2022-10-25 22:38:59,CLK00000200,IMP00049716,USR00004635,Desktop,https://bookhoarder.com/home,1.0464
201,CAMP00000008,CH00000002,2022-12-28 09:29:23,CLK00000201,IMP00039518,USR00139524,Mobile,https://bookhoarder.com/deals,0.8541
202,CAMP00000006,CH00000003,2022-05-13 17:31:39,CLK00000202,IMP00027264,USR00076362,Mobile,https://bookhoarder.com/deals,1.7022
203,CAMP00000020,CH00000006,2022-08-12 22:49:33,CLK00000203,IMP00099091,USR00093019,Mobile,https://bookhoarder.com/deals,1.136
204,CAMP00000010,CH00000002,2022-11-13 17:48:18,CLK00000204,IMP00048644,USR00066233,Mobile,https://bookhoarder.com/home,1.1718
205,CAMP00000004,CH00000003,2022-05-25 18:54:24,CLK00000205,IMP00019164,USR00110442,Mobile,https://bookhoarder.com/deals,0.4785
206,CAMP00000007,CH00000009,2021-12-25 18:58:57,CLK00000206,IMP00030300,USR00035249,Desktop,https://bookhoarder.com/bestsellers,2.4446
207,CAMP00000018,CH00000015,2021-08-06 16:08:27,CLK00000207,IMP00087194,USR00010111,Tablet,https://bookhoarder.com/bestsellers,1.4974
208,CAMP00000010,CH00000003,2022-09-05 02:46:19,CLK00000208,IMP  00045683,USR00046628,Mobile,https://bookhoarder.com/deals,1.28
209,CAMP00000014,CH00000013,2021-11-30 11:56:35,CLK00000209,IMP00069717,USR00121527,Tablet,https://bookhoarder.com/bestsellers,0.164
210,CAMP00000018,CH00000008,2021-07-21 17:43:05,CLK00000210,IMP00086804,USR00028413,Mobile,https://bookhoarder.com/home,2.1913
211,CAMP00000004,ch00000001,2022-05-28 17:44:23,CLK00000211,IMP  00018479,USR00088056,Mobile,https://bookhoarder.com/home,0.3328
212,CAMP00000017,CH00000005,2022-08-28 17:29:33,CLK00000212,IMP00080684,USR00071843,Desktop,https://bookhoarder.com/bestsellers,1.3212
213,CAMP00000009,CH00000007,2021-10-22 15:33:50,CLK00000213,IMP00040849,USR00135094,Desktop,https://bookhoarder.com/deals,0.274
214,CAMP00000001,CH00000007,2023-02-16 03:05:24,CLK00000214,IMP00004902,USR00131379,Mobile,https://bookhoarder.com/home,0.1917
215,CAMP00000005,CH00000015,2022-09-01 16:32:02,CLK00000215,IMP00020760,USR00018050,Mobile,https://bookhoarder.com/bestsellers,1.4255
216,CAMP  00000002,CH00000013,2022-10-05 13:02:36,CLK00000216,IMP00008985,USR00131179,Tablet,https://bookhoarder.com/deals,0.8643
217,CAMP00000012,CH00000010,2022-02-28 12:34:52,CLK00000217,IMP00059595,USR00052258,Desktop,https://bookhoarder.com/deals,2.2133
218,CAMP00000013,CH00000014,2021-03-20 02:17:25,CLK00000218,IMP00062243,USR00147226,Desktop,https://bookhoarder.com/deals,2.3415
219,CAMP00000019,CH00000014,2021-03-08 12:20:58,CLK00000219,IMP00093926,USR00042296,Tablet,https://bookhoarder.com/bestsellers,0.4541
220,CAMP00000019,CH00000008,2021-02-21 04:30:51,CLK00000220,IMP00093347,USR00105232,Desktop,https://bookhoarder.com/deals,1.348
221,CAMP00000007,CH00000004,2021-12-14 11:19:24,CLK00000221,IMP00034852,USR00125438,Desktop,https://bookhoarder.com/bestsellers,2.3847
222,CAMP00000003,CH00000005,2021-12-16 22:06:32,CLK00000222,IMP00010386,USR00058575,Mobile,https://bookhoarder.com/bestsellers,0.8819
223,CAMP00000004,CH00000009,2022-05-16 01:54:11,CLK00000223,IMP00019273,USR00034837,Mobile,https://bookhoarder.com/home,1.0521
224,CAMP00000002,CH00000006,2022-10-08 05:48:06,CLK00000224,IMP00006598,USR00080423,Desktop,https://bookhoarder.com/deals,0.77
225,CAMP00000003,CH00000011,2022-02-04 19:01:52,CLK00000225,IMP00013370,USR00144500,Desktop,https://bookhoarder.com/bestsellers,2.0657
226,CAMP00000007,CH00000014,2021-11-19 15:56:56,CLK00000226,IMP00034229,USR00137100,Desktop,https://bookhoarder.com/bestsellers,0.3288
227,CAMP00000005,CH00000007,2022-07-27 12:14:32,CLK00000227,IMP00024467,USR00126080,Tablet,https://bookhoarder.com/home,0.3696
228,CAMP00000006,CH00000002,2022-05-11 09:58:32,CLK00000228,IMP00027792,USR00055538,Desktop,https://bookhoarder.com/deals,2.3023
229,CAMP00000015,CH00000001,2021-04-21 08:57:18,clk00000229,IMP00071972,USR00103902,Tablet,https://bookhoarder.com/deals,1.2621
230,CAMP00000010,CH00000004,2022-09-12 03:39:14,CLK00000230,IMP00045288,USR00130323,Mobile,https://bookhoarder.com/bestsellers,0.8504
231,CAMP00000003,CH00000001,2022-01-05 03:06:48,CLK00000231,IMP00010931,USR00002255,Desktop,https://bookhoarder.com/home,0.6539
232,CAMP00000003,CH00000002,2021-12-30 14:07:11,CLK00000232,IMP00012643,USR00135903,Tablet,https://bookhoarder.com/deals,1.9452
233,CAMP00000015,CH00000007,2021-04-23 13:33:25,CLK00000233,IMP00071080,USR00041747,Mobile,https://bookhoarder.com/bestsellers,0.6361
234,CAMP00000003,CH00000015,2022-02-04 16:17:43,CLK00000234,IMP00010325,USR00079790,Mobile,https://bookhoarder.com/bestsellers,2.2886
235,CAMP00000020,CH00000009,2022-08-21 21:50:08,CLK00000235,IMP00095368,USR00143322,Tablet,https://bookhoarder.com/home,1.7308
236,CAMP00000003,CH00000015,2022-01-14 17:32:05,CLK00000236,IMP00012886,USR00067010,Tablet,https://bookhoarder.com/bestsellers,0.4626
237,CAMP00000015,CH  00000004,2021-04-16 10:05:53,CLK00000237,IMP00071034,USR00099900,Mobile,https://bookhoarder.com/bestsellers,1.1851
238,CAMP00000019,CH00000001,2021-03-17 16:37:38,CLK00000238,imp00091529,USR00042168,Mobile,https://bookhoarder.com/deals,2.1005
239,CAMP00000011,CH00000006,2021-01-04 20:08:35,CLK00000239,IMP00054215,USR00112576,Tablet,https://bookhoarder.com/home,1.2967
240,CAMP00000018,CH00000002,2021-07-05 03:58:48,CLK00000240,IMP00085930,USR00073021,Desktop,https://bookhoarder.com/deals,1.5573
241,CAMP00000009,CH  00000001,2021-10-14 15:09:45,CLK00000241,imp00040364,USR00149545,Tablet,https://bookhoarder.com/deals,1.124
242,CAMP00000002,CH00000006,2022-11-06 22:38:09,CLK00000242,IMP00006057,USR00061719,Mobile,https://bookhoarder.com/deals,0.3179
243,CAMP00000015,CH00000002,2021-04-20 23:33:37,CLK00000243,IMP00071781,USR00054990,Desktop,https://bookhoarder.com/deals,2.1078
244,CAMP00000007,CH00000001,2021-12-06 23:12:05,CLK00000244,IMP00034202,USR00042499,Desktop,https://bookhoarder.com/deals,1.7946
245,CAMP00000009,CH00000009,2021-10-20 07:26:06,CLK  00000245,IMP00040585,USR00024111,Desktop,https://bookhoarder.com/deals,2.1241
246,CAMP00000014,CH00000004,2022-01-05 01:58:08,CLK00000246,IMP00069534,USR00062398,Desktop,https://bookhoarder.com/home,0.7943
247,CAMP00000014,CH00000003,2022-01-16 07:21:17,CLK00000247,IMP00068617,USR00042141,,https://bookhoarder.com/bestsellers,1.6683
248,CAMP00000001,CH00000010,2023-02-08 21:36:02,CLK00000248,IMP00004976,USR00142489,Tablet,https://bookhoarder.com/home,0.5094
249,CAMP00000018,CH  00000009,2021-07-18 00:42:43,CLK00000249,IMP00089517,USR00062323,Mobile,https://bookhoarder.com/home,2.101
250,CAMP  00000008,CH00000002,2022-12-03 15:51:09,CLK00000250,IMP00039844,USR00120902,Mobile,https://bookhoarder.com/deals,0.1661
251,CAMP00000001,CH00000006,2023-02-15 01:37:20,CLK00000251,IMP00003379,USR00090046,Desktop,https://bookhoarder.com/deals,1.7729
252,CAMP00000006,CH  00000011,2022-05-18 19:51:04,CLK00000252,IMP00029060,USR00055425,Desktop,https://bookhoarder.com/deals,2.2731
253,CAMP00000004,CH00000003,2022-07-09 21:01:06,CLK00000253,IMP00015951,USR00108013,Tablet,https://bookhoarder.com/home,0.5228
254,CAMP00000007,CH00000009,2021-12-24 01:56:38,CLK00000254,IMP00031832,USR00047255,Mobile,https://bookhoarder.com/bestsellers,0.2761
255,CAMP00000020,CH00000004,2022-08-15 03:30:01,CLK00000255,IMP00097925,USR00036098,Tablet,https://bookhoarder.com/deals,1.9096
256,CAMP00000018,CH  00000001,2021-07-08 09:27:38,CLK00000256,IMP00087278,USR00082760,Tablet,https://bookhoarder.com/home,0.2232
257,CAMP00000012,CH00000009,2022-01-31 10:31:32,CLK00000257,IMP00055362,USR00053148,Tablet,https://bookhoarder.com/home,1.5051
258,CAMP00000011,CH00000008,2021-01-09 06:51:07,CLK00000258,IMP00051909,USR00039152,Tablet,https://bookhoarder.com/deals,1.6926
259,CAMP00000020,ch00000006,2022-08-10 23:50:35,clk00000259,IMP00098482,USR00058815,Tablet,https://bookhoarder.com/bestsellers,2.4069
260,CAMP00000014,CH00000002,2021-11-29 06:53:50,CLK00000260,IMP00069088,USR00109258,Tablet,https://bookhoarder.com/deals,2.2579
261,CAMP00000010,CH00000015,2022-10-14 12:43:58,CLK00000261,IMP00049921,USR00101812,Mobile,https://bookhoarder.com/home,1.7248
262,CAMP00000009,CH00000007,2021-10-25 06:26:52,CLK00000262,IMP00043025,USR00056379,Tablet,https://bookhoarder.com/bestsellers,0.7166
263,CAMP00000012,CH00000012,2022-02-11 06:37:24,CLK00000263,IMP00059144,USR00103039,Mobile,https://bookhoarder.com/deals,2.1181
264,CAMP00000004,CH00000005,2022-07-12 08:34:11,CLK00000264,IMP00018531,USR00141736,Tablet,https://bookhoarder.com/bestsellers,1.9259
265,CAMP00000011,CH00000010,2021-01-10 08:31:28,CLK00000265,IMP00051084,USR00080037,Mobile,https://bookhoarder.com/deals,2.3163
266,CAMP00000014,CH00000015,2021-11-26 14:41:43,CLK00000266,IMP00069652,USR00117488,Tablet,https://bookhoarder.com/home,2.0727
267,CAMP00000006,CH00000004,2022-05-22 21:18:35,CLK00000267,IMP00028836,USR00144121,Mobile,https://bookhoarder.com/bestsellers,1.7482
268,CAMP00000013,CH00000010,2021-03-13 21:41:07,CLK00000268,IMP00061579,USR00072531,Desktop,https://bookhoarder.com/deals,2.4597
269,CAMP00000020,CH00000002,2022-08-21 20:57:33,CLK00000269,IMP00095757,USR00082497,Desktop,https://bookhoarder.com/home,2.1012
270,CAMP00000012,CH00000015,2022-02-25 08:01:52,CLK00000270,IMP00058880,USR00052064,Mobile,https://bookhoarder.com/deals,1.4636
271,CAMP00000015,CH00000008,2021-04-23 19:29:56,CLK00000271,IMP00070803,USR00023442,Mobile,https://bookhoarder.com/deals,1.6619
272,CAMP00000007,CH00000012,2021-12-11 18:00:10,CLK00000272,IMP00030985,USR00114805,Desktop,https://bookhoarder.com/deals,0.4384
273,CAMP00000008,CH00000007,2022-12-23 00:12:55,CLK  00000273,IMP00036609,USR00045887,Desktop,https://bookhoarder.com/home,2.0758
274,CAMP00000008,CH00000004,2023-01-01 14:12:40,CLK00000274,IMP00036597,USR00045435,Desktop,https://bookhoarder.com/deals,2.1218
275,CAMP00000015,CH00000014,2021-04-17 08:06:44,CLK00000275,IMP00072964,USR00141851,Desktop,https://bookhoarder.com/deals,2.0524
276,CAMP00000007,CH00000002,2021-11-30 21:48:56,CLK00000276,IMP00030758,USR00113648,Tablet,https://bookhoarder.com/deals,1.9504
277,CAMP00000010,ch  00000005,2022-11-20 00:09:37,CLK00000277,IMP00045717,USR00019064,Tablet,https://bookhoarder.com/bestsellers,0.938
278,CAMP00000003,CH00000007,2021-12-28 15:53:49,CLK00000278,IMP00011053,USR00087663,Tablet,https://bookhoarder.com/home,1.4812
279,CAMP00000015,CH00000013,2021-04-20 02:06:15,CLK00000279,IMP00072698,USR00120069,Desktop,https://bookhoarder.com/bestsellers,1.094
280,CAMP00000019,CH00000011,2021-03-22 00:10:41,CLK00000280,IMP00093089,USR00054555,Mobile,https://bookhoarder.com/bestsellers,0.5935
281,CAMP00000002,CH00000004,2022-12-07 05:43:04,CLK00000281,IMP  00008938,USR00005403,Desktop,https://bookhoarder.com/bestsellers,0.897
282,CAMP00000002,CH00000006,2022-11-15 02:31:12,CLK00000282,IMP00006038,USR00023056,Tablet,https://bookhoarder.com/deals,0.9209
283,CAMP00000020,CH00000007,2022-08-23 06:56:52,CLK00000283,IMP00098466,USR00009249,Mobile,https://bookhoarder.com/bestsellers,1.3414
284,CAMP00000003,CH00000012,2021-12-30 20:01:54,CLK00000284,IMP00013792,USR00060739,Mobile,https://bookhoarder.com/bestsellers,0.9616
285,CAMP00000007,CH00000013,2021-12-23 16:27:07,CLK00000285,IMP00030438,USR00027489,Desktop,https://bookhoarder.com/home,0.398
286,CAMP00000002,CH00000007,2022-10-13 11:54:41,CLK00000286,IMP  00005593,USR00010744,Tablet,https://bookhoarder.com/home,0.717
287,CAMP00000004,CH00000004,2022-05-10 23:04:37,CLK  00000287,IMP00019436,USR00136349,Desktop,https://bookhoarder.com/home,1.4597
288,CAMP00000014,CH00000004,2022-01-14 04:52:22,CLK00000288,IMP00067100,USR00125820,Tablet,https://bookhoarder.com/home,1.3571
289,CAMP00000020,CH00000012,2022-08-24 20:11:13,CLK00000289,IMP00095095,USR00073034,Desktop,https://bookhoarder.com/bestsellers,1.4377
290,CAMP00000004,CH  00000008,2022-06-03 18:28:30,clk00000290,IMP00015796,USR00084432,Tablet,https://bookhoarder.com/bestsellers,0.2967
291,CAMP00000011,CH00000004,2021-01-09 02:37:41,CLK00000291,IMP00052094,USR00056835,Mobile,https://bookhoarder.com/home,1.6952
292,CAMP00000004,CH00000012,2022-05-27 21:08:58,CLK00000292,IMP00015551,USR00048413,Desktop,https://bookhoarder.com/deals,2.1445
293,CAMP00000010,ch00000007,2022-11-18 08:47:18,CLK00000293,IMP00045377,USR00064480,,https://bookhoarder.com/home,2.0353
294,CAMP00000009,CH00000014,2021-10-17 19:16:52,CLK00000294,IMP00043050,USR00012110,Tablet,https://bookhoarder.com/bestsellers,1.2369
295,CAMP00000003,CH00000010,2022-02-06 20:03:42,CLK00000295,IMP00013629,USR00095401,Tablet,https://bookhoarder.com/home,2.367
296,CAMP00000017,CH00000011,2022-07-25 21:36:18,CLK00000296,IMP00084795,USR00113624,Desktop,https://bookhoarder.com/home,1.2454
297,CAMP00000009,CH00000009,2021-10-15 23:23:16,CLK00000297,IMP00043384,USR00065798,Mobile,https://bookhoarder.com/home,1.8458
298,CAMP00000005,CH00000004,2022-09-05 16:36:55,CLK00000298,IMP00024085,USR00094082,Desktop,https://bookhoarder.com/deals,1.5207
299,CAMP00000011,CH00000002,2021-01-18 21:33:19,CLK00000299,IMP00053304,USR00059241,Desktop,https://bookhoarder.com/home,2.0615
300,CAMP00000009,CH00000013,2021-10-25 10:09:05,CLK00000300,imp00041138,USR00057089,Mobile,https://bookhoarder.com/bestsellers,1.3313
301,CAMP00000008,CH00000002,2023-01-19 09:09:42,CLK00000301,IMP00036129,USR00087818,Mobile,https://bookhoarder.com/deals,1.2114
302,CAMP  00000016,CH00000010,2021-05-13 02:40:00,CLK00000302,IMP00076258,USR00045214,Mobile,https://bookhoarder.com/bestsellers,0.2872
303,CAMP00000007,CH00000015,2021-12-28 13:51:25,CLK00000303,IMP00030489,USR00065836,Tablet,https://bookhoarder.com/bestsellers,0.5332
304,CAMP00000002,ch00000003,2022-12-06 11:54:16,CLK00000304,IMP00006882,USR00016707,Tablet,https://bookhoarder.com/bestsellers,2.0331
305,CAMP00000010,CH00000006,2022-09-19 04:52:12,CLK00000305,IMP00046222,USR00052696,Tablet,https://bookhoarder.com/deals,1.5618
306,CAMP00000016,CH00000004,2021-03-22 14:41:08,CLK00000306,IMP00075295,USR00048446,Desktop,https://bookhoarder.com/deals,1.6634
307,CAMP00000017,CH00000008,2022-07-22 16:55:26,CLK00000307,IMP00081203,USR00036572,Tablet,https://bookhoarder.com/home,1.024
308,CAMP00000010,CH00000008,2022-09-26 21:10:48,CLK00000308,IMP  00046395,USR00102742,Desktop,https://bookhoarder.com/deals,1.4901
309,CAMP00000017,CH00000014,2022-08-23 09:37:11,CLK00000309,IMP00083859,USR00140902,Mobile,https://bookhoarder.com/home,1.9506
310,CAMP00000004,CH00000002,2022-05-30 08:42:26,CLK00000310,IMP00016075,USR00123738,Mobile,https://bookhoarder.com/home,1.7572
311,CAMP  00000012,CH  00000009,2022-02-28 22:34:07,CLK00000311,IMP00058956,USR00105765,Desktop,https://bookhoarder.com/deals,1.595
312,CAMP00000016,CH00000005,2021-02-28 22:51:00,CLK00000312,IMP00079642,USR00121467,Desktop,https://bookhoarder.com/bestsellers,1.1881
313,CAMP00000005,CH00000004,2022-07-04 23:39:00,CLK00000313,IMP00020206,USR00144412,Tablet,https://bookhoarder.com/deals,1.0669
314,CAMP00000007,CH00000007,2021-12-19 16:22:15,CLK00000314,IMP00032412,USR00047962,Desktop,https://bookhoarder.com/bestsellers,1.9582
315,CAMP00000007,CH00000013,2021-12-08 16:31:57,CLK00000315,IMP00030588,USR00064894,Mobile,https://bookhoarder.com/home,1.5728
316,CAMP00000006,CH00000014,2022-05-18 10:07:58,CLK00000316,IMP  00027773,USR00047916,Desktop,https://bookhoarder.com/bestsellers,0.4586
317,CAMP00000014,CH00000004,2021-12-07 20:47:00,CLK00000317,IMP00068219,USR00141335,Desktop,https://bookhoarder.com/deals,0.6646
318,CAMP00000002,CH00000001,2022-11-18 02:51:56,CLK00000318,IMP00007879,USR00079532,Mobile,https://bookhoarder.com/home,1.9357
319,CAMP00000011,CH  00000004,2021-01-25 14:47:59,CLK00000319,IMP00052220,USR00010941,Mobile,https://bookhoarder.com/deals,2.3219
320,CAMP00000002,CH00000011,2022-10-20 09:06:07,CLK00000320,IMP00007969,USR00003877,Tablet,https://bookhoarder.com/deals,2.4902
321,CAMP00000004,CH00000001,2022-06-26 19:27:28,CLK00000321,IMP00018850,USR00086827,Tablet,https://bookhoarder.com/bestsellers,0.5792
322,CAMP00000011,CH00000009,2021-01-23 17:26:46,CLK00000322,IMP00052116,USR00098419,Desktop,https://bookhoarder.com/deals,1.6173
323,CAMP00000002,CH00000007,2022-11-18 12:37:03,CLK00000323,IMP00008599,USR00035720,Desktop,https://bookhoarder.com/deals,1.1591
324,CAMP00000006,CH00000013,2022-05-22 20:41:39,CLK00000324,IMP00029750,USR00051478,Tablet,https://bookhoarder.com/deals,2.3542
325,CAMP00000011,CH00000011,2021-01-17 18:24:03,CLK00000325,IMP00054871,USR00015409,Tablet,https://bookhoarder.com/home,0.54
326,CAMP00000001,CH00000005,2023-02-10 07:50:38,CLK00000326,imp00002792,USR00026438,Desktop,https://bookhoarder.com/bestsellers,0.3674
327,CAMP00000007,CH00000012,2021-11-25 02:59:11,CLK00000327,IMP00034540,USR00075682,Tablet,https://bookhoarder.com/deals,1.0986
328,CAMP00000015,CH00000001,2021-04-21 13:04:45,clk00000328,IMP00073211,USR00083600,Desktop,https://bookhoarder.com/deals,0.8568
329,CAMP00000011,CH00000004,2021-03-20 14:35:49,CLK00000329,IMP00050270,USR00080335,Mobile,https://bookhoarder.com/home,1.952
330,CAMP00000020,CH00000002,2022-08-22 09:54:53,CLK00000330,IMP00095698,USR00081523,Tablet,https://bookhoarder.com/deals,1.7537
331,CAMP00000017,CH00000001,2022-08-14 11:00:24,CLK00000331,IMP00080320,USR00003088,Tablet,https://bookhoarder.com/bestsellers,1.1036
332,CAMP00000004,CH00000003,2022-07-10 21:07:40,CLK00000332,IMP00016154,USR00102217,Desktop,https://bookhoarder.com/deals,2.3714
333,CAMP00000009,CH00000007,2021-10-25 07:16:13,CLK00000333,IMP00044951,USR00029796,Desktop,https://bookhoarder.com/bestsellers,1.5509
334,CAMP00000002,CH00000003,2022-10-15 07:20:33,CLK00000334,IMP00008434,USR00024507,Mobile,https://bookhoarder.com/deals,0.7206
335,CAMP00000016,CH00000011,2021-03-16 20:44:05,CLK  00000335,IMP00078262,USR00017947,Desktop,https://bookhoarder.com/bestsellers,2.1829
336,CAMP00000011,CH  00000008,2021-02-18 03:10:22,CLK00000336,IMP00050816,USR00080200,Desktop,https://bookhoarder.com/deals,0.2396
337,CAMP00000010,CH00000003,2022-11-06 21:23:55,CLK00000337,IMP00045307,USR00088902,Tablet,https://bookhoarder.com/bestsellers,1.2368
338,CAMP00000014,CH00000009,2021-11-26 05:52:33,CLK  00000338,IMP00068989,USR00050595,Tablet,https://bookhoarder.com/home,1.7204
339,CAMP00000008,CH00000010,2022-12-07 16:58:55,CLK00000339,IMP00035440,USR00001649,Tablet,https://bookhoarder.com/deals,2.4918
340,CAMP00000006,CH00000005,2022-05-13 03:26:37,CLK00000340,IMP00029142,USR00063105,Desktop,https://bookhoarder.com/bestsellers,1.0175
341,CAMP00000019,CH  00000007,2021-03-06 07:55:16,CLK00000341,IMP00090130,USR00012381,Desktop,https://bookhoarder.com/bestsellers,0.736
342,CAMP00000019,CH00000011,2021-03-03 05:33:23,CLK00000342,IMP00093789,USR00071533,Desktop,https://bookhoarder.com/deals,0.1087
343,CAMP00000014,CH00000006,2021-11-21 03:55:18,CLK00000343,IMP00065451,USR00086393,Mobile,https://bookhoarder.com/home,0.6449
344,CAMP00000016,CH  00000009,2021-03-18 20:29:21,CLK00000344,IMP00075263,USR00015775,Tablet,https://bookhoarder.com/deals,1.6177
345,CAMP00000013,CH00000004,2021-03-06 03:25:47,CLK00000345,IMP00060491,USR00092372,Tablet,https://bookhoarder.com/bestsellers,0.158
346,CAMP00000009,CH00000009,2021-10-22 04:08:29,CLK00000346,IMP00042657,USR00031317,Desktop,https://bookhoarder.com/bestsellers,0.1421
347,CAMP00000018,CH00000004,2021-08-06 16:55:24,CLK00000347,IMP00087976,USR00032734,Tablet,https://bookhoarder.com/deals,0.6106
348,CAMP00000020,CH00000013,2022-08-25 03:40:33,CLK00000348,IMP00096683,USR00036232,Mobile,https://bookhoarder.com/bestsellers,2.4228
349,CAMP00000001,ch00000014,2023-01-26 15:05:03,CLK00000349,IMP00000463,USR00048253,Mobile,https://bookhoarder.com/home,2.0591
350,CAMP00000006,CH00000007,2022-05-14 11:37:54,CLK00000350,IMP00027597,USR00063956,Mobile,https://bookhoarder.com/deals,1.2876
351,CAMP00000007,CH00000011,2021-12-11 14:23:27,CLK00000351,IMP00031736,USR00101733,Mobile,https://bookhoarder.com/bestsellers,1.2235
352,CAMP00000003,CH00000012,2022-02-14 23:59:01,CLK00000352,IMP00014465,USR00085508,Tablet,https://bookhoarder.com/home,0.3944
353,CAMP00000002,CH00000013,2022-12-09 01:05:43,CLK00000353,IMP00009936,USR00073212,Tablet,https://bookhoarder.com/home,1.9551
354,CAMP00000011,CH00000001,2021-01-11 04:47:08,CLK00000354,IMP00050673,USR00107747,Tablet,https://bookhoarder.com/bestsellers,2.3214
355,CAMP00000017,CH00000015,2022-08-28 18:43:49,CLK00000355,IMP00083181,USR00015265,Desktop,https://bookhoarder.com/bestsellers,1.5164
356,CAMP00000016,CH00000005,2021-04-03 09:03:43,CLK00000356,imp00079949,USR00087197,Tablet,https://bookhoarder.com/bestsellers,2.4776
357,CAMP00000011,CH00000015,2021-03-11 06:25:47,CLK00000357,IMP00052821,USR00093951,Desktop,https://bookhoarder.com/home,0.873
358,CAMP00000018,CH00000006,2021-07-07 10:33:26,CLK00000358,IMP00085255,USR00097694,Mobile,https://bookhoarder.com/bestsellers,1.5894
359,CAMP00000003,CH00000001,2022-01-24 01:25:56,CLK00000359,IMP00013609,USR00104757,Desktop,https://bookhoarder.com/deals,2.414
360,CAMP00000001,CH00000010,2023-02-16 21:04:46,CLK00000360,IMP00001382,USR00016302,Desktop,https://bookhoarder.com/bestsellers,0.8747
361,CAMP00000013,ch00000007,2021-02-22 22:56:30,CLK00000361,IMP00060384,USR00037268,Mobile,https://bookhoarder.com/bestsellers,1.8163
362,CAMP00000011,CH00000005,2021-03-03 12:51:38,CLK00000362,IMP00054642,USR00064071,Desktop,https://bookhoarder.com/bestsellers,0.6014
363,CAMP00000015,CH00000007,2021-04-26 04:49:38,CLK00000363,IMP00074656,USR00139762,Mobile,https://bookhoarder.com/bestsellers,2.4634
364,CAMP00000001,CH00000007,2022-12-31 09:00:02,CLK  00000364,IMP00003736,USR00127404,Tablet,https://bookhoarder.com/deals,0.7652
365,CAMP00000004,CH00000004,2022-05-14 14:07:07,CLK00000365,IMP00019455,USR00132301,Tablet,https://bookhoarder.com/bestsellers,0.8766
366,CAMP00000007,CH00000014,2021-12-29 16:37:28,CLK00000366,IMP00032696,USR00007525,Tablet,https://bookhoarder.com/home,1.8659
367,CAMP00000006,CH00000012,2022-05-22 20:53:22,CLK00000367,IMP00028335,USR00078190,Tablet,https://bookhoarder.com/home,0.5933
368,CAMP00000002,CH00000010,2022-10-05 22:06:25,CLK00000368,IMP00007928,USR00076197,Mobile,https://bookhoarder.com/home,0.1162
369,CAMP00000017,CH00000003,2022-08-25 08:21:11,CLK00000369,IMP00080567,USR00022852,Tablet,https://bookhoarder.com/bestsellers,1.3472
370,CAMP00000012,CH00000011,2022-02-12 12:24:18,clk00000370,IMP00058509,USR00139336,Tablet,https://bookhoarder.com/bestsellers,0.7798
371,CAMP00000001,CH00000008,2022-12-30 08:25:13,CLK00000371,IMP00004474,USR00020990,Desktop,https://bookhoarder.com/deals,0.1829
372,CAMP00000008,CH00000001,2022-12-16 12:57:01,CLK00000372,IMP00036899,USR00055791,Desktop,https://bookhoarder.com/deals,2.3334
373,CAMP00000004,CH  00000012,2022-05-30 15:59:36,CLK00000373,IMP00018168,USR00121586,Desktop,https://bookhoarder.com/deals,1.5057
374,CAMP00000010,CH00000008,2022-10-09 03:03:26,CLK00000374,imp00049747,USR00132545,Desktop,https://bookhoarder.com/deals,0.4547
375,CAMP00000015,CH00000003,2021-04-19 22:38:14,CLK00000375,IMP00074587,USR00059472,Tablet,https://bookhoarder.com/home,2.3091
376,CAMP00000006,CH00000003,2022-05-22 14:05:44,CLK00000376,IMP00028414,USR00141398,Desktop,https://bookhoarder.com/deals,1.929
377,CAMP00000015,CH00000008,2021-04-24 10:18:48,CLK  00000377,IMP00070519,USR00015097,Mobile,https://bookhoarder.com/bestsellers,0.2618
378,CAMP00000001,CH00000013,2023-02-16 06:18:04,CLK00000378,IMP00000385,USR00124517,Tablet,https://bookhoarder.com/home,1.011
379,CAMP00000001,CH00000007,2023-01-11 17:00:19,CLK00000379,IMP00001019,USR00139616,Tablet,https://bookhoarder.com/bestsellers,1.5205
380,CAMP00000012,CH00000002,2022-01-21 05:50:51,CLK00000380,IMP00058310,USR00110335,Desktop,https://bookhoarder.com/home,1.4542
381,CAMP00000007,CH00000012,2021-12-01 22:03:18,CLK00000381,IMP00033354,USR00149128,Desktop,https://bookhoarder.com/home,0.1156
382,CAMP00000008,CH00000009,2023-01-05 16:55:40,CLK00000382,IMP00038783,USR00059270,Mobile,https://bookhoarder.com/home,0.4239
383,CAMP00000018,CH00000006,2021-07-12 02:39:25,CLK00000383,IMP00085827,USR00041187,Desktop,https://bookhoarder.com/deals,0.281
384,CAMP00000020,CH00000013,2022-08-18 12:00:17,CLK00000384,IMP00099547,USR00053238,Tablet,https://bookhoarder.com/bestsellers,0.6841
385,CAMP00000010,CH00000002,2022-09-27 21:01:50,clk00000385,IMP00049803,USR00021830,Tablet,https://bookhoarder.com/home,2.3699
386,CAMP00000011,CH00000009,2021-02-07 10:57:41,clk00000386,IMP00051616,USR00080956,Mobile,https://bookhoarder.com/home,0.3827
387,CAMP00000018,CH00000005,2021-07-26 21:38:46,CLK00000387,IMP00085347,USR00072612,Mobile,https://bookhoarder.com/bestsellers,0.993
388,CAMP00000010,CH00000001,2022-10-22 23:59:57,CLK00000388,IMP00049625,USR00123020,Desktop,https://bookhoarder.com/bestsellers,1.5806
389,CAMP00000002,CH00000005,2022-10-31 11:19:01,CLK00000389,IMP00007477,USR00076592,Tablet,https://bookhoarder.com/home,0.3766
390,CAMP00000007,CH00000014,2021-12-18 02:35:47,CLK00000390,IMP00033254,USR00133864,Desktop,https://bookhoarder.com/bestsellers,0.9148
391,CAMP00000015,CH00000001,2021-04-16 20:38:36,CLK00000391,IMP00073565,USR00072285,Tablet,https://bookhoarder.com/home,1.8719
392,CAMP00000004,CH00000009,2022-06-08 03:28:17,CLK00000392,IMP00016032,USR00046589,Tablet,https://bookhoarder.com/home,1.6272
393,CAMP00000020,CH00000001,2022-08-15 11:21:08,CLK00000393,IMP00098911,USR00063246,Desktop,https://bookhoarder.com/bestsellers,0.5997
394,CAMP00000015,CH00000005,2021-04-28 13:48:18,CLK  00000394,imp00074811,USR00119942,Tablet,https://bookhoarder.com/home,1.1179
395,CAMP00000003,CH00000007,2021-12-10 06:16:02,CLK00000395,IMP00011142,USR00031523,,https://bookhoarder.com/bestsellers,2.2696
396,CAMP00000012,CH00000004,2022-03-13 05:35:24,CLK00000396,IMP00055806,USR00098686,Mobile,https://bookhoarder.com/deals,0.7056
397,CAMP00000012,CH00000004,2022-03-11 19:54:37,CLK00000397,IMP00058419,USR00011371,Tablet,https://bookhoarder.com/deals,0.2923
398,CAMP00000010,CH00000013,2022-10-04 09:36:58,CLK00000398,IMP00049924,USR00044748,Desktop,https://bookhoarder.com/deals,0.9275
399,CAMP00000015,CH00000013,2021-04-24 09:03:27,CLK00000399,IMP00073214,USR00087979,Desktop,https://bookhoarder.com/bestsellers,1.6981
400,CAMP  00000009,CH00000001,2021-10-20 20:43:25,CLK00000400,IMP00041277,USR00072597,Mobile,https://bookhoarder.com/home,0.6902
401,CAMP00000017,CH00000001,2022-08-20 23:25:38,CLK00000401,IMP00080327,USR00040064,Tablet,https://bookhoarder.com/home,0.7682
402,CAMP00000008,CH00000007,2022-12-19 09:36:33,CLK00000402,IMP00038676,USR00115773,Tablet,https://bookhoarder.com/bestsellers,0.5055
403,CAMP00000011,ch00000008,2021-01-15 17:14:46,CLK00000403,IMP00051804,USR00054710,Desktop,https://bookhoarder.com/bestsellers,0.6147
404,CAMP00000003,CH00000008,2021-12-15 03:09:14,CLK00000404,IMP00011202,USR00103877,Tablet,https://bookhoarder.com/bestsellers,0.2234
405,CAMP00000010,CH00000014,2022-11-09 03:34:10,CLK00000405,IMP00045614,USR00088384,Tablet,https://bookhoarder.com/home,2.2149
406,CAMP00000015,CH00000008,2021-04-27 06:44:10,CLK00000406,IMP00074131,USR00047481,Mobile,https://bookhoarder.com/home,2.0133
407,CAMP00000009,CH00000013,2021-10-25 01:11:25,CLK00000407,IMP00044132,USR00000877,Mobile,https://bookhoarder.com/bestsellers,0.7498
408,CAMP00000009,CH00000005,2021-10-25 17:17:15,CLK00000408,IMP00044284,USR00029996,Tablet,https://bookhoarder.com/home,0.2692
409,CAMP00000010,ch00000015,2022-11-20 11:35:27,CLK00000409,IMP00048574,USR00082497,Tablet,https://bookhoarder.com/deals,0.8374
410,CAMP00000018,CH00000003,2021-07-04 05:05:10,CLK00000410,IMP00085068,USR00073821,Mobile,https://bookhoarder.com/deals,2.366
411,CAMP00000009,CH00000009,2021-10-12 13:08:13,CLK00000411,IMP00041202,USR00050532,Mobile,https://bookhoarder.com/deals,1.5974
412,CAMP00000015,CH00000009,2021-04-15 21:46:44,CLK00000412,IMP00073660,USR00085544,Mobile,https://bookhoarder.com/deals,0.7136
413,camp00000010,CH00000001,2022-09-24 04:18:12,CLK  00000413,IMP00047851,USR00108103,Mobile,https://bookhoarder.com/home,2.4209
414,CAMP00000013,ch00000005,2021-02-14 13:20:32,CLK00000414,IMP00063314,USR00125586,Tablet,https://bookhoarder.com/deals,2.2822
415,CAMP00000017,CH00000014,2022-08-04 19:08:07,CLK00000415,IMP00084550,USR00074775,Tablet,https://bookhoarder.com/home,0.9645
416,CAMP  00000009,CH00000012,2021-10-17 00:17:17,CLK00000416,IMP00044168,USR00047828,Tablet,https://bookhoarder.com/home,1.626
417,CAMP00000009,CH00000003,2021-10-20 17:09:07,CLK00000417,IMP00042348,USR00013501,Desktop,https://bookhoarder.com/deals,2.2477
418,CAMP00000018,CH00000007,2021-07-16 12:13:49,CLK00000418,IMP  00088765,USR00059372,Tablet,https://bookhoarder.com/deals,0.3443
419,CAMP00000017,CH00000012,2022-08-05 13:22:37,CLK00000419,IMP  00082992,USR00011906,Desktop,https://bookhoarder.com/deals,1.5518
420,CAMP00000002,CH00000003,2022-11-21 10:10:26,CLK00000420,IMP00008290,USR00020170,Tablet,https://bookhoarder.com/bestsellers,1.0827
421,CAMP00000019,CH00000001,2021-03-15 10:33:38,CLK00000421,IMP00094578,USR00055778,Tablet,https://bookhoarder.com/deals,1.8356
422,CAMP00000019,CH00000002,2021-03-11 03:56:12,CLK00000422,IMP00093989,USR00066815,Tablet,https://bookhoarder.com/bestsellers,2.3118
423,CAMP  00000010,CH00000012,2022-11-13 16:29:14,CLK00000423,IMP00047391,USR00142148,Desktop,https://bookhoarder.com/home,1.3815
424,CAMP00000017,CH00000014,2022-08-05 17:35:52,CLK00000424,IMP00084285,USR00147505,Tablet,https://bookhoarder.com/bestsellers,1.8084
425,CAMP00000011,CH00000006,2021-01-25 18:47:52,CLK00000425,IMP00050875,USR00103520,Tablet,https://bookhoarder.com/bestsellers,1.5179
426,CAMP00000003,CH00000005,2022-01-16 19:15:24,CLK00000426,IMP00013919,USR00046373,Mobile,https://bookhoarder.com/home,0.326
427,CAMP00000008,CH00000004,2022-12-23 23:29:47,CLK00000427,IMP00035460,USR00105127,Mobile,https://bookhoarder.com/home,2.2319
428,CAMP00000004,CH00000015,2022-06-01 02:44:24,clk00000428,IMP00018165,USR00116008,Desktop,https://bookhoarder.com/deals,0.9125
429,CAMP00000001,CH00000006,2023-02-06 23:19:29,CLK00000429,IMP00004448,USR00141857,Desktop,https://bookhoarder.com/bestsellers,0.7566
430,CAMP00000006,CH00000001,2022-05-21 21:01:58,CLK00000430,IMP00028156,USR00031947,Mobile,https://bookhoarder.com/bestsellers,2.4692
431,CAMP00000006,CH00000002,2022-05-13 11:14:41,CLK00000431,IMP00025149,USR00078291,Mobile,https://bookhoarder.com/deals,2.0722
432,CAMP00000011,CH00000008,2021-02-13 04:47:20,CLK00000432,IMP00054214,USR00102878,Desktop,https://bookhoarder.com/home,2.1296
433,CAMP00000003,CH00000003,2022-01-01 07:54:35,CLK00000433,IMP00010375,USR00137063,Mobile,https://bookhoarder.com/home,0.6024
434,CAMP00000001,CH  00000014,2023-01-20 07:12:41,CLK00000434,IMP00003318,USR00131883,,https://bookhoarder.com/bestsellers,0.9456
435,CAMP00000019,ch00000007,2021-03-10 17:44:49,CLK00000435,IMP00092403,USR00119475,Tablet,https://bookhoarder.com/bestsellers,0.3875
436,CAMP00000009,CH00000012,2021-10-18 11:43:18,CLK00000436,IMP00043554,USR00140496,Tablet,https://bookhoarder.com/bestsellers,0.9169
437,CAMP00000016,CH00000012,2021-04-20 21:06:50,CLK00000437,IMP00076934,USR00010449,Mobile,https://bookhoarder.com/bestsellers,0.5451
438,CAMP00000015,CH00000004,2021-04-21 16:48:35,CLK00000438,IMP00070417,USR00112063,Mobile,https://bookhoarder.com/home,1.4473
439,CAMP00000010,CH00000013,2022-10-15 22:02:01,CLK00000439,IMP00046256,USR00078802,Tablet,https://bookhoarder.com/deals,2.1346
440,CAMP00000001,CH00000013,2023-01-06 12:12:44,CLK00000440,IMP00002598,USR00042563,Desktop,https://bookhoarder.com/bestsellers,1.6788
441,CAMP00000015,CH  00000001,2021-04-30 12:07:52,CLK00000441,imp00073964,USR00081986,Mobile,https://bookhoarder.com/home,0.2424
442,CAMP00000008,CH00000013,2022-12-24 08:32:19,CLK00000442,IMP00037280,USR00145409,Mobile,https://bookhoarder.com/home,0.7728
443,CAMP00000020,CH00000001,2022-08-13 04:10:07,CLK00000443,IMP00095566,USR00019577,Desktop,https://bookhoarder.com/deals,2.4101
444,CAMP00000006,CH00000010,2022-05-18 01:03:36,CLK00000444,IMP00028572,USR00100635,Tablet,https://bookhoarder.com/home,2.3449
445,CAMP00000018,CH00000008,2021-07-06 14:32:04,CLK00000445,IMP00089448,USR00146695,Desktop,https://bookhoarder.com/bestsellers,0.9896
446,CAMP00000017,CH00000010,2022-08-16 04:15:59,CLK00000446,IMP00080120,USR00049973,Tablet,https://bookhoarder.com/bestsellers,2.3793
447,CAMP00000006,CH00000008,2022-05-16 23:00:46,CLK00000447,IMP  00026770,USR00087842,Tablet,https://bookhoarder.com/home,1.9057
448,CAMP00000015,CH00000004,2021-04-24 06:43:04,CLK00000448,IMP00074891,USR00000480,Desktop,https://bookhoarder.com/deals,1.0555
449,CAMP00000007,CH00000014,2021-11-23 08:57:53,CLK00000449,IMP00031906,USR00096540,Desktop,https://bookhoarder.com/home,1.7439
450,CAMP00000017,CH00000005,2022-07-23 05:16:41,CLK00000450,IMP  00083655,USR00031901,Mobile,https://bookhoarder.com/deals,1.4848
451,CAMP00000013,CH00000015,2021-03-18 11:06:55,CLK00000451,IMP00064729,USR00102671,Tablet,https://bookhoarder.com/home,0.8927
452,CAMP00000008,CH00000003,2022-12-01 21:52:26,CLK00000452,IMP00037118,USR00019997,Mobile,https://bookhoarder.com/bestsellers,0.5776
453,CAMP00000002,CH00000005,2022-11-02 20:08:25,CLK00000453,IMP00008065,USR00050399,Tablet,https://bookhoarder.com/deals,1.3658
454,CAMP00000018,CH00000005,2021-07-23 04:12:43,CLK00000454,IMP00086696,USR00077869,Mobile,https://bookhoarder.com/deals,2.0825
455,CAMP00000005,CH00000011,2022-08-25 02:25:39,CLK00000455,IMP00024137,USR00062831,Desktop,https://bookhoarder.com/bestsellers,1.4468
456,CAMP00000014,CH  00000004,2021-12-07 07:04:23,CLK00000456,IMP00067107,USR00113915,Tablet,https://bookhoarder.com/deals,0.1309
457,CAMP00000020,CH00000001,2022-08-20 08:33:53,CLK00000457,IMP00098922,USR00060491,Tablet,https://bookhoarder.com/bestsellers,1.3658
458,CAMP00000004,CH00000005,2022-05-12 12:56:24,CLK00000458,IMP00017045,USR00142143,Mobile,https://bookhoarder.com/deals,1.2646
459,CAMP  00000003,CH00000009,2021-12-13 23:20:23,CLK00000459,IMP00012246,USR00010238,Desktop,https://bookhoarder.com/bestsellers,1.0715
460,CAMP00000011,CH00000006,2021-03-13 11:53:32,CLK00000460,IMP00054160,USR00021392,Mobile,https://bookhoarder.com/deals,0.8189
461,CAMP00000009,CH00000013,2021-10-11 17:45:55,CLK00000461,IMP00044249,USR00052434,Mobile,https://bookhoarder.com/deals,0.4814
462,CAMP00000016,CH00000001,2021-05-08 06:42:45,CLK00000462,IMP00079205,USR00045285,Tablet,https://bookhoarder.com/bestsellers,0.6034
463,CAMP00000017,CH00000009,2022-07-15 04:05:21,CLK00000463,imp00082263,USR00141393,Tablet,https://bookhoarder.com/home,2.4702
464,CAMP00000011,CH00000006,2021-03-16 03:03:04,CLK  00000464,IMP00052944,USR00093706,Desktop,https://bookhoarder.com/home,1.968
465,CAMP00000007,CH00000004,2021-12-17 06:53:04,CLK00000465,IMP00034350,USR00090624,Tablet,https://bookhoarder.com/home,1.5918
466,CAMP00000011,CH00000008,2021-02-07 13:39:56,CLK00000466,IMP00051167,USR00127068,Tablet,https://bookhoarder.com/deals,1.6417
467,CAMP00000002,CH00000001,2022-11-11 06:36:04,CLK00000467,IMP  00005696,USR00001290,Desktop,https://bookhoarder.com/home,0.4689
468,CAMP00000010,CH00000002,2022-09-15 23:27:53,CLK  00000468,IMP00045391,USR00007644,Tablet,https://bookhoarder.com/home,2.0606
469,CAMP  00000015,CH00000010,2021-04-26 12:29:46,CLK00000469,IMP00074681,USR00056104,Desktop,https://bookhoarder.com/deals,0.724
470,CAMP00000008,CH00000003,2022-12-02 07:14:07,CLK00000470,IMP00036578,USR00031846,Tablet,https://bookhoarder.com/bestsellers,0.6514
471,CAMP00000015,CH00000002,2021-04-28 10:29:34,CLK00000471,imp00070964,USR00108464,Mobile,https://bookhoarder.com/home,0.6496
472,CAMP00000006,CH00000005,2022-05-20 18:37:19,CLK00000472,IMP00029502,USR00073498,Desktop,https://bookhoarder.com/home,1.9523
473,CAMP00000006,CH00000013,2022-05-11 21:46:13,CLK00000473,IMP  00029596,USR00133681,Tablet,https://bookhoarder.com/deals,0.2627
474,CAMP00000008,CH00000010,2023-01-12 09:37:07,CLK00000474,IMP00039266,USR00029749,Tablet,https://bookhoarder.com/bestsellers,0.6409
475,CAMP00000013,CH00000005,2021-02-16 00:05:11,CLK00000475,IMP00062934,USR00110104,Desktop,https://bookhoarder.com/deals,1.7321
476,CAMP00000010,CH00000007,2022-11-14 19:28:58,CLK00000476,imp00049978,USR00011798,Desktop,https://bookhoarder.com/deals,1.5823
477,CAMP00000007,CH00000009,2021-11-28 10:43:04,CLK00000477,IMP00033097,USR00127138,Tablet,https://bookhoarder.com/bestsellers,1.4273
478,CAMP00000010,CH00000011,2022-10-02 09:22:01,CLK00000478,IMP00048125,USR00085201,Mobile,https://bookhoarder.com/home,2.1517
479,CAMP  00000018,CH00000008,2021-07-24 18:40:52,CLK00000479,IMP00087231,USR00069714,Tablet,https://bookhoarder.com/deals,1.9149
480,camp00000005,CH00000007,2022-08-14 09:50:08,CLK00000480,IMP00021705,USR00015782,Desktop,https://bookhoarder.com/bestsellers,0.7814
481,CAMP00000012,CH00000004,2022-03-02 09:36:27,CLK00000481,imp00059287,USR00139721,Mobile,https://bookhoarder.com/home,1.5042
482,CAMP  00000008,CH00000011,2023-01-08 11:24:14,CLK00000482,IMP00038435,USR00006342,Mobile,https://bookhoarder.com/home,0.3411
483,CAMP00000014,CH00000013,2022-01-01 07:51:08,CLK00000483,IMP00069341,USR00040423,Tablet,https://bookhoarder.com/bestsellers,1.3497
484,CAMP00000016,CH00000003,2021-04-14 11:42:35,CLK00000484,IMP00075677,USR00118028,Mobile,https://bookhoarder.com/home,0.2814
485,camp00000011,CH  00000014,2021-01-11 05:00:03,CLK00000485,imp00054551,USR00019167,Mobile,https://bookhoarder.com/deals,2.0461
486,CAMP00000007,CH00000004,2021-12-13 00:35:35,CLK00000486,IMP00032803,USR00115005,Tablet,https://bookhoarder.com/deals,1.3738
487,CAMP  00000011,CH00000004,2021-01-15 14:45:42,CLK00000487,IMP00052561,USR00057408,Mobile,https://bookhoarder.com/bestsellers,1.1872
488,CAMP00000016,CH00000003,2021-04-03 23:35:57,CLK00000488,IMP00075889,USR00073108,Desktop,https://bookhoarder.com/bestsellers,0.7043
489,CAMP00000020,ch00000010,2022-08-17 13:13:45,CLK00000489,IMP00098925,USR00057049,Desktop,https://bookhoarder.com/deals,0.9228
490,CAMP00000003,CH00000011,2021-12-17 16:28:58,CLK00000490,IMP00012554,USR00134685,Tablet,https://bookhoarder.com/deals,0.599
491,CAMP00000002,CH00000002,2022-10-16 23:54:36,CLK  00000491,IMP00007538,USR00109111,Tablet,https://bookhoarder.com/home,0.138
492,CAMP00000020,CH00000004,2022-08-17 14:45:11,CLK00000492,IMP00099721,USR00101657,Tablet,https://bookhoarder.com/home,1.0514
493,CAMP00000017,CH00000004,2022-07-25 19:18:33,CLK00000493,IMP00084054,USR00134017,Desktop,https://bookhoarder.com/bestsellers,1.5138
494,CAMP  00000010,CH00000001,2022-09-08 06:15:29,CLK00000494,IMP00045783,USR00072056,Mobile,https://bookhoarder.com/bestsellers,0.4995
495,camp00000006,CH00000002,2022-05-20 14:20:39,CLK00000495,IMP00027931,USR00130994,Tablet,https://bookhoarder.com/bestsellers,0.8327
496,CAMP00000005,CH00000011,2022-08-01 12:56:07,CLK00000496,IMP00021860,USR00037413,Mobile,https://bookhoarder.com/bestsellers,1.794
497,CAMP00000007,CH00000004,2021-12-12 13:20:26,CLK00000497,IMP00030610,USR00018468,Mobile,https://bookhoarder.com/deals,0.5036
498,CAMP00000012,CH00000009,2022-01-29 04:16:16,CLK00000498,IMP00057165,USR00002990,Mobile,https://bookhoarder.com/deals,1.1779
499,CAMP00000017,CH00000005,2022-08-11 08:40:46,CLK00000499,IMP  00080140,USR00028298,,https://bookhoarder.com/deals,0.8552
500,CAMP00000015,CH00000010,2021-04-25 23:23:19,CLK00000500,IMP00071463,USR00132994,Mobile,https://bookhoarder.com/deals,1.2742
501,CAMP00000001,CH00000012,2022-12-29 11:00:32,CLK00000501,IMP00000672,USR00066276,Desktop,https://bookhoarder.com/deals,0.8261
502,CAMP00000019,CH00000008,2021-03-24 11:55:26,CLK00000502,IMP00093770,USR00138720,Tablet,https://bookhoarder.com/deals,2.3495
503,CAMP00000010,CH00000004,2022-10-10 19:19:29,CLK00000503,IMP00045609,USR00147596,Mobile,https://bookhoarder.com/bestsellers,1.5657
504,CAMP00000003,CH00000002,2022-01-04 05:39:34,CLK00000504,IMP00011369,USR00129843,Tablet,https://bookhoarder.com/home,2.1611
505,CAMP00000003,CH00000004,2022-01-20 00:41:39,CLK  00000505,IMP00010089,USR00035086,Tablet,https://bookhoarder.com/deals,2.3629
506,CAMP00000004,CH00000003,2022-06-26 13:21:48,CLK  00000506,IMP  00015166,USR00076541,Desktop,https://bookhoarder.com/deals,1.5555
507,CAMP00000004,CH00000009,2022-05-18 02:28:08,CLK00000507,IMP00019746,USR00142634,Desktop,https://bookhoarder.com/bestsellers,1.286
508,CAMP00000009,ch00000013,2021-10-23 13:06:31,CLK00000508,IMP00042320,USR00129497,Mobile,https://bookhoarder.com/deals,1.2057
509,CAMP00000003,CH00000004,2022-01-18 09:18:19,CLK00000509,IMP00011687,USR00143575,Desktop,https://bookhoarder.com/home,2.3274
510,CAMP  00000020,CH00000007,2022-08-18 15:14:44,CLK00000510,IMP00097630,USR00079395,Desktop,https://bookhoarder.com/deals,0.6605
511,camp00000020,CH00000001,2022-08-09 12:47:30,CLK00000511,IMP00095637,USR00050174,Mobile,https://bookhoarder.com/deals,1.6964
512,CAMP00000018,CH00000015,2021-07-04 12:01:13,CLK00000512,IMP00086883,USR00025293,Desktop,https://bookhoarder.com/deals,1.2419
513,CAMP00000012,CH00000013,2022-02-04 00:00:27,CLK00000513,IMP00058034,USR00014246,Mobile,https://bookhoarder.com/deals,1.8523
514,CAMP  00000009,CH00000003,2021-10-22 08:56:50,CLK00000514,IMP00043711,USR00058281,Desktop,https://bookhoarder.com/home,0.7413
515,CAMP00000014,CH00000007,2021-12-29 20:37:25,CLK00000515,IMP00066815,USR00063928,Desktop,https://bookhoarder.com/bestsellers,1.3334
516,CAMP00000018,CH00000004,2021-08-07 20:51:17,CLK00000516,IMP00089030,USR00024963,Desktop,https://bookhoarder.com/home,2.215
517,CAMP00000020,CH00000008,2022-08-20 11:22:44,CLK00000517,IMP00099342,USR00090611,Desktop,https://bookhoarder.com/home,0.9371
518,CAMP00000007,CH00000013,2021-12-21 22:30:02,CLK00000518,IMP00034937,USR00002124,Desktop,https://bookhoarder.com/home,1.516
519,CAMP00000005,CH00000011,2022-07-07 19:59:41,CLK00000519,IMP00024037,USR00007529,Desktop,https://bookhoarder.com/deals,2.1961
520,CAMP00000005,CH00000008,2022-08-07 02:07:25,CLK00000520,IMP00022488,USR00025591,Desktop,https://bookhoarder.com/deals,0.6362
521,CAMP00000009,CH00000001,2021-10-16 04:29:18,CLK00000521,IMP00041606,USR00057202,Mobile,https://bookhoarder.com/home,2.1989
522,CAMP00000002,CH00000004,2022-10-22 18:31:14,CLK00000522,IMP00006364,USR00112032,Mobile,https://bookhoarder.com/deals,1.0389
523,CAMP00000009,CH00000001,2021-10-15 08:26:34,CLK00000523,IMP00041739,USR00149098,Tablet,https://bookhoarder.com/home,1.2702
524,CAMP00000016,CH00000012,2021-04-20 05:38:12,CLK00000524,IMP00079571,USR00018755,Desktop,https://bookhoarder.com/deals,2.1776
525,CAMP00000001,CH00000015,2023-01-31 09:46:34,clk00000525,IMP00002184,USR00106362,,https://bookhoarder.com/deals,0.647
526,camp00000009,CH00000015,2021-10-20 23:38:45,CLK00000526,IMP  00041582,USR00086794,Tablet,https://bookhoarder.com/bestsellers,0.5008
527,CAMP00000020,CH00000004,2022-08-19 18:04:35,CLK00000527,IMP00098861,USR00037203,Mobile,https://bookhoarder.com/bestsellers,2.2902
528,CAMP00000018,CH00000014,2021-07-11 09:28:40,CLK00000528,IMP00087874,USR00126674,Desktop,https://bookhoarder.com/home,1.6228
529,CAMP00000013,CH00000008,2021-03-05 20:38:48,CLK00000529,IMP00063510,USR00035519,Mobile,https://bookhoarder.com/home,2.3255
530,CAMP00000007,CH00000008,2021-11-27 05:50:45,CLK00000530,IMP  00032083,USR00130934,Mobile,https://bookhoarder.com/bestsellers,1.0938
531,CAMP  00000012,CH00000012,2022-01-14 19:24:22,CLK00000531,IMP00055502,USR00056212,Tablet,https://bookhoarder.com/bestsellers,0.5913
532,CAMP00000018,CH00000002,2021-07-24 21:01:29,CLK00000532,IMP00088293,USR00003834,Mobile,https://bookhoarder.com/home,1.4457
533,CAMP00000012,CH00000002,2022-02-01 21:43:59,CLK00000533,IMP  00056292,USR00063572,Desktop,https://bookhoarder.com/home,1.5621
534,CAMP00000018,CH  00000005,2021-07-14 22:03:47,CLK00000534,IMP00088697,USR00058453,Tablet,https://bookhoarder.com/deals,1.7233
535,CAMP00000018,CH00000006,2021-07-21 05:09:28,CLK00000535,IMP00089597,USR00092172,Mobile,https://bookhoarder.com/bestsellers,1.1721
536,CAMP00000020,CH00000012,2022-08-14 02:17:32,CLK00000536,IMP00096968,USR00007611,Desktop,https://bookhoarder.com/bestsellers,1.9272
537,CAMP  00000007,CH00000011,2021-12-13 13:28:33,CLK  00000537,IMP00032860,USR00031162,Desktop,https://bookhoarder.com/deals,0.8661
538,CAMP00000002,CH00000002,2022-11-06 12:13:42,CLK00000538,IMP00007707,USR00076016,Tablet,https://bookhoarder.com/deals,0.5943
539,CAMP00000016,CH00000015,2021-04-13 06:51:22,CLK00000539,IMP00075207,USR00012253,Desktop,https://bookhoarder.com/home,0.8273
540,CAMP00000020,CH00000010,2022-08-23 08:11:02,CLK00000540,IMP00096215,USR00127525,Tablet,https://bookhoarder.com/home,1.7114
541,CAMP00000006,CH00000008,2022-05-14 14:37:58,clk00000541,IMP00028578,USR00028937,Mobile,https://bookhoarder.com/bestsellers,1.2283
542,CAMP00000006,CH00000001,2022-05-20 13:08:21,CLK00000542,IMP00026303,USR00113193,Mobile,https://bookhoarder.com/home,1.8414
543,CAMP00000004,CH00000013,2022-05-13 08:12:52,CLK00000543,IMP00019498,USR00001912,Tablet,https://bookhoarder.com/bestsellers,1.8497
544,CAMP00000011,CH00000007,2021-01-25 11:01:58,CLK00000544,IMP00052312,USR00052570,Tablet,https://bookhoarder.com/home,0.5248
545,CAMP00000017,CH00000010,2022-07-20 01:58:15,CLK00000545,IMP00082576,USR00086862,Desktop,https://bookhoarder.com/deals,2.2008
546,CAMP00000020,CH00000014,2022-08-23 11:49:56,CLK00000546,IMP00098832,USR00000002,Mobile,https://bookhoarder.com/deals,1.7534
547,CAMP00000019,CH00000009,2021-03-08 18:51:38,CLK00000547,IMP00091350,USR00103172,Mobile,https://bookhoarder.com/home,0.1142
548,CAMP00000018,CH00000008,2021-07-25 02:06:54,CLK00000548,IMP00089815,USR00148683,Mobile,https://bookhoarder.com/deals,2.0576
549,CAMP00000015,CH00000003,2021-04-30 21:23:31,CLK00000549,IMP00073945,USR00034802,Desktop,https://bookhoarder.com/home,1.745
550,CAMP00000006,CH00000009,2022-05-21 17:19:04,CLK00000550,IMP00029100,USR00039800,Mobile,https://bookhoarder.com/deals,0.3652
551,CAMP00000011,CH00000001,2021-03-17 21:34:12,CLK00000551,IMP00052454,USR00093611,Mobile,https://bookhoarder.com/bestsellers,0.453
552,CAMP00000013,CH00000015,2021-02-16 03:21:04,CLK00000552,IMP00064330,USR00097846,Tablet,https://bookhoarder.com/deals,1.5271
553,CAMP00000019,CH00000008,2021-04-02 14:22:13,CLK00000553,IMP00094847,USR00032007,Tablet,https://bookhoarder.com/home,0.9192
554,CAMP00000006,CH00000008,2022-05-17 00:22:30,CLK00000554,IMP00027194,USR00041682,Mobile,https://bookhoarder.com/home,0.9864
555,CAMP00000002,CH00000008,2022-10-30 19:17:25,CLK00000555,IMP00005278,USR00004400,Desktop,https://bookhoarder.com/bestsellers,0.153
556,CAMP00000005,CH00000009,2022-08-03 15:51:42,CLK00000556,IMP00024629,USR00059939,Mobile,https://bookhoarder.com/deals,0.777
557,CAMP00000013,CH00000003,2021-04-07 13:22:27,CLK00000557,IMP00061169,USR00003419,Tablet,https://bookhoarder.com/bestsellers,0.8691
558,CAMP00000007,CH00000001,2021-11-30 09:40:28,clk00000558,IMP00034823,USR00046812,Desktop,https://bookhoarder.com/bestsellers,2.3508
559,CAMP00000005,CH00000007,2022-08-02 19:19:44,CLK00000559,IMP00023836,USR00076320,Mobile,https://bookhoarder.com/bestsellers,0.5189
560,CAMP00000010,CH00000006,2022-09-25 01:50:38,CLK00000560,IMP00046821,USR00023145,Tablet,https://bookhoarder.com/home,1.2435
561,CAMP00000003,CH00000011,2022-02-17 04:53:29,CLK00000561,IMP00014977,USR00105506,Mobile,https://bookhoarder.com/home,0.3865
562,CAMP00000017,CH00000006,2022-08-02 12:30:14,CLK00000562,IMP00084069,USR00079398,Tablet,https://bookhoarder.com/deals,0.3804
563,CAMP00000008,CH00000002,2022-12-18 21:32:10,CLK00000563,IMP00038012,USR00110819,Desktop,https://bookhoarder.com/home,1.0842
564,CAMP00000008,CH00000005,2022-12-11 23:53:49,CLK00000564,IMP00037817,USR00004952,Tablet,https://bookhoarder.com/bestsellers,2.3133
565,CAMP00000017,CH00000013,2022-08-15 02:36:14,CLK00000565,IMP00080554,USR00040738,Mobile,https://bookhoarder.com/bestsellers,0.8807
566,CAMP00000016,CH00000001,2021-03-25 13:56:05,CLK00000566,IMP00077065,USR00033444,Mobile,https://bookhoarder.com/home,1.6002
567,CAMP  00000004,CH00000004,2022-05-12 16:29:21,CLK00000567,IMP00016131,USR00004458,Tablet,https://bookhoarder.com/deals,1.0556
568,CAMP00000012,CH00000005,2022-01-27 05:51:37,CLK00000568,IMP00058538,USR00094537,Mobile,https://bookhoarder.com/home,1.7509
569,CAMP00000007,CH00000015,2021-12-04 09:50:22,CLK00000569,IMP00033168,USR00081907,Tablet,https://bookhoarder.com/deals,0.7282
570,CAMP00000015,CH00000002,2021-04-13 03:29:21,CLK00000570,IMP00074467,USR00127793,Mobile,https://bookhoarder.com/deals,0.3677
571,CAMP00000005,CH00000006,2022-09-06 19:54:52,CLK00000571,IMP00023350,USR00029124,Tablet,https://bookhoarder.com/bestsellers,1.7447
572,CAMP00000011,CH00000015,2021-02-23 12:38:28,CLK00000572,IMP00052366,USR00101012,Desktop,https://bookhoarder.com/home,0.1497
573,CAMP00000020,CH00000009,2022-08-21 10:09:21,CLK00000573,IMP00097853,USR00140788,Desktop,https://bookhoarder.com/home,1.5364
574,CAMP00000004,CH00000006,2022-06-14 14:20:36,CLK00000574,IMP00016775,USR00033018,Desktop,https://bookhoarder.com/deals,1.6289
575,CAMP00000012,CH00000014,2022-01-22 07:36:43,CLK00000575,IMP00059590,USR00051484,Tablet,https://bookhoarder.com/deals,1.6016
576,CAMP00000007,CH00000008,2021-12-10 06:09:13,CLK00000576,IMP00031417,USR00108665,Desktop,https://bookhoarder.com/bestsellers,1.3601
577,CAMP00000012,CH00000009,2022-03-02 11:31:56,CLK00000577,IMP00058029,USR00018455,Tablet,https://bookhoarder.com/deals,1.9741
578,CAMP00000011,CH  00000005,2021-02-03 15:43:17,CLK00000578,IMP00052678,USR00112099,Mobile,https://bookhoarder.com/bestsellers,1.0788
579,CAMP00000003,CH00000007,2022-01-11 21:08:10,CLK00000579,IMP00012512,USR00111349,Desktop,https://bookhoarder.com/deals,2.2818
580,CAMP00000017,CH00000013,2022-08-20 06:54:04,CLK00000580,IMP00082270,USR00043577,Tablet,https://bookhoarder.com/deals,1.2908
581,CAMP00000004,CH00000007,2022-05-16 13:31:17,CLK00000581,IMP00016629,USR00058803,Mobile,https://bookhoarder.com/deals,1.9292
582,CAMP00000006,CH00000005,2022-05-17 04:22:53,CLK00000582,IMP00027855,USR00042755,Desktop,https://bookhoarder.com/deals,2.308
583,CAMP00000008,CH00000012,2022-12-30 08:37:04,CLK00000583,IMP00037591,USR00044532,Mobile,https://bookhoarder.com/home,0.9387
584,CAMP00000012,CH00000008,2022-02-20 09:11:31,CLK00000584,IMP00056676,USR00104950,Tablet,https://bookhoarder.com/deals,0.5109
585,CAMP00000009,CH00000011,2021-10-15 18:07:07,CLK00000585,IMP  00044984,USR00104468,Desktop,https://bookhoarder.com/home,0.5978
586,CAMP00000017,CH00000010,2022-08-18 15:32:13,CLK00000586,IMP00081231,USR00112981,Tablet,https://bookhoarder.com/bestsellers,0.3735
587,CAMP00000011,CH00000010,2021-03-15 09:01:18,CLK00000587,imp00054888,USR00120114,Mobile,https://bookhoarder.com/home,1.1991
588,CAMP00000004,CH00000001,2022-06-19 21:55:16,CLK00000588,IMP00019495,USR00052113,Mobile,https://bookhoarder.com/bestsellers,1.977
589,CAMP00000015,CH00000007,2021-04-29 12:50:49,CLK00000589,IMP00073750,USR00040792,Desktop,https://bookhoarder.com/deals,2.3896
590,CAMP00000018,CH00000005,2021-07-30 15:06:39,CLK00000590,IMP00085493,USR00023359,Desktop,https://bookhoarder.com/bestsellers,2.2545
591,CAMP00000008,CH00000014,2022-12-03 18:41:38,CLK00000591,IMP00036797,USR00041996,Desktop,https://bookhoarder.com/deals,1.1187
592,CAMP00000007,CH00000004,2021-11-24 00:59:05,CLK00000592,IMP00030090,USR00043708,Tablet,https://bookhoarder.com/home,2.0036
593,CAMP00000003,CH00000006,2021-12-26 16:19:41,CLK00000593,IMP00010418,USR00140606,Mobile,https://bookhoarder.com/deals,2.1947
594,CAMP  00000007,CH00000013,2021-12-28 19:20:13,CLK00000594,IMP00030741,USR00034795,Tablet,https://bookhoarder.com/deals,1.4672
595,CAMP00000005,CH00000011,2022-08-21 18:49:33,CLK00000595,IMP  00021686,USR00057999,Mobile,https://bookhoarder.com/home,1.5309
596,CAMP00000012,CH00000006,2022-01-30 22:51:02,CLK00000596,IMP00058225,USR00022174,Mobile,https://bookhoarder.com/home,1.3103
597,CAMP00000013,CH00000002,2021-03-07 10:49:51,CLK00000597,IMP00064911,USR00056964,Mobile,https://bookhoarder.com/home,0.773
598,CAMP00000005,CH00000007,2022-07-08 04:02:30,CLK00000598,IMP00021984,USR00025598,Mobile,https://bookhoarder.com/home,2.3249
599,CAMP00000010,CH00000007,2022-09-27 18:31:16,CLK00000599,IMP00045024,USR00028226,Tablet,https://bookhoarder.com/home,1.3975
600,CAMP00000019,ch00000014,2021-03-25 22:40:23,CLK00000600,IMP00091385,USR00032317,Mobile,https://bookhoarder.com/deals,2.2498
601,CAMP00000003,CH00000002,2022-01-01 08:05:54,CLK  00000601,IMP00014460,USR00033899,,https://bookhoarder.com/bestsellers,2.0269
602,CAMP00000007,CH00000004,2021-12-05 22:00:19,CLK00000602,IMP  00032271,USR00091687,Mobile,https://bookhoarder.com/home,0.5845
603,CAMP00000016,CH00000003,2021-04-23 22:14:59,CLK00000603,IMP00078223,USR00067765,Tablet,https://bookhoarder.com/deals,1.9736
604,CAMP00000002,CH00000011,2022-11-20 15:33:06,CLK00000604,IMP00005056,USR00025808,Tablet,https://bookhoarder.com/bestsellers,2.1928
605,CAMP00000017,CH00000010,2022-07-26 18:07:09,CLK00000605,IMP00084900,USR00140219,Mobile,https://bookhoarder.com/home,1.1053
606,CAMP00000008,CH00000010,2023-01-19 18:32:21,CLK00000606,IMP00038396,USR00091300,Desktop,https://bookhoarder.com/home,1.2368
607,CAMP00000013,CH00000006,2021-03-01 09:00:22,CLK00000607,IMP00061892,USR00022786,Tablet,https://bookhoarder.com/bestsellers,1.255
608,CAMP00000004,CH00000013,2022-05-12 09:36:23,CLK00000608,IMP00018856,USR00106890,Mobile,https://bookhoarder.com/home,1.3903
609,CAMP00000001,CH00000008,2022-12-31 19:14:42,CLK00000609,IMP00002726,USR00044057,Desktop,https://bookhoarder.com/bestsellers,1.5532
610,CAMP00000020,CH00000008,2022-08-24 20:07:53,CLK00000610,IMP00099481,USR00123774,Desktop,https://bookhoarder.com/bestsellers,0.3486
611,CAMP00000016,CH  00000006,2021-04-03 14:29:26,CLK00000611,IMP00075401,USR00011889,Desktop,https://bookhoarder.com/bestsellers,1.1372
612,CAMP00000016,CH00000008,2021-04-24 14:57:10,CLK00000612,IMP00077713,USR00056508,Mobile,https://bookhoarder.com/deals,0.1366
613,CAMP00000004,CH00000009,2022-05-28 22:29:50,CLK00000613,IMP00015744,USR00129708,Mobile,https://bookhoarder.com/home,1.4273
614,CAMP00000001,CH00000015,2022-12-23 08:01:27,CLK  00000614,IMP00004301,USR00103476,Desktop,https://bookhoarder.com/home,1.7948
615,CAMP00000010,CH00000003,2022-09-16 13:08:55,CLK00000615,IMP00045545,USR00074400,Mobile,https://bookhoarder.com/deals,0.3602
616,CAMP00000012,CH00000008,2022-01-22 09:00:55,CLK00000616,IMP00058545,USR00023560,Mobile,https://bookhoarder.com/bestsellers,1.0367
617,CAMP00000008,CH00000007,2023-01-20 21:09:40,CLK00000617,IMP00037436,USR00075744,Mobile,https://bookhoarder.com/bestsellers,1.333
618,CAMP00000020,CH00000002,2022-08-19 14:35:42,CLK00000618,IMP00095992,USR00095245,Desktop,https://bookhoarder.com/home,1.0539
619,CAMP00000019,CH00000012,2021-03-24 02:03:01,CLK00000619,IMP00091568,USR00089948,Desktop,https://bookhoarder.com/home,0.701
620,CAMP00000005,CH00000015,2022-09-09 09:01:54,clk00000620,IMP00023954,USR00021363,Tablet,https://bookhoarder.com/home,1.3958
621,CAMP00000014,CH00000013,2022-01-19 22:22:10,CLK  00000621,IMP00067921,USR00020611,Tablet,https://bookhoarder.com/home,2.3032
622,CAMP00000009,CH00000005,2021-10-22 12:03:08,CLK00000622,IMP00041825,USR00114622,Mobile,https://bookhoarder.com/home,1.2559
623,CAMP00000016,CH00000009,2021-04-23 19:59:37,CLK00000623,IMP00075113,USR00051854,Tablet,https://bookhoarder.com/deals,2.225
624,CAMP00000008,CH00000003,2023-01-08 06:07:55,CLK00000624,IMP00037674,USR00086273,Tablet,https://bookhoarder.com/bestsellers,1.6654
625,CAMP00000018,CH00000011,2021-07-19 10:43:00,CLK00000625,IMP00088024,USR00059262,Mobile,https://bookhoarder.com/deals,0.5849
626,CAMP00000018,CH  00000013,2021-07-04 22:12:38,CLK00000626,IMP00085910,USR00044592,Desktop,https://bookhoarder.com/home,1.6538
627,CAMP00000016,CH00000011,2021-03-05 23:55:29,CLK00000627,IMP00078359,USR00113034,Desktop,https://bookhoarder.com/deals,1.3565
628,CAMP00000013,CH00000015,2021-04-06 15:12:04,CLK00000628,IMP00063821,USR00105763,Desktop,https://bookhoarder.com/bestsellers,1.5353
629,camp00000007,CH00000004,2021-11-22 13:22:02,CLK00000629,IMP00031581,USR00006034,Desktop,https://bookhoarder.com/home,1.7954
630,CAMP  00000001,CH00000008,2023-01-30 16:21:35,CLK00000630,IMP00002265,USR00138447,Mobile,https://bookhoarder.com/deals,2.2013
631,CAMP00000006,CH00000007,2022-05-21 20:22:53,CLK00000631,IMP00026796,USR00052268,Desktop,https://bookhoarder.com/deals,1.2576
632,CAMP  00000007,CH00000005,2021-12-22 20:50:52,CLK00000632,IMP00031125,USR00118022,Mobile,https://bookhoarder.com/home,0.9265
633,CAMP00000002,CH00000005,2022-12-06 07:04:00,CLK  00000633,IMP00006121,USR00047475,Tablet,https://bookhoarder.com/home,1.6123
634,CAMP00000008,CH00000008,2022-12-26 11:21:02,CLK00000634,IMP00038221,USR00095454,Mobile,https://bookhoarder.com/deals,0.523
635,CAMP00000005,CH00000014,2022-08-15 12:28:41,CLK  00000635,IMP00024099,USR00066369,Mobile,https://bookhoarder.com/deals,1.5484
636,CAMP00000016,CH00000008,2021-03-04 11:58:21,CLK00000636,IMP00079767,USR00106648,Desktop,https://bookhoarder.com/deals,0.1942
637,CAMP00000013,CH00000013,2021-03-02 01:33:16,CLK00000637,IMP00064812,USR00129920,Desktop,https://bookhoarder.com/home,1.4364
638,CAMP00000009,CH00000001,2021-10-22 11:49:11,CLK00000638,IMP00043430,USR00095102,Mobile,https://bookhoarder.com/deals,2.1771
639,CAMP00000002,CH00000013,2022-10-03 10:02:49,CLK00000639,IMP00006773,USR00084821,Desktop,https://bookhoarder.com/home,1.9427
640,CAMP00000009,CH00000011,2021-10-10 03:14:29,CLK00000640,IMP00042762,USR00114577,Tablet,https://bookhoarder.com/deals,1.6682
641,CAMP00000014,CH00000014,2021-11-24 21:50:23,CLK00000641,IMP00067335,USR00039705,Tablet,https://bookhoarder.com/bestsellers,1.9815
642,CAMP00000003,CH00000004,2022-01-05 23:54:35,CLK00000642,IMP00010720,USR00105940,Desktop,https://bookhoarder.com/deals,0.8849
643,CAMP00000016,ch00000005,2021-03-18 13:40:55,CLK00000643,IMP00075424,USR00034517,Tablet,https://bookhoarder.com/bestsellers,1.5414
644,CAMP00000009,CH00000009,2021-10-08 22:52:51,clk00000644,IMP00041740,USR00032868,,https://bookhoarder.com/deals,0.9595
645,CAMP00000002,CH00000012,2022-10-18 12:41:50,CLK00000645,IMP00005837,USR00044091,Desktop,https://bookhoarder.com/bestsellers,1.8386
646,CAMP00000011,CH00000013,2021-01-25 07:11:01,CLK00000646,IMP00054301,USR00055443,Mobile,https://bookhoarder.com/bestsellers,1.9192
647,CAMP00000020,CH00000011,2022-08-18 21:26:22,CLK00000647,IMP00096170,USR00136865,Desktop,https://bookhoarder.com/deals,2.2984
648,CAMP00000018,CH00000008,2021-07-18 14:53:19,CLK00000648,IMP00086603,USR00105835,Desktop,https://bookhoarder.com/home,1.9333
649,CAMP00000007,CH00000004,2021-12-18 19:12:37,CLK00000649,IMP00034113,USR00144478,Desktop,https://bookhoarder.com/bestsellers,1.1151
650,CAMP  00000007,CH00000013,2021-12-24 04:03:21,CLK00000650,IMP00030267,USR00103588,Desktop,https://bookhoarder.com/deals,0.3845
651,CAMP00000014,CH00000009,2022-01-02 23:59:24,CLK00000651,IMP00068476,USR00023706,Tablet,https://bookhoarder.com/bestsellers,1.0846
652,CAMP00000006,CH00000012,2022-05-13 23:25:36,CLK00000652,IMP00027561,USR00001382,Desktop,https://bookhoarder.com/bestsellers,0.3368
653,CAMP00000011,CH00000004,2021-03-14 03:50:27,clk00000653,IMP00051417,USR00133379,Desktop,https://bookhoarder.com/bestsellers,1.7572
654,CAMP00000015,CH  00000009,2021-04-15 08:31:32,CLK00000654,IMP00071162,USR00021446,Desktop,https://bookhoarder.com/home,0.3164
655,CAMP00000017,CH00000005,2022-08-18 04:04:44,CLK00000655,IMP00081625,USR00062952,Mobile,https://bookhoarder.com/bestsellers,0.5183
656,CAMP00000020,CH00000011,2022-08-11 19:57:47,CLK00000656,IMP00098263,USR00116495,Tablet,https://bookhoarder.com/home,0.839
657,CAMP00000018,CH00000010,2021-08-02 14:15:14,CLK00000657,IMP00089965,USR00098458,Mobile,https://bookhoarder.com/deals,1.9623
658,CAMP00000013,CH00000007,2021-02-21 21:14:25,CLK00000658,IMP00061967,USR00079818,Mobile,https://bookhoarder.com/home,2.4937
659,CAMP00000013,CH00000013,2021-03-21 13:42:14,CLK00000659,IMP00061801,USR00144407,Desktop,https://bookhoarder.com/home,1.0124
660,CAMP00000008,CH00000012,2023-01-13 09:28:16,CLK00000660,IMP00038380,USR00025330,Mobile,https://bookhoarder.com/home,0.517
661,CAMP00000017,CH00000014,2022-08-02 11:20:48,CLK  00000661,IMP00084091,USR00126538,Tablet,https://bookhoarder.com/home,1.7975
662,CAMP00000005,CH00000003,2022-07-06 21:53:08,CLK00000662,IMP00020608,USR00014511,Tablet,https://bookhoarder.com/bestsellers,0.5678
663,camp00000010,CH00000003,2022-09-05 04:44:29,CLK00000663,IMP00045158,USR00009896,Desktop,https://bookhoarder.com/home,2.3988
664,CAMP00000014,CH00000006,2022-01-10 08:57:40,CLK  00000664,IMP00066891,USR00051255,Desktop,https://bookhoarder.com/home,0.6901
665,CAMP00000016,CH00000012,2021-05-11 09:31:50,CLK  00000665,IMP00076712,USR00036987,Desktop,https://bookhoarder.com/bestsellers,2.2557
666,CAMP00000016,CH00000005,2021-03-26 10:09:03,CLK  00000666,IMP00077969,USR00066782,Desktop,https://bookhoarder.com/deals,1.0513
667,CAMP  00000004,CH00000008,2022-05-25 07:02:45,CLK  00000667,IMP00018867,USR00031334,Tablet,https://bookhoarder.com/bestsellers,1.8949
668,CAMP00000015,CH00000011,2021-04-25 12:38:45,CLK00000668,IMP00073420,USR00073163,Desktop,https://bookhoarder.com/deals,2.2734
669,CAMP00000010,CH00000003,2022-10-29 13:44:38,CLK00000669,IMP00049310,USR00060518,Tablet,https://bookhoarder.com/deals,0.1755
670,CAMP00000014,CH00000001,2021-11-19 06:08:32,CLK00000670,IMP00067722,USR00108885,Tablet,https://bookhoarder.com/bestsellers,0.4953
671,CAMP00000012,CH00000005,2022-01-28 16:46:02,CLK00000671,IMP00055550,USR00049603,Desktop,https://bookhoarder.com/deals,0.7495
672,CAMP00000004,CH00000003,2022-05-19 19:24:00,CLK00000672,IMP00018198,USR00102643,Tablet,https://bookhoarder.com/home,1.311
673,CAMP00000015,CH00000009,2021-04-30 13:19:46,CLK00000673,IMP00071989,USR00121726,Mobile,https://bookhoarder.com/home,2.1145
674,CAMP00000007,CH00000002,2021-12-05 15:50:28,CLK00000674,IMP00031831,USR00005237,Mobile,https://bookhoarder.com/bestsellers,2.3041
675,CAMP00000017,CH00000010,2022-08-05 07:18:05,CLK00000675,IMP00083250,USR00043097,Desktop,https://bookhoarder.com/home,1.9173
676,CAMP00000009,CH00000015,2021-10-09 14:56:08,CLK00000676,IMP00042360,USR00136331,Tablet,https://bookhoarder.com/bestsellers,1.4092
677,CAMP00000002,CH00000012,2022-12-04 08:53:09,CLK00000677,IMP  00005643,USR00141212,Desktop,https://bookhoarder.com/bestsellers,1.4049
678,CAMP00000009,CH00000007,2021-10-16 00:43:26,CLK00000678,IMP00041691,USR00033885,Mobile,https://bookhoarder.com/bestsellers,1.3458
679,CAMP00000018,CH00000002,2021-07-11 18:20:00,CLK00000679,IMP00085736,USR00038495,Desktop,https://bookhoarder.com/home,2.2536
680,CAMP00000005,CH00000011,2022-09-08 11:26:35,CLK00000680,IMP00024027,USR00048131,Desktop,https://bookhoarder.com/home,1.3854
681,CAMP00000020,CH00000011,2022-08-25 22:52:22,CLK00000681,IMP00096444,USR00042717,Mobile,https://bookhoarder.com/bestsellers,2.2794
682,CAMP00000001,CH00000012,2023-01-25 06:57:17,CLK00000682,IMP00000282,USR00025098,Mobile,https://bookhoarder.com/bestsellers,2.0151
683,CAMP00000002,CH00000014,2022-10-08 09:46:22,CLK00000683,IMP00009661,USR00118799,Tablet,https://bookhoarder.com/home,0.6235
684,CAMP00000015,CH00000014,2021-04-29 22:00:24,CLK00000684,imp00071273,USR00102291,Tablet,https://bookhoarder.com/home,1.557
685,CAMP00000007,CH00000002,2021-12-27 06:44:52,CLK00000685,IMP00030941,USR00021658,Tablet,https://bookhoarder.com/home,0.2716
686,CAMP00000003,CH00000013,2021-12-30 10:57:27,CLK00000686,IMP00014607,USR00058181,Tablet,https://bookhoarder.com/home,0.5505
687,CAMP00000008,CH  00000002,2023-01-11 08:37:17,CLK00000687,IMP00038021,USR00003734,Tablet,https://bookhoarder.com/deals,1.383
688,CAMP00000009,CH00000004,2021-10-24 07:44:30,CLK  00000688,IMP00042682,USR00144566,Tablet,https://bookhoarder.com/deals,1.9844
689,CAMP00000013,CH00000010,2021-02-08 14:20:29,CLK00000689,IMP00062500,USR00110834,Mobile,https://bookhoarder.com/deals,1.9138
690,CAMP00000007,ch00000012,2021-12-24 00:56:34,CLK00000690,IMP00032856,USR00033589,Tablet,https://bookhoarder.com/bestsellers,1.1373
691,CAMP00000017,ch00000003,2022-07-29 16:52:00,CLK00000691,IMP00082880,USR00142319,Desktop,https://bookhoarder.com/deals,1.1749
692,CAMP  00000008,CH00000012,2023-01-09 19:30:24,CLK00000692,IMP00036357,USR00055622,Tablet,https://bookhoarder.com/home,0.7262
693,CAMP00000006,CH00000002,2022-05-18 03:08:04,CLK00000693,IMP00025130,USR00004703,Mobile,https://bookhoarder.com/bestsellers,0.8625
694,CAMP00000012,CH00000005,2022-03-15 22:11:29,CLK00000694,IMP00057080,USR00082291,Tablet,https://bookhoarder.com/bestsellers,0.1785
695,CAMP00000009,CH00000011,2021-10-23 16:49:00,CLK00000695,IMP00044615,USR00094420,Desktop,https://bookhoarder.com/bestsellers,2.353
696,CAMP00000010,CH00000002,2022-11-04 19:52:38,CLK00000696,IMP00047592,USR00004469,Mobile,https://bookhoarder.com/home,0.477
697,CAMP00000020,CH00000007,2022-08-24 08:08:36,CLK00000697,IMP  00098528,USR00055476,Mobile,https://bookhoarder.com/home,1.2133
698,CAMP00000010,CH00000010,2022-10-05 12:32:40,CLK00000698,IMP00046768,USR00115147,Mobile,https://bookhoarder.com/deals,2.1643
699,CAMP00000008,CH00000005,2022-12-30 04:44:22,CLK00000699,IMP00036568,USR00124435,Desktop,https://bookhoarder.com/home,1.7531
700,CAMP00000001,CH00000007,2023-01-01 16:28:34,CLK00000700,IMP00004414,USR00050306,Desktop,https://bookhoarder.com/bestsellers,1.4592
701,CAMP00000006,CH00000008,2022-05-21 09:49:56,CLK00000701,IMP00027554,USR00114430,Desktop,https://bookhoarder.com/home,1.6629
702,CAMP00000008,CH00000002,2022-12-03 20:58:35,CLK00000702,IMP00038094,USR00072600,Desktop,https://bookhoarder.com/bestsellers,0.3188
703,CAMP00000004,CH00000008,2022-06-10 13:53:33,CLK00000703,IMP00018817,USR00143937,Tablet,https://bookhoarder.com/bestsellers,1.1669
704,CAMP00000015,CH00000011,2021-04-14 09:45:31,CLK00000704,IMP00071920,USR00000028,Tablet,https://bookhoarder.com/deals,0.3863
705,CAMP00000010,CH00000014,2022-11-06 12:28:28,CLK00000705,IMP00049815,USR00015300,Tablet,https://bookhoarder.com/bestsellers,1.7355
706,CAMP00000013,CH  00000009,2021-04-01 16:40:45,CLK00000706,IMP00064307,USR00078121,Desktop,https://bookhoarder.com/home,2.1514
707,CAMP00000008,CH00000006,2022-12-23 21:34:48,CLK00000707,IMP00035373,USR00022794,Mobile,https://bookhoarder.com/bestsellers,1.9121
708,CAMP00000020,CH00000005,2022-08-16 19:58:12,CLK00000708,IMP00099375,USR00087783,Desktop,https://bookhoarder.com/bestsellers,0.1632
709,CAMP00000011,CH00000004,2021-02-12 00:11:43,CLK00000709,IMP00053295,USR00028356,Mobile,https://bookhoarder.com/bestsellers,1.6573
710,CAMP00000010,CH00000003,2022-11-14 14:40:25,CLK00000710,IMP00047315,USR00018103,Tablet,https://bookhoarder.com/bestsellers,2.0508
711,CAMP00000012,CH00000003,2022-02-09 11:42:16,CLK00000711,IMP00058415,USR00061526,Mobile,https://bookhoarder.com/deals,1.0859
712,CAMP00000006,CH00000003,2022-05-21 22:07:37,CLK  00000712,IMP00026333,USR00126320,Tablet,https://bookhoarder.com/bestsellers,0.9939
713,CAMP00000013,CH00000002,2021-03-16 11:57:00,CLK00000713,IMP00064876,USR00147512,Tablet,https://bookhoarder.com/bestsellers,1.3297
714,camp00000002,CH00000010,2022-10-04 03:51:36,CLK00000714,IMP00008743,USR00132399,Desktop,https://bookhoarder.com/deals,2.2556
715,CAMP00000014,CH00000005,2021-12-14 15:49:16,CLK00000715,IMP00069412,USR00023707,Mobile,https://bookhoarder.com/bestsellers,1.5435
716,CAMP00000005,CH00000002,2022-07-14 18:33:59,CLK00000716,IMP00021953,USR00054129,Tablet,https://bookhoarder.com/bestsellers,0.423
717,CAMP00000010,CH00000008,2022-11-22 05:48:00,CLK00000717,IMP00049439,USR00092933,Mobile,https://bookhoarder.com/deals,1.905
718,CAMP00000018,CH00000013,2021-07-30 01:40:26,CLK00000718,IMP00086916,USR00079236,Desktop,https://bookhoarder.com/deals,2.0655
719,CAMP00000010,CH00000009,2022-10-25 15:10:30,CLK00000719,IMP00047764,USR00122152,Desktop,https://bookhoarder.com/bestsellers,0.9906
720,CAMP00000019,CH00000007,2021-03-05 08:07:11,CLK00000720,IMP00090847,USR00088252,Mobile,https://bookhoarder.com/home,1.3066
721,CAMP00000006,CH00000005,2022-05-11 22:19:52,CLK00000721,IMP00026650,USR00143821,Tablet,https://bookhoarder.com/bestsellers,1.6178
722,CAMP00000016,CH00000007,2021-05-11 20:47:15,CLK00000722,IMP00078032,USR00043759,Tablet,https://bookhoarder.com/home,1.7212
723,CAMP00000020,CH00000014,2022-08-13 05:46:22,CLK00000723,IMP00099254,USR00098674,Tablet,https://bookhoarder.com/deals,2.3112
724,CAMP00000017,CH00000001,2022-08-03 02:16:16,CLK00000724,IMP00081390,USR00085311,Mobile,https://bookhoarder.com/home,1.3581
725,CAMP00000020,CH00000009,2022-08-12 01:38:45,CLK00000725,IMP00095539,USR00071067,Desktop,https://bookhoarder.com/deals,0.8986
726,CAMP00000019,CH00000009,2021-03-10 12:52:15,CLK00000726,IMP00090481,USR00141938,Desktop,https://bookhoarder.com/deals,0.8027
727,CAMP00000016,CH00000015,2021-04-08 17:15:18,CLK00000727,IMP00078704,USR00136518,Desktop,https://bookhoarder.com/home,1.8513
728,CAMP00000012,CH00000006,2022-02-07 00:54:48,CLK00000728,IMP00055162,USR00090743,Mobile,https://bookhoarder.com/bestsellers,1.4624
729,CAMP  00000011,CH00000011,2021-02-26 06:58:39,CLK00000729,IMP00050734,USR00123919,Mobile,https://bookhoarder.com/deals,1.4467
730,CAMP00000013,CH00000003,2021-03-07 20:42:34,CLK00000730,IMP00061192,USR00148250,Tablet,https://bookhoarder.com/bestsellers,1.0974
731,CAMP00000005,CH  00000003,2022-09-03 00:46:00,CLK00000731,IMP00020595,USR00040635,Tablet,https://bookhoarder.com/home,1.1246
732,CAMP00000017,CH  00000006,2022-07-22 18:39:47,CLK00000732,IMP00080811,USR00132144,Tablet,https://bookhoarder.com/bestsellers,2.3793
733,CAMP00000002,CH00000002,2022-11-27 05:13:12,clk  00000733,IMP00008670,USR00060499,Mobile,https://bookhoarder.com/home,1.0823
734,CAMP00000004,CH00000009,2022-06-06 10:00:22,CLK00000734,IMP00018302,USR00082802,Mobile,https://bookhoarder.com/deals,0.7942
735,CAMP00000002,CH00000009,2022-11-07 03:47:14,CLK  00000735,IMP00008933,USR00072706,Desktop,https://bookhoarder.com/home,1.6266
736,CAMP00000013,CH00000009,2021-02-22 17:02:25,CLK00000736,IMP00062311,USR00127598,Mobile,https://bookhoarder.com/bestsellers,0.4295
737,CAMP00000018,CH00000002,2021-07-07 18:07:17,CLK00000737,IMP00089341,USR00148376,Tablet,https://bookhoarder.com/bestsellers,0.5574
738,CAMP00000009,CH00000005,2021-10-19 20:18:46,CLK00000738,IMP00042373,USR00067693,Desktop,https://bookhoarder.com/bestsellers,1.0572
739,CAMP00000004,CH00000008,2022-06-04 01:49:56,CLK00000739,IMP00018834,USR00067227,Mobile,https://bookhoarder.com/bestsellers,1.1713
740,CAMP00000018,CH00000011,2021-07-23 20:40:17,CLK00000740,IMP00089209,USR00096081,Tablet,https://bookhoarder.com/bestsellers,0.9561
741,camp00000012,CH00000013,2022-02-07 22:47:07,CLK00000741,IMP00059671,USR00065009,Desktop,https://bookhoarder.com/bestsellers,2.3963
742,CAMP00000007,CH00000013,2021-11-24 09:08:46,CLK00000742,IMP00034360,USR00043092,Mobile,https://bookhoarder.com/home,1.5997
743,CAMP00000008,CH00000008,2022-12-03 13:44:59,CLK00000743,IMP00036152,USR00082954,Tablet,https://bookhoarder.com/home,1.0138
744,CAMP00000004,CH00000006,2022-06-21 18:32:44,CLK00000744,IMP00017570,USR00027345,Mobile,https://bookhoarder.com/bestsellers,0.2373
745,CAMP00000014,CH00000006,2021-11-20 10:43:39,CLK00000745,IMP00066191,USR00108301,Desktop,https://bookhoarder.com/home,1.0509
746,CAMP00000014,CH  00000002,2021-12-02 12:34:01,CLK  00000746,IMP00066921,USR00007903,Tablet,https://bookhoarder.com/deals,1.904
747,CAMP00000012,CH00000007,2022-01-30 17:58:04,CLK00000747,IMP00055775,USR00034703,Desktop,https://bookhoarder.com/deals,0.6934
748,CAMP00000005,CH00000010,2022-08-18 23:18:41,CLK00000748,IMP00022201,USR00040361,Tablet,https://bookhoarder.com/bestsellers,0.9106
749,CAMP00000015,CH  00000004,2021-04-27 17:42:58,CLK00000749,IMP00074421,USR00021129,Mobile,https://bookhoarder.com/home,0.8921
750,CAMP00000009,CH00000011,2021-10-11 06:59:11,CLK00000750,imp00040123,USR00055444,Tablet,https://bookhoarder.com/bestsellers,0.5991
751,CAMP00000009,CH00000005,2021-10-09 06:59:23,CLK00000751,IMP  00040498,USR00068752,Desktop,https://bookhoarder.com/deals,1.0692
752,CAMP00000002,CH00000009,2022-11-25 11:46:30,CLK00000752,IMP00005091,USR00100787,Tablet,https://bookhoarder.com/deals,2.2007
753,CAMP00000017,CH00000002,2022-08-29 00:00:16,CLK00000753,IMP00083697,USR00082992,Tablet,https://bookhoarder.com/deals,0.2492
754,CAMP00000014,CH00000012,2022-01-04 00:41:40,CLK  00000754,IMP00066995,USR00104766,Desktop,https://bookhoarder.com/home,1.9478
755,CAMP00000014,CH00000008,2021-12-17 18:44:44,CLK00000755,IMP  00067924,USR00076534,Desktop,https://bookhoarder.com/home,2.1464
756,CAMP00000020,CH00000013,2022-08-14 18:22:20,CLK00000756,IMP00098360,USR00007130,Mobile,https://bookhoarder.com/bestsellers,2.2991
757,CAMP00000001,CH00000010,2023-01-25 12:39:43,CLK00000757,IMP00004773,USR00107976,Desktop,https://bookhoarder.com/deals,1.2926
758,CAMP00000014,CH00000011,2021-12-20 17:02:35,CLK00000758,IMP00068319,USR00107876,Desktop,https://bookhoarder.com/home,1.5576
759,CAMP  00000001,CH00000002,2023-01-03 14:51:09,CLK00000759,IMP  00000722,USR00115276,Desktop,https://bookhoarder.com/deals,1.0054
760,CAMP00000005,CH00000007,2022-07-08 23:07:33,CLK00000760,IMP00023481,USR00106414,Tablet,https://bookhoarder.com/home,1.6853
761,CAMP00000012,CH00000015,2022-02-11 01:22:04,CLK  00000761,IMP00055539,USR00135818,Tablet,https://bookhoarder.com/deals,0.7082
762,CAMP00000015,ch00000007,2021-04-26 14:11:17,CLK00000762,IMP00074055,USR00120138,Desktop,https://bookhoarder.com/home,1.3441
763,CAMP00000005,ch00000007,2022-07-10 07:41:35,CLK00000763,IMP00023854,USR00018689,Tablet,https://bookhoarder.com/bestsellers,1.1319
764,CAMP00000018,CH00000008,2021-07-26 01:32:17,CLK00000764,IMP00087160,USR00103917,Mobile,https://bookhoarder.com/bestsellers,0.8576
765,CAMP00000016,CH00000007,2021-03-19 11:40:58,CLK00000765,IMP00076503,USR00024561,Tablet,https://bookhoarder.com/bestsellers,1.9668
766,CAMP00000013,CH00000008,2021-02-08 17:33:47,CLK00000766,IMP00063819,USR00102913,Desktop,https://bookhoarder.com/bestsellers,1.1072
767,CAMP00000009,CH  00000013,2021-10-23 01:35:52,CLK00000767,IMP00043827,USR00143161,Tablet,https://bookhoarder.com/deals,2.0863
768,CAMP00000016,CH00000005,2021-04-23 13:28:08,CLK00000768,IMP00079884,USR00076133,Mobile,https://bookhoarder.com/bestsellers,0.1663
769,CAMP00000005,CH00000005,2022-07-22 00:32:20,CLK00000769,IMP00021527,USR00002419,Mobile,https://bookhoarder.com/home,1.4673
770,CAMP00000015,CH00000003,2021-04-26 22:28:36,clk00000770,IMP00074461,USR00141186,Mobile,https://bookhoarder.com/home,0.4376
771,CAMP00000020,CH00000008,2022-08-12 03:53:56,CLK00000771,IMP00098942,USR00132295,Desktop,https://bookhoarder.com/bestsellers,2.3282
772,CAMP00000015,CH00000015,2021-04-24 22:05:41,CLK00000772,IMP00071620,USR00079401,Tablet,https://bookhoarder.com/home,0.2468
773,CAMP00000014,CH00000001,2022-01-15 02:33:49,clk00000773,IMP00068670,USR00081199,Tablet,https://bookhoarder.com/bestsellers,0.5687
774,CAMP00000014,CH00000007,2021-11-22 19:37:09,CLK00000774,IMP00065016,USR00086407,Desktop,https://bookhoarder.com/deals,2.0277
775,CAMP00000010,CH00000007,2022-09-26 07:37:52,CLK00000775,imp00047509,USR00133494,Desktop,https://bookhoarder.com/bestsellers,0.822
776,CAMP00000007,CH00000009,2021-11-23 16:42:32,CLK00000776,IMP00033776,USR00075126,Desktop,https://bookhoarder.com/deals,1.4397
777,CAMP00000010,CH00000011,2022-10-21 10:12:39,CLK  00000777,IMP00047335,USR00070764,Desktop,https://bookhoarder.com/deals,1.4301
778,CAMP00000001,CH00000004,2023-01-14 20:23:44,CLK00000778,IMP00003414,USR00012208,Tablet,https://bookhoarder.com/deals,1.8768
779,CAMP00000016,CH00000015,2021-03-02 08:37:53,CLK  00000779,IMP00079328,USR00113761,Mobile,https://bookhoarder.com/home,2.4521
780,CAMP00000013,CH00000003,2021-03-24 13:23:23,CLK00000780,IMP00061588,USR00065399,Mobile,https://bookhoarder.com/home,2.0932
781,CAMP00000009,CH00000012,2021-10-24 01:31:12,CLK00000781,IMP00041118,USR00096992,Tablet,https://bookhoarder.com/home,1.6121
782,CAMP00000010,CH00000006,2022-11-21 09:35:20,CLK00000782,IMP00048552,USR00032727,Mobile,https://bookhoarder.com/home,2.0303
783,camp  00000012,CH00000009,2022-03-10 09:46:15,CLK00000783,IMP00056900,USR00052345,Desktop,https://bookhoarder.com/bestsellers,0.6489
784,CAMP  00000013,ch  00000011,2021-02-18 06:39:05,CLK00000784,IMP00062906,USR00048575,Desktop,https://bookhoarder.com/bestsellers,0.3797
785,CAMP00000020,CH  00000002,2022-08-11 04:00:20,CLK00000785,IMP00096200,USR00121494,Tablet,https://bookhoarder.com/home,2.1876
786,CAMP00000005,CH00000011,2022-07-07 20:05:26,CLK00000786,IMP00021630,USR00067309,Mobile,https://bookhoarder.com/bestsellers,2.2893
787,CAMP00000004,CH00000013,2022-06-22 17:23:05,CLK00000787,IMP00017370,USR00078636,Desktop,https://bookhoarder.com/deals,0.1846
788,CAMP00000013,CH00000011,2021-03-15 20:18:24,CLK00000788,IMP00062248,USR00071786,Mobile,https://bookhoarder.com/home,0.8937
789,CAMP00000002,CH00000003,2022-11-17 02:59:34,clk00000789,IMP00005281,USR00073965,Mobile,https://bookhoarder.com/deals,2.2539
790,CAMP00000011,CH00000001,2021-01-29 01:42:42,CLK00000790,IMP00050379,USR00081168,Tablet,https://bookhoarder.com/deals,1.0251
791,CAMP00000012,CH00000007,2022-03-02 22:03:38,CLK00000791,IMP  00059911,USR00014919,Mobile,https://bookhoarder.com/bestsellers,0.3359
792,CAMP00000019,CH00000005,2021-03-11 21:27:20,CLK00000792,IMP00092368,USR00144085,Mobile,https://bookhoarder.com/home,0.8294
793,CAMP00000015,CH00000003,2021-04-29 15:14:40,CLK00000793,IMP00074034,USR00009743,Desktop,https://bookhoarder.com/bestsellers,2.0245
794,CAMP00000003,CH00000010,2022-01-14 22:06:41,CLK  00000794,IMP00013373,USR00117507,Mobile,https://bookhoarder.com/home,1.6294
795,CAMP00000004,CH00000007,2022-06-10 21:25:08,CLK00000795,IMP00015701,USR00018077,Mobile,https://bookhoarder.com/deals,0.8312
796,CAMP00000008,CH00000010,2022-12-18 00:41:20,CLK00000796,IMP00039754,USR00111490,Desktop,https://bookhoarder.com/bestsellers,0.4518
797,CAMP00000002,CH00000011,2022-11-20 11:51:00,CLK00000797,IMP00009121,USR00066839,Tablet,https://bookhoarder.com/home,2.3049
798,CAMP00000018,CH00000007,2021-07-27 12:55:47,CLK00000798,imp00089565,USR00059595,Mobile,https://bookhoarder.com/deals,1.9368
799,CAMP00000010,CH00000008,2022-09-14 21:47:06,clk00000799,IMP00048579,USR00088469,Desktop,https://bookhoarder.com/bestsellers,1.9046
800,CAMP00000010,CH00000006,2022-10-13 11:13:42,CLK00000800,IMP00048890,USR00009797,Mobile,https://bookhoarder.com/deals,1.3267
801,CAMP00000004,CH00000004,2022-05-29 10:03:46,CLK00000801,IMP00016276,USR00011079,Mobile,https://bookhoarder.com/home,1.3814
802,CAMP00000020,CH00000011,2022-08-10 11:45:06,CLK00000802,IMP00099987,USR00040164,Desktop,https://bookhoarder.com/bestsellers,1.8644
803,CAMP00000001,CH00000005,2023-01-21 03:07:31,CLK00000803,IMP00000585,USR00146537,Tablet,https://bookhoarder.com/bestsellers,2.0894
804,CAMP00000008,CH00000005,2022-12-02 21:18:51,CLK  00000804,IMP00036672,USR00049269,Mobile,https://bookhoarder.com/bestsellers,0.6029
805,CAMP00000018,CH00000007,2021-07-16 21:14:01,CLK00000805,IMP00088797,USR00091085,Tablet,https://bookhoarder.com/bestsellers,1.6105
806,CAMP00000016,CH00000010,2021-04-05 23:07:45,CLK00000806,IMP00077616,USR00010220,Tablet,https://bookhoarder.com/deals,2.465
807,CAMP00000017,CH00000009,2022-08-07 05:08:04,CLK00000807,IMP00082575,USR00004961,Desktop,https://bookhoarder.com/deals,1.5887
808,camp00000014,CH00000013,2021-12-30 01:54:57,CLK00000808,IMP00066458,USR00033254,Desktop,https://bookhoarder.com/deals,0.5579
809,CAMP00000017,CH00000014,2022-08-20 10:08:43,CLK00000809,IMP00084127,USR00072655,Tablet,https://bookhoarder.com/deals,1.5094
810,CAMP00000017,CH  00000003,2022-08-11 23:52:25,CLK00000810,IMP00082974,USR00120054,Mobile,https://bookhoarder.com/home,0.7931
811,CAMP00000006,CH00000005,2022-05-19 23:44:45,CLK00000811,IMP00027217,USR00082742,Tablet,https://bookhoarder.com/deals,0.7778
812,CAMP00000017,CH00000002,2022-08-02 06:53:25,CLK00000812,IMP00084811,USR00022699,Desktop,https://bookhoarder.com/home,0.1723
813,CAMP00000014,CH00000004,2022-01-10 11:14:25,CLK00000813,IMP00068638,USR00058729,Desktop,https://bookhoarder.com/deals,2.4816
814,CAMP00000013,CH00000011,2021-03-09 17:55:03,CLK00000814,IMP00062224,USR00130167,Tablet,https://bookhoarder.com/home,1.969
815,CAMP00000020,CH00000009,2022-08-12 18:31:30,CLK  00000815,IMP00097645,USR00114535,Tablet,https://bookhoarder.com/bestsellers,2.2898
816,CAMP00000015,CH00000014,2021-04-27 23:53:54,CLK00000816,IMP00070988,USR00013931,Desktop,https://bookhoarder.com/bestsellers,2.4698
817,CAMP00000015,CH00000002,2021-04-28 06:14:38,CLK00000817,IMP00074643,USR00090359,Tablet,https://bookhoarder.com/deals,1.2571
818,CAMP00000013,CH00000010,2021-04-09 14:54:09,CLK00000818,IMP00060531,USR00110660,Mobile,https://bookhoarder.com/bestsellers,1.113
819,CAMP00000017,ch00000015,2022-08-25 17:38:45,CLK00000819,IMP00081905,USR00072177,Mobile,https://bookhoarder.com/bestsellers,1.7612
820,CAMP00000004,CH00000014,2022-07-05 16:20:14,CLK00000820,IMP00015755,USR00040436,Tablet,https://bookhoarder.com/deals,0.3785
821,CAMP00000019,CH00000003,2021-03-01 22:02:36,clk00000821,IMP00092623,USR00055148,Desktop,https://bookhoarder.com/deals,0.9939
822,CAMP00000009,CH00000010,2021-10-16 14:02:55,CLK00000822,IMP00040800,USR00049043,Mobile,https://bookhoarder.com/home,0.8645
823,CAMP00000017,CH00000013,2022-07-24 09:03:37,CLK00000823,IMP00081800,USR00087087,Tablet,https://bookhoarder.com/home,0.4614
824,CAMP00000009,CH00000004,2021-10-14 21:07:02,CLK00000824,IMP00041709,USR00137614,Mobile,https://bookhoarder.com/bestsellers,1.23
825,CAMP00000016,CH00000013,2021-04-23 11:33:57,CLK  00000825,IMP00076028,USR00096650,Tablet,https://bookhoarder.com/bestsellers,1.5758
826,CAMP00000018,CH00000012,2021-07-21 07:07:16,CLK00000826,IMP00085480,USR00055068,,https://bookhoarder.com/home,0.9828
827,CAMP00000001,CH00000012,2023-01-31 22:09:08,CLK00000827,IMP00000320,USR00081009,Desktop,https://bookhoarder.com/deals,1.9762
828,CAMP00000013,CH00000007,2021-03-27 04:29:15,CLK00000828,IMP00061869,USR00008560,Mobile,https://bookhoarder.com/home,0.7785
829,CAMP00000015,CH00000007,2021-04-19 19:48:13,CLK00000829,IMP00073173,USR00128854,Mobile,https://bookhoarder.com/home,0.7412
830,CAMP00000009,CH00000002,2021-10-15 15:46:57,CLK00000830,IMP00042134,USR00079228,Mobile,https://bookhoarder.com/home,2.46
831,CAMP00000002,CH00000004,2022-11-24 12:46:49,CLK00000831,IMP00007826,USR00061550,Desktop,https://bookhoarder.com/bestsellers,1.8635
832,CAMP00000020,CH00000012,2022-08-23 08:01:57,CLK00000832,IMP00095203,USR00051168,Mobile,https://bookhoarder.com/deals,1.6489
833,CAMP00000006,CH00000009,2022-05-19 01:41:05,CLK00000833,IMP00025239,USR00010218,Mobile,https://bookhoarder.com/home,1.1805
834,CAMP00000009,CH00000014,2021-10-22 16:15:06,CLK00000834,IMP00044063,USR00012743,Desktop,https://bookhoarder.com/bestsellers,2.1532
835,CAMP00000014,CH00000010,2021-11-27 19:02:50,CLK00000835,IMP00069397,USR00036684,Tablet,https://bookhoarder.com/bestsellers,2.2274
836,CAMP00000006,CH00000008,2022-05-13 02:42:37,CLK00000836,IMP00028525,USR00022035,Desktop,https://bookhoarder.com/home,1.6392
837,CAMP00000001,CH00000014,2023-02-17 09:04:49,CLK00000837,IMP00000040,USR00015259,Mobile,https://bookhoarder.com/bestsellers,1.3579
838,CAMP00000003,CH00000008,2022-01-26 08:53:28,CLK00000838,IMP00012271,USR00047417,Mobile,https://bookhoarder.com/deals,0.4865
839,CAMP00000015,CH00000011,2021-04-27 08:24:39,CLK  00000839,IMP00074890,USR00046437,Desktop,https://bookhoarder.com/home,0.3864
840,CAMP00000011,CH00000004,2021-02-11 17:34:12,CLK00000840,IMP00052927,USR00021774,Desktop,https://bookhoarder.com/deals,0.9186
841,CAMP00000018,CH00000004,2021-07-03 20:44:34,CLK00000841,IMP00086872,USR00085511,Tablet,https://bookhoarder.com/home,2.0922
842,CAMP00000002,CH00000011,2022-10-07 14:26:14,CLK00000842,IMP00006323,USR00090109,Tablet,https://bookhoarder.com/deals,2.4538
843,CAMP00000018,CH00000003,2021-07-26 20:03:48,CLK00000843,IMP00088850,USR00038732,Desktop,https://bookhoarder.com/home,1.285
844,CAMP00000010,CH00000004,2022-11-17 16:21:21,CLK00000844,IMP00046211,USR00090197,Mobile,https://bookhoarder.com/home,1.7919
845,CAMP00000011,CH00000003,2021-03-26 20:00:51,CLK00000845,IMP00053166,USR00008190,Tablet,https://bookhoarder.com/bestsellers,1.6427
846,CAMP00000004,CH00000006,2022-06-21 12:04:22,CLK00000846,IMP00018226,USR00015501,Mobile,https://bookhoarder.com/home,0.7991
847,CAMP  00000016,CH00000011,2021-03-04 18:10:55,CLK00000847,IMP00078246,USR00081040,Desktop,https://bookhoarder.com/deals,2.4091
848,CAMP00000012,CH00000014,2022-01-26 03:32:45,CLK00000848,IMP00055693,USR00124196,Desktop,https://bookhoarder.com/home,1.8878
849,CAMP00000017,CH00000013,2022-07-14 08:40:28,CLK00000849,IMP00083486,USR00112759,Desktop,https://bookhoarder.com/bestsellers,2.4044
850,CAMP00000001,CH00000001,2023-02-03 21:42:11,CLK00000850,IMP00000509,USR00072959,Tablet,https://bookhoarder.com/home,0.4835
851,CAMP00000003,CH00000001,2022-01-02 11:43:52,CLK  00000851,IMP00012924,USR00001746,Mobile,https://bookhoarder.com/bestsellers,0.3691
852,CAMP00000018,CH00000005,2021-08-02 14:34:32,CLK00000852,IMP00085735,USR00047032,Mobile,https://bookhoarder.com/deals,1.8239
853,CAMP00000003,CH00000007,2022-01-12 09:59:06,CLK00000853,IMP00010542,USR00141642,Mobile,https://bookhoarder.com/deals,1.1491
854,CAMP00000004,CH00000015,2022-07-10 05:42:12,CLK00000854,IMP00016326,USR00139812,Tablet,https://bookhoarder.com/deals,1.6665
855,CAMP00000008,CH00000004,2023-01-04 14:34:21,CLK00000855,IMP00036519,USR00108953,Desktop,https://bookhoarder.com/bestsellers,1.5692
856,CAMP00000002,CH00000009,2022-11-07 16:06:28,CLK00000856,IMP00007113,USR00132980,Mobile,https://bookhoarder.com/bestsellers,0.705
857,CAMP00000008,CH  00000014,2023-01-03 23:04:44,CLK00000857,IMP00038127,USR00017967,Desktop,https://bookhoarder.com/deals,2.2389
858,camp00000016,CH  00000003,2021-04-08 11:14:43,CLK00000858,IMP00078155,USR00080183,Tablet,https://bookhoarder.com/bestsellers,0.4505
859,CAMP00000003,CH00000007,2021-12-21 00:54:46,CLK00000859,IMP00012103,USR00057026,Tablet,https://bookhoarder.com/bestsellers,1.1651
860,CAMP00000009,CH00000007,2021-10-25 02:11:07,CLK00000860,IMP00044531,USR00010267,Tablet,https://bookhoarder.com/home,2.2541
861,CAMP00000010,CH  00000009,2022-09-16 14:37:57,CLK00000861,IMP00049395,USR00054291,Tablet,https://bookhoarder.com/deals,0.8508
862,CAMP00000011,CH00000002,2021-03-14 19:36:45,CLK00000862,IMP00054418,USR00143444,Desktop,https://bookhoarder.com/home,0.5594
863,CAMP00000005,CH00000001,2022-07-12 22:10:26,CLK00000863,IMP00022804,USR00040928,Desktop,https://bookhoarder.com/deals,1.8342
864,CAMP00000019,CH00000003,2021-03-03 07:07:59,CLK00000864,imp00094981,USR00094112,Tablet,https://bookhoarder.com/deals,2.2253
865,CAMP00000010,CH00000008,2022-10-15 12:39:40,CLK00000865,IMP00046261,USR00147000,Desktop,https://bookhoarder.com/deals,2.4787
866,CAMP00000008,CH00000005,2022-12-25 19:21:04,clk00000866,IMP00038898,USR00103008,Mobile,https://bookhoarder.com/deals,0.3233
867,CAMP00000008,CH00000001,2023-01-10 08:06:03,CLK00000867,imp  00035385,USR00142255,Mobile,https://bookhoarder.com/home,1.2962
868,CAMP00000016,CH00000003,2021-03-20 04:22:28,CLK00000868,IMP00077819,USR00049812,Desktop,https://bookhoarder.com/home,1.8585
869,camp00000016,CH00000009,2021-03-12 16:26:11,CLK00000869,IMP00078222,USR00145146,Mobile,https://bookhoarder.com/deals,0.1262
870,CAMP00000012,CH00000007,2022-03-10 01:11:22,CLK  00000870,IMP00055308,USR00139889,Desktop,https://bookhoarder.com/home,1.8591
871,CAMP00000006,CH00000008,2022-05-15 10:35:16,CLK00000871,IMP00028427,USR00105386,Mobile,https://bookhoarder.com/home,1.2173
872,CAMP00000004,CH00000007,2022-07-12 02:29:41,CLK00000872,IMP00018507,USR00087053,Desktop,https://bookhoarder.com/deals,1.7738
873,CAMP00000015,CH00000011,2021-04-16 02:51:12,CLK00000873,IMP00070583,USR00107431,Desktop,https://bookhoarder.com/bestsellers,0.2607
874,CAMP  00000015,CH00000011,2021-04-26 00:13:42,CLK00000874,IMP00072385,USR00011370,Mobile,https://bookhoarder.com/home,2.3699
875,CAMP00000017,CH00000003,2022-07-23 15:49:11,CLK00000875,IMP00081659,USR00087549,Mobile,https://bookhoarder.com/deals,1.1322
876,CAMP00000012,CH  00000008,2022-03-02 21:17:22,CLK00000876,IMP00057098,USR00076211,Desktop,https://bookhoarder.com/home,2.1291
877,CAMP00000002,CH00000014,2022-10-05 13:27:55,CLK00000877,IMP00005332,USR00066654,Tablet,https://bookhoarder.com/home,0.1251
878,CAMP00000010,CH00000008,2022-10-13 05:23:29,CLK00000878,IMP00049201,USR00045230,Tablet,https://bookhoarder.com/home,0.1464
879,CAMP00000019,CH00000010,2021-03-24 20:18:54,CLK00000879,IMP00094556,USR00038978,Mobile,https://bookhoarder.com/home,1.42
880,CAMP00000019,CH00000002,2021-03-14 14:51:38,CLK00000880,IMP00092214,USR00058669,Tablet,https://bookhoarder.com/deals,0.3001
881,CAMP00000011,CH00000003,2021-02-01 21:31:08,CLK00000881,IMP00052564,USR00071580,Tablet,https://bookhoarder.com/deals,1.5905
882,CAMP00000020,CH00000003,2022-08-20 07:55:43,CLK00000882,IMP00097043,USR00004255,Desktop,https://bookhoarder.com/bestsellers,1.5815
883,CAMP00000009,CH00000006,2021-10-23 22:06:22,CLK00000883,IMP00042334,USR00053622,Tablet,https://bookhoarder.com/deals,1.1769
884,CAMP00000016,CH  00000014,2021-04-30 20:46:14,CLK00000884,IMP00076680,USR00039392,Desktop,https://bookhoarder.com/deals,1.8218
885,CAMP00000015,CH00000002,2021-04-22 14:51:07,CLK00000885,IMP00072681,USR00149575,Mobile,https://bookhoarder.com/bestsellers,2.188
886,CAMP00000007,CH00000012,2021-12-27 04:18:19,CLK  00000886,imp00034930,USR00125955,Tablet,https://bookhoarder.com/deals,1.8796
887,CAMP00000009,CH00000015,2021-10-20 00:54:17,CLK00000887,IMP  00044859,USR00004381,Desktop,https://bookhoarder.com/deals,1.0507
888,CAMP00000009,CH00000009,2021-10-10 18:12:46,CLK00000888,IMP00042707,USR00090990,Tablet,https://bookhoarder.com/deals,1.3541
889,CAMP00000017,CH00000002,2022-08-05 15:13:26,CLK00000889,IMP00084923,USR00050599,Desktop,https://bookhoarder.com/deals,1.0871
890,camp00000001,CH00000005,2023-01-10 10:04:15,CLK00000890,IMP00002813,USR00147103,Mobile,https://bookhoarder.com/deals,2.2202
891,CAMP00000009,CH00000004,2021-10-14 01:09:36,CLK00000891,imp00041467,USR00132418,Desktop,https://bookhoarder.com/home,2.4679
892,CAMP00000009,CH00000008,2021-10-21 14:25:16,CLK00000892,IMP00043794,USR00090092,Tablet,https://bookhoarder.com/bestsellers,2.4639
893,CAMP00000013,CH00000004,2021-02-20 00:27:18,CLK00000893,IMP00062093,USR00080459,Tablet,https://bookhoarder.com/bestsellers,0.2162
894,CAMP00000006,CH00000002,2022-05-15 04:20:32,CLK00000894,IMP00028718,USR00056412,Tablet,https://bookhoarder.com/bestsellers,1.3003
895,CAMP00000008,CH00000003,2022-12-09 10:13:49,CLK00000895,IMP00036213,USR00018183,Mobile,https://bookhoarder.com/bestsellers,0.6866
896,CAMP00000014,CH00000007,2021-11-28 05:40:23,CLK00000896,IMP00065671,USR00056872,Desktop,https://bookhoarder.com/bestsellers,0.8799
897,CAMP  00000016,CH00000009,2021-04-12 05:36:25,CLK00000897,IMP00078383,USR00108723,Desktop,https://bookhoarder.com/bestsellers,0.64
898,CAMP00000013,CH00000015,2021-04-07 20:20:28,CLK00000898,IMP00062544,USR00042549,Desktop,https://bookhoarder.com/deals,1.5729
899,CAMP00000001,CH00000009,2023-01-11 11:49:04,CLK00000899,IMP00000767,USR00068526,,https://bookhoarder.com/bestsellers,1.782
900,CAMP00000009,CH00000004,2021-10-25 12:27:41,CLK00000900,IMP00040260,USR00095587,Tablet,https://bookhoarder.com/home,1.949
901,CAMP00000010,CH00000005,2022-09-09 02:01:34,CLK00000901,IMP00046845,USR00076164,Desktop,https://bookhoarder.com/bestsellers,2.0201
902,CAMP00000015,CH00000001,2021-04-20 13:44:26,CLK00000902,IMP00070806,USR00045962,Mobile,https://bookhoarder.com/bestsellers,1.1496
903,CAMP00000020,CH00000003,2022-08-10 06:33:44,CLK00000903,IMP00098177,USR00052176,Tablet,https://bookhoarder.com/deals,0.2665
904,CAMP00000016,CH00000014,2021-04-20 01:57:21,CLK00000904,IMP00076876,USR00050787,Tablet,https://bookhoarder.com/deals,1.0494
905,CAMP00000012,CH00000015,2022-02-24 10:16:22,CLK00000905,IMP00055185,USR00149029,Mobile,https://bookhoarder.com/home,0.4726
906,CAMP00000002,CH00000010,2022-11-02 05:53:45,CLK00000906,IMP00005055,USR00147295,Tablet,https://bookhoarder.com/home,1.5564
907,CAMP00000018,CH00000007,2021-07-19 09:11:16,CLK00000907,IMP00088999,USR00058941,Mobile,https://bookhoarder.com/deals,1.3152
908,CAMP00000013,CH00000015,2021-03-28 22:11:06,CLK00000908,IMP  00063520,USR00057827,Mobile,https://bookhoarder.com/bestsellers,1.2369
909,CAMP00000016,CH00000002,2021-03-06 12:36:59,CLK00000909,IMP00077509,USR00075920,Mobile,https://bookhoarder.com/home,2.1815
910,CAMP00000010,CH00000014,2022-10-18 02:48:59,CLK00000910,IMP00049015,USR00103884,Mobile,https://bookhoarder.com/home,1.6618
911,CAMP00000001,CH00000010,2023-02-14 17:50:51,CLK00000911,IMP00003398,USR00010530,,https://bookhoarder.com/deals,1.7633
912,CAMP00000011,CH00000004,2021-02-12 18:26:48,CLK00000912,IMP00052807,USR00017201,Desktop,https://bookhoarder.com/bestsellers,2.3539
913,CAMP00000004,CH00000012,2022-06-13 21:34:39,CLK00000913,IMP00017611,USR00130975,Tablet,https://bookhoarder.com/deals,1.697
914,camp00000003,CH00000001,2021-12-29 12:33:18,CLK00000914,IMP00011433,USR00096765,Mobile,https://bookhoarder.com/bestsellers,2.4445
915,CAMP00000009,CH00000008,2021-10-21 23:07:54,CLK00000915,IMP00044173,USR00000301,Tablet,https://bookhoarder.com/home,2.0272
916,CAMP00000017,CH00000009,2022-07-30 08:45:22,CLK00000916,IMP00083449,USR00112479,Desktop,https://bookhoarder.com/bestsellers,0.5702
917,CAMP00000016,CH00000003,2021-04-14 02:53:06,CLK00000917,IMP00079030,USR00055719,Desktop,https://bookhoarder.com/home,1.7352
918,CAMP00000007,CH00000006,2021-11-25 03:43:16,CLK00000918,IMP00030109,USR00096814,Tablet,https://bookhoarder.com/bestsellers,1.9288
919,CAMP  00000017,CH00000006,2022-08-15 03:47:40,CLK00000919,IMP00084695,USR00147275,Mobile,https://bookhoarder.com/deals,0.9058
920,CAMP00000012,CH00000010,2022-02-03 21:02:53,CLK00000920,IMP00056520,USR00100729,Mobile,https://bookhoarder.com/bestsellers,1.5345
921,CAMP00000004,CH00000015,2022-06-29 14:14:54,CLK00000921,IMP00017898,USR00042977,Mobile,https://bookhoarder.com/deals,0.9594
922,CAMP00000011,CH00000012,2021-03-07 13:59:43,CLK00000922,IMP  00054380,USR00006148,Tablet,https://bookhoarder.com/deals,2.1962
923,CAMP00000017,CH00000010,2022-08-01 23:01:12,CLK00000923,IMP00080137,USR00082731,Desktop,https://bookhoarder.com/home,1.1354
924,CAMP00000007,CH00000007,2021-12-17 22:45:09,CLK00000924,IMP00034312,USR00103812,Desktop,https://bookhoarder.com/bestsellers,2.293
925,CAMP00000003,CH  00000002,2022-01-26 14:57:37,CLK00000925,IMP00012968,USR00105377,Tablet,https://bookhoarder.com/bestsellers,2.3153
926,CAMP00000006,CH00000009,2022-05-18 08:24:09,CLK00000926,IMP00028954,USR00138774,Mobile,https://bookhoarder.com/deals,0.2556
927,CAMP00000017,CH00000002,2022-07-17 00:03:33,CLK00000927,IMP00082798,USR00088140,,https://bookhoarder.com/deals,1.9516
928,CAMP00000004,CH00000013,2022-06-29 18:41:33,CLK00000928,IMP00017774,USR00143242,Tablet,https://bookhoarder.com/home,2.3834
929,CAMP00000002,ch00000010,2022-10-08 12:45:40,CLK00000929,IMP00005001,USR00004565,Mobile,https://bookhoarder.com/deals,1.3437
930,CAMP  00000014,CH00000007,2021-12-28 10:37:28,CLK00000930,IMP00067148,USR00109140,Tablet,https://bookhoarder.com/bestsellers,2.0227
931,CAMP00000002,CH00000002,2022-12-09 13:05:55,CLK  00000931,IMP00005818,USR00126778,Tablet,https://bookhoarder.com/deals,0.8605
932,CAMP00000016,CH00000013,2021-04-20 05:22:29,CLK00000932,IMP00076788,USR00059292,Mobile,https://bookhoarder.com/home,1.2363
933,CAMP00000004,CH00000010,2022-06-18 03:51:53,CLK00000933,IMP00018081,USR00052822,Desktop,https://bookhoarder.com/bestsellers,0.3027
934,CAMP00000013,CH00000014,2021-04-07 08:56:24,CLK00000934,IMP00064833,USR00065836,Mobile,https://bookhoarder.com/deals,1.3481
935,CAMP  00000013,CH00000007,2021-03-10 17:07:02,CLK00000935,IMP00060946,USR00083896,Desktop,https://bookhoarder.com/bestsellers,1.7566
936,CAMP00000009,CH00000003,2021-10-11 21:17:56,CLK00000936,IMP00042907,USR00021425,Mobile,https://bookhoarder.com/deals,0.3925
937,CAMP00000017,CH00000012,2022-08-29 11:55:00,CLK00000937,IMP00081339,USR00138042,Mobile,https://bookhoarder.com/bestsellers,0.7034
938,CAMP00000001,CH00000001,2023-01-21 01:42:48,CLK00000938,IMP00002709,USR00039717,Tablet,https://bookhoarder.com/bestsellers,0.1938
939,CAMP00000003,CH00000006,2021-12-19 18:40:43,CLK00000939,IMP00010095,USR00075828,Tablet,https://bookhoarder.com/bestsellers,1.9083
940,CAMP00000002,CH00000002,2022-10-25 03:32:07,CLK00000940,IMP00007796,USR00052557,Tablet,https://bookhoarder.com/home,1.8594
941,CAMP00000015,CH00000003,2021-04-13 12:11:34,CLK00000941,IMP  00073551,USR00103666,Desktop,https://bookhoarder.com/bestsellers,1.7363
942,CAMP00000017,CH00000013,2022-07-15 12:58:14,CLK00000942,IMP00080348,USR00145385,Tablet,https://bookhoarder.com/home,2.4314
943,CAMP00000008,CH00000001,2022-12-02 02:15:58,CLK00000943,IMP00038670,USR00035134,Desktop,https://bookhoarder.com/bestsellers,2.3331
944,CAMP00000011,CH00000015,2021-03-03 13:19:57,CLK00000944,IMP00051420,USR00117062,Desktop,https://bookhoarder.com/home,0.5343
945,CAMP00000015,CH00000012,2021-04-18 02:54:29,CLK00000945,IMP00074278,USR00039208,Tablet,https://bookhoarder.com/home,0.4319
946,CAMP00000007,CH00000006,2021-12-19 05:57:15,CLK  00000946,IMP00033850,USR00020771,Tablet,https://bookhoarder.com/deals,1.2333
947,CAMP  00000007,CH00000015,2021-12-03 08:57:53,CLK00000947,IMP00034542,USR00100125,Mobile,https://bookhoarder.com/bestsellers,2.1703
948,CAMP00000002,CH00000013,2022-10-02 11:19:54,CLK00000948,IMP00008238,USR00101468,Mobile,https://bookhoarder.com/home,0.3607
949,CAMP00000018,CH00000014,2021-07-11 15:17:24,CLK00000949,IMP00088472,USR00069143,Mobile,https://bookhoarder.com/deals,0.4969
950,CAMP00000005,CH00000012,2022-08-27 11:34:38,CLK00000950,IMP00022410,USR00111791,Tablet,https://bookhoarder.com/home,0.9989
951,CAMP00000011,CH00000001,2021-03-13 05:53:23,CLK00000951,IMP00051105,USR00108533,Tablet,https://bookhoarder.com/deals,1.3165
952,CAMP00000009,CH00000013,2021-10-22 20:20:12,CLK00000952,IMP00044847,USR00027989,Mobile,https://bookhoarder.com/bestsellers,1.087
953,CAMP00000001,CH00000001,2023-02-06 09:40:27,CLK00000953,IMP00003922,USR00146328,Mobile,https://bookhoarder.com/home,0.4514
954,CAMP00000008,CH00000014,2023-01-03 04:20:58,CLK00000954,IMP00035699,USR00139764,Mobile,https://bookhoarder.com/bestsellers,1.6676
955,CAMP00000007,CH00000005,2021-11-19 23:21:06,CLK00000955,IMP00033105,USR00011009,Mobile,https://bookhoarder.com/home,0.3851
956,CAMP00000014,CH  00000005,2021-11-19 01:06:57,CLK00000956,IMP00065397,USR00091069,Mobile,https://bookhoarder.com/deals,0.8137
957,CAMP00000007,CH00000006,2021-11-29 14:09:06,CLK00000957,IMP00032546,USR00149021,Tablet,https://bookhoarder.com/bestsellers,0.7718
958,CAMP00000002,CH00000011,2022-10-24 11:10:09,CLK00000958,IMP00005810,USR00105948,Desktop,https://bookhoarder.com/bestsellers,1.9518
959,CAMP00000002,CH00000015,2022-11-27 12:30:50,CLK00000959,IMP00005905,USR00110217,Tablet,https://bookhoarder.com/bestsellers,0.5372
960,CAMP  00000012,ch00000015,2022-03-01 23:09:46,CLK00000960,IMP00055742,USR00120675,Tablet,https://bookhoarder.com/bestsellers,0.4632
961,CAMP00000004,CH00000008,2022-06-22 09:25:05,CLK00000961,IMP00015025,USR00119628,Tablet,https://bookhoarder.com/bestsellers,2.2677
962,CAMP00000011,CH00000015,2021-01-30 19:54:28,CLK00000962,IMP00053095,USR00120204,Mobile,https://bookhoarder.com/bestsellers,1.3171
963,CAMP00000013,CH00000006,2021-04-07 22:52:33,CLK00000963,IMP00061480,USR00050769,Mobile,https://bookhoarder.com/home,0.4318
964,camp00000002,CH  00000012,2022-10-05 10:31:56,CLK00000964,IMP00006870,USR00073594,Mobile,https://bookhoarder.com/bestsellers,0.2763
965,CAMP00000014,CH00000012,2022-01-12 15:27:31,CLK00000965,IMP00069898,USR00015967,Tablet,https://bookhoarder.com/bestsellers,0.5275
966,CAMP00000002,CH  00000015,2022-11-20 21:24:00,CLK00000966,IMP00007676,USR00006566,Mobile,https://bookhoarder.com/home,0.2625
967,CAMP00000009,CH00000002,2021-10-23 16:57:51,CLK00000967,IMP00041319,USR00017786,Mobile,https://bookhoarder.com/home,1.2805
968,CAMP00000020,CH00000015,2022-08-19 12:56:40,CLK  00000968,IMP  00095280,USR00046868,Mobile,https://bookhoarder.com/deals,1.6386
969,CAMP00000008,CH00000005,2023-01-19 16:54:54,CLK  00000969,IMP00037494,USR00009662,Mobile,https://bookhoarder.com/deals,0.4222
970,CAMP00000007,CH00000011,2021-11-25 04:05:46,CLK00000970,IMP00030012,USR00062835,Desktop,https://bookhoarder.com/bestsellers,0.7482
971,CAMP00000015,CH00000006,2021-04-16 11:40:05,CLK00000971,IMP00074459,USR00086929,Desktop,https://bookhoarder.com/home,2.2831
972,CAMP00000012,CH00000003,2022-01-28 16:27:00,CLK00000972,IMP00059122,USR00149274,Desktop,https://bookhoarder.com/bestsellers,1.4518
973,CAMP00000005,CH00000004,2022-07-20 05:57:56,CLK00000973,IMP  00022765,USR00009532,Mobile,https://bookhoarder.com/home,2.1026
974,CAMP00000001,CH00000002,2023-02-03 23:20:16,CLK00000974,IMP00000377,USR00002254,Tablet,https://bookhoarder.com/home,0.6523
975,CAMP00000006,CH00000014,2022-05-21 23:42:21,CLK00000975,IMP00029154,USR00029677,Tablet,https://bookhoarder.com/home,0.4885
976,camp00000009,CH00000014,2021-10-22 00:47:14,CLK00000976,IMP00041088,USR00000711,Tablet,https://bookhoarder.com/home,1.9069
977,CAMP00000008,CH00000005,2023-01-08 17:47:29,CLK00000977,IMP00036304,USR00126594,Mobile,https://bookhoarder.com/bestsellers,2.299
978,CAMP00000003,CH00000014,2022-02-08 09:00:57,clk00000978,IMP00012993,USR00056531,Mobile,https://bookhoarder.com/home,0.3975
979,CAMP00000006,CH00000007,2022-05-13 13:57:32,CLK00000979,imp00027130,USR00122727,Mobile,https://bookhoarder.com/deals,1.1873
980,CAMP00000020,CH00000008,2022-08-24 03:27:22,CLK00000980,IMP00096122,USR00067394,Mobile,https://bookhoarder.com/bestsellers,0.2943
981,CAMP00000020,CH00000013,2022-08-17 03:29:28,CLK00000981,IMP00098416,USR00144623,Desktop,https://bookhoarder.com/bestsellers,1.921
982,CAMP00000013,CH00000002,2021-03-17 22:30:58,CLK00000982,IMP00062417,USR00064045,Tablet,https://bookhoarder.com/bestsellers,2.4479
983,CAMP00000010,CH  00000003,2022-09-12 17:28:15,CLK00000983,IMP00046815,USR00127617,Desktop,https://bookhoarder.com/deals,0.7933
984,CAMP00000002,CH00000014,2022-11-07 22:36:26,CLK00000984,IMP00009888,USR00078534,Desktop,https://bookhoarder.com/deals,2.3242
985,CAMP  00000009,CH00000008,2021-10-12 04:35:59,CLK00000985,IMP00042018,USR00120709,Desktop,https://bookhoarder.com/bestsellers,1.6012
986,CAMP00000012,CH00000008,2022-01-15 15:28:13,CLK00000986,IMP00055538,USR00101717,Mobile,https://bookhoarder.com/deals,2.0808
987,CAMP00000002,CH00000010,2022-10-10 04:43:40,CLK00000987,IMP00007154,USR00091696,Desktop,https://bookhoarder.com/deals,2.2227
988,CAMP00000012,CH00000005,2022-02-22 12:12:14,CLK00000988,IMP00057102,USR00109191,Mobile,https://bookhoarder.com/deals,2.1463
989,CAMP00000019,CH00000010,2021-02-27 05:17:43,CLK00000989,IMP00092453,USR00055988,Desktop,https://bookhoarder.com/home,2.3661
990,CAMP00000006,CH00000006,2022-05-11 16:07:49,CLK00000990,IMP00029079,USR00084566,Tablet,https://bookhoarder.com/deals,0.4079
991,CAMP00000003,CH00000010,2022-01-24 13:51:40,CLK00000991,IMP00010769,USR00036670,Desktop,https://bookhoarder.com/bestsellers,2.4393
992,CAMP00000006,CH00000014,2022-05-17 16:53:48,CLK00000992,IMP00028425,USR00084061,Tablet,https://bookhoarder.com/deals,0.2859
993,CAMP00000016,CH00000008,2021-03-09 14:01:54,CLK00000993,IMP00077493,USR00003825,Tablet,https://bookhoarder.com/deals,0.4869
994,CAMP00000010,CH00000007,2022-10-05 11:02:42,CLK00000994,IMP00045503,USR00130260,Mobile,https://bookhoarder.com/deals,0.778
995,CAMP00000019,CH00000012,2021-02-27 01:50:19,CLK00000995,IMP00090841,USR00133135,Mobile,https://bookhoarder.com/home,0.1066
996,CAMP00000008,CH00000013,2022-12-06 06:42:57,CLK00000996,IMP00039564,USR00130486,Desktop,https://bookhoarder.com/home,0.567
997,CAMP00000008,CH00000007,2022-12-07 16:34:30,CLK00000997,IMP00039718,USR00027253,Mobile,https://bookhoarder.com/bestsellers,2.2645
998,CAMP00000015,CH  00000004,2021-04-23 05:34:21,CLK00000998,IMP00072830,USR00039732,Mobile,https://bookhoarder.com/bestsellers,1.0907
999,CAMP00000001,CH00000006,2023-02-04 16:43:33,CLK00000999,IMP00004337,USR00034278,Tablet,https://bookhoarder.com/deals,1.1505
1000,CAMP  00000016,CH00000010,2021-04-11 07:27:39,CLK00001000,IMP00078145,USR00026858,Desktop,https://bookhoarder.com/home,0.7439
1001,CAMP00000002,CH00000004,2022-11-08 15:09:40,CLK00001001,IMP00007636,USR00131992,Mobile,https://bookhoarder.com/home,0.3619
1002,CAMP00000015,CH00000013,2021-04-20 18:37:49,CLK00001002,IMP00070616,USR00088597,Tablet,https://bookhoarder.com/bestsellers,2.0212
1003,CAMP00000019,CH00000011,2021-03-16 21:43:50,CLK00001003,IMP00090885,USR00005274,Mobile,https://bookhoarder.com/bestsellers,0.9277
1004,CAMP00000008,CH00000013,2022-12-02 07:07:10,CLK00001004,IMP00037081,USR00143290,Tablet,https://bookhoarder.com/bestsellers,1.8474
1005,CAMP00000011,CH00000007,2021-01-29 13:16:50,CLK00001005,IMP00051101,USR00060205,Tablet,https://bookhoarder.com/bestsellers,0.9587
1006,CAMP00000006,CH00000014,2022-05-22 18:46:36,CLK00001006,imp00025808,USR00016305,Desktop,https://bookhoarder.com/deals,0.5032
1007,CAMP00000001,CH00000001,2023-01-07 14:55:20,CLK00001007,IMP00000910,USR00013436,Tablet,https://bookhoarder.com/home,1.5992
1008,CAMP00000014,CH00000009,2022-01-09 15:34:17,CLK00001008,IMP00068204,USR00119456,Desktop,https://bookhoarder.com/home,0.2945
1009,CAMP00000017,CH00000001,2022-07-14 04:27:50,CLK  00001009,IMP00081462,USR00116105,Tablet,https://bookhoarder.com/deals,2.2331
1010,CAMP00000016,CH00000007,2021-03-24 03:05:38,CLK00001010,IMP00077889,USR00017430,Tablet,https://bookhoarder.com/deals,0.8931
1011,CAMP  00000005,CH00000008,2022-07-17 10:32:22,CLK00001011,IMP00024532,USR00102840,Tablet,https://bookhoarder.com/bestsellers,0.2175
1012,CAMP00000004,CH00000011,2022-06-03 13:48:00,CLK00001012,IMP  00018076,USR00067495,Desktop,https://bookhoarder.com/bestsellers,0.4861
1013,CAMP00000006,CH00000001,2022-05-11 23:08:46,CLK00001013,IMP00026391,USR00015094,Mobile,https://bookhoarder.com/bestsellers,1.2975
1014,CAMP00000005,CH00000011,2022-08-07 07:43:07,CLK00001014,IMP00024976,USR00003121,Tablet,https://bookhoarder.com/home,0.5463
1015,CAMP00000004,CH00000010,2022-07-01 17:03:44,CLK00001015,IMP00015482,USR00022201,Desktop,https://bookhoarder.com/deals,1.4683
1016,CAMP00000017,CH00000006,2022-08-27 15:53:49,CLK00001016,IMP00083826,USR00084740,Tablet,https://bookhoarder.com/home,1.2776
1017,CAMP00000001,CH00000012,2022-12-24 12:42:14,CLK00001017,IMP00004852,USR00131822,Tablet,https://bookhoarder.com/home,2.4411
1018,CAMP00000007,CH00000003,2021-11-21 09:34:58,CLK00001018,IMP00030330,USR00017947,Tablet,https://bookhoarder.com/deals,1.2459
1019,CAMP00000014,CH00000013,2021-12-01 07:12:06,CLK00001019,IMP00068377,USR00104399,Tablet,https://bookhoarder.com/bestsellers,1.4624
1020,CAMP00000010,CH00000002,2022-09-29 04:20:42,CLK00001020,IMP00049759,USR00015142,Tablet,https://bookhoarder.com/deals,1.6199
1021,CAMP00000015,CH00000007,2021-04-30 22:39:42,CLK00001021,IMP00070361,USR00074958,Tablet,https://bookhoarder.com/home,0.2051
1022,CAMP00000004,CH00000011,2022-06-27 09:54:34,CLK00001022,IMP00016058,USR00000838,Tablet,https://bookhoarder.com/bestsellers,1.9605
1023,CAMP00000019,CH00000006,2021-02-24 17:01:32,CLK00001023,IMP00094780,USR00047886,Mobile,https://bookhoarder.com/home,1.6723
1024,CAMP00000016,CH00000007,2021-05-07 03:27:58,CLK00001024,IMP00075613,USR00007804,Desktop,https://bookhoarder.com/deals,0.1098
1025,CAMP00000003,ch00000004,2022-01-06 02:28:58,CLK00001025,IMP00011671,USR00009271,Tablet,https://bookhoarder.com/bestsellers,0.5004
1026,CAMP00000011,CH00000004,2021-03-18 21:14:38,CLK00001026,IMP00051050,USR00003129,Desktop,https://bookhoarder.com/home,1.7679
1027,CAMP00000020,CH00000003,2022-08-17 08:21:59,CLK00001027,IMP00098780,USR00126905,Desktop,https://bookhoarder.com/bestsellers,2.2208
1028,CAMP00000018,CH00000002,2021-07-06 13:52:01,CLK00001028,IMP00089250,USR00061034,Mobile,https://bookhoarder.com/bestsellers,1.0443
1029,CAMP00000008,CH00000005,2022-12-26 22:26:27,CLK00001029,IMP00039011,USR00032066,Mobile,https://bookhoarder.com/home,1.7715
1030,CAMP00000014,ch00000004,2021-12-21 08:13:10,CLK  00001030,IMP  00067867,USR00004258,Tablet,https://bookhoarder.com/deals,1.4959
1031,CAMP00000001,CH00000008,2023-02-16 22:14:51,CLK00001031,IMP00000446,USR00087947,Mobile,https://bookhoarder.com/home,1.6055
1032,CAMP00000015,CH00000008,2021-04-13 20:44:25,CLK00001032,IMP00072602,USR00034605,Mobile,https://bookhoarder.com/bestsellers,0.6464
1033,CAMP00000009,CH00000004,2021-10-20 03:25:16,CLK00001033,IMP00041735,USR00140246,Desktop,https://bookhoarder.com/deals,1.4861
1034,CAMP00000018,CH00000011,2021-07-26 10:26:34,CLK00001034,IMP00089277,USR00121583,Mobile,https://bookhoarder.com/deals,0.524
1035,CAMP00000015,CH00000004,2021-04-19 02:04:26,CLK00001035,IMP00074229,USR00095272,Desktop,https://bookhoarder.com/bestsellers,2.3219
1036,CAMP00000009,CH00000006,2021-10-23 23:14:57,CLK00001036,IMP00040550,USR00085642,Desktop,https://bookhoarder.com/home,0.3252
1037,CAMP  00000010,CH00000006,2022-11-08 16:22:33,CLK00001037,IMP00046408,USR00083989,Desktop,https://bookhoarder.com/deals,2.4558
1038,CAMP00000020,CH00000008,2022-08-18 01:50:09,CLK00001038,IMP00095587,USR00019383,Mobile,https://bookhoarder.com/home,1.0574
1039,CAMP00000015,CH00000005,2021-04-18 15:21:46,CLK00001039,IMP00074137,USR00126267,Mobile,https://bookhoarder.com/bestsellers,1.6866
1040,CAMP00000018,CH00000005,2021-07-08 12:21:38,CLK00001040,IMP00086441,USR00006510,Desktop,https://bookhoarder.com/bestsellers,2.0112
1041,CAMP00000001,CH00000008,2023-01-26 15:15:37,CLK00001041,IMP  00003391,USR00025697,Desktop,https://bookhoarder.com/bestsellers,1.9538
1042,CAMP00000010,CH00000013,2022-11-18 04:11:07,CLK00001042,IMP00049369,USR00020432,Tablet,https://bookhoarder.com/home,1.9872
1043,CAMP00000006,CH00000005,2022-05-14 17:49:43,CLK00001043,IMP00029886,USR00085457,Mobile,https://bookhoarder.com/home,2.1575
1044,CAMP00000008,CH00000002,2023-01-21 15:21:05,CLK00001044,IMP00036514,USR00070179,Desktop,https://bookhoarder.com/home,0.6012
1045,CAMP00000007,CH00000015,2021-11-30 01:56:20,CLK00001045,IMP00032794,USR00126333,Desktop,https://bookhoarder.com/home,0.9437
1046,CAMP00000016,CH00000012,2021-03-19 10:21:51,CLK00001046,IMP00078353,USR00122899,Tablet,https://bookhoarder.com/bestsellers,2.2928
1047,CAMP00000013,CH00000011,2021-03-05 14:06:44,CLK00001047,IMP00063939,USR00059557,Tablet,https://bookhoarder.com/home,0.7673
1048,CAMP00000014,CH00000008,2022-01-20 03:16:40,CLK00001048,IMP00068818,USR00098280,Tablet,https://bookhoarder.com/home,1.7526
1049,CAMP00000016,CH00000004,2021-03-20 01:04:16,CLK00001049,IMP00077443,USR00106215,Desktop,https://bookhoarder.com/deals,1.1161
1050,CAMP00000018,CH00000006,2021-07-07 06:30:54,CLK00001050,IMP00085288,USR00054258,Tablet,https://bookhoarder.com/home,0.4356
1051,CAMP00000006,CH  00000014,2022-05-22 06:42:28,CLK  00001051,IMP00026731,USR00011203,Tablet,https://bookhoarder.com/deals,2.1775
1052,CAMP00000015,CH00000010,2021-04-28 11:53:43,CLK00001052,imp00070007,USR00143735,Tablet,https://bookhoarder.com/deals,2.2372
1053,CAMP00000013,CH00000001,2021-04-03 09:11:49,CLK00001053,IMP00061926,USR00126656,Tablet,https://bookhoarder.com/deals,2.0757
1054,CAMP00000020,CH00000001,2022-08-10 19:12:21,CLK00001054,imp00096899,USR00008695,Tablet,https://bookhoarder.com/bestsellers,1.3003
1055,CAMP00000007,CH00000008,2021-12-03 14:54:12,CLK00001055,IMP00033786,USR00039868,Mobile,https://bookhoarder.com/deals,0.3479
1056,CAMP00000015,CH00000001,2021-04-18 00:14:48,CLK00001056,IMP00074116,USR00129284,Mobile,https://bookhoarder.com/deals,1.6121
1057,CAMP00000005,CH00000015,2022-09-07 08:02:40,CLK00001057,IMP00021557,USR00102405,Tablet,https://bookhoarder.com/bestsellers,1.1146
1058,CAMP00000007,CH00000008,2021-12-27 22:51:31,CLK00001058,IMP00033558,USR00136651,Desktop,https://bookhoarder.com/home,2.1833
1059,CAMP  00000005,CH00000004,2022-08-24 14:04:14,CLK00001059,imp00024712,USR00095255,Tablet,https://bookhoarder.com/bestsellers,2.117
1060,CAMP00000017,CH00000009,2022-08-24 00:15:25,CLK00001060,IMP00082628,USR00123591,Mobile,https://bookhoarder.com/bestsellers,2.145
1061,CAMP00000020,CH00000014,2022-08-17 07:07:20,CLK00001061,IMP00099391,USR00060619,Tablet,https://bookhoarder.com/deals,2.4036
1062,CAMP00000008,CH00000007,2022-12-05 03:06:05,CLK00001062,IMP00035421,USR00079670,Desktop,https://bookhoarder.com/bestsellers,2.4277
1063,CAMP00000006,CH00000012,2022-05-19 09:28:53,CLK00001063,IMP00026099,USR00129504,Mobile,https://bookhoarder.com/deals,1.8018
1064,CAMP00000012,CH00000010,2022-02-26 00:26:41,CLK00001064,IMP00057263,USR00116083,Tablet,https://bookhoarder.com/home,1.7778
1065,CAMP00000003,CH  00000010,2022-02-18 03:15:42,CLK00001065,IMP00010525,USR00093765,Mobile,https://bookhoarder.com/bestsellers,1.7063
1066,CAMP00000012,CH00000013,2022-02-13 10:21:54,CLK00001066,IMP00059503,USR00058201,Tablet,https://bookhoarder.com/bestsellers,1.6357
1067,camp00000007,CH00000005,2021-12-01 23:29:24,CLK00001067,IMP00032644,USR00068189,Desktop,https://bookhoarder.com/home,1.4897
1068,CAMP00000016,CH00000003,2021-05-10 02:06:18,CLK00001068,IMP00079768,USR00121442,Mobile,https://bookhoarder.com/deals,2.38
1069,CAMP00000012,CH00000006,2022-02-27 16:45:10,CLK00001069,IMP00058601,USR00085310,Tablet,https://bookhoarder.com/bestsellers,1.334
1070,CAMP00000006,CH00000014,2022-05-20 15:24:15,CLK00001070,IMP00025956,USR00002781,Mobile,https://bookhoarder.com/home,1.3558
1071,CAMP00000005,CH00000012,2022-07-15 20:28:35,CLK00001071,IMP00020807,USR00096316,Tablet,https://bookhoarder.com/home,1.3907
1072,CAMP00000014,CH00000009,2021-12-03 20:20:22,CLK00001072,IMP00068817,USR00111091,Tablet,https://bookhoarder.com/deals,0.1336
1073,CAMP00000018,CH00000001,2021-07-02 21:35:26,CLK00001073,IMP00085683,USR00068037,Mobile,https://bookhoarder.com/deals,0.2302
1074,CAMP00000018,CH00000013,2021-07-17 04:53:26,CLK00001074,IMP00086450,USR00140732,Tablet,https://bookhoarder.com/bestsellers,2.2116
1075,CAMP00000020,CH00000012,2022-08-14 12:50:48,CLK00001075,IMP  00098338,USR00043365,Tablet,https://bookhoarder.com/bestsellers,0.323
1076,CAMP00000007,CH00000002,2021-11-26 11:26:28,CLK00001076,IMP00032421,USR00129985,Desktop,https://bookhoarder.com/deals,1.385
1077,CAMP00000005,CH00000013,2022-07-07 18:40:22,CLK00001077,IMP00022640,USR00133739,Desktop,https://bookhoarder.com/deals,1.2734
1078,CAMP00000008,CH00000015,2022-12-16 00:25:18,CLK00001078,IMP  00036896,USR00093874,Mobile,https://bookhoarder.com/home,2.4341
1079,CAMP00000009,CH00000006,2021-10-23 08:51:27,CLK00001079,IMP00041717,USR00078909,Desktop,https://bookhoarder.com/deals,0.1864
1080,CAMP00000001,CH  00000005,2022-12-27 07:18:52,CLK  00001080,imp00002175,USR00046537,Desktop,https://bookhoarder.com/deals,0.5308
1081,CAMP00000001,CH00000004,2023-01-17 02:14:08,CLK00001081,IMP00000681,USR00063514,Mobile,https://bookhoarder.com/deals,1.3534
1082,CAMP00000010,CH00000006,2022-09-07 14:42:42,CLK00001082,IMP00048784,USR00087477,Mobile,https://bookhoarder.com/bestsellers,0.9307
1083,CAMP00000012,CH00000015,2022-02-26 07:07:00,CLK00001083,IMP00057139,USR00024252,Tablet,https://bookhoarder.com/home,1.2723
1084,CAMP00000015,CH00000011,2021-04-14 19:01:45,CLK00001084,IMP00074282,USR00078960,Desktop,https://bookhoarder.com/bestsellers,1.7826
1085,CAMP00000019,CH00000009,2021-03-28 10:37:29,CLK00001085,IMP00090308,USR00023810,Mobile,https://bookhoarder.com/home,0.2665
1086,CAMP00000005,CH00000004,2022-08-18 01:14:13,CLK00001086,IMP00020044,USR00035500,Desktop,https://bookhoarder.com/home,0.1239
1087,CAMP00000017,CH00000012,2022-07-28 22:29:10,CLK00001087,IMP00082879,USR00095306,Mobile,https://bookhoarder.com/home,2.0097
1088,CAMP00000020,CH00000001,2022-08-14 00:28:02,CLK00001088,IMP00099711,USR00086334,Mobile,https://bookhoarder.com/deals,1.6225
1089,CAMP00000008,CH00000003,2022-12-20 04:45:18,CLK00001089,IMP  00037662,USR00007547,Mobile,https://bookhoarder.com/bestsellers,0.7097
1090,CAMP00000007,CH00000012,2021-12-04 23:15:04,CLK00001090,IMP00034883,USR00115780,Mobile,https://bookhoarder.com/bestsellers,2.278
1091,CAMP00000020,CH00000001,2022-08-15 10:52:00,CLK00001091,IMP00096100,USR00101121,Desktop,https://bookhoarder.com/deals,1.7627
1092,CAMP00000003,CH00000004,2021-12-28 18:48:29,CLK00001092,IMP00010042,USR00031728,Tablet,https://bookhoarder.com/bestsellers,0.5518
1093,CAMP00000017,CH00000004,2022-08-17 16:13:48,CLK00001093,IMP00081589,USR00125908,Tablet,https://bookhoarder.com/deals,2.4601
1094,CAMP00000001,CH00000002,2023-02-15 02:41:01,CLK00001094,IMP00004362,USR00088025,Desktop,https://bookhoarder.com/deals,1.2286
1095,CAMP00000001,CH00000008,2023-01-23 02:27:08,CLK00001095,IMP00001550,USR00074767,Mobile,https://bookhoarder.com/bestsellers,1.6366
1096,CAMP00000005,CH00000014,2022-08-08 00:49:53,CLK00001096,IMP00024860,USR00037432,Desktop,https://bookhoarder.com/home,1.655
1097,CAMP00000002,CH00000009,2022-12-04 04:52:48,CLK00001097,IMP00005419,USR00063267,Tablet,https://bookhoarder.com/deals,0.9946
1098,CAMP00000018,CH  00000005,2021-07-08 07:15:51,CLK00001098,IMP00089643,USR00021617,Tablet,https://bookhoarder.com/deals,0.923
1099,CAMP00000010,CH00000003,2022-09-18 17:11:04,CLK00001099,IMP00045357,USR00060368,Mobile,https://bookhoarder.com/home,0.7796
1100,CAMP00000004,CH00000002,2022-07-05 04:37:02,CLK00001100,IMP00015725,USR00041821,Desktop,https://bookhoarder.com/deals,1.5222
1101,CAMP00000004,CH00000006,2022-06-17 03:13:59,CLK00001101,IMP00016379,USR00021687,Tablet,https://bookhoarder.com/deals,1.8933
1102,CAMP00000009,CH00000007,2021-10-20 18:44:29,CLK00001102,imp00043175,USR00086732,Tablet,https://bookhoarder.com/bestsellers,0.7175
1103,CAMP00000013,CH00000008,2021-03-24 14:00:12,CLK00001103,IMP00063195,USR00123051,Tablet,https://bookhoarder.com/home,1.7439
1104,CAMP00000013,CH00000009,2021-02-24 12:41:15,CLK00001104,IMP00062337,USR00012002,Desktop,https://bookhoarder.com/deals,0.5625
1105,CAMP00000016,CH00000005,2021-02-26 10:50:38,CLK00001105,imp00077403,USR00120169,Tablet,https://bookhoarder.com/deals,0.3307
1106,CAMP00000008,CH00000013,2023-01-12 10:31:03,CLK00001106,IMP00036623,USR00022891,Mobile,https://bookhoarder.com/bestsellers,0.2689
1107,CAMP00000001,CH00000011,2023-01-04 22:58:50,CLK00001107,IMP00002392,USR00101070,Desktop,https://bookhoarder.com/deals,1.4837
1108,CAMP00000013,CH00000006,2021-03-12 02:56:53,CLK  00001108,IMP00061727,USR00010534,Tablet,https://bookhoarder.com/home,0.303
1109,CAMP00000009,CH00000003,2021-10-09 15:17:34,CLK00001109,IMP00043349,USR00062766,Desktop,https://bookhoarder.com/deals,0.1426
1110,CAMP00000007,CH00000001,2021-12-19 13:31:31,CLK00001110,IMP00030157,USR00063558,Tablet,https://bookhoarder.com/deals,0.8148
1111,CAMP00000012,CH00000012,2022-02-12 23:44:46,CLK  00001111,IMP00059866,USR00095115,Desktop,https://bookhoarder.com/home,1.857
1112,CAMP00000006,ch00000013,2022-05-22 16:45:23,CLK00001112,IMP00026026,USR00034780,Desktop,https://bookhoarder.com/bestsellers,1.6413
1113,CAMP  00000014,CH00000004,2021-12-31 04:51:36,CLK00001113,IMP00065666,USR00012856,Desktop,https://bookhoarder.com/bestsellers,2.0942
1114,CAMP00000011,CH00000002,2021-01-05 22:42:44,CLK00001114,IMP00054287,USR00015271,Mobile,https://bookhoarder.com/deals,1.2548
1115,CAMP00000005,CH00000014,2022-08-29 02:55:06,CLK00001115,IMP00022009,USR00034648,Tablet,https://bookhoarder.com/bestsellers,1.5768
1116,CAMP00000008,CH00000015,2022-12-22 07:48:32,CLK00001116,IMP00036686,USR00061251,Mobile,https://bookhoarder.com/bestsellers,0.6328
1117,CAMP00000020,CH00000006,2022-08-21 05:32:01,CLK00001117,IMP00098178,USR00001870,Tablet,https://bookhoarder.com/deals,1.0853
1118,CAMP00000002,CH00000009,2022-11-09 21:13:06,CLK00001118,IMP00008293,USR00144190,Mobile,https://bookhoarder.com/home,0.5008
1119,CAMP00000010,CH00000014,2022-11-19 16:47:51,CLK00001119,IMP00048756,USR00120801,Desktop,https://bookhoarder.com/deals,1.0548
1120,CAMP00000015,CH00000008,2021-04-23 08:47:30,CLK00001120,IMP00070120,USR00019857,Tablet,https://bookhoarder.com/deals,0.2448
1121,CAMP00000020,CH00000004,2022-08-15 06:32:35,CLK  00001121,IMP00097033,USR00031285,Desktop,https://bookhoarder.com/home,0.2258
1122,CAMP00000001,CH00000006,2022-12-26 08:57:21,CLK00001122,IMP00003508,USR00079242,Desktop,https://bookhoarder.com/deals,0.2441
1123,CAMP00000001,CH00000003,2023-02-12 03:43:20,CLK00001123,IMP00004814,USR00123733,Mobile,https://bookhoarder.com/bestsellers,1.6039
1124,CAMP  00000016,ch00000011,2021-03-01 14:41:24,CLK00001124,IMP00077781,USR00129484,Desktop,https://bookhoarder.com/bestsellers,1.6302
1125,CAMP00000008,CH00000014,2023-01-10 04:51:52,CLK00001125,IMP00036050,USR00116447,Tablet,https://bookhoarder.com/bestsellers,2.3334
1126,CAMP00000017,CH00000013,2022-08-21 19:44:23,CLK00001126,IMP00080195,USR00101990,Desktop,https://bookhoarder.com/deals,0.2714
1127,CAMP00000015,CH00000002,2021-04-15 03:17:51,CLK00001127,IMP00070545,USR00093177,Tablet,https://bookhoarder.com/bestsellers,1.9559
1128,CAMP00000018,CH  00000013,2021-07-05 07:05:05,CLK00001128,IMP00086928,USR00043806,Tablet,https://bookhoarder.com/bestsellers,2.3326
1129,CAMP00000002,CH00000003,2022-11-30 20:15:18,CLK00001129,IMP00008807,USR00135632,Desktop,https://bookhoarder.com/home,0.3331
1130,CAMP00000009,CH00000008,2021-10-20 08:29:18,CLK00001130,IMP00041666,USR00079627,Desktop,https://bookhoarder.com/deals,0.9931
1131,CAMP00000020,CH00000006,2022-08-15 05:42:13,CLK00001131,IMP00098130,USR00116964,Desktop,https://bookhoarder.com/bestsellers,1.4976
1132,CAMP00000015,CH00000009,2021-04-24 20:09:30,CLK00001132,IMP00071929,USR00110035,Desktop,https://bookhoarder.com/home,0.5332
1133,CAMP00000012,CH00000002,2022-01-23 18:45:35,CLK00001133,IMP00056744,USR00059937,Mobile,https://bookhoarder.com/home,0.3885
1134,CAMP00000013,CH00000014,2021-03-02 21:16:10,CLK00001134,IMP00064416,USR00131980,Desktop,https://bookhoarder.com/deals,0.6805
1135,CAMP00000003,CH  00000015,2022-01-23 05:47:00,clk00001135,IMP00013991,USR00052705,Mobile,https://bookhoarder.com/bestsellers,0.9686
1136,CAMP00000020,CH00000002,2022-08-20 10:01:26,CLK00001136,IMP00095301,USR00015739,Tablet,https://bookhoarder.com/home,0.3173
1137,CAMP00000020,CH00000012,2022-08-24 11:20:20,CLK00001137,IMP00097786,USR00037201,Tablet,https://bookhoarder.com/bestsellers,2.4959
1138,CAMP00000010,CH00000002,2022-09-06 16:12:58,CLK00001138,IMP00045127,USR00033078,Tablet,https://bookhoarder.com/deals,1.2343
1139,CAMP00000012,CH00000002,2022-03-12 23:32:23,CLK00001139,IMP00058817,USR00084638,Desktop,https://bookhoarder.com/deals,1.7637
1140,CAMP00000014,CH00000013,2022-01-11 11:03:42,CLK00001140,IMP00069026,USR00064168,Mobile,https://bookhoarder.com/home,1.6889
1141,CAMP00000007,CH00000004,2021-12-16 00:32:20,CLK00001141,IMP00033323,USR00143001,Desktop,https://bookhoarder.com/bestsellers,0.187
1142,CAMP00000020,CH00000001,2022-08-10 21:31:16,CLK00001142,IMP00095928,USR00059085,Desktop,https://bookhoarder.com/deals,0.671
1143,CAMP  00000011,CH00000010,2021-03-16 04:50:13,CLK00001143,IMP00053309,USR00139797,Tablet,https://bookhoarder.com/bestsellers,1.807
1144,CAMP00000014,CH00000014,2022-01-14 03:35:55,CLK  00001144,IMP00065108,USR00147249,Mobile,https://bookhoarder.com/home,2.4628
1145,CAMP00000005,CH00000003,2022-08-08 20:00:10,clk00001145,IMP00023066,USR00048423,Tablet,https://bookhoarder.com/bestsellers,1.5868
1146,CAMP00000011,CH00000003,2021-01-06 17:50:37,CLK00001146,IMP00051393,USR00047831,Mobile,https://bookhoarder.com/home,0.4893
1147,CAMP00000007,CH00000011,2021-12-16 02:01:16,CLK00001147,IMP00034577,USR00100992,Desktop,https://bookhoarder.com/deals,0.53
1148,CAMP  00000003,CH00000007,2022-01-08 08:33:14,CLK00001148,IMP00011394,USR00060119,Desktop,https://bookhoarder.com/bestsellers,2.4352
1149,CAMP00000012,CH00000006,2022-02-23 16:56:13,CLK00001149,IMP00057630,USR00049253,Mobile,https://bookhoarder.com/home,0.6507
1150,CAMP00000007,CH00000009,2021-12-02 23:01:44,CLK00001150,IMP00030268,USR00004047,Tablet,https://bookhoarder.com/bestsellers,0.5279
1151,CAMP00000007,CH  00000002,2021-11-23 17:25:45,CLK00001151,IMP00032222,USR00147989,Mobile,https://bookhoarder.com/home,1.8156
1152,CAMP00000017,CH00000012,2022-08-04 01:20:35,CLK00001152,IMP00084379,USR00060086,Mobile,https://bookhoarder.com/home,1.5419
1153,CAMP00000015,CH00000014,2021-04-24 13:25:41,CLK  00001153,IMP00070234,USR00110425,Tablet,https://bookhoarder.com/bestsellers,0.8656
1154,CAMP00000001,CH00000005,2023-02-05 13:08:21,CLK00001154,IMP00000965,USR00100103,Tablet,https://bookhoarder.com/deals,1.1424
1155,CAMP00000013,CH00000005,2021-03-16 16:53:27,CLK00001155,IMP00061265,USR00110355,Desktop,https://bookhoarder.com/bestsellers,1.3307
1156,CAMP00000001,CH00000015,2023-02-03 21:03:24,CLK00001156,IMP00004725,USR00108074,Tablet,https://bookhoarder.com/bestsellers,2.4384
1157,CAMP00000020,CH00000006,2022-08-21 03:49:44,CLK00001157,IMP00095079,USR00093545,Desktop,https://bookhoarder.com/deals,1.3425
1158,CAMP00000020,CH00000001,2022-08-14 18:29:07,CLK00001158,IMP00098770,USR00117527,Desktop,https://bookhoarder.com/deals,1.4963
1159,CAMP00000014,CH00000015,2021-12-10 23:12:52,CLK00001159,IMP00065770,USR00030264,Desktop,https://bookhoarder.com/deals,1.8065
1160,CAMP00000001,CH00000007,2023-01-07 12:08:22,CLK00001160,IMP  00000125,USR00116036,Tablet,https://bookhoarder.com/deals,0.4458
1161,CAMP00000008,CH00000006,2023-01-19 01:50:46,CLK00001161,IMP00036580,USR00032992,Tablet,https://bookhoarder.com/bestsellers,2.1173
1162,CAMP00000014,CH00000004,2022-01-02 05:07:30,CLK00001162,imp00069544,USR00123350,Desktop,https://bookhoarder.com/home,0.3993
1163,CAMP00000016,CH00000004,2021-04-15 22:18:52,CLK00001163,IMP00075909,USR00072686,Desktop,https://bookhoarder.com/bestsellers,0.9526
1164,CAMP00000007,CH00000013,2021-12-08 18:28:38,CLK00001164,IMP00033951,USR00070656,Desktop,https://bookhoarder.com/deals,1.313
1165,CAMP00000004,CH00000010,2022-05-26 22:38:27,CLK  00001165,IMP00017341,USR00036969,Mobile,https://bookhoarder.com/deals,1.3604
1166,CAMP  00000003,CH00000010,2021-12-17 17:10:46,CLK00001166,IMP00011477,USR00017238,Tablet,https://bookhoarder.com/deals,2.1745
1167,CAMP00000017,CH00000009,2022-08-07 06:29:36,CLK00001167,IMP00083489,USR00069190,Desktop,https://bookhoarder.com/home,1.2715
1168,CAMP00000013,CH00000006,2021-03-27 20:47:45,CLK00001168,IMP00060030,USR00035577,Mobile,https://bookhoarder.com/deals,0.3269
1169,CAMP00000003,CH00000002,2022-01-29 12:56:31,CLK00001169,IMP00010734,USR00080818,Tablet,https://bookhoarder.com/bestsellers,1.8117
1170,CAMP00000020,CH00000008,2022-08-12 22:21:41,CLK00001170,IMP00097394,USR00099102,Tablet,https://bookhoarder.com/bestsellers,2.4702
1171,CAMP00000019,CH00000005,2021-03-17 00:20:39,CLK00001171,IMP  00091114,USR00079848,Tablet,https://bookhoarder.com/bestsellers,0.4901
1172,CAMP00000003,CH00000015,2021-12-17 20:38:23,CLK00001172,IMP00013425,USR00140278,Tablet,https://bookhoarder.com/home,0.3717
1173,CAMP00000013,CH00000008,2021-02-08 15:40:21,CLK00001173,IMP00061006,USR00133477,Tablet,https://bookhoarder.com/home,2.1428
1174,CAMP00000006,CH00000006,2022-05-18 22:27:11,CLK00001174,IMP00025883,USR00093409,Tablet,https://bookhoarder.com/deals,1.3612
1175,CAMP00000008,CH00000013,2022-12-22 10:57:28,CLK00001175,IMP00038706,USR00030101,,https://bookhoarder.com/bestsellers,0.7521
1176,CAMP00000010,CH00000014,2022-11-16 15:13:21,CLK  00001176,IMP00046201,USR00016334,Mobile,https://bookhoarder.com/bestsellers,0.4556
1177,CAMP00000006,CH00000002,2022-05-19 23:29:50,CLK00001177,IMP00025742,USR00032808,Mobile,https://bookhoarder.com/bestsellers,1.4621
1178,CAMP00000010,CH00000011,2022-11-21 12:51:59,CLK00001178,IMP00047039,USR00119085,Tablet,https://bookhoarder.com/bestsellers,0.7509
1179,CAMP00000016,CH00000014,2021-05-08 09:43:56,CLK00001179,IMP  00075311,USR00088819,Mobile,https://bookhoarder.com/bestsellers,2.1332
1180,CAMP  00000008,CH00000014,2023-01-10 11:45:27,CLK00001180,IMP00039015,USR00044329,Tablet,https://bookhoarder.com/bestsellers,0.5355
1181,CAMP00000010,CH  00000005,2022-10-23 13:58:44,CLK00001181,IMP00045778,USR00086661,Mobile,https://bookhoarder.com/home,0.7448
1182,CAMP00000009,CH00000002,2021-10-11 03:45:33,CLK00001182,IMP00043396,USR00118662,Tablet,https://bookhoarder.com/bestsellers,1.6229
1183,CAMP00000002,ch00000003,2022-10-12 03:50:59,CLK00001183,IMP00008990,USR00079434,Mobile,https://bookhoarder.com/bestsellers,1.5354
1184,CAMP00000003,CH00000002,2022-02-12 18:43:05,CLK00001184,IMP00014792,USR00088442,Mobile,https://bookhoarder.com/bestsellers,2.3748
1185,CAMP00000018,CH00000008,2021-07-12 06:27:47,CLK00001185,IMP00089274,USR00058124,Tablet,https://bookhoarder.com/bestsellers,0.9025
1186,CAMP00000015,CH00000008,2021-04-29 14:24:39,CLK00001186,IMP00073922,USR00104126,Tablet,https://bookhoarder.com/home,2.4686
1187,CAMP00000007,CH00000003,2021-12-16 03:02:34,CLK00001187,IMP00031174,USR00031974,Mobile,https://bookhoarder.com/deals,0.98
1188,CAMP00000012,CH00000009,2022-02-19 23:32:23,CLK00001188,IMP00056183,USR00056365,Desktop,https://bookhoarder.com/bestsellers,1.8351
1189,CAMP00000009,CH  00000004,2021-10-15 20:56:44,CLK00001189,IMP00044443,USR00106137,Tablet,https://bookhoarder.com/bestsellers,2.4561
1190,CAMP00000016,CH00000003,2021-04-03 01:47:47,CLK00001190,IMP00076762,USR00045640,Tablet,https://bookhoarder.com/deals,0.5581
1191,CAMP00000019,CH00000006,2021-04-01 04:14:43,CLK00001191,IMP00093571,USR00096552,Desktop,https://bookhoarder.com/bestsellers,1.2828
1192,CAMP00000002,CH  00000004,2022-11-13 09:47:11,CLK00001192,IMP00009506,USR00038316,Tablet,https://bookhoarder.com/bestsellers,0.5336
1193,camp00000001,ch00000006,2023-01-10 05:59:23,CLK00001193,IMP00002186,USR00050511,Tablet,https://bookhoarder.com/home,1.355
1194,CAMP00000019,CH00000006,2021-04-02 14:39:53,CLK00001194,IMP00094232,USR00071013,Desktop,https://bookhoarder.com/deals,0.7452
1195,CAMP00000001,CH00000002,2023-02-09 00:52:36,CLK00001195,IMP00000594,USR00032852,Mobile,https://bookhoarder.com/bestsellers,1.706
1196,CAMP00000002,CH00000010,2022-11-03 15:00:41,clk00001196,IMP00005637,USR00112101,Desktop,https://bookhoarder.com/deals,0.4784
1197,CAMP00000001,CH00000011,2022-12-26 07:46:35,CLK00001197,IMP00002305,USR00134653,Tablet,https://bookhoarder.com/home,1.5878
1198,CAMP00000001,CH00000014,2023-01-05 09:40:28,CLK00001198,IMP00004600,USR00090020,Desktop,https://bookhoarder.com/bestsellers,0.9003
1199,CAMP  00000013,CH00000008,2021-04-01 02:22:48,CLK00001199,IMP00061109,USR00001656,Mobile,https://bookhoarder.com/home,2.0487
1200,CAMP00000018,CH00000002,2021-07-24 15:01:51,CLK00001200,IMP00085458,USR00053216,Desktop,https://bookhoarder.com/bestsellers,1.3718
1201,CAMP00000005,CH00000002,2022-07-17 20:47:48,CLK00001201,IMP00022324,USR00134992,Mobile,https://bookhoarder.com/deals,1.3047
1202,CAMP00000008,CH00000007,2022-12-05 22:45:43,CLK00001202,IMP00038083,USR00090602,Mobile,https://bookhoarder.com/home,1.8901
1203,CAMP00000017,CH00000001,2022-08-01 04:33:03,CLK00001203,IMP00080964,USR00034028,Desktop,https://bookhoarder.com/home,0.4241
1204,CAMP00000001,CH00000010,2023-02-07 14:07:39,CLK00001204,IMP00001829,USR00067646,Tablet,https://bookhoarder.com/deals,0.5301
1205,CAMP00000002,CH00000010,2022-10-26 00:30:41,CLK00001205,IMP00007436,USR00067843,Tablet,https://bookhoarder.com/home,2.0177
1206,CAMP00000015,CH00000001,2021-04-13 17:36:04,CLK00001206,IMP00072866,USR00046432,Tablet,https://bookhoarder.com/deals,2.4031
1207,CAMP00000008,CH00000015,2022-12-20 23:48:58,CLK00001207,IMP  00036215,USR00064581,Tablet,https://bookhoarder.com/home,1.2114
1208,CAMP00000006,CH  00000007,2022-05-17 02:20:29,clk00001208,IMP00025892,USR00013111,Desktop,https://bookhoarder.com/deals,0.6137
1209,CAMP00000007,CH00000012,2021-11-22 21:08:56,CLK00001209,IMP00032485,USR00031262,Tablet,https://bookhoarder.com/deals,2.2251
1210,CAMP00000002,CH00000007,2022-11-12 03:02:41,CLK00001210,IMP00005755,USR00100708,Mobile,https://bookhoarder.com/home,0.5028
1211,CAMP00000009,CH00000009,2021-10-13 11:16:55,clk  00001211,IMP00044921,USR00023939,Mobile,https://bookhoarder.com/home,2.343
1212,CAMP00000018,CH00000009,2021-08-07 06:05:23,CLK00001212,IMP00087016,USR00012671,Tablet,https://bookhoarder.com/home,1.5917
1213,CAMP00000004,CH00000002,2022-07-11 12:25:27,CLK00001213,IMP00016706,USR00143406,Mobile,https://bookhoarder.com/deals,0.5322
1214,CAMP00000019,CH00000009,2021-03-28 19:33:50,CLK00001214,IMP00092909,USR00132889,Desktop,https://bookhoarder.com/home,1.2213
1215,CAMP00000016,CH00000005,2021-03-05 04:18:54,CLK00001215,IMP00079555,USR00028811,Desktop,https://bookhoarder.com/bestsellers,2.124
1216,CAMP00000008,CH00000006,2022-12-09 02:34:50,CLK00001216,IMP00036354,USR00104385,Desktop,https://bookhoarder.com/bestsellers,2.3653
1217,CAMP00000001,CH00000001,2023-01-13 09:35:18,CLK00001217,IMP00002595,USR00136142,Desktop,https://bookhoarder.com/home,2.0601
1218,CAMP00000004,CH00000002,2022-06-04 01:31:18,CLK00001218,IMP  00015048,USR00061522,Tablet,https://bookhoarder.com/deals,1.4031
1219,CAMP  00000016,CH00000009,2021-04-19 05:34:48,CLK00001219,IMP00076102,USR00062708,Mobile,https://bookhoarder.com/home,1.1144
1220,CAMP00000019,CH00000005,2021-02-20 12:49:38,CLK00001220,IMP00091582,USR00119766,Mobile,https://bookhoarder.com/deals,0.3985
1221,CAMP00000009,CH00000006,2021-10-20 08:58:49,clk00001221,IMP00043427,USR00073212,Tablet,https://bookhoarder.com/deals,1.245
1222,CAMP00000019,CH00000003,2021-03-01 11:44:02,CLK00001222,IMP00094001,USR00004611,Desktop,https://bookhoarder.com/home,1.6519
1223,CAMP00000018,CH00000009,2021-07-15 07:12:56,CLK00001223,IMP00086625,USR00098402,Mobile,https://bookhoarder.com/bestsellers,2.231
1224,camp00000013,CH00000007,2021-03-21 11:17:05,CLK00001224,IMP00060842,USR00107810,Desktop,https://bookhoarder.com/home,0.7766
1225,CAMP00000003,CH00000010,2022-01-17 05:41:16,CLK00001225,IMP00012719,USR00118999,Tablet,https://bookhoarder.com/deals,0.8119
1226,CAMP00000016,CH00000014,2021-03-26 05:40:35,CLK00001226,IMP00078177,USR00144157,Desktop,https://bookhoarder.com/bestsellers,1.1045
1227,CAMP00000012,CH00000015,2022-02-22 09:24:24,CLK00001227,IMP00056033,USR00116131,Mobile,https://bookhoarder.com/deals,0.7971
1228,CAMP00000010,CH  00000001,2022-09-09 00:01:10,CLK00001228,IMP00047199,USR00076955,Tablet,https://bookhoarder.com/deals,1.4768
1229,CAMP00000005,CH00000014,2022-07-22 11:30:36,CLK00001229,IMP00023372,USR00062172,Mobile,https://bookhoarder.com/bestsellers,2.4521
1230,CAMP00000013,CH00000006,2021-03-19 00:21:48,CLK00001230,IMP00060127,USR00092593,Tablet,https://bookhoarder.com/home,1.1776
1231,CAMP00000003,CH00000001,2021-12-30 16:45:55,CLK00001231,IMP00014897,USR00051850,Mobile,https://bookhoarder.com/home,1.9474
1232,CAMP00000008,CH00000004,2023-01-05 08:20:08,CLK00001232,IMP00036967,USR00146194,Mobile,https://bookhoarder.com/deals,1.0401
1233,camp00000005,CH00000004,2022-08-08 11:38:37,CLK00001233,IMP00021011,USR00103146,Tablet,https://bookhoarder.com/bestsellers,1.0225
1234,CAMP00000006,CH00000010,2022-05-13 01:55:29,CLK00001234,IMP00025392,USR00010843,Tablet,https://bookhoarder.com/bestsellers,2.4004
1235,CAMP00000016,CH00000005,2021-03-14 22:52:16,CLK00001235,IMP00076023,USR00029640,Desktop,https://bookhoarder.com/deals,1.7094
1236,CAMP00000006,CH00000013,2022-05-17 05:39:23,CLK00001236,IMP00025877,USR00065385,Tablet,https://bookhoarder.com/home,0.5091
1237,CAMP00000007,CH  00000013,2021-12-12 03:30:48,CLK00001237,IMP00030338,USR00138960,Desktop,https://bookhoarder.com/bestsellers,1.6353
1238,CAMP00000007,CH00000012,2021-11-28 19:38:37,CLK00001238,IMP00032303,USR00095647,Mobile,https://bookhoarder.com/bestsellers,2.4908
1239,CAMP00000015,CH00000010,2021-04-28 23:46:06,CLK  00001239,IMP00071719,USR00080504,Mobile,https://bookhoarder.com/home,0.8664
1240,CAMP00000016,CH00000007,2021-05-14 18:37:43,CLK00001240,IMP00077298,USR00008276,Desktop,https://bookhoarder.com/home,0.7193
1241,CAMP00000018,CH00000004,2021-08-02 07:04:16,CLK00001241,IMP  00088463,USR00048463,Desktop,https://bookhoarder.com/home,1.8667
1242,CAMP00000009,CH00000002,2021-10-11 03:34:05,CLK00001242,IMP00040314,USR00024506,Mobile,https://bookhoarder.com/home,1.508
1243,CAMP00000003,CH00000002,2021-12-21 14:23:58,clk00001243,IMP00013419,USR00099751,Mobile,https://bookhoarder.com/bestsellers,1.8233
1244,CAMP00000001,CH00000009,2023-01-04 16:35:32,CLK00001244,IMP00004642,USR00113903,Mobile,https://bookhoarder.com/bestsellers,1.5747
1245,CAMP00000014,CH00000010,2022-01-11 06:09:15,CLK00001245,IMP00067906,USR00138280,Tablet,https://bookhoarder.com/home,1.2876
1246,CAMP00000002,CH00000001,2022-12-08 07:53:27,CLK  00001246,IMP00009921,USR00114347,Desktop,https://bookhoarder.com/home,1.3564
1247,CAMP  00000007,CH00000011,2021-12-08 13:08:52,CLK00001247,IMP00031753,USR00126137,Mobile,https://bookhoarder.com/deals,2.4962
1248,CAMP00000006,ch00000011,2022-05-15 19:51:55,CLK00001248,IMP00029777,USR00122335,Mobile,https://bookhoarder.com/bestsellers,1.2275
1249,CAMP  00000018,CH00000015,2021-07-17 02:46:34,CLK00001249,IMP00088055,USR00070367,Tablet,https://bookhoarder.com/deals,1.664
1250,CAMP00000009,CH  00000014,2021-10-22 13:12:41,CLK00001250,IMP00042954,USR00109075,Desktop,https://bookhoarder.com/deals,2.3774
1251,CAMP00000014,CH00000010,2021-12-08 06:01:43,CLK00001251,IMP00065552,USR00099581,Desktop,https://bookhoarder.com/deals,0.5579
1252,CAMP00000013,CH00000011,2021-02-21 13:56:01,CLK00001252,IMP00062100,USR00020915,Mobile,https://bookhoarder.com/deals,2.3103
1253,CAMP00000002,CH00000001,2022-12-02 19:32:03,CLK00001253,IMP00007515,USR00070277,Mobile,https://bookhoarder.com/home,0.2296
1254,CAMP00000018,CH00000015,2021-07-16 01:23:22,CLK00001254,IMP00086193,USR00078499,Tablet,https://bookhoarder.com/deals,1.3156
1255,CAMP00000001,CH00000007,2023-01-21 19:57:28,CLK00001255,IMP00003037,USR00059512,Desktop,https://bookhoarder.com/deals,2.0857
1256,CAMP00000012,CH00000005,2022-03-09 10:25:10,CLK00001256,IMP00055437,USR00133530,Desktop,https://bookhoarder.com/home,0.2877
1257,CAMP00000006,CH00000005,2022-05-14 17:33:42,CLK00001257,IMP00028424,USR00105463,Desktop,https://bookhoarder.com/home,1.261
1258,CAMP00000005,CH00000005,2022-07-29 15:03:53,CLK00001258,IMP00023085,USR00041314,Mobile,https://bookhoarder.com/deals,0.6302
1259,CAMP00000011,CH00000013,2021-03-22 02:42:09,CLK00001259,IMP00050369,USR00092099,Mobile,https://bookhoarder.com/home,1.7959
1260,CAMP00000019,CH00000013,2021-03-03 03:17:54,CLK00001260,IMP00090467,USR00076208,Tablet,https://bookhoarder.com/bestsellers,2.1854
1261,CAMP00000008,CH00000008,2022-12-02 20:53:24,CLK00001261,IMP00038584,USR00119332,Desktop,https://bookhoarder.com/home,2.216
1262,CAMP00000014,CH00000005,2022-01-20 16:55:36,CLK00001262,IMP00065641,USR00024130,Mobile,https://bookhoarder.com/deals,2.4338
1263,CAMP00000013,CH00000008,2021-03-11 17:01:42,CLK00001263,IMP00062951,USR00144935,Tablet,https://bookhoarder.com/home,0.3469
1264,CAMP00000010,CH00000008,2022-10-12 21:20:24,clk00001264,IMP00046765,USR00138362,Desktop,https://bookhoarder.com/deals,1.7024
1265,CAMP00000001,CH00000009,2022-12-26 09:37:11,CLK00001265,IMP00002049,USR00140185,Tablet,https://bookhoarder.com/deals,2.1162
1266,CAMP00000013,CH00000005,2021-03-01 23:30:55,CLK00001266,IMP00061373,USR00018705,Tablet,https://bookhoarder.com/bestsellers,0.5996
1267,CAMP00000015,CH00000009,2021-04-19 14:15:17,CLK  00001267,IMP00074850,USR00096531,Mobile,https://bookhoarder.com/home,1.9486
1268,CAMP  00000001,CH00000011,2022-12-24 19:03:41,CLK00001268,IMP00003205,USR00035465,Mobile,https://bookhoarder.com/home,2.2028
1269,CAMP  00000013,CH00000012,2021-02-15 18:59:50,CLK00001269,IMP00064166,USR00004257,Mobile,https://bookhoarder.com/deals,0.1433
1270,CAMP00000011,CH00000006,2021-02-01 07:56:49,CLK00001270,IMP00053998,USR00004659,Desktop,https://bookhoarder.com/deals,1.9592
1271,CAMP00000007,CH  00000011,2021-12-13 20:50:04,CLK00001271,IMP  00032924,USR00015516,Desktop,https://bookhoarder.com/home,0.5705
1272,CAMP00000017,ch00000010,2022-07-22 07:17:35,CLK00001272,IMP00081965,USR00066511,Tablet,https://bookhoarder.com/deals,0.231
1273,CAMP  00000010,CH00000005,2022-09-30 13:58:20,CLK00001273,IMP00047517,USR00093394,Mobile,https://bookhoarder.com/deals,2.2582
1274,CAMP00000015,CH00000004,2021-04-21 19:26:13,CLK00001274,IMP00074142,USR00102889,Tablet,https://bookhoarder.com/home,1.9881
1275,CAMP00000014,ch00000013,2022-01-19 00:18:16,CLK00001275,IMP00065531,USR00017595,Mobile,https://bookhoarder.com/deals,2.0275
1276,CAMP00000011,CH00000012,2021-03-13 20:56:44,CLK  00001276,IMP00050841,USR00076032,Tablet,https://bookhoarder.com/deals,1.3414
1277,CAMP00000016,CH00000013,2021-03-28 08:05:26,CLK00001277,IMP00079063,USR00064394,Mobile,https://bookhoarder.com/deals,2.4134
1278,CAMP00000001,CH00000006,2023-01-03 01:08:41,CLK00001278,IMP00002121,USR00147021,Tablet,https://bookhoarder.com/bestsellers,2.347
1279,CAMP00000006,CH00000003,2022-05-14 03:50:00,CLK  00001279,IMP00029518,USR00139817,Mobile,https://bookhoarder.com/bestsellers,1.5538
1280,CAMP00000017,CH00000013,2022-07-30 19:32:57,CLK00001280,IMP00080870,USR00087724,Desktop,https://bookhoarder.com/deals,0.1208
1281,CAMP00000016,CH00000013,2021-04-22 02:52:22,CLK00001281,IMP00076803,USR00054788,Desktop,https://bookhoarder.com/home,1.0809
1282,CAMP00000010,CH00000004,2022-09-23 06:48:35,CLK00001282,IMP00046503,USR00099964,Desktop,https://bookhoarder.com/bestsellers,1.9933
1283,CAMP00000002,CH  00000011,2022-10-07 12:22:42,CLK00001283,IMP00007981,USR00120491,Mobile,https://bookhoarder.com/deals,1.6082
1284,CAMP00000017,CH00000010,2022-08-26 15:33:36,CLK00001284,IMP00082948,USR00038598,Desktop,https://bookhoarder.com/bestsellers,2.1692
1285,CAMP00000014,CH00000015,2021-11-30 22:32:40,CLK00001285,IMP00068468,USR00069203,Tablet,https://bookhoarder.com/deals,1.4856
1286,CAMP00000008,CH00000003,2022-12-04 00:37:35,CLK00001286,IMP00038452,USR00014153,Mobile,https://bookhoarder.com/deals,1.6045
1287,CAMP00000008,CH00000002,2023-01-07 03:32:09,CLK00001287,IMP00038848,USR00097636,Mobile,https://bookhoarder.com/deals,2.0174
1288,CAMP00000004,CH00000011,2022-07-10 06:45:23,CLK00001288,IMP00018738,USR00010883,Desktop,https://bookhoarder.com/bestsellers,2.3161
1289,camp00000004,CH00000003,2022-06-26 14:19:05,CLK00001289,IMP00019021,USR00091101,Tablet,https://bookhoarder.com/deals,0.2218
1290,CAMP00000018,CH00000003,2021-07-02 09:55:54,CLK00001290,IMP00086301,USR00000807,Mobile,https://bookhoarder.com/deals,2.3425
1291,CAMP00000012,CH00000004,2022-02-23 21:52:51,CLK00001291,IMP00059616,USR00098972,Mobile,https://bookhoarder.com/home,0.454
1292,CAMP00000015,CH00000015,2021-04-13 16:50:51,CLK00001292,IMP  00073365,USR00038437,Mobile,https://bookhoarder.com/bestsellers,0.7891
1293,CAMP00000016,CH00000004,2021-03-03 16:52:46,CLK00001293,IMP00077605,USR00030845,Mobile,https://bookhoarder.com/home,0.7923
1294,CAMP00000013,CH00000012,2021-02-27 00:57:41,CLK00001294,IMP00062370,USR00050155,Mobile,https://bookhoarder.com/home,1.6576
1295,CAMP00000004,CH00000009,2022-05-17 01:17:00,CLK00001295,IMP00016010,USR00149970,Mobile,https://bookhoarder.com/deals,1.0172
1296,CAMP00000006,CH00000011,2022-05-14 10:28:32,CLK00001296,IMP00026435,USR00072933,Desktop,https://bookhoarder.com/home,2.1469
1297,CAMP00000016,CH00000003,2021-03-27 22:04:42,CLK00001297,IMP00076106,USR00113319,Tablet,https://bookhoarder.com/deals,0.3492
1298,CAMP00000009,CH  00000007,2021-10-25 05:08:07,CLK00001298,IMP00041122,USR00026420,Mobile,https://bookhoarder.com/deals,2.3418
1299,CAMP00000001,CH  00000005,2023-01-22 20:42:30,CLK00001299,IMP00004916,USR00035866,Desktop,https://bookhoarder.com/deals,1.8093
1300,CAMP00000001,CH00000011,2023-01-30 06:12:10,CLK00001300,IMP00004280,USR00012699,Desktop,https://bookhoarder.com/bestsellers,1.5728
1301,CAMP00000006,CH00000015,2022-05-12 22:02:58,CLK00001301,IMP00025007,USR00026190,Desktop,https://bookhoarder.com/deals,2.2122
1302,CAMP00000020,CH00000005,2022-08-14 23:34:37,CLK00001302,IMP  00097345,USR00068129,Tablet,https://bookhoarder.com/home,1.1042
1303,camp00000012,CH00000007,2022-01-13 01:30:25,CLK00001303,IMP00059239,USR00054885,Desktop,https://bookhoarder.com/deals,0.8169
1304,CAMP00000006,CH00000013,2022-05-11 11:14:30,CLK00001304,IMP00025056,USR00109512,Tablet,https://bookhoarder.com/bestsellers,1.1077
1305,CAMP00000018,CH00000003,2021-07-14 18:27:02,CLK00001305,IMP00087450,USR00115698,Mobile,https://bookhoarder.com/bestsellers,2.3957
1306,CAMP00000002,CH00000011,2022-10-13 07:40:50,CLK00001306,IMP00005222,USR00077879,Desktop,https://bookhoarder.com/deals,0.4503
1307,CAMP00000013,CH00000009,2021-02-16 10:56:29,CLK00001307,IMP00060723,USR00067911,Mobile,https://bookhoarder.com/deals,0.9527
1308,CAMP00000012,CH00000008,2022-03-11 17:57:48,CLK00001308,IMP00059148,USR00146312,Tablet,https://bookhoarder.com/deals,1.2752
1309,CAMP00000014,CH00000010,2021-12-19 02:33:27,CLK00001309,IMP00069932,USR00027122,Desktop,https://bookhoarder.com/home,1.3323
1310,CAMP00000006,CH00000002,2022-05-22 23:29:58,CLK00001310,IMP00026951,USR00112607,Tablet,https://bookhoarder.com/deals,0.9079
1311,CAMP00000004,CH00000010,2022-06-05 11:59:59,CLK00001311,IMP00019035,USR00098523,Tablet,https://bookhoarder.com/deals,1.7653
1312,CAMP00000017,CH00000013,2022-08-11 20:57:36,CLK00001312,IMP00084831,USR00080081,Desktop,https://bookhoarder.com/home,0.7112
1313,CAMP00000003,CH00000010,2021-12-14 19:45:36,CLK00001313,imp00012291,USR00044443,Mobile,https://bookhoarder.com/home,1.817
1314,CAMP00000003,CH00000002,2022-01-03 00:58:35,CLK00001314,IMP00013271,USR00024926,Mobile,https://bookhoarder.com/deals,1.4797
1315,CAMP00000003,CH00000006,2022-01-26 04:59:19,CLK00001315,IMP00010356,USR00108321,Mobile,https://bookhoarder.com/deals,2.3864
1316,CAMP00000008,CH00000005,2022-12-29 15:06:01,CLK00001316,IMP00038378,USR00055954,Mobile,https://bookhoarder.com/bestsellers,0.7318
1317,CAMP00000008,CH00000006,2023-01-03 05:03:00,CLK00001317,IMP00038592,USR00042591,Mobile,https://bookhoarder.com/home,1.0103
1318,CAMP  00000007,CH00000006,2021-12-10 04:17:58,CLK00001318,IMP00034990,USR00030320,Mobile,https://bookhoarder.com/home,1.5439
1319,CAMP00000001,CH00000004,2023-01-07 12:54:46,CLK  00001319,IMP00002947,USR00103016,Mobile,https://bookhoarder.com/home,2.3138
1320,CAMP00000011,CH00000009,2021-03-23 21:03:26,CLK00001320,IMP00051792,USR00147377,Desktop,https://bookhoarder.com/deals,2.1225
1321,CAMP00000019,CH00000007,2021-04-03 03:50:59,CLK00001321,IMP00091938,USR00070580,Mobile,https://bookhoarder.com/deals,1.0947
1322,CAMP00000001,CH00000008,2022-12-31 21:02:13,CLK00001322,IMP00000896,USR00005201,Desktop,https://bookhoarder.com/bestsellers,1.6366
1323,CAMP00000013,CH00000010,2021-03-28 12:47:28,CLK00001323,IMP00064747,USR00140784,Desktop,https://bookhoarder.com/deals,1.4072
1324,CAMP00000016,CH00000005,2021-04-10 12:08:58,CLK00001324,IMP00079077,USR00092074,Desktop,https://bookhoarder.com/deals,1.875
1325,CAMP00000003,CH00000011,2021-12-17 03:00:37,CLK00001325,IMP00011901,USR00127168,Tablet,https://bookhoarder.com/deals,1.0833
1326,CAMP00000011,CH00000011,2021-02-06 08:09:54,CLK00001326,IMP00050162,USR00123372,Desktop,https://bookhoarder.com/deals,1.2643
1327,CAMP00000008,CH00000002,2022-12-12 03:05:43,clk00001327,IMP  00039935,USR00058708,Tablet,https://bookhoarder.com/bestsellers,0.8711
1328,CAMP00000004,CH00000006,2022-05-27 08:11:24,CLK00001328,IMP00015038,USR00014547,Desktop,https://bookhoarder.com/bestsellers,2.3693
1329,CAMP00000013,CH00000005,2021-03-10 11:28:10,CLK00001329,IMP00060925,USR00143722,Mobile,https://bookhoarder.com/home,1.3546
1330,CAMP00000001,CH00000009,2023-02-08 15:52:17,CLK00001330,IMP00004718,USR00074898,Mobile,https://bookhoarder.com/deals,0.9953
1331,CAMP00000010,CH  00000009,2022-11-06 12:50:12,CLK00001331,IMP00049001,USR00146138,Mobile,https://bookhoarder.com/home,1.7683
1332,CAMP00000012,CH  00000014,2022-02-16 00:29:27,CLK00001332,IMP00057157,USR00066244,Mobile,https://bookhoarder.com/bestsellers,1.7492
1333,CAMP00000013,CH00000014,2021-02-16 15:42:34,CLK00001333,IMP00060463,USR00041770,Mobile,https://bookhoarder.com/deals,1.0475
1334,CAMP00000009,CH00000015,2021-10-14 12:37:02,CLK00001334,IMP00043249,USR00100329,Mobile,https://bookhoarder.com/deals,0.9587
1335,CAMP00000019,CH00000003,2021-03-20 17:23:36,CLK00001335,IMP00094135,USR00135436,Tablet,https://bookhoarder.com/home,2.2539
1336,CAMP00000001,CH00000007,2023-01-25 17:26:06,CLK00001336,IMP00002932,USR00076928,Tablet,https://bookhoarder.com/deals,0.4631
1337,CAMP00000001,CH00000012,2022-12-23 13:12:04,CLK00001337,imp00002274,USR00091993,Desktop,https://bookhoarder.com/home,0.1213
1338,CAMP00000002,CH00000012,2022-10-27 10:56:14,CLK00001338,IMP00006988,USR00023153,Desktop,https://bookhoarder.com/bestsellers,0.6182
1339,CAMP00000004,CH00000007,2022-06-28 07:42:06,CLK00001339,IMP00017277,USR00017701,Tablet,https://bookhoarder.com/deals,0.7909
1340,CAMP00000009,CH00000012,2021-10-10 21:11:02,CLK  00001340,IMP00042598,USR00026737,Tablet,https://bookhoarder.com/home,2.2153
1341,camp00000011,CH00000015,2021-02-26 00:57:23,CLK00001341,IMP00050283,USR00061601,Mobile,https://bookhoarder.com/deals,1.6442
1342,CAMP00000003,CH00000009,2022-02-14 20:23:25,CLK00001342,IMP00010901,USR00026237,Desktop,https://bookhoarder.com/home,2.4987
1343,CAMP00000005,CH00000014,2022-08-06 21:56:00,CLK00001343,IMP00021659,USR00033541,Tablet,https://bookhoarder.com/home,1.2513
1344,CAMP00000006,CH00000005,2022-05-21 11:25:35,CLK00001344,IMP00026919,USR00015282,Mobile,https://bookhoarder.com/bestsellers,0.7025
1345,CAMP00000002,CH00000013,2022-10-27 21:31:55,CLK00001345,IMP00007743,USR00010193,Desktop,https://bookhoarder.com/bestsellers,1.7113
1346,CAMP00000020,CH00000004,2022-08-15 04:01:16,CLK00001346,IMP00098675,USR00077598,Tablet,https://bookhoarder.com/home,0.6099
1347,CAMP00000011,CH00000014,2021-01-10 04:08:24,CLK00001347,IMP00054874,USR00076737,Tablet,https://bookhoarder.com/bestsellers,1.8045
1348,CAMP00000013,CH00000014,2021-02-10 15:12:47,CLK00001348,IMP00062140,USR00135781,Mobile,https://bookhoarder.com/bestsellers,1.5155
1349,CAMP00000016,CH00000002,2021-03-27 08:27:49,CLK00001349,IMP00079853,USR00141221,Desktop,https://bookhoarder.com/deals,0.9464
1350,CAMP00000006,ch00000012,2022-05-12 16:55:30,CLK00001350,IMP00025813,USR00132871,Tablet,https://bookhoarder.com/home,1.9417
1351,CAMP00000017,CH00000002,2022-08-10 21:54:39,CLK00001351,IMP00083065,USR00059292,Mobile,https://bookhoarder.com/deals,2.1868
1352,CAMP00000014,CH00000004,2021-12-17 02:04:54,CLK00001352,IMP00067961,USR00069401,Desktop,https://bookhoarder.com/home,1.397
1353,CAMP00000017,CH00000004,2022-07-29 03:57:18,CLK00001353,IMP00080630,USR00128956,Mobile,https://bookhoarder.com/home,0.1663
1354,CAMP00000012,CH00000007,2022-02-07 21:09:51,CLK00001354,IMP00056888,USR00142422,Tablet,https://bookhoarder.com/home,1.5194
1355,CAMP00000002,CH00000006,2022-11-21 19:07:50,CLK00001355,IMP00005401,USR00001741,,https://bookhoarder.com/bestsellers,1.3109
1356,CAMP00000017,CH00000006,2022-08-27 21:30:45,CLK00001356,IMP00082517,USR00125030,Desktop,https://bookhoarder.com/home,2.0131
1357,CAMP00000006,CH00000012,2022-05-16 16:40:48,CLK00001357,IMP00027246,USR00135599,,https://bookhoarder.com/bestsellers,0.6445
1358,CAMP00000009,CH00000009,2021-10-12 08:41:27,CLK00001358,IMP00044274,USR00062697,Mobile,https://bookhoarder.com/bestsellers,2.4473
1359,CAMP00000017,CH00000001,2022-07-26 04:26:28,CLK00001359,IMP00084564,USR00117669,Desktop,https://bookhoarder.com/deals,1.0991
1360,CAMP00000007,CH00000009,2021-12-18 12:46:36,CLK00001360,IMP  00032800,USR00068408,Mobile,https://bookhoarder.com/home,1.7713
1361,CAMP00000011,CH00000015,2021-01-09 04:25:27,CLK  00001361,IMP  00054007,USR00004048,Mobile,https://bookhoarder.com/home,1.2502
1362,CAMP00000012,CH00000015,2022-03-13 23:07:47,CLK00001362,IMP00058684,USR00019814,Mobile,https://bookhoarder.com/home,1.7959
1363,CAMP00000004,CH00000013,2022-06-06 00:50:39,CLK00001363,IMP00015093,USR00077439,Desktop,https://bookhoarder.com/deals,0.7252
1364,CAMP00000011,CH00000010,2021-01-29 12:34:19,CLK00001364,IMP00051444,USR00122583,Tablet,https://bookhoarder.com/home,0.1286
1365,CAMP00000009,CH00000006,2021-10-18 00:20:19,CLK00001365,IMP00041600,USR00015377,Mobile,https://bookhoarder.com/home,0.5633
1366,CAMP00000004,CH00000013,2022-05-21 19:29:34,CLK00001366,IMP00018534,USR00042215,Desktop,https://bookhoarder.com/home,0.3655
1367,CAMP00000015,CH00000010,2021-04-26 17:17:45,CLK00001367,IMP00070869,USR00130396,Desktop,https://bookhoarder.com/bestsellers,1.5749
1368,CAMP00000015,CH00000008,2021-04-21 15:41:32,CLK00001368,IMP00071475,USR00023614,Tablet,https://bookhoarder.com/bestsellers,2.4346
1369,CAMP00000016,CH00000003,2021-03-21 11:35:14,CLK  00001369,IMP00079903,USR00045493,Desktop,https://bookhoarder.com/deals,0.7962
1370,CAMP00000020,CH00000009,2022-08-11 18:13:27,CLK00001370,IMP00099159,USR00076985,Tablet,https://bookhoarder.com/bestsellers,1.5551
1371,CAMP  00000004,CH00000001,2022-05-22 12:43:11,CLK  00001371,IMP00017440,USR00099164,Desktop,https://bookhoarder.com/home,1.5619
1372,CAMP00000012,CH00000011,2022-01-11 08:39:33,CLK00001372,IMP00056337,USR00137228,Desktop,https://bookhoarder.com/home,0.2914
1373,CAMP00000013,CH00000010,2021-03-29 21:10:08,CLK00001373,IMP00062080,USR00068398,Mobile,https://bookhoarder.com/bestsellers,1.6885
1374,CAMP  00000014,CH00000012,2021-12-04 18:53:28,CLK00001374,IMP00068222,USR00065123,Mobile,https://bookhoarder.com/deals,2.0614
1375,CAMP00000017,CH00000008,2022-07-30 09:18:03,CLK00001375,IMP00083506,USR00068134,Mobile,https://bookhoarder.com/bestsellers,1.6435
1376,CAMP00000013,CH00000013,2021-04-02 13:54:23,CLK00001376,IMP00061159,USR00123469,Tablet,https://bookhoarder.com/deals,1.4754
1377,CAMP00000004,CH00000012,2022-06-19 15:02:31,CLK00001377,IMP00019707,USR00106217,Desktop,https://bookhoarder.com/home,0.4684
1378,CAMP00000015,CH00000013,2021-04-25 05:29:04,CLK00001378,IMP00073503,USR00033397,Mobile,https://bookhoarder.com/bestsellers,2.4124
1379,CAMP00000013,CH00000012,2021-03-22 13:58:58,CLK00001379,IMP00064197,USR00108354,Tablet,https://bookhoarder.com/deals,2.0467
1380,CAMP00000001,CH00000007,2023-02-01 13:31:26,CLK00001380,IMP00000568,USR00013453,Tablet,https://bookhoarder.com/bestsellers,1.7476
1381,CAMP00000005,CH00000001,2022-07-16 13:23:53,CLK00001381,IMP00024608,USR00095089,Tablet,https://bookhoarder.com/deals,0.3388
1382,CAMP00000015,CH00000010,2021-04-14 11:25:41,CLK00001382,IMP00074949,USR00022224,Desktop,https://bookhoarder.com/bestsellers,1.8134
1383,CAMP00000017,CH00000006,2022-08-16 21:37:50,CLK00001383,IMP00084719,USR00116912,Desktop,https://bookhoarder.com/deals,1.2759
1384,CAMP00000006,CH00000001,2022-05-13 13:16:15,CLK  00001384,IMP00027448,USR00142305,Mobile,https://bookhoarder.com/deals,0.8423
1385,CAMP00000012,CH00000011,2022-02-05 08:01:37,CLK00001385,IMP00059510,USR00086964,Desktop,https://bookhoarder.com/home,0.4938
1386,CAMP00000007,ch00000005,2021-12-27 20:18:02,CLK00001386,IMP00032111,USR00107098,Mobile,https://bookhoarder.com/deals,2.0053
1387,CAMP00000011,ch00000015,2021-03-21 11:29:17,CLK00001387,IMP00051137,USR00081713,Desktop,https://bookhoarder.com/home,1.1617
1388,CAMP00000003,CH00000011,2022-02-09 23:50:28,CLK  00001388,IMP00011223,USR00096828,Desktop,https://bookhoarder.com/bestsellers,2.0369
1389,CAMP00000016,CH00000002,2021-05-05 03:31:33,CLK00001389,imp00077121,USR00010890,Mobile,https://bookhoarder.com/home,0.1763
1390,CAMP00000019,CH00000002,2021-03-06 14:02:15,CLK00001390,IMP  00092718,USR00129555,Tablet,https://bookhoarder.com/deals,2.4194
1391,CAMP00000005,CH00000004,2022-07-28 18:56:15,CLK00001391,IMP00023941,USR00120559,Tablet,https://bookhoarder.com/deals,1.1637
1392,CAMP  00000008,CH00000009,2023-01-11 01:23:09,CLK00001392,IMP00037895,USR00078583,Tablet,https://bookhoarder.com/home,1.5649
1393,CAMP00000002,CH00000008,2022-11-29 13:05:06,CLK00001393,IMP  00006534,USR00072742,Desktop,https://bookhoarder.com/bestsellers,1.053
1394,CAMP00000010,CH00000010,2022-09-27 21:13:01,CLK00001394,IMP00048257,USR00111087,Desktop,https://bookhoarder.com/deals,2.1143
1395,CAMP00000014,CH00000001,2022-01-18 13:36:58,CLK00001395,IMP00068071,USR00017756,Desktop,https://bookhoarder.com/bestsellers,1.853
1396,CAMP00000004,CH00000012,2022-05-29 03:31:32,CLK00001396,IMP00017645,USR00115128,Mobile,https://bookhoarder.com/bestsellers,1.4214
1397,CAMP00000020,CH00000012,2022-08-12 22:33:32,CLK00001397,IMP00098485,USR00098127,Mobile,https://bookhoarder.com/home,1.5256
1398,CAMP00000019,CH00000004,2021-03-08 11:20:11,CLK00001398,IMP00093939,USR00060256,Mobile,https://bookhoarder.com/deals,0.6579
1399,CAMP00000018,CH00000010,2021-07-12 15:24:55,CLK  00001399,IMP00086448,USR00023470,Mobile,https://bookhoarder.com/home,1.3679
1400,CAMP00000003,CH00000012,2022-01-01 01:49:22,CLK00001400,IMP00011181,USR00107395,Tablet,https://bookhoarder.com/deals,0.757
1401,CAMP00000006,CH00000008,2022-05-19 23:11:34,CLK00001401,IMP00025048,USR00094681,Desktop,https://bookhoarder.com/deals,2.274
1402,CAMP00000012,CH00000015,2022-03-08 23:17:10,CLK00001402,IMP00056220,USR00034725,Tablet,https://bookhoarder.com/bestsellers,2.4364
1403,CAMP00000001,CH00000004,2023-01-25 00:57:13,CLK00001403,IMP00000448,USR00040235,Desktop,https://bookhoarder.com/bestsellers,1.5615
1404,CAMP00000007,CH00000009,2021-12-03 21:23:00,CLK00001404,IMP00034476,USR00106718,Tablet,https://bookhoarder.com/deals,0.7567
1405,CAMP00000004,CH00000012,2022-07-10 11:02:05,CLK00001405,IMP00019192,USR00042992,Desktop,https://bookhoarder.com/bestsellers,0.7494
1406,CAMP00000013,CH00000015,2021-03-18 09:47:37,CLK00001406,IMP00062254,USR00007367,Desktop,https://bookhoarder.com/home,1.0404
1407,CAMP00000009,CH00000002,2021-10-17 08:40:22,CLK00001407,IMP  00043569,USR00023386,Mobile,https://bookhoarder.com/home,1.6414
1408,CAMP00000011,CH00000004,2021-03-11 15:03:45,CLK00001408,IMP00050145,USR00064640,Desktop,https://bookhoarder.com/deals,0.5804
1409,camp00000002,CH00000007,2022-10-16 05:09:00,CLK00001409,IMP00006785,USR00056841,Tablet,https://bookhoarder.com/bestsellers,0.6778
1410,CAMP00000006,CH00000014,2022-05-21 02:45:41,CLK00001410,IMP00026700,USR00094528,Desktop,https://bookhoarder.com/bestsellers,1.9224
1411,CAMP00000004,CH00000015,2022-06-23 22:42:43,CLK00001411,IMP00015229,USR00029548,Desktop,https://bookhoarder.com/deals,0.1829
1412,CAMP00000016,CH00000004,2021-04-07 00:46:54,CLK00001412,IMP00076114,USR00055503,Desktop,https://bookhoarder.com/deals,2.0632
1413,CAMP00000010,CH00000006,2022-10-08 01:35:01,CLK00001413,IMP00045407,USR00081307,Desktop,https://bookhoarder.com/bestsellers,2.0432
1414,CAMP00000010,ch00000015,2022-10-21 01:09:17,CLK00001414,IMP00046670,USR00040593,Tablet,https://bookhoarder.com/home,0.5472
1415,CAMP00000016,CH00000002,2021-03-03 05:06:35,CLK00001415,IMP  00079000,USR00075224,Mobile,https://bookhoarder.com/deals,1.7771
1416,CAMP  00000005,CH00000012,2022-08-20 03:23:00,CLK00001416,IMP00020698,USR00037318,Mobile,https://bookhoarder.com/deals,1.301
1417,CAMP  00000011,CH00000013,2021-01-08 05:35:31,CLK00001417,IMP00050543,USR00045491,Tablet,https://bookhoarder.com/home,0.5903
1418,CAMP  00000003,CH  00000006,2022-01-22 22:00:49,CLK00001418,IMP00012532,USR00052743,Tablet,https://bookhoarder.com/home,0.5063
1419,CAMP00000014,CH  00000004,2021-12-10 13:35:31,CLK00001419,IMP00065645,USR00033797,Tablet,https://bookhoarder.com/bestsellers,1.6589
1420,CAMP00000009,CH  00000010,2021-10-17 12:39:43,CLK00001420,IMP00040556,USR00082514,Mobile,https://bookhoarder.com/deals,2.0963
1421,CAMP00000001,CH00000002,2023-01-04 13:52:57,CLK00001421,IMP00002695,USR00031386,Mobile,https://bookhoarder.com/home,2.0652
1422,CAMP00000001,CH00000003,2022-12-27 06:51:48,CLK00001422,IMP00003509,USR00065101,Desktop,https://bookhoarder.com/bestsellers,1.6869
1423,CAMP00000006,CH00000010,2022-05-12 12:53:28,CLK00001423,IMP00025543,USR00002558,Mobile,https://bookhoarder.com/bestsellers,1.6343
1424,CAMP00000001,CH  00000008,2023-02-14 15:40:47,CLK00001424,IMP00004303,USR00024548,Desktop,https://bookhoarder.com/deals,2.2273
1425,CAMP00000013,CH00000004,2021-03-02 08:51:13,CLK00001425,IMP00064262,USR00017626,Tablet,https://bookhoarder.com/bestsellers,2.2229
1426,CAMP00000009,CH  00000006,2021-10-10 11:43:05,CLK00001426,IMP00044737,USR00096565,Desktop,https://bookhoarder.com/deals,2.4556
1427,CAMP00000001,CH00000009,2023-01-18 04:53:11,CLK00001427,IMP00004319,USR00056350,Desktop,https://bookhoarder.com/home,0.7104
1428,CAMP00000004,CH00000002,2022-05-16 06:23:18,CLK00001428,IMP00017077,USR00003564,Tablet,https://bookhoarder.com/deals,0.5562
1429,CAMP00000005,CH00000004,2022-09-03 14:51:20,CLK00001429,IMP00024584,USR00006100,Desktop,https://bookhoarder.com/home,0.2569
1430,CAMP00000008,CH  00000003,2023-01-01 15:11:47,CLK00001430,IMP00037058,USR00065660,Desktop,https://bookhoarder.com/deals,0.5485
1431,CAMP00000010,CH00000009,2022-09-16 06:31:44,CLK00001431,IMP00047570,USR00050460,Desktop,https://bookhoarder.com/home,2.1161
1432,CAMP00000010,CH00000012,2022-11-06 01:17:48,CLK00001432,IMP00047521,USR00086354,Mobile,https://bookhoarder.com/deals,0.5328
1433,CAMP00000001,CH00000010,2023-01-21 03:07:14,CLK00001433,IMP00001862,USR00136317,Desktop,https://bookhoarder.com/home,1.1035
1434,CAMP00000009,CH00000009,2021-10-09 10:19:50,CLK00001434,IMP00042331,USR00041432,Desktop,https://bookhoarder.com/deals,1.365
1435,CAMP00000013,CH00000004,2021-03-09 13:25:18,CLK00001435,IMP00064360,USR00064858,Desktop,https://bookhoarder.com/deals,1.8719
1436,CAMP00000003,CH00000001,2021-12-17 14:36:27,CLK00001436,IMP00011818,USR00072727,Desktop,https://bookhoarder.com/home,1.4797
1437,CAMP00000005,CH00000003,2022-07-02 14:06:54,CLK00001437,IMP00021747,USR00034903,Desktop,https://bookhoarder.com/home,2.4553
1438,CAMP00000002,CH00000005,2022-11-27 09:01:15,CLK00001438,IMP00005474,USR00013116,Desktop,https://bookhoarder.com/bestsellers,2.2488
1439,CAMP00000011,CH00000011,2021-02-02 13:05:31,CLK00001439,IMP00054202,USR00133754,Mobile,https://bookhoarder.com/bestsellers,0.1305
1440,CAMP00000013,CH00000007,2021-02-18 17:08:24,CLK00001440,IMP00062471,USR00131107,Mobile,https://bookhoarder.com/bestsellers,0.7112
1441,camp00000005,CH00000015,2022-08-26 23:13:01,CLK  00001441,IMP00022213,USR00031170,Tablet,https://bookhoarder.com/bestsellers,1.3721
1442,CAMP00000013,CH00000010,2021-03-08 22:18:07,CLK00001442,IMP00062742,USR00000597,Tablet,https://bookhoarder.com/bestsellers,1.7138
1443,camp00000008,CH00000001,2022-12-13 20:03:00,clk00001443,IMP00039702,USR00043619,Tablet,https://bookhoarder.com/bestsellers,0.7522
1444,CAMP  00000005,CH00000005,2022-07-26 21:37:04,CLK00001444,IMP00021826,USR00077978,Desktop,https://bookhoarder.com/home,2.0706
1445,CAMP00000010,CH00000005,2022-11-01 05:01:33,CLK00001445,IMP00049171,USR00021000,Mobile,https://bookhoarder.com/bestsellers,0.8738
1446,CAMP00000009,CH00000005,2021-10-09 04:53:01,CLK  00001446,IMP00041632,USR00117471,Tablet,https://bookhoarder.com/home,1.7734
1447,CAMP00000018,CH00000002,2021-07-27 16:38:32,CLK00001447,IMP00089498,USR00142594,Desktop,https://bookhoarder.com/deals,1.8489
1448,CAMP00000003,CH00000012,2021-12-10 14:29:12,CLK00001448,IMP00010437,USR00068526,Tablet,https://bookhoarder.com/home,1.9362
1449,CAMP  00000006,CH00000007,2022-05-14 00:17:10,CLK00001449,IMP00028254,USR00131279,Mobile,https://bookhoarder.com/home,0.4686
1450,CAMP00000010,CH00000005,2022-09-23 21:25:43,CLK00001450,IMP00049753,USR00005714,Mobile,https://bookhoarder.com/deals,0.3654
1451,CAMP00000012,CH00000005,2022-03-03 19:32:13,CLK00001451,IMP00059446,USR00099459,Desktop,https://bookhoarder.com/bestsellers,0.1771
1452,CAMP00000008,CH00000013,2022-12-21 14:54:30,CLK00001452,IMP00036549,USR00014761,Mobile,https://bookhoarder.com/home,2.3095
1453,CAMP00000005,CH00000003,2022-07-04 14:05:55,CLK00001453,IMP00022206,USR00042507,Desktop,https://bookhoarder.com/deals,2.036
1454,CAMP00000006,CH00000013,2022-05-13 07:39:52,clk00001454,IMP00028227,USR00110897,Desktop,https://bookhoarder.com/home,2.3601
1455,CAMP00000018,CH00000004,2021-07-11 23:05:11,CLK00001455,IMP00086111,USR00118537,Desktop,https://bookhoarder.com/bestsellers,2.2477
1456,CAMP00000014,ch00000007,2021-12-04 13:11:12,CLK00001456,IMP00066476,USR00066090,Desktop,https://bookhoarder.com/bestsellers,2.2436
1457,CAMP00000008,CH00000008,2023-01-07 13:16:40,CLK00001457,IMP00039350,USR00138688,Mobile,https://bookhoarder.com/bestsellers,1.0494
1458,CAMP00000001,CH00000002,2023-02-15 15:33:00,CLK00001458,IMP00001658,USR00000701,Desktop,https://bookhoarder.com/bestsellers,0.1487
1459,camp00000014,CH00000009,2021-12-27 02:45:34,CLK00001459,IMP00067972,USR00003602,Tablet,https://bookhoarder.com/deals,1.6098
1460,CAMP00000008,CH00000010,2022-12-30 02:59:20,CLK00001460,IMP00039477,USR00018294,Desktop,https://bookhoarder.com/home,1.3459
1461,CAMP00000018,CH00000014,2021-07-04 00:31:38,CLK00001461,IMP00088291,USR00023234,Tablet,https://bookhoarder.com/home,0.3503
1462,CAMP00000013,CH00000014,2021-04-08 16:38:58,CLK00001462,IMP00064675,USR00082553,Tablet,https://bookhoarder.com/deals,0.7324
1463,CAMP00000005,CH00000010,2022-08-29 00:56:38,CLK00001463,IMP00024818,USR00128451,Tablet,https://bookhoarder.com/deals,0.9984
1464,CAMP00000014,CH00000002,2021-11-27 01:41:25,CLK00001464,IMP00066127,USR00008627,Desktop,https://bookhoarder.com/bestsellers,2.0577
1465,CAMP00000018,CH00000015,2021-08-05 21:49:06,CLK00001465,IMP00087128,USR00088903,Tablet,https://bookhoarder.com/bestsellers,0.7132
1466,CAMP00000003,CH00000006,2021-12-21 13:48:42,CLK00001466,IMP00014609,USR00013146,Mobile,https://bookhoarder.com/home,0.4543
1467,CAMP00000009,CH00000009,2021-10-17 09:14:42,CLK00001467,IMP00044236,USR00001536,Tablet,https://bookhoarder.com/bestsellers,0.6452
1468,CAMP00000008,CH00000002,2022-12-03 11:44:20,CLK00001468,IMP00035578,USR00059585,Desktop,https://bookhoarder.com/home,0.8798
1469,CAMP00000016,CH00000005,2021-02-27 03:03:36,CLK00001469,IMP00076334,USR00109893,Tablet,https://bookhoarder.com/deals,1.6636
1470,CAMP00000007,CH00000013,2021-12-07 03:38:50,CLK00001470,IMP00032745,USR00079100,Tablet,https://bookhoarder.com/bestsellers,0.6738
1471,CAMP00000002,CH00000007,2022-10-06 18:46:05,CLK00001471,IMP00009695,USR00082530,Desktop,https://bookhoarder.com/home,1.4499
1472,CAMP  00000008,CH00000006,2023-01-06 19:05:05,CLK00001472,IMP00039502,USR00144072,Mobile,https://bookhoarder.com/deals,2.4011
1473,CAMP00000016,CH00000004,2021-05-01 06:46:39,CLK00001473,IMP00078172,USR00034550,Desktop,https://bookhoarder.com/bestsellers,1.7663
1474,CAMP00000010,CH00000005,2022-09-22 06:25:03,CLK00001474,IMP00049223,USR00049047,Tablet,https://bookhoarder.com/deals,0.7557
1475,CAMP00000017,CH  00000002,2022-08-26 04:31:53,CLK00001475,IMP00084876,USR00127404,Mobile,https://bookhoarder.com/home,1.1767
1476,camp00000002,CH00000010,2022-10-12 20:55:52,CLK00001476,IMP00005765,USR00086922,Mobile,https://bookhoarder.com/bestsellers,1.6631
1477,CAMP00000003,CH00000003,2021-12-13 16:24:41,CLK00001477,IMP00014008,USR00013055,Desktop,https://bookhoarder.com/bestsellers,1.7309
1478,CAMP00000018,CH00000006,2021-07-22 04:46:19,CLK00001478,IMP00087562,USR00027137,Desktop,https://bookhoarder.com/deals,0.1103
1479,CAMP00000006,CH00000008,2022-05-19 16:09:44,CLK00001479,IMP00026149,USR00110681,Tablet,https://bookhoarder.com/bestsellers,2.1577
1480,CAMP00000008,CH00000011,2023-01-17 06:03:30,CLK00001480,IMP00037777,USR00098018,Tablet,https://bookhoarder.com/home,1.2402
1481,CAMP00000009,CH00000004,2021-10-09 02:19:52,CLK00001481,IMP00042502,USR00116134,Desktop,https://bookhoarder.com/deals,0.8348
1482,camp00000003,CH00000003,2022-02-17 20:12:53,CLK00001482,IMP00013080,USR00132992,Mobile,https://bookhoarder.com/home,1.29
1483,CAMP  00000001,CH00000001,2023-01-13 14:03:48,CLK  00001483,IMP00000569,USR00137651,Mobile,https://bookhoarder.com/deals,0.1962
1484,CAMP00000011,CH00000006,2021-01-28 13:19:40,CLK00001484,IMP00052998,USR00102581,Desktop,https://bookhoarder.com/deals,0.1077
1485,CAMP00000012,CH00000008,2022-01-14 16:18:23,CLK00001485,IMP00058561,USR00077558,Tablet,https://bookhoarder.com/deals,0.4916
1486,CAMP00000013,CH  00000005,2021-02-22 00:37:40,CLK00001486,IMP00061787,USR00080331,Tablet,https://bookhoarder.com/home,0.657
1487,CAMP00000004,CH00000001,2022-05-23 03:04:54,CLK00001487,IMP00018995,USR00106320,Tablet,https://bookhoarder.com/bestsellers,0.972
1488,CAMP00000002,CH00000001,2022-10-09 01:31:30,CLK00001488,IMP00007033,USR00117748,Desktop,https://bookhoarder.com/deals,1.7418
1489,CAMP00000007,CH00000004,2021-12-05 04:38:08,CLK00001489,IMP00033050,USR00064287,Tablet,https://bookhoarder.com/home,2.4859
1490,CAMP00000017,CH00000003,2022-07-22 10:55:33,CLK00001490,IMP00081628,USR00110645,Mobile,https://bookhoarder.com/bestsellers,1.0265
1491,CAMP00000012,CH  00000015,2022-03-08 22:49:05,CLK00001491,IMP00056116,USR00066138,Tablet,https://bookhoarder.com/bestsellers,0.395
1492,CAMP00000001,CH00000008,2023-01-04 05:02:09,CLK00001492,IMP00000418,USR00118508,Mobile,https://bookhoarder.com/home,1.4931
1493,CAMP00000017,CH00000003,2022-07-15 22:29:00,CLK00001493,IMP00084484,USR00125616,Desktop,https://bookhoarder.com/home,1.3751
1494,CAMP00000010,ch00000008,2022-11-17 12:50:48,CLK00001494,IMP00049604,USR00075569,Tablet,https://bookhoarder.com/bestsellers,0.6086
1495,camp00000007,CH00000013,2021-12-08 21:04:23,CLK00001495,IMP00034440,USR00005489,Tablet,https://bookhoarder.com/home,0.128
1496,CAMP00000017,CH00000013,2022-08-26 01:27:10,CLK00001496,IMP00083692,USR00128297,Desktop,https://bookhoarder.com/bestsellers,2.3294
1497,CAMP00000013,CH00000008,2021-03-06 04:03:58,CLK00001497,IMP00062911,USR00046798,Mobile,https://bookhoarder.com/bestsellers,0.6605
1498,CAMP00000012,CH00000006,2022-03-01 11:23:29,CLK00001498,IMP00057158,USR00097328,Tablet,https://bookhoarder.com/deals,0.7501
1499,CAMP00000006,ch00000005,2022-05-15 11:46:18,CLK00001499,IMP00025896,USR00098862,Tablet,https://bookhoarder.com/deals,1.2929
1500,CAMP00000018,CH00000001,2021-07-23 18:47:11,CLK00001500,IMP00087922,USR00129858,Tablet,https://bookhoarder.com/home,0.1738
1501,CAMP00000006,CH00000003,2022-05-15 07:16:43,CLK00001501,IMP00028603,USR00050074,Mobile,https://bookhoarder.com/bestsellers,1.4524
1502,CAMP00000014,CH00000004,2021-12-28 03:07:26,CLK00001502,IMP00067592,USR00066885,Mobile,https://bookhoarder.com/home,2.0071
1503,CAMP00000015,CH00000010,2021-04-26 21:00:10,CLK00001503,IMP00073317,USR00020676,Mobile,https://bookhoarder.com/bestsellers,2.3939
1504,CAMP00000018,CH00000006,2021-07-28 21:45:38,CLK00001504,IMP00086232,USR00091598,Mobile,https://bookhoarder.com/home,0.1281
1505,camp00000019,CH00000010,2021-02-23 08:54:58,CLK00001505,IMP00090143,USR00124844,Mobile,https://bookhoarder.com/deals,2.2132
1506,CAMP00000016,CH00000002,2021-03-31 18:59:42,CLK  00001506,IMP00076825,USR00125168,Tablet,https://bookhoarder.com/bestsellers,0.8662
1507,CAMP00000003,CH00000008,2021-12-15 23:19:01,CLK00001507,IMP00011335,USR00051509,Desktop,https://bookhoarder.com/home,0.6168
1508,CAMP00000016,CH00000011,2021-03-09 11:48:40,CLK00001508,IMP00079259,USR00040994,Mobile,https://bookhoarder.com/deals,0.6676
1509,CAMP00000002,CH00000013,2022-11-20 10:43:26,CLK00001509,IMP00009223,USR00005493,Desktop,https://bookhoarder.com/deals,1.9209
1510,CAMP00000013,CH00000012,2021-03-19 06:34:55,CLK00001510,IMP00061907,USR00123045,Desktop,https://bookhoarder.com/bestsellers,0.3754
1511,CAMP00000018,CH  00000003,2021-08-03 22:44:24,CLK00001511,IMP00089903,USR00052188,Tablet,https://bookhoarder.com/home,2.118
1512,CAMP00000009,CH00000001,2021-10-21 03:56:26,CLK00001512,IMP00044319,USR00071211,Mobile,https://bookhoarder.com/bestsellers,1.9987
1513,CAMP00000011,CH00000011,2021-01-23 11:38:20,CLK  00001513,IMP00054737,USR00058952,Tablet,https://bookhoarder.com/home,1.0694
1514,CAMP00000006,CH00000006,2022-05-16 15:16:26,CLK00001514,IMP00026059,USR00022003,Tablet,https://bookhoarder.com/bestsellers,1.0114
1515,CAMP00000006,CH00000011,2022-05-20 07:16:38,CLK00001515,IMP00029525,USR00097335,Tablet,https://bookhoarder.com/bestsellers,0.3255
1516,CAMP00000002,CH00000009,2022-10-08 11:41:17,CLK00001516,IMP00006884,USR00037197,Mobile,https://bookhoarder.com/home,0.4592
1517,camp00000011,CH00000001,2021-03-17 20:54:44,CLK00001517,IMP00051103,USR00074197,Mobile,https://bookhoarder.com/deals,2.4105
1518,CAMP00000007,CH00000012,2021-11-27 22:08:29,CLK00001518,IMP00032100,USR00116883,Mobile,https://bookhoarder.com/deals,1.2745
1519,camp00000018,CH00000011,2021-07-03 05:06:07,CLK00001519,IMP00089170,USR00118987,Mobile,https://bookhoarder.com/home,0.3245
1520,CAMP00000011,CH00000015,2021-02-21 22:56:38,CLK00001520,IMP00050403,USR00050129,Desktop,https://bookhoarder.com/home,2.1885
1521,CAMP00000013,CH00000001,2021-03-01 03:04:18,CLK00001521,IMP00061890,USR00051767,Desktop,https://bookhoarder.com/home,0.1173
1522,CAMP00000011,CH00000004,2021-03-02 20:12:19,CLK00001522,IMP00053653,USR00037890,Tablet,https://bookhoarder.com/bestsellers,1.7883
1523,CAMP00000003,CH00000004,2022-02-04 04:09:14,CLK00001523,IMP00012218,USR00039809,Tablet,https://bookhoarder.com/deals,1.3578
1524,CAMP  00000016,CH00000001,2021-05-02 17:31:51,CLK00001524,IMP00079332,USR00006939,Mobile,https://bookhoarder.com/deals,0.3367
1525,CAMP00000012,ch00000012,2022-03-06 21:34:20,CLK00001525,IMP00057639,USR00067503,Tablet,https://bookhoarder.com/home,0.4564
1526,CAMP00000005,CH00000001,2022-08-01 20:29:33,CLK00001526,IMP00021359,USR00071946,Mobile,https://bookhoarder.com/deals,0.5411
1527,CAMP00000018,CH00000015,2021-07-15 06:28:54,CLK00001527,IMP  00085890,USR00133236,Desktop,https://bookhoarder.com/home,2.2031
1528,camp00000009,CH00000008,2021-10-19 04:03:02,CLK00001528,IMP00041962,USR00001357,Desktop,https://bookhoarder.com/home,0.2062
1529,CAMP00000012,CH00000012,2022-01-08 00:37:33,CLK  00001529,IMP00059923,USR00099820,Desktop,https://bookhoarder.com/deals,1.3652
1530,CAMP00000017,CH00000009,2022-08-13 16:08:22,CLK00001530,IMP00081744,USR00100054,Mobile,https://bookhoarder.com/home,0.7462
1531,CAMP00000001,CH00000013,2023-02-05 02:33:30,CLK00001531,IMP00001993,USR00069393,Mobile,https://bookhoarder.com/home,0.1246
1532,CAMP00000002,CH00000007,2022-10-24 10:09:08,CLK00001532,IMP00009092,USR00115811,Mobile,https://bookhoarder.com/home,0.3823
1533,CAMP00000019,CH00000005,2021-02-20 15:09:55,CLK00001533,IMP00093247,USR00118572,Mobile,https://bookhoarder.com/home,0.8289
1534,CAMP00000018,CH00000009,2021-07-03 13:39:52,CLK00001534,IMP00085673,USR00043599,Desktop,https://bookhoarder.com/bestsellers,1.034
1535,CAMP00000019,CH00000001,2021-03-09 12:53:07,CLK00001535,IMP00090378,USR00012614,Desktop,https://bookhoarder.com/deals,1.5765
1536,CAMP00000008,CH00000012,2022-12-29 14:28:09,clk00001536,IMP00039664,USR00132755,Mobile,https://bookhoarder.com/home,2.4423
1537,CAMP00000007,CH00000013,2021-11-20 05:16:24,CLK  00001537,IMP00031948,USR00127394,Mobile,https://bookhoarder.com/deals,1.5438
1538,CAMP00000006,CH00000002,2022-05-14 16:00:44,CLK00001538,IMP00028969,USR00145983,Tablet,https://bookhoarder.com/home,2.2913
1539,CAMP00000007,CH00000001,2021-12-22 20:51:18,CLK00001539,IMP00032193,USR00129707,Tablet,https://bookhoarder.com/bestsellers,0.2846
1540,CAMP00000004,CH00000013,2022-05-21 06:09:32,CLK00001540,IMP00017434,USR00140266,Desktop,https://bookhoarder.com/home,0.7802
1541,CAMP00000008,CH00000004,2022-12-08 16:48:43,CLK00001541,IMP00036507,USR00039103,Tablet,https://bookhoarder.com/deals,1.0671
1542,CAMP00000003,CH00000004,2021-12-27 10:09:12,CLK00001542,IMP  00014117,USR00068986,Mobile,https://bookhoarder.com/bestsellers,0.1962
1543,CAMP00000017,CH00000010,2022-07-28 13:20:25,CLK00001543,IMP00082923,USR00037707,Tablet,https://bookhoarder.com/home,1.8104
1544,camp00000018,CH00000010,2021-08-05 03:54:13,CLK00001544,IMP00086298,USR00026223,Tablet,https://bookhoarder.com/deals,2.1056
1545,CAMP00000017,CH00000011,2022-07-25 02:44:21,CLK00001545,IMP00081408,USR00008190,Mobile,https://bookhoarder.com/bestsellers,1.566
1546,CAMP00000001,CH00000003,2023-02-04 06:47:59,CLK00001546,IMP00004658,USR00087467,Desktop,https://bookhoarder.com/bestsellers,0.8862
1547,CAMP  00000004,CH00000003,2022-06-11 17:42:59,CLK00001547,IMP00015989,USR00123037,Tablet,https://bookhoarder.com/deals,0.8577
1548,CAMP00000004,CH00000006,2022-05-25 05:07:11,CLK00001548,IMP00015990,USR00100608,Tablet,https://bookhoarder.com/home,1.9847
1549,CAMP00000001,CH00000004,2023-02-16 19:48:08,CLK00001549,IMP00002229,USR00132497,Mobile,https://bookhoarder.com/deals,0.1491
1550,CAMP00000013,CH00000014,2021-04-06 16:38:06,CLK00001550,IMP00060791,USR00114848,Mobile,https://bookhoarder.com/bestsellers,1.0368
1551,CAMP00000005,CH00000009,2022-08-19 03:06:50,CLK00001551,IMP  00024064,USR00046042,Tablet,https://bookhoarder.com/deals,1.7093
1552,camp00000013,CH00000009,2021-04-04 03:26:29,CLK00001552,IMP00064943,USR00101221,Desktop,https://bookhoarder.com/bestsellers,1.2767
1553,CAMP00000020,CH00000003,2022-08-09 22:32:17,CLK00001553,IMP00096981,USR00144607,Tablet,https://bookhoarder.com/deals,1.4825
1554,CAMP00000014,CH00000014,2021-11-25 18:16:08,CLK00001554,IMP00068418,USR00124483,Mobile,https://bookhoarder.com/deals,0.96
1555,CAMP00000008,CH00000010,2022-12-03 12:40:35,CLK00001555,IMP00037653,USR00125654,Tablet,https://bookhoarder.com/deals,2.0447
1556,CAMP00000008,CH00000005,2023-01-06 23:33:24,CLK00001556,IMP00035062,USR00062750,Mobile,https://bookhoarder.com/home,2.3052
1557,CAMP00000019,ch00000004,2021-02-25 14:59:38,CLK00001557,IMP00094315,USR00047145,Tablet,https://bookhoarder.com/home,1.3813
1558,CAMP00000005,CH00000012,2022-09-07 15:23:09,CLK00001558,IMP00022136,USR00061361,Desktop,https://bookhoarder.com/home,1.9595
1559,CAMP00000002,CH00000004,2022-10-18 21:31:23,CLK00001559,IMP00006280,USR00145425,Desktop,https://bookhoarder.com/home,1.4437
1560,CAMP00000003,CH00000013,2021-12-22 09:40:50,CLK00001560,IMP00013518,USR00087613,Tablet,https://bookhoarder.com/home,2.1141
1561,CAMP00000011,CH00000006,2021-02-22 11:33:22,CLK00001561,IMP00051620,USR00146712,Tablet,https://bookhoarder.com/home,0.7542
1562,CAMP  00000004,CH00000004,2022-06-22 00:14:39,CLK00001562,IMP00017374,USR00041145,Mobile,https://bookhoarder.com/home,2.3634
1563,CAMP00000006,CH00000005,2022-05-14 00:50:14,CLK00001563,IMP00029137,USR00080094,Mobile,https://bookhoarder.com/home,1.9272
1564,CAMP00000009,CH00000012,2021-10-17 16:28:18,CLK00001564,IMP00044906,USR00142270,Tablet,https://bookhoarder.com/bestsellers,2.0367
1565,CAMP00000011,CH00000007,2021-01-04 17:32:15,CLK00001565,IMP00051925,USR00031350,Tablet,https://bookhoarder.com/deals,0.8951
1566,CAMP00000020,CH00000011,2022-08-25 16:11:44,CLK00001566,IMP00095726,USR00099580,Mobile,https://bookhoarder.com/bestsellers,1.6434
1567,CAMP  00000008,CH00000008,2023-01-08 23:39:36,CLK00001567,IMP00036485,USR00010532,Mobile,https://bookhoarder.com/bestsellers,1.1126
1568,CAMP00000007,CH00000011,2021-12-20 11:22:29,CLK00001568,IMP00033979,USR00013584,Mobile,https://bookhoarder.com/home,2.0596
1569,CAMP00000009,CH00000006,2021-10-20 18:54:04,clk00001569,IMP00044971,USR00123484,Tablet,https://bookhoarder.com/bestsellers,2.3183
1570,CAMP00000007,CH00000007,2021-11-26 08:40:47,CLK00001570,IMP00034604,USR00036208,Tablet,https://bookhoarder.com/deals,0.5832
1571,CAMP00000006,CH00000001,2022-05-17 08:37:25,CLK00001571,IMP00027174,USR00069782,Tablet,https://bookhoarder.com/home,0.4572
1572,CAMP00000005,CH00000006,2022-07-27 09:35:37,CLK00001572,IMP00021283,USR00016242,Mobile,https://bookhoarder.com/bestsellers,1.5676
1573,CAMP00000016,CH00000014,2021-03-03 11:01:47,CLK00001573,IMP00078906,USR00050436,Mobile,https://bookhoarder.com/home,0.6214
1574,CAMP00000011,CH00000009,2021-03-16 22:54:40,CLK00001574,IMP00054769,USR00148957,Tablet,https://bookhoarder.com/bestsellers,1.8018
1575,CAMP00000016,CH00000003,2021-03-25 11:06:46,CLK00001575,IMP  00078776,USR00066758,Desktop,https://bookhoarder.com/deals,1.2153
1576,CAMP00000010,CH00000011,2022-11-10 08:07:23,CLK00001576,IMP00047648,USR00136491,Desktop,https://bookhoarder.com/bestsellers,1.2252
1577,CAMP00000002,CH  00000010,2022-10-29 12:50:47,CLK00001577,IMP00009423,USR00079154,Desktop,https://bookhoarder.com/deals,0.784
1578,CAMP00000002,CH00000001,2022-11-11 03:55:33,CLK00001578,IMP00008956,USR00062006,Mobile,https://bookhoarder.com/deals,1.3844
1579,CAMP00000002,CH00000007,2022-12-06 15:26:46,CLK00001579,IMP00009034,USR00127133,Mobile,https://bookhoarder.com/deals,0.464
1580,CAMP00000017,CH00000013,2022-08-05 03:53:31,CLK00001580,IMP00083382,USR00023616,Mobile,https://bookhoarder.com/home,1.3146
1581,CAMP00000009,CH00000011,2021-10-16 18:27:59,CLK00001581,IMP00043489,USR00008135,Desktop,https://bookhoarder.com/home,1.9861
1582,CAMP00000016,CH00000009,2021-03-28 09:26:55,CLK00001582,IMP00076897,USR00011693,Tablet,https://bookhoarder.com/bestsellers,2.3263
1583,CAMP00000011,CH00000014,2021-01-20 17:03:17,CLK00001583,IMP00054293,USR00107807,Desktop,https://bookhoarder.com/bestsellers,1.6625
1584,CAMP00000010,CH00000005,2022-09-21 02:03:07,CLK00001584,IMP00045429,USR00100914,Tablet,https://bookhoarder.com/home,0.8137
1585,CAMP00000002,CH00000002,2022-10-19 07:30:51,CLK00001585,IMP  00006295,USR00085644,Desktop,https://bookhoarder.com/home,1.5003
1586,CAMP00000016,CH00000010,2021-03-20 15:50:33,clk00001586,IMP00077091,USR00107489,Desktop,https://bookhoarder.com/bestsellers,1.3167
1587,CAMP00000006,CH00000010,2022-05-18 15:57:25,CLK00001587,IMP00028344,USR00019197,Tablet,https://bookhoarder.com/bestsellers,1.5673
1588,camp00000002,CH  00000003,2022-10-13 02:05:00,CLK  00001588,IMP00009076,USR00036037,Desktop,https://bookhoarder.com/home,0.6909
1589,CAMP00000017,CH00000007,2022-08-21 13:41:15,CLK00001589,IMP00081752,USR00129703,Desktop,https://bookhoarder.com/home,0.9296
1590,CAMP00000015,CH00000008,2021-04-17 19:43:22,CLK00001590,IMP00070927,USR00006043,Tablet,https://bookhoarder.com/deals,1.9781
1591,CAMP00000020,CH  00000004,2022-08-23 14:25:39,CLK00001591,IMP00097882,USR00100208,Tablet,https://bookhoarder.com/deals,1.9232
1592,CAMP00000011,CH00000001,2021-01-17 21:23:02,CLK00001592,IMP00052020,USR00082045,Desktop,https://bookhoarder.com/bestsellers,1.5878
1593,CAMP00000019,CH  00000006,2021-03-14 03:24:36,CLK00001593,IMP00094112,USR00097751,Desktop,https://bookhoarder.com/deals,0.729
1594,CAMP00000005,CH00000004,2022-07-23 12:14:51,CLK00001594,IMP00022759,USR00055607,Mobile,https://bookhoarder.com/deals,1.5502
1595,CAMP00000002,CH  00000002,2022-10-09 03:07:37,CLK00001595,IMP00005113,USR00083926,Tablet,https://bookhoarder.com/bestsellers,0.432
1596,CAMP00000002,CH00000005,2022-10-22 11:57:29,CLK00001596,IMP00007864,USR00015180,Desktop,https://bookhoarder.com/deals,1.8665
1597,CAMP00000015,CH  00000013,2021-04-21 05:13:04,CLK00001597,IMP00073560,USR00121097,,https://bookhoarder.com/deals,2.107
1598,CAMP00000012,CH  00000014,2022-03-08 06:41:04,CLK00001598,IMP00055370,USR00029701,Tablet,https://bookhoarder.com/home,1.3869
1599,CAMP00000011,ch00000002,2021-02-04 02:16:35,CLK00001599,IMP00054578,USR00036732,Desktop,https://bookhoarder.com/home,1.8753
1600,CAMP00000001,CH00000006,2023-02-07 06:38:10,CLK00001600,IMP00004271,USR00124965,Mobile,https://bookhoarder.com/deals,2.1623
1601,CAMP00000007,CH00000005,2021-12-07 14:07:21,CLK00001601,IMP00033035,USR00023372,Tablet,https://bookhoarder.com/deals,0.8069
1602,CAMP00000010,CH00000001,2022-09-15 20:56:07,CLK00001602,IMP00047610,USR00142347,Desktop,https://bookhoarder.com/bestsellers,0.1689
1603,CAMP00000020,CH00000006,2022-08-16 01:57:48,CLK00001603,IMP00097116,USR00004118,Tablet,https://bookhoarder.com/home,2.1641
1604,CAMP  00000015,CH00000014,2021-04-26 14:15:26,CLK00001604,IMP00074095,USR00109035,Desktop,https://bookhoarder.com/bestsellers,0.6415
1605,CAMP00000002,CH00000010,2022-10-19 06:24:02,CLK00001605,IMP00009022,USR00069062,Mobile,https://bookhoarder.com/home,1.9768
1606,CAMP00000016,CH00000005,2021-05-15 17:09:47,CLK00001606,IMP00075492,USR00034335,Mobile,https://bookhoarder.com/deals,2.0476
1607,CAMP00000009,CH00000013,2021-10-11 23:38:45,CLK00001607,IMP00041857,USR00048607,Tablet,https://bookhoarder.com/deals,1.0475
1608,CAMP00000013,CH00000006,2021-02-08 18:34:04,CLK00001608,IMP00064501,USR00101755,Desktop,https://bookhoarder.com/bestsellers,2.2243
1609,CAMP00000010,ch00000004,2022-11-18 01:09:29,CLK00001609,IMP00049469,USR00107526,Desktop,https://bookhoarder.com/bestsellers,2.3936
1610,CAMP00000004,CH00000015,2022-06-26 21:00:53,CLK00001610,IMP00016322,USR00001031,Desktop,https://bookhoarder.com/deals,1.4444
1611,CAMP00000003,CH00000011,2022-01-16 02:44:56,CLK00001611,IMP00014238,USR00126476,Mobile,https://bookhoarder.com/home,0.5428
1612,CAMP00000004,CH00000013,2022-06-01 05:03:11,CLK00001612,IMP00015983,USR00028229,Mobile,https://bookhoarder.com/deals,1.8992
1613,CAMP00000012,CH00000001,2022-02-04 07:32:37,CLK00001613,IMP00056357,USR00072043,Tablet,https://bookhoarder.com/deals,0.7664
1614,CAMP00000019,CH00000005,2021-03-28 23:14:20,CLK00001614,IMP00092389,USR00121566,Mobile,https://bookhoarder.com/deals,0.4913
1615,CAMP00000018,CH00000001,2021-07-25 04:37:21,CLK00001615,IMP00085822,USR00100211,Tablet,https://bookhoarder.com/deals,1.9894
1616,CAMP00000008,CH00000003,2023-01-16 23:53:29,CLK00001616,IMP00037968,USR00048016,Desktop,https://bookhoarder.com/bestsellers,2.1117
1617,CAMP00000003,CH00000010,2022-01-12 01:17:33,CLK00001617,IMP00011629,USR00094442,Desktop,https://bookhoarder.com/deals,2.4573
1618,CAMP00000008,CH00000010,2022-12-22 19:46:11,CLK00001618,IMP00038249,USR00016678,Desktop,https://bookhoarder.com/deals,0.4942
1619,CAMP00000001,CH00000006,2023-01-08 17:07:49,CLK00001619,IMP  00004662,USR00062371,Tablet,https://bookhoarder.com/home,0.3794
1620,CAMP00000007,CH00000015,2021-12-16 13:20:46,CLK00001620,IMP00030636,USR00131556,Mobile,https://bookhoarder.com/bestsellers,1.7613
1621,CAMP00000006,CH00000004,2022-05-16 12:36:47,CLK00001621,IMP00027083,USR00083785,Mobile,https://bookhoarder.com/bestsellers,2.3452
1622,CAMP00000014,CH00000001,2021-12-27 15:41:37,CLK00001622,IMP00069404,USR00112618,Mobile,https://bookhoarder.com/home,1.7846
1623,CAMP00000009,CH00000009,2021-10-21 03:16:18,CLK00001623,IMP00042817,USR00121063,Tablet,https://bookhoarder.com/deals,0.155
1624,CAMP00000009,CH00000008,2021-10-19 16:17:56,CLK00001624,IMP00040391,USR00034745,Mobile,https://bookhoarder.com/home,1.2651
1625,CAMP00000010,CH00000007,2022-11-23 01:09:41,CLK00001625,IMP00047270,USR00002139,Tablet,https://bookhoarder.com/bestsellers,1.6681
1626,CAMP00000018,CH00000003,2021-07-24 15:59:28,CLK00001626,IMP00086299,USR00082072,Desktop,https://bookhoarder.com/bestsellers,2.3666
1627,CAMP00000014,CH00000012,2021-11-27 07:28:22,CLK00001627,IMP00068974,USR00047538,Tablet,https://bookhoarder.com/home,1.8145
1628,CAMP00000015,CH00000009,2021-04-30 06:42:42,CLK00001628,IMP00073588,USR00049521,Desktop,https://bookhoarder.com/home,1.6406
1629,CAMP00000010,CH00000009,2022-09-09 13:15:16,CLK00001629,IMP00049843,USR00013387,Mobile,https://bookhoarder.com/deals,1.1103
1630,CAMP00000003,CH00000015,2022-01-29 18:59:08,CLK00001630,IMP00011499,USR00107189,Desktop,https://bookhoarder.com/home,0.5149
1631,CAMP00000015,CH00000012,2021-04-17 06:03:42,CLK00001631,IMP00074627,USR00124230,Desktop,https://bookhoarder.com/home,2.4374
1632,CAMP00000005,CH00000004,2022-07-13 03:02:40,CLK00001632,IMP00020832,USR00070771,Mobile,https://bookhoarder.com/bestsellers,0.9462
1633,CAMP00000001,CH00000011,2023-01-12 01:25:59,CLK  00001633,IMP00003452,USR00001780,Desktop,https://bookhoarder.com/bestsellers,1.295
1634,CAMP00000008,CH00000012,2022-12-14 06:38:08,CLK00001634,IMP00039875,USR00057439,Desktop,https://bookhoarder.com/deals,0.1365
1635,CAMP00000009,CH00000012,2021-10-14 21:23:10,CLK00001635,IMP00041759,USR00057222,Mobile,https://bookhoarder.com/deals,1.8849
1636,CAMP00000004,CH00000014,2022-07-07 22:10:58,CLK00001636,IMP00017876,USR00039812,Desktop,https://bookhoarder.com/bestsellers,1.3567
1637,CAMP00000008,CH00000005,2022-12-08 17:36:18,CLK00001637,IMP  00037508,USR00116008,Mobile,https://bookhoarder.com/bestsellers,2.2406
1638,CAMP00000020,CH00000011,2022-08-23 14:01:06,CLK00001638,IMP00096521,USR00069684,Desktop,https://bookhoarder.com/bestsellers,1.2056
1639,CAMP00000016,CH00000002,2021-04-24 02:40:31,CLK00001639,IMP00077670,USR00115730,Mobile,https://bookhoarder.com/bestsellers,1.5843
1640,CAMP00000011,CH00000012,2021-01-08 04:36:44,CLK00001640,IMP00054499,USR00029341,Desktop,https://bookhoarder.com/home,2.1524
1641,CAMP00000019,CH00000010,2021-03-31 02:44:15,CLK00001641,IMP00091732,USR00106656,Desktop,https://bookhoarder.com/bestsellers,0.1487
1642,CAMP00000013,CH00000007,2021-03-18 05:47:23,CLK00001642,IMP  00061911,USR00002793,Tablet,https://bookhoarder.com/bestsellers,0.6146
1643,CAMP00000008,CH  00000014,2022-12-15 05:27:47,CLK00001643,IMP00038157,USR00139038,Mobile,https://bookhoarder.com/home,0.7145
1644,CAMP00000015,CH00000011,2021-04-28 22:56:04,CLK00001644,IMP00074992,USR00059987,Desktop,https://bookhoarder.com/home,1.434
1645,CAMP00000014,CH00000004,2022-01-06 15:14:51,CLK00001645,IMP00068542,USR00106973,Tablet,https://bookhoarder.com/bestsellers,0.21
1646,CAMP00000002,CH00000015,2022-11-17 20:37:10,CLK00001646,IMP00005619,USR00028580,Mobile,https://bookhoarder.com/bestsellers,1.5583
1647,CAMP00000016,CH00000007,2021-04-26 03:45:58,CLK00001647,IMP00077043,USR00006544,Mobile,https://bookhoarder.com/home,1.51
1648,CAMP00000008,CH00000013,2022-12-26 12:44:58,CLK00001648,IMP00035278,USR00025896,Desktop,https://bookhoarder.com/home,0.534
1649,CAMP00000019,CH00000015,2021-03-21 11:02:41,CLK00001649,IMP00093741,USR00105541,Mobile,https://bookhoarder.com/home,2.1358
1650,CAMP00000013,CH00000002,2021-02-16 18:44:11,clk00001650,IMP00063194,USR00126027,Desktop,https://bookhoarder.com/bestsellers,1.7039
1651,CAMP00000010,CH00000004,2022-11-08 11:26:00,CLK00001651,IMP00047285,USR00025745,Desktop,https://bookhoarder.com/bestsellers,0.3779
1652,CAMP00000003,CH00000010,2022-01-18 09:26:54,CLK00001652,IMP  00011746,USR00081611,Desktop,https://bookhoarder.com/deals,0.7674
1653,CAMP00000016,CH  00000008,2021-04-22 17:47:25,CLK00001653,IMP00077514,USR00121518,Mobile,https://bookhoarder.com/deals,1.4599
1654,CAMP00000015,CH00000010,2021-04-13 04:22:38,CLK00001654,IMP00072958,USR00112662,Tablet,https://bookhoarder.com/bestsellers,0.6668
1655,CAMP00000009,CH00000007,2021-10-08 00:59:14,CLK00001655,IMP00044756,USR00036542,Desktop,https://bookhoarder.com/home,0.3226
1656,CAMP00000014,CH00000001,2021-12-31 00:06:15,CLK00001656,IMP00065440,USR00124568,Tablet,https://bookhoarder.com/deals,2.3024
1657,CAMP00000016,CH00000001,2021-04-21 00:43:34,CLK00001657,IMP00076278,USR00099057,Tablet,https://bookhoarder.com/deals,1.0108
1658,CAMP00000019,CH00000009,2021-03-15 05:58:20,CLK00001658,IMP00090264,USR00071835,Tablet,https://bookhoarder.com/deals,0.1691
1659,CAMP00000001,CH00000004,2023-01-27 20:35:44,CLK00001659,IMP00001096,USR00149574,Tablet,https://bookhoarder.com/deals,1.161
1660,CAMP00000007,CH00000005,2021-12-12 06:48:19,CLK00001660,IMP00033978,USR00144331,Mobile,https://bookhoarder.com/home,0.9987
1661,CAMP00000008,CH00000012,2022-12-15 01:35:41,CLK  00001661,IMP00039247,USR00112042,Mobile,https://bookhoarder.com/home,2.2091
1662,CAMP00000010,CH00000010,2022-09-10 20:09:42,CLK00001662,IMP00046240,USR00122836,Mobile,https://bookhoarder.com/home,2.355
1663,CAMP00000016,CH00000010,2021-03-20 01:51:03,CLK00001663,IMP00078444,USR00048216,Tablet,https://bookhoarder.com/bestsellers,0.8416
1664,CAMP  00000015,CH  00000010,2021-04-26 22:53:17,CLK00001664,IMP00072160,USR00016357,Tablet,https://bookhoarder.com/deals,2.2302
1665,CAMP00000015,CH00000006,2021-04-16 03:59:58,CLK00001665,IMP00070571,USR00134664,Desktop,https://bookhoarder.com/bestsellers,1.3033
1666,CAMP00000002,CH00000005,2022-11-04 23:05:12,CLK00001666,IMP00009464,USR00003479,Mobile,https://bookhoarder.com/deals,1.5604
1667,CAMP00000010,CH00000008,2022-11-17 11:08:55,CLK00001667,IMP00046527,USR00103472,Mobile,https://bookhoarder.com/bestsellers,0.3326
1668,CAMP00000020,CH00000014,2022-08-17 12:56:54,CLK00001668,IMP  00097762,USR00093703,Desktop,https://bookhoarder.com/bestsellers,0.3399
1669,CAMP00000016,CH00000012,2021-04-03 11:00:29,CLK00001669,IMP00077344,USR00014495,Desktop,https://bookhoarder.com/deals,0.8521
1670,CAMP00000004,CH00000006,2022-05-15 13:04:51,CLK00001670,imp00018626,USR00092089,Mobile,https://bookhoarder.com/bestsellers,1.5356
1671,CAMP00000017,CH00000008,2022-08-04 02:08:15,CLK00001671,IMP00082151,USR00049831,Mobile,https://bookhoarder.com/deals,2.32
1672,CAMP00000005,CH00000001,2022-09-05 12:58:24,CLK00001672,IMP00021084,USR00135154,Tablet,https://bookhoarder.com/home,0.8124
1673,camp00000012,CH00000015,2022-01-17 04:29:00,CLK00001673,IMP00056571,USR00029839,Mobile,https://bookhoarder.com/bestsellers,2.2376
1674,CAMP00000017,CH00000005,2022-07-29 19:27:48,CLK00001674,IMP00083694,USR00083554,Mobile,https://bookhoarder.com/deals,1.4064
1675,CAMP00000001,CH00000004,2023-02-17 12:09:39,CLK00001675,IMP00002957,USR00120317,Mobile,https://bookhoarder.com/home,0.9326
1676,CAMP00000003,CH00000011,2021-12-14 05:11:27,CLK00001676,imp00012435,USR00054031,Tablet,https://bookhoarder.com/bestsellers,1.7639
1677,CAMP00000002,CH00000005,2022-10-03 05:11:32,CLK  00001677,IMP00009253,USR00139104,Mobile,https://bookhoarder.com/home,0.889
1678,CAMP00000002,CH00000010,2022-12-03 03:50:08,CLK00001678,IMP00007328,USR00086007,Desktop,https://bookhoarder.com/bestsellers,1.3429
1679,CAMP00000001,CH00000001,2023-02-13 12:43:07,CLK00001679,IMP00002518,USR00011537,Desktop,https://bookhoarder.com/home,1.8066
1680,CAMP00000011,CH00000011,2021-02-26 05:47:25,CLK00001680,IMP00054993,USR00069967,Mobile,https://bookhoarder.com/deals,0.3859
1681,CAMP00000008,CH00000013,2023-01-18 19:55:42,CLK00001681,IMP00036936,USR00075549,Mobile,https://bookhoarder.com/deals,0.7882
1682,CAMP00000012,CH00000009,2022-02-28 17:24:02,CLK00001682,IMP00059849,USR00021765,Tablet,https://bookhoarder.com/bestsellers,0.9375
1683,CAMP00000008,CH00000008,2022-12-01 08:02:51,CLK00001683,IMP00039407,USR00124325,Desktop,https://bookhoarder.com/home,2.0694
1684,CAMP00000006,CH00000007,2022-05-16 12:47:11,CLK  00001684,IMP00026913,USR00025719,Tablet,https://bookhoarder.com/deals,1.8019
1685,CAMP00000018,CH00000010,2021-08-02 15:38:21,CLK00001685,IMP00086139,USR00100926,Desktop,https://bookhoarder.com/deals,1.8305
1686,CAMP00000009,CH00000013,2021-10-21 22:27:30,CLK00001686,IMP00041190,USR00100272,Desktop,https://bookhoarder.com/home,0.741
1687,CAMP00000011,CH00000014,2021-01-06 06:58:06,CLK00001687,IMP00054121,USR00094448,Desktop,https://bookhoarder.com/bestsellers,0.9816
1688,CAMP00000017,CH00000007,2022-07-27 00:04:30,CLK00001688,IMP00080939,USR00056012,Desktop,https://bookhoarder.com/bestsellers,1.5006
1689,camp00000006,CH00000009,2022-05-21 20:06:12,CLK00001689,IMP  00029367,USR00032016,Desktop,https://bookhoarder.com/bestsellers,2.4618
1690,CAMP00000014,CH00000014,2021-11-22 12:09:44,CLK00001690,IMP00065979,USR00122027,Desktop,https://bookhoarder.com/home,0.8883
1691,CAMP00000010,CH00000007,2022-10-06 12:49:20,CLK00001691,IMP00047893,USR00001308,Tablet,https://bookhoarder.com/deals,1.5723
1692,CAMP00000013,CH00000002,2021-03-07 14:24:26,CLK00001692,IMP00063855,USR00080562,Desktop,https://bookhoarder.com/deals,1.2223
1693,CAMP00000009,CH00000012,2021-10-09 09:41:02,CLK00001693,IMP00040721,USR00119934,Mobile,https://bookhoarder.com/deals,1.9869
1694,CAMP00000008,CH00000006,2022-12-27 10:59:56,CLK00001694,IMP00036799,USR00025045,Desktop,https://bookhoarder.com/home,1.3323
1695,CAMP00000002,CH00000005,2022-11-10 09:21:50,CLK00001695,IMP00006019,USR00072452,Mobile,https://bookhoarder.com/deals,2.1733
1696,CAMP00000005,CH00000010,2022-08-09 10:56:06,CLK00001696,IMP00022070,USR00059365,Desktop,https://bookhoarder.com/home,0.9066
1697,CAMP00000001,CH00000006,2023-01-03 21:56:22,CLK00001697,IMP00001226,USR00086319,Mobile,https://bookhoarder.com/deals,2.4136
1698,CAMP00000016,CH00000004,2021-04-08 20:47:48,CLK00001698,IMP00076571,USR00117011,Mobile,https://bookhoarder.com/deals,0.6283
1699,CAMP00000001,CH00000015,2023-01-25 10:35:01,CLK00001699,IMP00002246,USR00008986,Desktop,https://bookhoarder.com/home,1.0554
1700,CAMP00000009,CH00000003,2021-10-22 03:46:09,CLK00001700,IMP00042175,USR00050490,Mobile,https://bookhoarder.com/home,2.4168
1701,CAMP00000019,CH00000003,2021-03-03 23:36:51,CLK00001701,IMP00093716,USR00037543,Tablet,https://bookhoarder.com/bestsellers,1.9144
1702,CAMP00000007,CH00000003,2021-12-27 05:54:26,CLK00001702,IMP00031945,USR00046228,Mobile,https://bookhoarder.com/bestsellers,0.4308
1703,CAMP00000011,CH00000009,2021-03-25 16:29:10,CLK00001703,IMP00052173,USR00072144,Tablet,https://bookhoarder.com/bestsellers,0.7406
1704,CAMP00000017,CH00000007,2022-08-08 00:31:08,CLK00001704,IMP00084404,USR00101707,Mobile,https://bookhoarder.com/home,2.186
1705,CAMP00000001,CH00000004,2023-02-10 16:21:36,CLK00001705,IMP00000719,USR00038499,Desktop,https://bookhoarder.com/bestsellers,2.0761
1706,CAMP00000015,CH00000009,2021-04-17 12:38:47,CLK00001706,IMP  00074372,USR00117792,Tablet,https://bookhoarder.com/home,1.7653
1707,CAMP00000001,CH00000010,2023-02-12 01:17:21,CLK  00001707,IMP00004221,USR00087189,Tablet,https://bookhoarder.com/deals,0.5789
1708,CAMP  00000012,CH  00000012,2022-02-18 13:04:41,CLK00001708,IMP00055212,USR00009309,Mobile,https://bookhoarder.com/home,0.9506
1709,CAMP00000004,CH00000012,2022-05-16 00:43:17,CLK00001709,IMP00019243,USR00082383,Tablet,https://bookhoarder.com/bestsellers,1.0777
1710,CAMP00000014,CH00000004,2021-12-14 01:42:20,CLK00001710,IMP00069179,USR00112310,Desktop,https://bookhoarder.com/home,2.4712
1711,CAMP00000010,CH00000011,2022-10-29 10:14:42,CLK00001711,IMP00048370,USR00068597,Mobile,https://bookhoarder.com/deals,1.2013
1712,CAMP00000018,CH00000002,2021-08-04 01:59:51,CLK  00001712,IMP00087052,USR00069092,Tablet,https://bookhoarder.com/bestsellers,1.946
1713,CAMP00000002,CH00000012,2022-11-20 09:41:41,clk00001713,IMP00007016,USR00042757,Mobile,https://bookhoarder.com/bestsellers,1.9179
1714,CAMP00000011,ch00000011,2021-01-27 19:35:02,CLK00001714,IMP00052329,USR00081504,Tablet,https://bookhoarder.com/home,0.2993
1715,CAMP00000017,CH00000008,2022-08-27 16:38:25,CLK00001715,IMP00080439,USR00147134,Tablet,https://bookhoarder.com/home,0.8605
1716,CAMP00000014,CH00000008,2021-12-28 22:46:33,CLK00001716,IMP00068516,USR00066533,Desktop,https://bookhoarder.com/home,2.3578
1717,CAMP00000011,CH00000004,2021-01-12 14:42:28,CLK00001717,IMP00050034,USR00036135,Mobile,https://bookhoarder.com/deals,0.345
1718,CAMP00000008,CH00000004,2023-01-18 03:02:25,CLK00001718,IMP00037852,USR00053598,Mobile,https://bookhoarder.com/bestsellers,0.3299
1719,CAMP00000015,CH00000004,2021-04-23 11:12:17,CLK00001719,IMP00073082,USR00115133,Desktop,https://bookhoarder.com/bestsellers,1.5902
1720,CAMP00000001,CH00000004,2023-01-23 09:01:25,CLK00001720,IMP00001932,USR00067747,Desktop,https://bookhoarder.com/home,1.5523
1721,camp00000016,CH00000014,2021-03-02 21:48:32,CLK00001721,IMP00076229,USR00044422,Mobile,https://bookhoarder.com/bestsellers,0.9901
1722,CAMP00000006,CH00000002,2022-05-11 06:32:20,CLK00001722,IMP00025943,USR00102917,Tablet,https://bookhoarder.com/home,1.1315
1723,CAMP00000006,CH00000011,2022-05-22 14:24:34,CLK00001723,IMP00026552,USR00085424,Desktop,https://bookhoarder.com/bestsellers,1.6072
1724,CAMP00000002,CH00000002,2022-10-15 21:10:23,CLK00001724,IMP00009775,USR00121210,Tablet,https://bookhoarder.com/deals,1.1367
1725,CAMP00000010,CH00000005,2022-10-02 11:50:02,CLK00001725,IMP  00049548,USR00090898,Tablet,https://bookhoarder.com/home,2.4268
1726,CAMP00000009,CH00000001,2021-10-09 06:03:36,CLK00001726,IMP00041204,USR00054853,Tablet,https://bookhoarder.com/deals,0.323
1727,CAMP00000004,CH00000007,2022-05-23 02:24:55,CLK00001727,IMP00019165,USR00138993,Desktop,https://bookhoarder.com/bestsellers,1.4703
1728,CAMP  00000012,CH00000014,2022-01-27 01:39:51,CLK00001728,IMP00059869,USR00069822,Mobile,https://bookhoarder.com/home,1.4583
1729,CAMP00000016,CH00000015,2021-04-24 13:41:34,CLK00001729,IMP00077396,USR00127580,Mobile,https://bookhoarder.com/home,2.1307
1730,CAMP00000015,CH00000006,2021-04-22 09:25:58,CLK00001730,IMP00070572,USR00011954,Tablet,https://bookhoarder.com/bestsellers,0.7277
1731,CAMP  00000015,CH00000008,2021-04-16 16:36:53,CLK00001731,IMP00074113,USR00078570,Tablet,https://bookhoarder.com/deals,1.904
1732,CAMP00000013,CH00000009,2021-03-21 03:46:12,CLK00001732,IMP00062592,USR00134687,Desktop,https://bookhoarder.com/home,1.0106
1733,CAMP00000006,CH00000012,2022-05-20 02:05:26,CLK00001733,IMP00025206,USR00107735,Tablet,https://bookhoarder.com/deals,1.5306
1734,CAMP00000008,CH00000006,2023-01-17 19:39:02,CLK00001734,imp00035539,USR00033720,Desktop,https://bookhoarder.com/deals,1.5624
1735,CAMP00000009,CH00000006,2021-10-13 14:43:23,CLK00001735,IMP00043244,USR00012886,Desktop,https://bookhoarder.com/bestsellers,0.4989
1736,CAMP00000001,CH  00000008,2023-01-09 03:55:25,clk00001736,IMP00000834,USR00084110,Desktop,https://bookhoarder.com/deals,2.1259
1737,CAMP00000016,ch00000009,2021-03-05 19:06:05,CLK00001737,IMP00077622,USR00043275,Mobile,https://bookhoarder.com/bestsellers,0.3022
1738,CAMP00000020,CH00000007,2022-08-09 19:43:20,CLK00001738,imp00096573,USR00145492,Mobile,https://bookhoarder.com/home,0.7069
1739,CAMP00000013,ch00000003,2021-02-21 10:25:06,CLK00001739,IMP00062234,USR00015103,Tablet,https://bookhoarder.com/home,0.7428
